outer_fold,inner_fold,row,patient,role
0,0,0,mitdb/100,train
0,0,1,mitdb/100,train
0,0,2,mitdb/100,train
0,0,3,mitdb/100,train
0,0,4,mitdb/100,train
0,0,5,mitdb/100,train
0,0,6,mitdb/100,train
0,0,7,mitdb/100,train
0,0,8,mitdb/100,train
0,0,9,mitdb/100,train
0,0,20,mitdb/111,train
0,0,21,mitdb/111,train
0,0,22,mitdb/111,train
0,0,23,mitdb/111,train
0,0,24,mitdb/111,train
0,0,25,mitdb/111,train
0,0,26,mitdb/111,train
0,0,27,mitdb/111,train
0,0,28,mitdb/111,train
0,0,29,mitdb/111,train
0,0,40,mitdb/113,train
0,0,41,mitdb/113,train
0,0,42,mitdb/113,train
0,0,43,mitdb/113,train
0,0,44,mitdb/113,train
0,0,45,mitdb/113,train
0,0,46,mitdb/113,train
0,0,47,mitdb/113,train
0,0,48,mitdb/113,train
0,0,49,mitdb/113,train
0,0,50,mitdb/114,train
0,0,51,mitdb/114,train
0,0,52,mitdb/114,train
0,0,53,mitdb/114,train
0,0,54,mitdb/114,train
0,0,55,mitdb/114,train
0,0,56,mitdb/114,train
0,0,57,mitdb/114,train
0,0,58,mitdb/114,train
0,0,59,mitdb/114,train
0,0,70,mitdb/116,train
0,0,71,mitdb/116,train
0,0,72,mitdb/116,train
0,0,73,mitdb/116,train
0,0,74,mitdb/116,train
0,0,75,mitdb/116,train
0,0,76,mitdb/116,train
0,0,77,mitdb/116,train
0,0,78,mitdb/116,train
0,0,79,mitdb/116,train
0,0,80,mitdb/117,train
0,0,81,mitdb/117,train
0,0,82,mitdb/117,train
0,0,83,mitdb/117,train
0,0,84,mitdb/117,train
0,0,85,mitdb/117,train
0,0,86,mitdb/117,train
0,0,87,mitdb/117,train
0,0,88,mitdb/117,train
0,0,89,mitdb/117,train
0,0,120,mitdb/121,train
0,0,121,mitdb/121,train
0,0,122,mitdb/121,train
0,0,123,mitdb/121,train
0,0,124,mitdb/121,train
0,0,125,mitdb/121,train
0,0,126,mitdb/121,train
0,0,127,mitdb/121,train
0,0,128,mitdb/121,train
0,0,129,mitdb/121,train
0,0,130,mitdb/122,train
0,0,131,mitdb/122,train
0,0,132,mitdb/122,train
0,0,133,mitdb/122,train
0,0,134,mitdb/122,train
0,0,135,mitdb/122,train
0,0,136,mitdb/122,train
0,0,137,mitdb/122,train
0,0,138,mitdb/122,train
0,0,139,mitdb/122,train
0,0,160,mitdb/200,train
0,0,161,mitdb/200,train
0,0,162,mitdb/200,train
0,0,163,mitdb/200,train
0,0,164,mitdb/200,train
0,0,165,mitdb/200,train
0,0,166,mitdb/200,train
0,0,167,mitdb/200,train
0,0,168,mitdb/200,train
0,0,169,mitdb/200,train
0,0,190,mitdb/203,train
0,0,191,mitdb/203,train
0,0,192,mitdb/203,train
0,0,193,mitdb/203,train
0,0,194,mitdb/203,train
0,0,195,mitdb/203,train
0,0,196,mitdb/203,train
0,0,197,mitdb/203,train
0,0,198,mitdb/203,train
0,0,199,mitdb/203,train
0,0,210,mitdb/207,train
0,0,211,mitdb/207,train
0,0,212,mitdb/207,train
0,0,213,mitdb/207,train
0,0,214,mitdb/207,train
0,0,215,mitdb/207,train
0,0,216,mitdb/207,train
0,0,217,mitdb/207,train
0,0,218,mitdb/207,train
0,0,219,mitdb/207,train
0,0,220,mitdb/102,train
0,0,221,mitdb/102,train
0,0,222,mitdb/102,train
0,0,223,mitdb/102,train
0,0,224,mitdb/102,train
0,0,225,mitdb/102,train
0,0,226,mitdb/102,train
0,0,227,mitdb/102,train
0,0,228,mitdb/102,train
0,0,229,mitdb/102,train
0,0,230,mitdb/208,train
0,0,231,mitdb/208,train
0,0,232,mitdb/208,train
0,0,233,mitdb/208,train
0,0,234,mitdb/208,train
0,0,235,mitdb/208,train
0,0,236,mitdb/208,train
0,0,237,mitdb/208,train
0,0,238,mitdb/208,train
0,0,239,mitdb/208,train
0,0,260,mitdb/212,train
0,0,261,mitdb/212,train
0,0,262,mitdb/212,train
0,0,263,mitdb/212,train
0,0,264,mitdb/212,train
0,0,265,mitdb/212,train
0,0,266,mitdb/212,train
0,0,267,mitdb/212,train
0,0,268,mitdb/212,train
0,0,269,mitdb/212,train
0,0,270,mitdb/213,train
0,0,271,mitdb/213,train
0,0,272,mitdb/213,train
0,0,273,mitdb/213,train
0,0,274,mitdb/213,train
0,0,275,mitdb/213,train
0,0,276,mitdb/213,train
0,0,277,mitdb/213,train
0,0,278,mitdb/213,train
0,0,279,mitdb/213,train
0,0,290,mitdb/215,train
0,0,291,mitdb/215,train
0,0,292,mitdb/215,train
0,0,293,mitdb/215,train
0,0,294,mitdb/215,train
0,0,295,mitdb/215,train
0,0,296,mitdb/215,train
0,0,297,mitdb/215,train
0,0,298,mitdb/215,train
0,0,299,mitdb/215,train
0,0,310,mitdb/219,train
0,0,311,mitdb/219,train
0,0,312,mitdb/219,train
0,0,313,mitdb/219,train
0,0,314,mitdb/219,train
0,0,315,mitdb/219,train
0,0,316,mitdb/219,train
0,0,317,mitdb/219,train
0,0,318,mitdb/219,train
0,0,319,mitdb/219,train
0,0,320,mitdb/220,train
0,0,321,mitdb/220,train
0,0,322,mitdb/220,train
0,0,323,mitdb/220,train
0,0,324,mitdb/220,train
0,0,325,mitdb/220,train
0,0,326,mitdb/220,train
0,0,327,mitdb/220,train
0,0,328,mitdb/220,train
0,0,329,mitdb/220,train
0,0,330,mitdb/103,train
0,0,331,mitdb/103,train
0,0,332,mitdb/103,train
0,0,333,mitdb/103,train
0,0,334,mitdb/103,train
0,0,335,mitdb/103,train
0,0,336,mitdb/103,train
0,0,337,mitdb/103,train
0,0,338,mitdb/103,train
0,0,339,mitdb/103,train
0,0,380,mitdb/230,train
0,0,381,mitdb/230,train
0,0,382,mitdb/230,train
0,0,383,mitdb/230,train
0,0,384,mitdb/230,train
0,0,385,mitdb/230,train
0,0,386,mitdb/230,train
0,0,387,mitdb/230,train
0,0,388,mitdb/230,train
0,0,389,mitdb/230,train
0,0,400,mitdb/232,train
0,0,401,mitdb/232,train
0,0,402,mitdb/232,train
0,0,403,mitdb/232,train
0,0,404,mitdb/232,train
0,0,405,mitdb/232,train
0,0,406,mitdb/232,train
0,0,407,mitdb/232,train
0,0,408,mitdb/232,train
0,0,409,mitdb/232,train
0,0,420,mitdb/234,train
0,0,421,mitdb/234,train
0,0,422,mitdb/234,train
0,0,423,mitdb/234,train
0,0,424,mitdb/234,train
0,0,425,mitdb/234,train
0,0,426,mitdb/234,train
0,0,427,mitdb/234,train
0,0,428,mitdb/234,train
0,0,429,mitdb/234,train
0,0,430,mitdb/100,train
0,0,431,mitdb/100,train
0,0,432,mitdb/100,train
0,0,433,mitdb/100,train
0,0,434,mitdb/100,train
0,0,435,mitdb/100,train
0,0,436,mitdb/100,train
0,0,437,mitdb/100,train
0,0,438,mitdb/100,train
0,0,439,mitdb/100,train
0,0,440,mitdb/104,train
0,0,441,mitdb/104,train
0,0,442,mitdb/104,train
0,0,443,mitdb/104,train
0,0,444,mitdb/104,train
0,0,445,mitdb/104,train
0,0,446,mitdb/104,train
0,0,447,mitdb/104,train
0,0,448,mitdb/104,train
0,0,449,mitdb/104,train
0,0,460,mitdb/102,train
0,0,461,mitdb/102,train
0,0,462,mitdb/102,train
0,0,463,mitdb/102,train
0,0,464,mitdb/102,train
0,0,465,mitdb/102,train
0,0,466,mitdb/102,train
0,0,467,mitdb/102,train
0,0,468,mitdb/102,train
0,0,469,mitdb/102,train
0,0,470,mitdb/103,train
0,0,471,mitdb/103,train
0,0,472,mitdb/103,train
0,0,473,mitdb/103,train
0,0,474,mitdb/103,train
0,0,475,mitdb/103,train
0,0,476,mitdb/103,train
0,0,477,mitdb/103,train
0,0,478,mitdb/103,train
0,0,479,mitdb/103,train
0,0,480,mitdb/104,train
0,0,481,mitdb/104,train
0,0,482,mitdb/104,train
0,0,483,mitdb/104,train
0,0,484,mitdb/104,train
0,0,485,mitdb/104,train
0,0,486,mitdb/104,train
0,0,487,mitdb/104,train
0,0,488,mitdb/104,train
0,0,489,mitdb/104,train
0,0,490,mitdb/105,train
0,0,491,mitdb/105,train
0,0,492,mitdb/105,train
0,0,493,mitdb/105,train
0,0,494,mitdb/105,train
0,0,495,mitdb/105,train
0,0,496,mitdb/105,train
0,0,497,mitdb/105,train
0,0,498,mitdb/105,train
0,0,499,mitdb/105,train
0,0,510,mitdb/107,train
0,0,511,mitdb/107,train
0,0,512,mitdb/107,train
0,0,513,mitdb/107,train
0,0,514,mitdb/107,train
0,0,515,mitdb/107,train
0,0,516,mitdb/107,train
0,0,517,mitdb/107,train
0,0,518,mitdb/107,train
0,0,519,mitdb/107,train
0,0,540,mitdb/111,train
0,0,541,mitdb/111,train
0,0,542,mitdb/111,train
0,0,543,mitdb/111,train
0,0,544,mitdb/111,train
0,0,545,mitdb/111,train
0,0,546,mitdb/111,train
0,0,547,mitdb/111,train
0,0,548,mitdb/111,train
0,0,549,mitdb/111,train
0,0,550,mitdb/105,train
0,0,551,mitdb/105,train
0,0,552,mitdb/105,train
0,0,553,mitdb/105,train
0,0,554,mitdb/105,train
0,0,555,mitdb/105,train
0,0,556,mitdb/105,train
0,0,557,mitdb/105,train
0,0,558,mitdb/105,train
0,0,559,mitdb/105,train
0,0,570,mitdb/113,train
0,0,571,mitdb/113,train
0,0,572,mitdb/113,train
0,0,573,mitdb/113,train
0,0,574,mitdb/113,train
0,0,575,mitdb/113,train
0,0,576,mitdb/113,train
0,0,577,mitdb/113,train
0,0,578,mitdb/113,train
0,0,579,mitdb/113,train
0,0,580,mitdb/114,train
0,0,581,mitdb/114,train
0,0,582,mitdb/114,train
0,0,583,mitdb/114,train
0,0,584,mitdb/114,train
0,0,585,mitdb/114,train
0,0,586,mitdb/114,train
0,0,587,mitdb/114,train
0,0,588,mitdb/114,train
0,0,589,mitdb/114,train
0,0,600,mitdb/116,train
0,0,601,mitdb/116,train
0,0,602,mitdb/116,train
0,0,603,mitdb/116,train
0,0,604,mitdb/116,train
0,0,605,mitdb/116,train
0,0,606,mitdb/116,train
0,0,607,mitdb/116,train
0,0,608,mitdb/116,train
0,0,609,mitdb/116,train
0,0,610,mitdb/117,train
0,0,611,mitdb/117,train
0,0,612,mitdb/117,train
0,0,613,mitdb/117,train
0,0,614,mitdb/117,train
0,0,615,mitdb/117,train
0,0,616,mitdb/117,train
0,0,617,mitdb/117,train
0,0,618,mitdb/117,train
0,0,619,mitdb/117,train
0,0,640,mitdb/121,train
0,0,641,mitdb/121,train
0,0,642,mitdb/121,train
0,0,643,mitdb/121,train
0,0,644,mitdb/121,train
0,0,645,mitdb/121,train
0,0,646,mitdb/121,train
0,0,647,mitdb/121,train
0,0,648,mitdb/121,train
0,0,649,mitdb/121,train
0,0,650,mitdb/122,train
0,0,651,mitdb/122,train
0,0,652,mitdb/122,train
0,0,653,mitdb/122,train
0,0,654,mitdb/122,train
0,0,655,mitdb/122,train
0,0,656,mitdb/122,train
0,0,657,mitdb/122,train
0,0,658,mitdb/122,train
0,0,659,mitdb/122,train
0,0,690,mitdb/200,train
0,0,691,mitdb/200,train
0,0,692,mitdb/200,train
0,0,693,mitdb/200,train
0,0,694,mitdb/200,train
0,0,695,mitdb/200,train
0,0,696,mitdb/200,train
0,0,697,mitdb/200,train
0,0,698,mitdb/200,train
0,0,699,mitdb/200,train
0,0,720,mitdb/203,train
0,0,721,mitdb/203,train
0,0,722,mitdb/203,train
0,0,723,mitdb/203,train
0,0,724,mitdb/203,train
0,0,725,mitdb/203,train
0,0,726,mitdb/203,train
0,0,727,mitdb/203,train
0,0,728,mitdb/203,train
0,0,729,mitdb/203,train
0,0,740,mitdb/207,train
0,0,741,mitdb/207,train
0,0,742,mitdb/207,train
0,0,743,mitdb/207,train
0,0,744,mitdb/207,train
0,0,745,mitdb/207,train
0,0,746,mitdb/207,train
0,0,747,mitdb/207,train
0,0,748,mitdb/207,train
0,0,749,mitdb/207,train
0,0,750,mitdb/208,train
0,0,751,mitdb/208,train
0,0,752,mitdb/208,train
0,0,753,mitdb/208,train
0,0,754,mitdb/208,train
0,0,755,mitdb/208,train
0,0,756,mitdb/208,train
0,0,757,mitdb/208,train
0,0,758,mitdb/208,train
0,0,759,mitdb/208,train
0,0,770,mitdb/107,train
0,0,771,mitdb/107,train
0,0,772,mitdb/107,train
0,0,773,mitdb/107,train
0,0,774,mitdb/107,train
0,0,775,mitdb/107,train
0,0,776,mitdb/107,train
0,0,777,mitdb/107,train
0,0,778,mitdb/107,train
0,0,779,mitdb/107,train
0,0,790,mitdb/212,train
0,0,791,mitdb/212,train
0,0,792,mitdb/212,train
0,0,793,mitdb/212,train
0,0,794,mitdb/212,train
0,0,795,mitdb/212,train
0,0,796,mitdb/212,train
0,0,797,mitdb/212,train
0,0,798,mitdb/212,train
0,0,799,mitdb/212,train
0,0,800,mitdb/213,train
0,0,801,mitdb/213,train
0,0,802,mitdb/213,train
0,0,803,mitdb/213,train
0,0,804,mitdb/213,train
0,0,805,mitdb/213,train
0,0,806,mitdb/213,train
0,0,807,mitdb/213,train
0,0,808,mitdb/213,train
0,0,809,mitdb/213,train
0,0,820,mitdb/215,train
0,0,821,mitdb/215,train
0,0,822,mitdb/215,train
0,0,823,mitdb/215,train
0,0,824,mitdb/215,train
0,0,825,mitdb/215,train
0,0,826,mitdb/215,train
0,0,827,mitdb/215,train
0,0,828,mitdb/215,train
0,0,829,mitdb/215,train
0,0,840,mitdb/219,train
0,0,841,mitdb/219,train
0,0,842,mitdb/219,train
0,0,843,mitdb/219,train
0,0,844,mitdb/219,train
0,0,845,mitdb/219,train
0,0,846,mitdb/219,train
0,0,847,mitdb/219,train
0,0,848,mitdb/219,train
0,0,849,mitdb/219,train
0,0,850,mitdb/220,train
0,0,851,mitdb/220,train
0,0,852,mitdb/220,train
0,0,853,mitdb/220,train
0,0,854,mitdb/220,train
0,0,855,mitdb/220,train
0,0,856,mitdb/220,train
0,0,857,mitdb/220,train
0,0,858,mitdb/220,train
0,0,859,mitdb/220,train
0,0,910,mitdb/230,train
0,0,911,mitdb/230,train
0,0,912,mitdb/230,train
0,0,913,mitdb/230,train
0,0,914,mitdb/230,train
0,0,915,mitdb/230,train
0,0,916,mitdb/230,train
0,0,917,mitdb/230,train
0,0,918,mitdb/230,train
0,0,919,mitdb/230,train
0,0,930,mitdb/232,train
0,0,931,mitdb/232,train
0,0,932,mitdb/232,train
0,0,933,mitdb/232,train
0,0,934,mitdb/232,train
0,0,935,mitdb/232,train
0,0,936,mitdb/232,train
0,0,937,mitdb/232,train
0,0,938,mitdb/232,train
0,0,939,mitdb/232,train
0,0,950,mitdb/234,train
0,0,951,mitdb/234,train
0,0,952,mitdb/234,train
0,0,953,mitdb/234,train
0,0,954,mitdb/234,train
0,0,955,mitdb/234,train
0,0,956,mitdb/234,train
0,0,957,mitdb/234,train
0,0,958,mitdb/234,train
0,0,959,mitdb/234,train
0,0,990,chfdb/chf12,train
0,0,991,chfdb/chf12,train
0,0,992,chfdb/chf12,train
0,0,993,chfdb/chf12,train
0,0,994,chfdb/chf12,train
0,0,995,chfdb/chf12,train
0,0,996,chfdb/chf12,train
0,0,997,chfdb/chf12,train
0,0,998,chfdb/chf12,train
0,0,999,chfdb/chf12,train
0,0,1000,chfdb/chf13,train
0,0,1001,chfdb/chf13,train
0,0,1002,chfdb/chf13,train
0,0,1003,chfdb/chf13,train
0,0,1004,chfdb/chf13,train
0,0,1005,chfdb/chf13,train
0,0,1006,chfdb/chf13,train
0,0,1007,chfdb/chf13,train
0,0,1008,chfdb/chf13,train
0,0,1009,chfdb/chf13,train
0,0,1020,chfdb/chf15,train
0,0,1021,chfdb/chf15,train
0,0,1022,chfdb/chf15,train
0,0,1023,chfdb/chf15,train
0,0,1024,chfdb/chf15,train
0,0,1025,chfdb/chf15,train
0,0,1026,chfdb/chf15,train
0,0,1027,chfdb/chf15,train
0,0,1028,chfdb/chf15,train
0,0,1029,chfdb/chf15,train
0,0,1040,chfdb/chf02,train
0,0,1041,chfdb/chf02,train
0,0,1042,chfdb/chf02,train
0,0,1043,chfdb/chf02,train
0,0,1044,chfdb/chf02,train
0,0,1045,chfdb/chf02,train
0,0,1046,chfdb/chf02,train
0,0,1047,chfdb/chf02,train
0,0,1048,chfdb/chf02,train
0,0,1049,chfdb/chf02,train
0,0,1050,chfdb/chf03,train
0,0,1051,chfdb/chf03,train
0,0,1052,chfdb/chf03,train
0,0,1053,chfdb/chf03,train
0,0,1054,chfdb/chf03,train
0,0,1055,chfdb/chf03,train
0,0,1056,chfdb/chf03,train
0,0,1057,chfdb/chf03,train
0,0,1058,chfdb/chf03,train
0,0,1059,chfdb/chf03,train
0,0,1070,chfdb/chf02,train
0,0,1071,chfdb/chf02,train
0,0,1072,chfdb/chf02,train
0,0,1073,chfdb/chf02,train
0,0,1074,chfdb/chf02,train
0,0,1075,chfdb/chf02,train
0,0,1076,chfdb/chf02,train
0,0,1077,chfdb/chf02,train
0,0,1078,chfdb/chf02,train
0,0,1079,chfdb/chf02,train
0,0,1080,chfdb/chf05,train
0,0,1081,chfdb/chf05,train
0,0,1082,chfdb/chf05,train
0,0,1083,chfdb/chf05,train
0,0,1084,chfdb/chf05,train
0,0,1085,chfdb/chf05,train
0,0,1086,chfdb/chf05,train
0,0,1087,chfdb/chf05,train
0,0,1088,chfdb/chf05,train
0,0,1089,chfdb/chf05,train
0,0,1100,chfdb/chf07,train
0,0,1101,chfdb/chf07,train
0,0,1102,chfdb/chf07,train
0,0,1103,chfdb/chf07,train
0,0,1104,chfdb/chf07,train
0,0,1105,chfdb/chf07,train
0,0,1106,chfdb/chf07,train
0,0,1107,chfdb/chf07,train
0,0,1108,chfdb/chf07,train
0,0,1109,chfdb/chf07,train
0,0,1120,chfdb/chf09,train
0,0,1121,chfdb/chf09,train
0,0,1122,chfdb/chf09,train
0,0,1123,chfdb/chf09,train
0,0,1124,chfdb/chf09,train
0,0,1125,chfdb/chf09,train
0,0,1126,chfdb/chf09,train
0,0,1127,chfdb/chf09,train
0,0,1128,chfdb/chf09,train
0,0,1129,chfdb/chf09,train
0,0,1150,chfdb/chf12,train
0,0,1151,chfdb/chf12,train
0,0,1152,chfdb/chf12,train
0,0,1153,chfdb/chf12,train
0,0,1154,chfdb/chf12,train
0,0,1155,chfdb/chf12,train
0,0,1156,chfdb/chf12,train
0,0,1157,chfdb/chf12,train
0,0,1158,chfdb/chf12,train
0,0,1159,chfdb/chf12,train
0,0,1160,chfdb/chf13,train
0,0,1161,chfdb/chf13,train
0,0,1162,chfdb/chf13,train
0,0,1163,chfdb/chf13,train
0,0,1164,chfdb/chf13,train
0,0,1165,chfdb/chf13,train
0,0,1166,chfdb/chf13,train
0,0,1167,chfdb/chf13,train
0,0,1168,chfdb/chf13,train
0,0,1169,chfdb/chf13,train
0,0,1180,chfdb/chf03,train
0,0,1181,chfdb/chf03,train
0,0,1182,chfdb/chf03,train
0,0,1183,chfdb/chf03,train
0,0,1184,chfdb/chf03,train
0,0,1185,chfdb/chf03,train
0,0,1186,chfdb/chf03,train
0,0,1187,chfdb/chf03,train
0,0,1188,chfdb/chf03,train
0,0,1189,chfdb/chf03,train
0,0,1190,chfdb/chf15,train
0,0,1191,chfdb/chf15,train
0,0,1192,chfdb/chf15,train
0,0,1193,chfdb/chf15,train
0,0,1194,chfdb/chf15,train
0,0,1195,chfdb/chf15,train
0,0,1196,chfdb/chf15,train
0,0,1197,chfdb/chf15,train
0,0,1198,chfdb/chf15,train
0,0,1199,chfdb/chf15,train
0,0,1210,chfdb/chf05,train
0,0,1211,chfdb/chf05,train
0,0,1212,chfdb/chf05,train
0,0,1213,chfdb/chf05,train
0,0,1214,chfdb/chf05,train
0,0,1215,chfdb/chf05,train
0,0,1216,chfdb/chf05,train
0,0,1217,chfdb/chf05,train
0,0,1218,chfdb/chf05,train
0,0,1219,chfdb/chf05,train
0,0,1230,chfdb/chf07,train
0,0,1231,chfdb/chf07,train
0,0,1232,chfdb/chf07,train
0,0,1233,chfdb/chf07,train
0,0,1234,chfdb/chf07,train
0,0,1235,chfdb/chf07,train
0,0,1236,chfdb/chf07,train
0,0,1237,chfdb/chf07,train
0,0,1238,chfdb/chf07,train
0,0,1239,chfdb/chf07,train
0,0,1250,chfdb/chf09,train
0,0,1251,chfdb/chf09,train
0,0,1252,chfdb/chf09,train
0,0,1253,chfdb/chf09,train
0,0,1254,chfdb/chf09,train
0,0,1255,chfdb/chf09,train
0,0,1256,chfdb/chf09,train
0,0,1257,chfdb/chf09,train
0,0,1258,chfdb/chf09,train
0,0,1259,chfdb/chf09,train
0,0,1280,nsrdb/17453,train
0,0,1281,nsrdb/17453,train
0,0,1282,nsrdb/17453,train
0,0,1283,nsrdb/17453,train
0,0,1284,nsrdb/17453,train
0,0,1285,nsrdb/17453,train
0,0,1286,nsrdb/17453,train
0,0,1287,nsrdb/17453,train
0,0,1288,nsrdb/17453,train
0,0,1289,nsrdb/17453,train
0,0,1290,nsrdb/18177,train
0,0,1291,nsrdb/18177,train
0,0,1292,nsrdb/18177,train
0,0,1293,nsrdb/18177,train
0,0,1294,nsrdb/18177,train
0,0,1295,nsrdb/18177,train
0,0,1296,nsrdb/18177,train
0,0,1297,nsrdb/18177,train
0,0,1298,nsrdb/18177,train
0,0,1299,nsrdb/18177,train
0,0,1300,nsrdb/18184,train
0,0,1301,nsrdb/18184,train
0,0,1302,nsrdb/18184,train
0,0,1303,nsrdb/18184,train
0,0,1304,nsrdb/18184,train
0,0,1305,nsrdb/18184,train
0,0,1306,nsrdb/18184,train
0,0,1307,nsrdb/18184,train
0,0,1308,nsrdb/18184,train
0,0,1309,nsrdb/18184,train
0,0,1310,nsrdb/19088,train
0,0,1311,nsrdb/19088,train
0,0,1312,nsrdb/19088,train
0,0,1313,nsrdb/19088,train
0,0,1314,nsrdb/19088,train
0,0,1315,nsrdb/19088,train
0,0,1316,nsrdb/19088,train
0,0,1317,nsrdb/19088,train
0,0,1318,nsrdb/19088,train
0,0,1319,nsrdb/19088,train
0,0,1330,nsrdb/19093,train
0,0,1331,nsrdb/19093,train
0,0,1332,nsrdb/19093,train
0,0,1333,nsrdb/19093,train
0,0,1334,nsrdb/19093,train
0,0,1335,nsrdb/19093,train
0,0,1336,nsrdb/19093,train
0,0,1337,nsrdb/19093,train
0,0,1338,nsrdb/19093,train
0,0,1339,nsrdb/19093,train
0,0,1350,nsrdb/19830,train
0,0,1351,nsrdb/19830,train
0,0,1352,nsrdb/19830,train
0,0,1353,nsrdb/19830,train
0,0,1354,nsrdb/19830,train
0,0,1355,nsrdb/19830,train
0,0,1356,nsrdb/19830,train
0,0,1357,nsrdb/19830,train
0,0,1358,nsrdb/19830,train
0,0,1359,nsrdb/19830,train
0,0,1390,nsrdb/16273,train
0,0,1391,nsrdb/16273,train
0,0,1392,nsrdb/16273,train
0,0,1393,nsrdb/16273,train
0,0,1394,nsrdb/16273,train
0,0,1395,nsrdb/16273,train
0,0,1396,nsrdb/16273,train
0,0,1397,nsrdb/16273,train
0,0,1398,nsrdb/16273,train
0,0,1399,nsrdb/16273,train
0,0,1400,nsrdb/16420,train
0,0,1401,nsrdb/16420,train
0,0,1402,nsrdb/16420,train
0,0,1403,nsrdb/16420,train
0,0,1404,nsrdb/16420,train
0,0,1405,nsrdb/16420,train
0,0,1406,nsrdb/16420,train
0,0,1407,nsrdb/16420,train
0,0,1408,nsrdb/16420,train
0,0,1409,nsrdb/16420,train
0,0,1450,nsrdb/16795,train
0,0,1451,nsrdb/16795,train
0,0,1452,nsrdb/16795,train
0,0,1453,nsrdb/16795,train
0,0,1454,nsrdb/16795,train
0,0,1455,nsrdb/16795,train
0,0,1456,nsrdb/16795,train
0,0,1457,nsrdb/16795,train
0,0,1458,nsrdb/16795,train
0,0,1459,nsrdb/16795,train
0,0,1470,nsrdb/17453,train
0,0,1471,nsrdb/17453,train
0,0,1472,nsrdb/17453,train
0,0,1473,nsrdb/17453,train
0,0,1474,nsrdb/17453,train
0,0,1475,nsrdb/17453,train
0,0,1476,nsrdb/17453,train
0,0,1477,nsrdb/17453,train
0,0,1478,nsrdb/17453,train
0,0,1479,nsrdb/17453,train
0,0,1480,nsrdb/16273,train
0,0,1481,nsrdb/16273,train
0,0,1482,nsrdb/16273,train
0,0,1483,nsrdb/16273,train
0,0,1484,nsrdb/16273,train
0,0,1485,nsrdb/16273,train
0,0,1486,nsrdb/16273,train
0,0,1487,nsrdb/16273,train
0,0,1488,nsrdb/16273,train
0,0,1489,nsrdb/16273,train
0,0,1490,nsrdb/18177,train
0,0,1491,nsrdb/18177,train
0,0,1492,nsrdb/18177,train
0,0,1493,nsrdb/18177,train
0,0,1494,nsrdb/18177,train
0,0,1495,nsrdb/18177,train
0,0,1496,nsrdb/18177,train
0,0,1497,nsrdb/18177,train
0,0,1498,nsrdb/18177,train
0,0,1499,nsrdb/18177,train
0,0,1500,nsrdb/18184,train
0,0,1501,nsrdb/18184,train
0,0,1502,nsrdb/18184,train
0,0,1503,nsrdb/18184,train
0,0,1504,nsrdb/18184,train
0,0,1505,nsrdb/18184,train
0,0,1506,nsrdb/18184,train
0,0,1507,nsrdb/18184,train
0,0,1508,nsrdb/18184,train
0,0,1509,nsrdb/18184,train
0,0,1510,nsrdb/19088,train
0,0,1511,nsrdb/19088,train
0,0,1512,nsrdb/19088,train
0,0,1513,nsrdb/19088,train
0,0,1514,nsrdb/19088,train
0,0,1515,nsrdb/19088,train
0,0,1516,nsrdb/19088,train
0,0,1517,nsrdb/19088,train
0,0,1518,nsrdb/19088,train
0,0,1519,nsrdb/19088,train
0,0,1530,nsrdb/19093,train
0,0,1531,nsrdb/19093,train
0,0,1532,nsrdb/19093,train
0,0,1533,nsrdb/19093,train
0,0,1534,nsrdb/19093,train
0,0,1535,nsrdb/19093,train
0,0,1536,nsrdb/19093,train
0,0,1537,nsrdb/19093,train
0,0,1538,nsrdb/19093,train
0,0,1539,nsrdb/19093,train
0,0,1550,nsrdb/19830,train
0,0,1551,nsrdb/19830,train
0,0,1552,nsrdb/19830,train
0,0,1553,nsrdb/19830,train
0,0,1554,nsrdb/19830,train
0,0,1555,nsrdb/19830,train
0,0,1556,nsrdb/19830,train
0,0,1557,nsrdb/19830,train
0,0,1558,nsrdb/19830,train
0,0,1559,nsrdb/19830,train
0,0,1560,nsrdb/16420,train
0,0,1561,nsrdb/16420,train
0,0,1562,nsrdb/16420,train
0,0,1563,nsrdb/16420,train
0,0,1564,nsrdb/16420,train
0,0,1565,nsrdb/16420,train
0,0,1566,nsrdb/16420,train
0,0,1567,nsrdb/16420,train
0,0,1568,nsrdb/16420,train
0,0,1569,nsrdb/16420,train
0,0,1610,nsrdb/16795,train
0,0,1611,nsrdb/16795,train
0,0,1612,nsrdb/16795,train
0,0,1613,nsrdb/16795,train
0,0,1614,nsrdb/16795,train
0,0,1615,nsrdb/16795,train
0,0,1616,nsrdb/16795,train
0,0,1617,nsrdb/16795,train
0,0,1618,nsrdb/16795,train
0,0,1619,nsrdb/16795,train
0,0,10,mitdb/109,validation
0,0,11,mitdb/109,validation
0,0,12,mitdb/109,validation
0,0,13,mitdb/109,validation
0,0,14,mitdb/109,validation
0,0,15,mitdb/109,validation
0,0,16,mitdb/109,validation
0,0,17,mitdb/109,validation
0,0,18,mitdb/109,validation
0,0,19,mitdb/109,validation
0,0,100,mitdb/119,validation
0,0,101,mitdb/119,validation
0,0,102,mitdb/119,validation
0,0,103,mitdb/119,validation
0,0,104,mitdb/119,validation
0,0,105,mitdb/119,validation
0,0,106,mitdb/119,validation
0,0,107,mitdb/119,validation
0,0,108,mitdb/119,validation
0,0,109,mitdb/119,validation
0,0,140,mitdb/123,validation
0,0,141,mitdb/123,validation
0,0,142,mitdb/123,validation
0,0,143,mitdb/123,validation
0,0,144,mitdb/123,validation
0,0,145,mitdb/123,validation
0,0,146,mitdb/123,validation
0,0,147,mitdb/123,validation
0,0,148,mitdb/123,validation
0,0,149,mitdb/123,validation
0,0,150,mitdb/124,validation
0,0,151,mitdb/124,validation
0,0,152,mitdb/124,validation
0,0,153,mitdb/124,validation
0,0,154,mitdb/124,validation
0,0,155,mitdb/124,validation
0,0,156,mitdb/124,validation
0,0,157,mitdb/124,validation
0,0,158,mitdb/124,validation
0,0,159,mitdb/124,validation
0,0,200,mitdb/205,validation
0,0,201,mitdb/205,validation
0,0,202,mitdb/205,validation
0,0,203,mitdb/205,validation
0,0,204,mitdb/205,validation
0,0,205,mitdb/205,validation
0,0,206,mitdb/205,validation
0,0,207,mitdb/205,validation
0,0,208,mitdb/205,validation
0,0,209,mitdb/205,validation
0,0,250,mitdb/210,validation
0,0,251,mitdb/210,validation
0,0,252,mitdb/210,validation
0,0,253,mitdb/210,validation
0,0,254,mitdb/210,validation
0,0,255,mitdb/210,validation
0,0,256,mitdb/210,validation
0,0,257,mitdb/210,validation
0,0,258,mitdb/210,validation
0,0,259,mitdb/210,validation
0,0,280,mitdb/214,validation
0,0,281,mitdb/214,validation
0,0,282,mitdb/214,validation
0,0,283,mitdb/214,validation
0,0,284,mitdb/214,validation
0,0,285,mitdb/214,validation
0,0,286,mitdb/214,validation
0,0,287,mitdb/214,validation
0,0,288,mitdb/214,validation
0,0,289,mitdb/214,validation
0,0,300,mitdb/217,validation
0,0,301,mitdb/217,validation
0,0,302,mitdb/217,validation
0,0,303,mitdb/217,validation
0,0,304,mitdb/217,validation
0,0,305,mitdb/217,validation
0,0,306,mitdb/217,validation
0,0,307,mitdb/217,validation
0,0,308,mitdb/217,validation
0,0,309,mitdb/217,validation
0,0,350,mitdb/222,validation
0,0,351,mitdb/222,validation
0,0,352,mitdb/222,validation
0,0,353,mitdb/222,validation
0,0,354,mitdb/222,validation
0,0,355,mitdb/222,validation
0,0,356,mitdb/222,validation
0,0,357,mitdb/222,validation
0,0,358,mitdb/222,validation
0,0,359,mitdb/222,validation
0,0,370,mitdb/228,validation
0,0,371,mitdb/228,validation
0,0,372,mitdb/228,validation
0,0,373,mitdb/228,validation
0,0,374,mitdb/228,validation
0,0,375,mitdb/228,validation
0,0,376,mitdb/228,validation
0,0,377,mitdb/228,validation
0,0,378,mitdb/228,validation
0,0,379,mitdb/228,validation
0,0,410,mitdb/233,validation
0,0,411,mitdb/233,validation
0,0,412,mitdb/233,validation
0,0,413,mitdb/233,validation
0,0,414,mitdb/233,validation
0,0,415,mitdb/233,validation
0,0,416,mitdb/233,validation
0,0,417,mitdb/233,validation
0,0,418,mitdb/233,validation
0,0,419,mitdb/233,validation
0,0,500,mitdb/106,validation
0,0,501,mitdb/106,validation
0,0,502,mitdb/106,validation
0,0,503,mitdb/106,validation
0,0,504,mitdb/106,validation
0,0,505,mitdb/106,validation
0,0,506,mitdb/106,validation
0,0,507,mitdb/106,validation
0,0,508,mitdb/106,validation
0,0,509,mitdb/106,validation
0,0,520,mitdb/108,validation
0,0,521,mitdb/108,validation
0,0,522,mitdb/108,validation
0,0,523,mitdb/108,validation
0,0,524,mitdb/108,validation
0,0,525,mitdb/108,validation
0,0,526,mitdb/108,validation
0,0,527,mitdb/108,validation
0,0,528,mitdb/108,validation
0,0,529,mitdb/108,validation
0,0,530,mitdb/109,validation
0,0,531,mitdb/109,validation
0,0,532,mitdb/109,validation
0,0,533,mitdb/109,validation
0,0,534,mitdb/109,validation
0,0,535,mitdb/109,validation
0,0,536,mitdb/109,validation
0,0,537,mitdb/109,validation
0,0,538,mitdb/109,validation
0,0,539,mitdb/109,validation
0,0,630,mitdb/119,validation
0,0,631,mitdb/119,validation
0,0,632,mitdb/119,validation
0,0,633,mitdb/119,validation
0,0,634,mitdb/119,validation
0,0,635,mitdb/119,validation
0,0,636,mitdb/119,validation
0,0,637,mitdb/119,validation
0,0,638,mitdb/119,validation
0,0,639,mitdb/119,validation
0,0,660,mitdb/106,validation
0,0,661,mitdb/106,validation
0,0,662,mitdb/106,validation
0,0,663,mitdb/106,validation
0,0,664,mitdb/106,validation
0,0,665,mitdb/106,validation
0,0,666,mitdb/106,validation
0,0,667,mitdb/106,validation
0,0,668,mitdb/106,validation
0,0,669,mitdb/106,validation
0,0,670,mitdb/123,validation
0,0,671,mitdb/123,validation
0,0,672,mitdb/123,validation
0,0,673,mitdb/123,validation
0,0,674,mitdb/123,validation
0,0,675,mitdb/123,validation
0,0,676,mitdb/123,validation
0,0,677,mitdb/123,validation
0,0,678,mitdb/123,validation
0,0,679,mitdb/123,validation
0,0,680,mitdb/124,validation
0,0,681,mitdb/124,validation
0,0,682,mitdb/124,validation
0,0,683,mitdb/124,validation
0,0,684,mitdb/124,validation
0,0,685,mitdb/124,validation
0,0,686,mitdb/124,validation
0,0,687,mitdb/124,validation
0,0,688,mitdb/124,validation
0,0,689,mitdb/124,validation
0,0,730,mitdb/205,validation
0,0,731,mitdb/205,validation
0,0,732,mitdb/205,validation
0,0,733,mitdb/205,validation
0,0,734,mitdb/205,validation
0,0,735,mitdb/205,validation
0,0,736,mitdb/205,validation
0,0,737,mitdb/205,validation
0,0,738,mitdb/205,validation
0,0,739,mitdb/205,validation
0,0,780,mitdb/210,validation
0,0,781,mitdb/210,validation
0,0,782,mitdb/210,validation
0,0,783,mitdb/210,validation
0,0,784,mitdb/210,validation
0,0,785,mitdb/210,validation
0,0,786,mitdb/210,validation
0,0,787,mitdb/210,validation
0,0,788,mitdb/210,validation
0,0,789,mitdb/210,validation
0,0,810,mitdb/214,validation
0,0,811,mitdb/214,validation
0,0,812,mitdb/214,validation
0,0,813,mitdb/214,validation
0,0,814,mitdb/214,validation
0,0,815,mitdb/214,validation
0,0,816,mitdb/214,validation
0,0,817,mitdb/214,validation
0,0,818,mitdb/214,validation
0,0,819,mitdb/214,validation
0,0,830,mitdb/217,validation
0,0,831,mitdb/217,validation
0,0,832,mitdb/217,validation
0,0,833,mitdb/217,validation
0,0,834,mitdb/217,validation
0,0,835,mitdb/217,validation
0,0,836,mitdb/217,validation
0,0,837,mitdb/217,validation
0,0,838,mitdb/217,validation
0,0,839,mitdb/217,validation
0,0,870,mitdb/222,validation
0,0,871,mitdb/222,validation
0,0,872,mitdb/222,validation
0,0,873,mitdb/222,validation
0,0,874,mitdb/222,validation
0,0,875,mitdb/222,validation
0,0,876,mitdb/222,validation
0,0,877,mitdb/222,validation
0,0,878,mitdb/222,validation
0,0,879,mitdb/222,validation
0,0,880,mitdb/108,validation
0,0,881,mitdb/108,validation
0,0,882,mitdb/108,validation
0,0,883,mitdb/108,validation
0,0,884,mitdb/108,validation
0,0,885,mitdb/108,validation
0,0,886,mitdb/108,validation
0,0,887,mitdb/108,validation
0,0,888,mitdb/108,validation
0,0,889,mitdb/108,validation
0,0,900,mitdb/228,validation
0,0,901,mitdb/228,validation
0,0,902,mitdb/228,validation
0,0,903,mitdb/228,validation
0,0,904,mitdb/228,validation
0,0,905,mitdb/228,validation
0,0,906,mitdb/228,validation
0,0,907,mitdb/228,validation
0,0,908,mitdb/228,validation
0,0,909,mitdb/228,validation
0,0,940,mitdb/233,validation
0,0,941,mitdb/233,validation
0,0,942,mitdb/233,validation
0,0,943,mitdb/233,validation
0,0,944,mitdb/233,validation
0,0,945,mitdb/233,validation
0,0,946,mitdb/233,validation
0,0,947,mitdb/233,validation
0,0,948,mitdb/233,validation
0,0,949,mitdb/233,validation
0,0,960,chfdb/chf01,validation
0,0,961,chfdb/chf01,validation
0,0,962,chfdb/chf01,validation
0,0,963,chfdb/chf01,validation
0,0,964,chfdb/chf01,validation
0,0,965,chfdb/chf01,validation
0,0,966,chfdb/chf01,validation
0,0,967,chfdb/chf01,validation
0,0,968,chfdb/chf01,validation
0,0,969,chfdb/chf01,validation
0,0,970,chfdb/chf10,validation
0,0,971,chfdb/chf10,validation
0,0,972,chfdb/chf10,validation
0,0,973,chfdb/chf10,validation
0,0,974,chfdb/chf10,validation
0,0,975,chfdb/chf10,validation
0,0,976,chfdb/chf10,validation
0,0,977,chfdb/chf10,validation
0,0,978,chfdb/chf10,validation
0,0,979,chfdb/chf10,validation
0,0,1030,chfdb/chf01,validation
0,0,1031,chfdb/chf01,validation
0,0,1032,chfdb/chf01,validation
0,0,1033,chfdb/chf01,validation
0,0,1034,chfdb/chf01,validation
0,0,1035,chfdb/chf01,validation
0,0,1036,chfdb/chf01,validation
0,0,1037,chfdb/chf01,validation
0,0,1038,chfdb/chf01,validation
0,0,1039,chfdb/chf01,validation
0,0,1090,chfdb/chf06,validation
0,0,1091,chfdb/chf06,validation
0,0,1092,chfdb/chf06,validation
0,0,1093,chfdb/chf06,validation
0,0,1094,chfdb/chf06,validation
0,0,1095,chfdb/chf06,validation
0,0,1096,chfdb/chf06,validation
0,0,1097,chfdb/chf06,validation
0,0,1098,chfdb/chf06,validation
0,0,1099,chfdb/chf06,validation
0,0,1110,chfdb/chf08,validation
0,0,1111,chfdb/chf08,validation
0,0,1112,chfdb/chf08,validation
0,0,1113,chfdb/chf08,validation
0,0,1114,chfdb/chf08,validation
0,0,1115,chfdb/chf08,validation
0,0,1116,chfdb/chf08,validation
0,0,1117,chfdb/chf08,validation
0,0,1118,chfdb/chf08,validation
0,0,1119,chfdb/chf08,validation
0,0,1130,chfdb/chf10,validation
0,0,1131,chfdb/chf10,validation
0,0,1132,chfdb/chf10,validation
0,0,1133,chfdb/chf10,validation
0,0,1134,chfdb/chf10,validation
0,0,1135,chfdb/chf10,validation
0,0,1136,chfdb/chf10,validation
0,0,1137,chfdb/chf10,validation
0,0,1138,chfdb/chf10,validation
0,0,1139,chfdb/chf10,validation
0,0,1220,chfdb/chf06,validation
0,0,1221,chfdb/chf06,validation
0,0,1222,chfdb/chf06,validation
0,0,1223,chfdb/chf06,validation
0,0,1224,chfdb/chf06,validation
0,0,1225,chfdb/chf06,validation
0,0,1226,chfdb/chf06,validation
0,0,1227,chfdb/chf06,validation
0,0,1228,chfdb/chf06,validation
0,0,1229,chfdb/chf06,validation
0,0,1240,chfdb/chf08,validation
0,0,1241,chfdb/chf08,validation
0,0,1242,chfdb/chf08,validation
0,0,1243,chfdb/chf08,validation
0,0,1244,chfdb/chf08,validation
0,0,1245,chfdb/chf08,validation
0,0,1246,chfdb/chf08,validation
0,0,1247,chfdb/chf08,validation
0,0,1248,chfdb/chf08,validation
0,0,1249,chfdb/chf08,validation
0,0,1270,nsrdb/17052,validation
0,0,1271,nsrdb/17052,validation
0,0,1272,nsrdb/17052,validation
0,0,1273,nsrdb/17052,validation
0,0,1274,nsrdb/17052,validation
0,0,1275,nsrdb/17052,validation
0,0,1276,nsrdb/17052,validation
0,0,1277,nsrdb/17052,validation
0,0,1278,nsrdb/17052,validation
0,0,1279,nsrdb/17052,validation
0,0,1370,nsrdb/16272,validation
0,0,1371,nsrdb/16272,validation
0,0,1372,nsrdb/16272,validation
0,0,1373,nsrdb/16272,validation
0,0,1374,nsrdb/16272,validation
0,0,1375,nsrdb/16272,validation
0,0,1376,nsrdb/16272,validation
0,0,1377,nsrdb/16272,validation
0,0,1378,nsrdb/16272,validation
0,0,1379,nsrdb/16272,validation
0,0,1380,nsrdb/16272,validation
0,0,1381,nsrdb/16272,validation
0,0,1382,nsrdb/16272,validation
0,0,1383,nsrdb/16272,validation
0,0,1384,nsrdb/16272,validation
0,0,1385,nsrdb/16272,validation
0,0,1386,nsrdb/16272,validation
0,0,1387,nsrdb/16272,validation
0,0,1388,nsrdb/16272,validation
0,0,1389,nsrdb/16272,validation
0,0,1410,nsrdb/16483,validation
0,0,1411,nsrdb/16483,validation
0,0,1412,nsrdb/16483,validation
0,0,1413,nsrdb/16483,validation
0,0,1414,nsrdb/16483,validation
0,0,1415,nsrdb/16483,validation
0,0,1416,nsrdb/16483,validation
0,0,1417,nsrdb/16483,validation
0,0,1418,nsrdb/16483,validation
0,0,1419,nsrdb/16483,validation
0,0,1420,nsrdb/16539,validation
0,0,1421,nsrdb/16539,validation
0,0,1422,nsrdb/16539,validation
0,0,1423,nsrdb/16539,validation
0,0,1424,nsrdb/16539,validation
0,0,1425,nsrdb/16539,validation
0,0,1426,nsrdb/16539,validation
0,0,1427,nsrdb/16539,validation
0,0,1428,nsrdb/16539,validation
0,0,1429,nsrdb/16539,validation
0,0,1430,nsrdb/16773,validation
0,0,1431,nsrdb/16773,validation
0,0,1432,nsrdb/16773,validation
0,0,1433,nsrdb/16773,validation
0,0,1434,nsrdb/16773,validation
0,0,1435,nsrdb/16773,validation
0,0,1436,nsrdb/16773,validation
0,0,1437,nsrdb/16773,validation
0,0,1438,nsrdb/16773,validation
0,0,1439,nsrdb/16773,validation
0,0,1460,nsrdb/17052,validation
0,0,1461,nsrdb/17052,validation
0,0,1462,nsrdb/17052,validation
0,0,1463,nsrdb/17052,validation
0,0,1464,nsrdb/17052,validation
0,0,1465,nsrdb/17052,validation
0,0,1466,nsrdb/17052,validation
0,0,1467,nsrdb/17052,validation
0,0,1468,nsrdb/17052,validation
0,0,1469,nsrdb/17052,validation
0,0,1570,nsrdb/16483,validation
0,0,1571,nsrdb/16483,validation
0,0,1572,nsrdb/16483,validation
0,0,1573,nsrdb/16483,validation
0,0,1574,nsrdb/16483,validation
0,0,1575,nsrdb/16483,validation
0,0,1576,nsrdb/16483,validation
0,0,1577,nsrdb/16483,validation
0,0,1578,nsrdb/16483,validation
0,0,1579,nsrdb/16483,validation
0,0,1580,nsrdb/16539,validation
0,0,1581,nsrdb/16539,validation
0,0,1582,nsrdb/16539,validation
0,0,1583,nsrdb/16539,validation
0,0,1584,nsrdb/16539,validation
0,0,1585,nsrdb/16539,validation
0,0,1586,nsrdb/16539,validation
0,0,1587,nsrdb/16539,validation
0,0,1588,nsrdb/16539,validation
0,0,1589,nsrdb/16539,validation
0,0,1590,nsrdb/16773,validation
0,0,1591,nsrdb/16773,validation
0,0,1592,nsrdb/16773,validation
0,0,1593,nsrdb/16773,validation
0,0,1594,nsrdb/16773,validation
0,0,1595,nsrdb/16773,validation
0,0,1596,nsrdb/16773,validation
0,0,1597,nsrdb/16773,validation
0,0,1598,nsrdb/16773,validation
0,0,1599,nsrdb/16773,validation
0,0,30,mitdb/112,test
0,0,31,mitdb/112,test
0,0,32,mitdb/112,test
0,0,33,mitdb/112,test
0,0,34,mitdb/112,test
0,0,35,mitdb/112,test
0,0,36,mitdb/112,test
0,0,37,mitdb/112,test
0,0,38,mitdb/112,test
0,0,39,mitdb/112,test
0,0,60,mitdb/115,test
0,0,61,mitdb/115,test
0,0,62,mitdb/115,test
0,0,63,mitdb/115,test
0,0,64,mitdb/115,test
0,0,65,mitdb/115,test
0,0,66,mitdb/115,test
0,0,67,mitdb/115,test
0,0,68,mitdb/115,test
0,0,69,mitdb/115,test
0,0,90,mitdb/118,test
0,0,91,mitdb/118,test
0,0,92,mitdb/118,test
0,0,93,mitdb/118,test
0,0,94,mitdb/118,test
0,0,95,mitdb/118,test
0,0,96,mitdb/118,test
0,0,97,mitdb/118,test
0,0,98,mitdb/118,test
0,0,99,mitdb/118,test
0,0,110,mitdb/101,test
0,0,111,mitdb/101,test
0,0,112,mitdb/101,test
0,0,113,mitdb/101,test
0,0,114,mitdb/101,test
0,0,115,mitdb/101,test
0,0,116,mitdb/101,test
0,0,117,mitdb/101,test
0,0,118,mitdb/101,test
0,0,119,mitdb/101,test
0,0,170,mitdb/201-202,test
0,0,171,mitdb/201-202,test
0,0,172,mitdb/201-202,test
0,0,173,mitdb/201-202,test
0,0,174,mitdb/201-202,test
0,0,175,mitdb/201-202,test
0,0,176,mitdb/201-202,test
0,0,177,mitdb/201-202,test
0,0,178,mitdb/201-202,test
0,0,179,mitdb/201-202,test
0,0,180,mitdb/201-202,test
0,0,181,mitdb/201-202,test
0,0,182,mitdb/201-202,test
0,0,183,mitdb/201-202,test
0,0,184,mitdb/201-202,test
0,0,185,mitdb/201-202,test
0,0,186,mitdb/201-202,test
0,0,187,mitdb/201-202,test
0,0,188,mitdb/201-202,test
0,0,189,mitdb/201-202,test
0,0,240,mitdb/209,test
0,0,241,mitdb/209,test
0,0,242,mitdb/209,test
0,0,243,mitdb/209,test
0,0,244,mitdb/209,test
0,0,245,mitdb/209,test
0,0,246,mitdb/209,test
0,0,247,mitdb/209,test
0,0,248,mitdb/209,test
0,0,249,mitdb/209,test
0,0,340,mitdb/221,test
0,0,341,mitdb/221,test
0,0,342,mitdb/221,test
0,0,343,mitdb/221,test
0,0,344,mitdb/221,test
0,0,345,mitdb/221,test
0,0,346,mitdb/221,test
0,0,347,mitdb/221,test
0,0,348,mitdb/221,test
0,0,349,mitdb/221,test
0,0,360,mitdb/223,test
0,0,361,mitdb/223,test
0,0,362,mitdb/223,test
0,0,363,mitdb/223,test
0,0,364,mitdb/223,test
0,0,365,mitdb/223,test
0,0,366,mitdb/223,test
0,0,367,mitdb/223,test
0,0,368,mitdb/223,test
0,0,369,mitdb/223,test
0,0,390,mitdb/231,test
0,0,391,mitdb/231,test
0,0,392,mitdb/231,test
0,0,393,mitdb/231,test
0,0,394,mitdb/231,test
0,0,395,mitdb/231,test
0,0,396,mitdb/231,test
0,0,397,mitdb/231,test
0,0,398,mitdb/231,test
0,0,399,mitdb/231,test
0,0,450,mitdb/101,test
0,0,451,mitdb/101,test
0,0,452,mitdb/101,test
0,0,453,mitdb/101,test
0,0,454,mitdb/101,test
0,0,455,mitdb/101,test
0,0,456,mitdb/101,test
0,0,457,mitdb/101,test
0,0,458,mitdb/101,test
0,0,459,mitdb/101,test
0,0,560,mitdb/112,test
0,0,561,mitdb/112,test
0,0,562,mitdb/112,test
0,0,563,mitdb/112,test
0,0,564,mitdb/112,test
0,0,565,mitdb/112,test
0,0,566,mitdb/112,test
0,0,567,mitdb/112,test
0,0,568,mitdb/112,test
0,0,569,mitdb/112,test
0,0,590,mitdb/115,test
0,0,591,mitdb/115,test
0,0,592,mitdb/115,test
0,0,593,mitdb/115,test
0,0,594,mitdb/115,test
0,0,595,mitdb/115,test
0,0,596,mitdb/115,test
0,0,597,mitdb/115,test
0,0,598,mitdb/115,test
0,0,599,mitdb/115,test
0,0,620,mitdb/118,test
0,0,621,mitdb/118,test
0,0,622,mitdb/118,test
0,0,623,mitdb/118,test
0,0,624,mitdb/118,test
0,0,625,mitdb/118,test
0,0,626,mitdb/118,test
0,0,627,mitdb/118,test
0,0,628,mitdb/118,test
0,0,629,mitdb/118,test
0,0,700,mitdb/201-202,test
0,0,701,mitdb/201-202,test
0,0,702,mitdb/201-202,test
0,0,703,mitdb/201-202,test
0,0,704,mitdb/201-202,test
0,0,705,mitdb/201-202,test
0,0,706,mitdb/201-202,test
0,0,707,mitdb/201-202,test
0,0,708,mitdb/201-202,test
0,0,709,mitdb/201-202,test
0,0,710,mitdb/201-202,test
0,0,711,mitdb/201-202,test
0,0,712,mitdb/201-202,test
0,0,713,mitdb/201-202,test
0,0,714,mitdb/201-202,test
0,0,715,mitdb/201-202,test
0,0,716,mitdb/201-202,test
0,0,717,mitdb/201-202,test
0,0,718,mitdb/201-202,test
0,0,719,mitdb/201-202,test
0,0,760,mitdb/209,test
0,0,761,mitdb/209,test
0,0,762,mitdb/209,test
0,0,763,mitdb/209,test
0,0,764,mitdb/209,test
0,0,765,mitdb/209,test
0,0,766,mitdb/209,test
0,0,767,mitdb/209,test
0,0,768,mitdb/209,test
0,0,769,mitdb/209,test
0,0,860,mitdb/221,test
0,0,861,mitdb/221,test
0,0,862,mitdb/221,test
0,0,863,mitdb/221,test
0,0,864,mitdb/221,test
0,0,865,mitdb/221,test
0,0,866,mitdb/221,test
0,0,867,mitdb/221,test
0,0,868,mitdb/221,test
0,0,869,mitdb/221,test
0,0,890,mitdb/223,test
0,0,891,mitdb/223,test
0,0,892,mitdb/223,test
0,0,893,mitdb/223,test
0,0,894,mitdb/223,test
0,0,895,mitdb/223,test
0,0,896,mitdb/223,test
0,0,897,mitdb/223,test
0,0,898,mitdb/223,test
0,0,899,mitdb/223,test
0,0,920,mitdb/231,test
0,0,921,mitdb/231,test
0,0,922,mitdb/231,test
0,0,923,mitdb/231,test
0,0,924,mitdb/231,test
0,0,925,mitdb/231,test
0,0,926,mitdb/231,test
0,0,927,mitdb/231,test
0,0,928,mitdb/231,test
0,0,929,mitdb/231,test
0,0,980,chfdb/chf11,test
0,0,981,chfdb/chf11,test
0,0,982,chfdb/chf11,test
0,0,983,chfdb/chf11,test
0,0,984,chfdb/chf11,test
0,0,985,chfdb/chf11,test
0,0,986,chfdb/chf11,test
0,0,987,chfdb/chf11,test
0,0,988,chfdb/chf11,test
0,0,989,chfdb/chf11,test
0,0,1010,chfdb/chf14,test
0,0,1011,chfdb/chf14,test
0,0,1012,chfdb/chf14,test
0,0,1013,chfdb/chf14,test
0,0,1014,chfdb/chf14,test
0,0,1015,chfdb/chf14,test
0,0,1016,chfdb/chf14,test
0,0,1017,chfdb/chf14,test
0,0,1018,chfdb/chf14,test
0,0,1019,chfdb/chf14,test
0,0,1060,chfdb/chf04,test
0,0,1061,chfdb/chf04,test
0,0,1062,chfdb/chf04,test
0,0,1063,chfdb/chf04,test
0,0,1064,chfdb/chf04,test
0,0,1065,chfdb/chf04,test
0,0,1066,chfdb/chf04,test
0,0,1067,chfdb/chf04,test
0,0,1068,chfdb/chf04,test
0,0,1069,chfdb/chf04,test
0,0,1140,chfdb/chf11,test
0,0,1141,chfdb/chf11,test
0,0,1142,chfdb/chf11,test
0,0,1143,chfdb/chf11,test
0,0,1144,chfdb/chf11,test
0,0,1145,chfdb/chf11,test
0,0,1146,chfdb/chf11,test
0,0,1147,chfdb/chf11,test
0,0,1148,chfdb/chf11,test
0,0,1149,chfdb/chf11,test
0,0,1170,chfdb/chf14,test
0,0,1171,chfdb/chf14,test
0,0,1172,chfdb/chf14,test
0,0,1173,chfdb/chf14,test
0,0,1174,chfdb/chf14,test
0,0,1175,chfdb/chf14,test
0,0,1176,chfdb/chf14,test
0,0,1177,chfdb/chf14,test
0,0,1178,chfdb/chf14,test
0,0,1179,chfdb/chf14,test
0,0,1200,chfdb/chf04,test
0,0,1201,chfdb/chf04,test
0,0,1202,chfdb/chf04,test
0,0,1203,chfdb/chf04,test
0,0,1204,chfdb/chf04,test
0,0,1205,chfdb/chf04,test
0,0,1206,chfdb/chf04,test
0,0,1207,chfdb/chf04,test
0,0,1208,chfdb/chf04,test
0,0,1209,chfdb/chf04,test
0,0,1260,nsrdb/16265,test
0,0,1261,nsrdb/16265,test
0,0,1262,nsrdb/16265,test
0,0,1263,nsrdb/16265,test
0,0,1264,nsrdb/16265,test
0,0,1265,nsrdb/16265,test
0,0,1266,nsrdb/16265,test
0,0,1267,nsrdb/16265,test
0,0,1268,nsrdb/16265,test
0,0,1269,nsrdb/16265,test
0,0,1320,nsrdb/19090,test
0,0,1321,nsrdb/19090,test
0,0,1322,nsrdb/19090,test
0,0,1323,nsrdb/19090,test
0,0,1324,nsrdb/19090,test
0,0,1325,nsrdb/19090,test
0,0,1326,nsrdb/19090,test
0,0,1327,nsrdb/19090,test
0,0,1328,nsrdb/19090,test
0,0,1329,nsrdb/19090,test
0,0,1340,nsrdb/19140,test
0,0,1341,nsrdb/19140,test
0,0,1342,nsrdb/19140,test
0,0,1343,nsrdb/19140,test
0,0,1344,nsrdb/19140,test
0,0,1345,nsrdb/19140,test
0,0,1346,nsrdb/19140,test
0,0,1347,nsrdb/19140,test
0,0,1348,nsrdb/19140,test
0,0,1349,nsrdb/19140,test
0,0,1360,nsrdb/16265,test
0,0,1361,nsrdb/16265,test
0,0,1362,nsrdb/16265,test
0,0,1363,nsrdb/16265,test
0,0,1364,nsrdb/16265,test
0,0,1365,nsrdb/16265,test
0,0,1366,nsrdb/16265,test
0,0,1367,nsrdb/16265,test
0,0,1368,nsrdb/16265,test
0,0,1369,nsrdb/16265,test
0,0,1440,nsrdb/16786,test
0,0,1441,nsrdb/16786,test
0,0,1442,nsrdb/16786,test
0,0,1443,nsrdb/16786,test
0,0,1444,nsrdb/16786,test
0,0,1445,nsrdb/16786,test
0,0,1446,nsrdb/16786,test
0,0,1447,nsrdb/16786,test
0,0,1448,nsrdb/16786,test
0,0,1449,nsrdb/16786,test
0,0,1520,nsrdb/19090,test
0,0,1521,nsrdb/19090,test
0,0,1522,nsrdb/19090,test
0,0,1523,nsrdb/19090,test
0,0,1524,nsrdb/19090,test
0,0,1525,nsrdb/19090,test
0,0,1526,nsrdb/19090,test
0,0,1527,nsrdb/19090,test
0,0,1528,nsrdb/19090,test
0,0,1529,nsrdb/19090,test
0,0,1540,nsrdb/19140,test
0,0,1541,nsrdb/19140,test
0,0,1542,nsrdb/19140,test
0,0,1543,nsrdb/19140,test
0,0,1544,nsrdb/19140,test
0,0,1545,nsrdb/19140,test
0,0,1546,nsrdb/19140,test
0,0,1547,nsrdb/19140,test
0,0,1548,nsrdb/19140,test
0,0,1549,nsrdb/19140,test
0,0,1600,nsrdb/16786,test
0,0,1601,nsrdb/16786,test
0,0,1602,nsrdb/16786,test
0,0,1603,nsrdb/16786,test
0,0,1604,nsrdb/16786,test
0,0,1605,nsrdb/16786,test
0,0,1606,nsrdb/16786,test
0,0,1607,nsrdb/16786,test
0,0,1608,nsrdb/16786,test
0,0,1609,nsrdb/16786,test
0,1,0,mitdb/100,train
0,1,1,mitdb/100,train
0,1,2,mitdb/100,train
0,1,3,mitdb/100,train
0,1,4,mitdb/100,train
0,1,5,mitdb/100,train
0,1,6,mitdb/100,train
0,1,7,mitdb/100,train
0,1,8,mitdb/100,train
0,1,9,mitdb/100,train
0,1,10,mitdb/109,train
0,1,11,mitdb/109,train
0,1,12,mitdb/109,train
0,1,13,mitdb/109,train
0,1,14,mitdb/109,train
0,1,15,mitdb/109,train
0,1,16,mitdb/109,train
0,1,17,mitdb/109,train
0,1,18,mitdb/109,train
0,1,19,mitdb/109,train
0,1,40,mitdb/113,train
0,1,41,mitdb/113,train
0,1,42,mitdb/113,train
0,1,43,mitdb/113,train
0,1,44,mitdb/113,train
0,1,45,mitdb/113,train
0,1,46,mitdb/113,train
0,1,47,mitdb/113,train
0,1,48,mitdb/113,train
0,1,49,mitdb/113,train
0,1,50,mitdb/114,train
0,1,51,mitdb/114,train
0,1,52,mitdb/114,train
0,1,53,mitdb/114,train
0,1,54,mitdb/114,train
0,1,55,mitdb/114,train
0,1,56,mitdb/114,train
0,1,57,mitdb/114,train
0,1,58,mitdb/114,train
0,1,59,mitdb/114,train
0,1,70,mitdb/116,train
0,1,71,mitdb/116,train
0,1,72,mitdb/116,train
0,1,73,mitdb/116,train
0,1,74,mitdb/116,train
0,1,75,mitdb/116,train
0,1,76,mitdb/116,train
0,1,77,mitdb/116,train
0,1,78,mitdb/116,train
0,1,79,mitdb/116,train
0,1,80,mitdb/117,train
0,1,81,mitdb/117,train
0,1,82,mitdb/117,train
0,1,83,mitdb/117,train
0,1,84,mitdb/117,train
0,1,85,mitdb/117,train
0,1,86,mitdb/117,train
0,1,87,mitdb/117,train
0,1,88,mitdb/117,train
0,1,89,mitdb/117,train
0,1,100,mitdb/119,train
0,1,101,mitdb/119,train
0,1,102,mitdb/119,train
0,1,103,mitdb/119,train
0,1,104,mitdb/119,train
0,1,105,mitdb/119,train
0,1,106,mitdb/119,train
0,1,107,mitdb/119,train
0,1,108,mitdb/119,train
0,1,109,mitdb/119,train
0,1,130,mitdb/122,train
0,1,131,mitdb/122,train
0,1,132,mitdb/122,train
0,1,133,mitdb/122,train
0,1,134,mitdb/122,train
0,1,135,mitdb/122,train
0,1,136,mitdb/122,train
0,1,137,mitdb/122,train
0,1,138,mitdb/122,train
0,1,139,mitdb/122,train
0,1,140,mitdb/123,train
0,1,141,mitdb/123,train
0,1,142,mitdb/123,train
0,1,143,mitdb/123,train
0,1,144,mitdb/123,train
0,1,145,mitdb/123,train
0,1,146,mitdb/123,train
0,1,147,mitdb/123,train
0,1,148,mitdb/123,train
0,1,149,mitdb/123,train
0,1,150,mitdb/124,train
0,1,151,mitdb/124,train
0,1,152,mitdb/124,train
0,1,153,mitdb/124,train
0,1,154,mitdb/124,train
0,1,155,mitdb/124,train
0,1,156,mitdb/124,train
0,1,157,mitdb/124,train
0,1,158,mitdb/124,train
0,1,159,mitdb/124,train
0,1,160,mitdb/200,train
0,1,161,mitdb/200,train
0,1,162,mitdb/200,train
0,1,163,mitdb/200,train
0,1,164,mitdb/200,train
0,1,165,mitdb/200,train
0,1,166,mitdb/200,train
0,1,167,mitdb/200,train
0,1,168,mitdb/200,train
0,1,169,mitdb/200,train
0,1,200,mitdb/205,train
0,1,201,mitdb/205,train
0,1,202,mitdb/205,train
0,1,203,mitdb/205,train
0,1,204,mitdb/205,train
0,1,205,mitdb/205,train
0,1,206,mitdb/205,train
0,1,207,mitdb/205,train
0,1,208,mitdb/205,train
0,1,209,mitdb/205,train
0,1,250,mitdb/210,train
0,1,251,mitdb/210,train
0,1,252,mitdb/210,train
0,1,253,mitdb/210,train
0,1,254,mitdb/210,train
0,1,255,mitdb/210,train
0,1,256,mitdb/210,train
0,1,257,mitdb/210,train
0,1,258,mitdb/210,train
0,1,259,mitdb/210,train
0,1,260,mitdb/212,train
0,1,261,mitdb/212,train
0,1,262,mitdb/212,train
0,1,263,mitdb/212,train
0,1,264,mitdb/212,train
0,1,265,mitdb/212,train
0,1,266,mitdb/212,train
0,1,267,mitdb/212,train
0,1,268,mitdb/212,train
0,1,269,mitdb/212,train
0,1,280,mitdb/214,train
0,1,281,mitdb/214,train
0,1,282,mitdb/214,train
0,1,283,mitdb/214,train
0,1,284,mitdb/214,train
0,1,285,mitdb/214,train
0,1,286,mitdb/214,train
0,1,287,mitdb/214,train
0,1,288,mitdb/214,train
0,1,289,mitdb/214,train
0,1,290,mitdb/215,train
0,1,291,mitdb/215,train
0,1,292,mitdb/215,train
0,1,293,mitdb/215,train
0,1,294,mitdb/215,train
0,1,295,mitdb/215,train
0,1,296,mitdb/215,train
0,1,297,mitdb/215,train
0,1,298,mitdb/215,train
0,1,299,mitdb/215,train
0,1,300,mitdb/217,train
0,1,301,mitdb/217,train
0,1,302,mitdb/217,train
0,1,303,mitdb/217,train
0,1,304,mitdb/217,train
0,1,305,mitdb/217,train
0,1,306,mitdb/217,train
0,1,307,mitdb/217,train
0,1,308,mitdb/217,train
0,1,309,mitdb/217,train
0,1,320,mitdb/220,train
0,1,321,mitdb/220,train
0,1,322,mitdb/220,train
0,1,323,mitdb/220,train
0,1,324,mitdb/220,train
0,1,325,mitdb/220,train
0,1,326,mitdb/220,train
0,1,327,mitdb/220,train
0,1,328,mitdb/220,train
0,1,329,mitdb/220,train
0,1,330,mitdb/103,train
0,1,331,mitdb/103,train
0,1,332,mitdb/103,train
0,1,333,mitdb/103,train
0,1,334,mitdb/103,train
0,1,335,mitdb/103,train
0,1,336,mitdb/103,train
0,1,337,mitdb/103,train
0,1,338,mitdb/103,train
0,1,339,mitdb/103,train
0,1,350,mitdb/222,train
0,1,351,mitdb/222,train
0,1,352,mitdb/222,train
0,1,353,mitdb/222,train
0,1,354,mitdb/222,train
0,1,355,mitdb/222,train
0,1,356,mitdb/222,train
0,1,357,mitdb/222,train
0,1,358,mitdb/222,train
0,1,359,mitdb/222,train
0,1,370,mitdb/228,train
0,1,371,mitdb/228,train
0,1,372,mitdb/228,train
0,1,373,mitdb/228,train
0,1,374,mitdb/228,train
0,1,375,mitdb/228,train
0,1,376,mitdb/228,train
0,1,377,mitdb/228,train
0,1,378,mitdb/228,train
0,1,379,mitdb/228,train
0,1,380,mitdb/230,train
0,1,381,mitdb/230,train
0,1,382,mitdb/230,train
0,1,383,mitdb/230,train
0,1,384,mitdb/230,train
0,1,385,mitdb/230,train
0,1,386,mitdb/230,train
0,1,387,mitdb/230,train
0,1,388,mitdb/230,train
0,1,389,mitdb/230,train
0,1,400,mitdb/232,train
0,1,401,mitdb/232,train
0,1,402,mitdb/232,train
0,1,403,mitdb/232,train
0,1,404,mitdb/232,train
0,1,405,mitdb/232,train
0,1,406,mitdb/232,train
0,1,407,mitdb/232,train
0,1,408,mitdb/232,train
0,1,409,mitdb/232,train
0,1,410,mitdb/233,train
0,1,411,mitdb/233,train
0,1,412,mitdb/233,train
0,1,413,mitdb/233,train
0,1,414,mitdb/233,train
0,1,415,mitdb/233,train
0,1,416,mitdb/233,train
0,1,417,mitdb/233,train
0,1,418,mitdb/233,train
0,1,419,mitdb/233,train
0,1,430,mitdb/100,train
0,1,431,mitdb/100,train
0,1,432,mitdb/100,train
0,1,433,mitdb/100,train
0,1,434,mitdb/100,train
0,1,435,mitdb/100,train
0,1,436,mitdb/100,train
0,1,437,mitdb/100,train
0,1,438,mitdb/100,train
0,1,439,mitdb/100,train
0,1,470,mitdb/103,train
0,1,471,mitdb/103,train
0,1,472,mitdb/103,train
0,1,473,mitdb/103,train
0,1,474,mitdb/103,train
0,1,475,mitdb/103,train
0,1,476,mitdb/103,train
0,1,477,mitdb/103,train
0,1,478,mitdb/103,train
0,1,479,mitdb/103,train
0,1,500,mitdb/106,train
0,1,501,mitdb/106,train
0,1,502,mitdb/106,train
0,1,503,mitdb/106,train
0,1,504,mitdb/106,train
0,1,505,mitdb/106,train
0,1,506,mitdb/106,train
0,1,507,mitdb/106,train
0,1,508,mitdb/106,train
0,1,509,mitdb/106,train
0,1,520,mitdb/108,train
0,1,521,mitdb/108,train
0,1,522,mitdb/108,train
0,1,523,mitdb/108,train
0,1,524,mitdb/108,train
0,1,525,mitdb/108,train
0,1,526,mitdb/108,train
0,1,527,mitdb/108,train
0,1,528,mitdb/108,train
0,1,529,mitdb/108,train
0,1,530,mitdb/109,train
0,1,531,mitdb/109,train
0,1,532,mitdb/109,train
0,1,533,mitdb/109,train
0,1,534,mitdb/109,train
0,1,535,mitdb/109,train
0,1,536,mitdb/109,train
0,1,537,mitdb/109,train
0,1,538,mitdb/109,train
0,1,539,mitdb/109,train
0,1,570,mitdb/113,train
0,1,571,mitdb/113,train
0,1,572,mitdb/113,train
0,1,573,mitdb/113,train
0,1,574,mitdb/113,train
0,1,575,mitdb/113,train
0,1,576,mitdb/113,train
0,1,577,mitdb/113,train
0,1,578,mitdb/113,train
0,1,579,mitdb/113,train
0,1,580,mitdb/114,train
0,1,581,mitdb/114,train
0,1,582,mitdb/114,train
0,1,583,mitdb/114,train
0,1,584,mitdb/114,train
0,1,585,mitdb/114,train
0,1,586,mitdb/114,train
0,1,587,mitdb/114,train
0,1,588,mitdb/114,train
0,1,589,mitdb/114,train
0,1,600,mitdb/116,train
0,1,601,mitdb/116,train
0,1,602,mitdb/116,train
0,1,603,mitdb/116,train
0,1,604,mitdb/116,train
0,1,605,mitdb/116,train
0,1,606,mitdb/116,train
0,1,607,mitdb/116,train
0,1,608,mitdb/116,train
0,1,609,mitdb/116,train
0,1,610,mitdb/117,train
0,1,611,mitdb/117,train
0,1,612,mitdb/117,train
0,1,613,mitdb/117,train
0,1,614,mitdb/117,train
0,1,615,mitdb/117,train
0,1,616,mitdb/117,train
0,1,617,mitdb/117,train
0,1,618,mitdb/117,train
0,1,619,mitdb/117,train
0,1,630,mitdb/119,train
0,1,631,mitdb/119,train
0,1,632,mitdb/119,train
0,1,633,mitdb/119,train
0,1,634,mitdb/119,train
0,1,635,mitdb/119,train
0,1,636,mitdb/119,train
0,1,637,mitdb/119,train
0,1,638,mitdb/119,train
0,1,639,mitdb/119,train
0,1,650,mitdb/122,train
0,1,651,mitdb/122,train
0,1,652,mitdb/122,train
0,1,653,mitdb/122,train
0,1,654,mitdb/122,train
0,1,655,mitdb/122,train
0,1,656,mitdb/122,train
0,1,657,mitdb/122,train
0,1,658,mitdb/122,train
0,1,659,mitdb/122,train
0,1,660,mitdb/106,train
0,1,661,mitdb/106,train
0,1,662,mitdb/106,train
0,1,663,mitdb/106,train
0,1,664,mitdb/106,train
0,1,665,mitdb/106,train
0,1,666,mitdb/106,train
0,1,667,mitdb/106,train
0,1,668,mitdb/106,train
0,1,669,mitdb/106,train
0,1,670,mitdb/123,train
0,1,671,mitdb/123,train
0,1,672,mitdb/123,train
0,1,673,mitdb/123,train
0,1,674,mitdb/123,train
0,1,675,mitdb/123,train
0,1,676,mitdb/123,train
0,1,677,mitdb/123,train
0,1,678,mitdb/123,train
0,1,679,mitdb/123,train
0,1,680,mitdb/124,train
0,1,681,mitdb/124,train
0,1,682,mitdb/124,train
0,1,683,mitdb/124,train
0,1,684,mitdb/124,train
0,1,685,mitdb/124,train
0,1,686,mitdb/124,train
0,1,687,mitdb/124,train
0,1,688,mitdb/124,train
0,1,689,mitdb/124,train
0,1,690,mitdb/200,train
0,1,691,mitdb/200,train
0,1,692,mitdb/200,train
0,1,693,mitdb/200,train
0,1,694,mitdb/200,train
0,1,695,mitdb/200,train
0,1,696,mitdb/200,train
0,1,697,mitdb/200,train
0,1,698,mitdb/200,train
0,1,699,mitdb/200,train
0,1,730,mitdb/205,train
0,1,731,mitdb/205,train
0,1,732,mitdb/205,train
0,1,733,mitdb/205,train
0,1,734,mitdb/205,train
0,1,735,mitdb/205,train
0,1,736,mitdb/205,train
0,1,737,mitdb/205,train
0,1,738,mitdb/205,train
0,1,739,mitdb/205,train
0,1,780,mitdb/210,train
0,1,781,mitdb/210,train
0,1,782,mitdb/210,train
0,1,783,mitdb/210,train
0,1,784,mitdb/210,train
0,1,785,mitdb/210,train
0,1,786,mitdb/210,train
0,1,787,mitdb/210,train
0,1,788,mitdb/210,train
0,1,789,mitdb/210,train
0,1,790,mitdb/212,train
0,1,791,mitdb/212,train
0,1,792,mitdb/212,train
0,1,793,mitdb/212,train
0,1,794,mitdb/212,train
0,1,795,mitdb/212,train
0,1,796,mitdb/212,train
0,1,797,mitdb/212,train
0,1,798,mitdb/212,train
0,1,799,mitdb/212,train
0,1,810,mitdb/214,train
0,1,811,mitdb/214,train
0,1,812,mitdb/214,train
0,1,813,mitdb/214,train
0,1,814,mitdb/214,train
0,1,815,mitdb/214,train
0,1,816,mitdb/214,train
0,1,817,mitdb/214,train
0,1,818,mitdb/214,train
0,1,819,mitdb/214,train
0,1,820,mitdb/215,train
0,1,821,mitdb/215,train
0,1,822,mitdb/215,train
0,1,823,mitdb/215,train
0,1,824,mitdb/215,train
0,1,825,mitdb/215,train
0,1,826,mitdb/215,train
0,1,827,mitdb/215,train
0,1,828,mitdb/215,train
0,1,829,mitdb/215,train
0,1,830,mitdb/217,train
0,1,831,mitdb/217,train
0,1,832,mitdb/217,train
0,1,833,mitdb/217,train
0,1,834,mitdb/217,train
0,1,835,mitdb/217,train
0,1,836,mitdb/217,train
0,1,837,mitdb/217,train
0,1,838,mitdb/217,train
0,1,839,mitdb/217,train
0,1,850,mitdb/220,train
0,1,851,mitdb/220,train
0,1,852,mitdb/220,train
0,1,853,mitdb/220,train
0,1,854,mitdb/220,train
0,1,855,mitdb/220,train
0,1,856,mitdb/220,train
0,1,857,mitdb/220,train
0,1,858,mitdb/220,train
0,1,859,mitdb/220,train
0,1,870,mitdb/222,train
0,1,871,mitdb/222,train
0,1,872,mitdb/222,train
0,1,873,mitdb/222,train
0,1,874,mitdb/222,train
0,1,875,mitdb/222,train
0,1,876,mitdb/222,train
0,1,877,mitdb/222,train
0,1,878,mitdb/222,train
0,1,879,mitdb/222,train
0,1,880,mitdb/108,train
0,1,881,mitdb/108,train
0,1,882,mitdb/108,train
0,1,883,mitdb/108,train
0,1,884,mitdb/108,train
0,1,885,mitdb/108,train
0,1,886,mitdb/108,train
0,1,887,mitdb/108,train
0,1,888,mitdb/108,train
0,1,889,mitdb/108,train
0,1,900,mitdb/228,train
0,1,901,mitdb/228,train
0,1,902,mitdb/228,train
0,1,903,mitdb/228,train
0,1,904,mitdb/228,train
0,1,905,mitdb/228,train
0,1,906,mitdb/228,train
0,1,907,mitdb/228,train
0,1,908,mitdb/228,train
0,1,909,mitdb/228,train
0,1,910,mitdb/230,train
0,1,911,mitdb/230,train
0,1,912,mitdb/230,train
0,1,913,mitdb/230,train
0,1,914,mitdb/230,train
0,1,915,mitdb/230,train
0,1,916,mitdb/230,train
0,1,917,mitdb/230,train
0,1,918,mitdb/230,train
0,1,919,mitdb/230,train
0,1,930,mitdb/232,train
0,1,931,mitdb/232,train
0,1,932,mitdb/232,train
0,1,933,mitdb/232,train
0,1,934,mitdb/232,train
0,1,935,mitdb/232,train
0,1,936,mitdb/232,train
0,1,937,mitdb/232,train
0,1,938,mitdb/232,train
0,1,939,mitdb/232,train
0,1,940,mitdb/233,train
0,1,941,mitdb/233,train
0,1,942,mitdb/233,train
0,1,943,mitdb/233,train
0,1,944,mitdb/233,train
0,1,945,mitdb/233,train
0,1,946,mitdb/233,train
0,1,947,mitdb/233,train
0,1,948,mitdb/233,train
0,1,949,mitdb/233,train
0,1,960,chfdb/chf01,train
0,1,961,chfdb/chf01,train
0,1,962,chfdb/chf01,train
0,1,963,chfdb/chf01,train
0,1,964,chfdb/chf01,train
0,1,965,chfdb/chf01,train
0,1,966,chfdb/chf01,train
0,1,967,chfdb/chf01,train
0,1,968,chfdb/chf01,train
0,1,969,chfdb/chf01,train
0,1,970,chfdb/chf10,train
0,1,971,chfdb/chf10,train
0,1,972,chfdb/chf10,train
0,1,973,chfdb/chf10,train
0,1,974,chfdb/chf10,train
0,1,975,chfdb/chf10,train
0,1,976,chfdb/chf10,train
0,1,977,chfdb/chf10,train
0,1,978,chfdb/chf10,train
0,1,979,chfdb/chf10,train
0,1,1000,chfdb/chf13,train
0,1,1001,chfdb/chf13,train
0,1,1002,chfdb/chf13,train
0,1,1003,chfdb/chf13,train
0,1,1004,chfdb/chf13,train
0,1,1005,chfdb/chf13,train
0,1,1006,chfdb/chf13,train
0,1,1007,chfdb/chf13,train
0,1,1008,chfdb/chf13,train
0,1,1009,chfdb/chf13,train
0,1,1020,chfdb/chf15,train
0,1,1021,chfdb/chf15,train
0,1,1022,chfdb/chf15,train
0,1,1023,chfdb/chf15,train
0,1,1024,chfdb/chf15,train
0,1,1025,chfdb/chf15,train
0,1,1026,chfdb/chf15,train
0,1,1027,chfdb/chf15,train
0,1,1028,chfdb/chf15,train
0,1,1029,chfdb/chf15,train
0,1,1030,chfdb/chf01,train
0,1,1031,chfdb/chf01,train
0,1,1032,chfdb/chf01,train
0,1,1033,chfdb/chf01,train
0,1,1034,chfdb/chf01,train
0,1,1035,chfdb/chf01,train
0,1,1036,chfdb/chf01,train
0,1,1037,chfdb/chf01,train
0,1,1038,chfdb/chf01,train
0,1,1039,chfdb/chf01,train
0,1,1040,chfdb/chf02,train
0,1,1041,chfdb/chf02,train
0,1,1042,chfdb/chf02,train
0,1,1043,chfdb/chf02,train
0,1,1044,chfdb/chf02,train
0,1,1045,chfdb/chf02,train
0,1,1046,chfdb/chf02,train
0,1,1047,chfdb/chf02,train
0,1,1048,chfdb/chf02,train
0,1,1049,chfdb/chf02,train
0,1,1050,chfdb/chf03,train
0,1,1051,chfdb/chf03,train
0,1,1052,chfdb/chf03,train
0,1,1053,chfdb/chf03,train
0,1,1054,chfdb/chf03,train
0,1,1055,chfdb/chf03,train
0,1,1056,chfdb/chf03,train
0,1,1057,chfdb/chf03,train
0,1,1058,chfdb/chf03,train
0,1,1059,chfdb/chf03,train
0,1,1070,chfdb/chf02,train
0,1,1071,chfdb/chf02,train
0,1,1072,chfdb/chf02,train
0,1,1073,chfdb/chf02,train
0,1,1074,chfdb/chf02,train
0,1,1075,chfdb/chf02,train
0,1,1076,chfdb/chf02,train
0,1,1077,chfdb/chf02,train
0,1,1078,chfdb/chf02,train
0,1,1079,chfdb/chf02,train
0,1,1090,chfdb/chf06,train
0,1,1091,chfdb/chf06,train
0,1,1092,chfdb/chf06,train
0,1,1093,chfdb/chf06,train
0,1,1094,chfdb/chf06,train
0,1,1095,chfdb/chf06,train
0,1,1096,chfdb/chf06,train
0,1,1097,chfdb/chf06,train
0,1,1098,chfdb/chf06,train
0,1,1099,chfdb/chf06,train
0,1,1110,chfdb/chf08,train
0,1,1111,chfdb/chf08,train
0,1,1112,chfdb/chf08,train
0,1,1113,chfdb/chf08,train
0,1,1114,chfdb/chf08,train
0,1,1115,chfdb/chf08,train
0,1,1116,chfdb/chf08,train
0,1,1117,chfdb/chf08,train
0,1,1118,chfdb/chf08,train
0,1,1119,chfdb/chf08,train
0,1,1130,chfdb/chf10,train
0,1,1131,chfdb/chf10,train
0,1,1132,chfdb/chf10,train
0,1,1133,chfdb/chf10,train
0,1,1134,chfdb/chf10,train
0,1,1135,chfdb/chf10,train
0,1,1136,chfdb/chf10,train
0,1,1137,chfdb/chf10,train
0,1,1138,chfdb/chf10,train
0,1,1139,chfdb/chf10,train
0,1,1160,chfdb/chf13,train
0,1,1161,chfdb/chf13,train
0,1,1162,chfdb/chf13,train
0,1,1163,chfdb/chf13,train
0,1,1164,chfdb/chf13,train
0,1,1165,chfdb/chf13,train
0,1,1166,chfdb/chf13,train
0,1,1167,chfdb/chf13,train
0,1,1168,chfdb/chf13,train
0,1,1169,chfdb/chf13,train
0,1,1180,chfdb/chf03,train
0,1,1181,chfdb/chf03,train
0,1,1182,chfdb/chf03,train
0,1,1183,chfdb/chf03,train
0,1,1184,chfdb/chf03,train
0,1,1185,chfdb/chf03,train
0,1,1186,chfdb/chf03,train
0,1,1187,chfdb/chf03,train
0,1,1188,chfdb/chf03,train
0,1,1189,chfdb/chf03,train
0,1,1190,chfdb/chf15,train
0,1,1191,chfdb/chf15,train
0,1,1192,chfdb/chf15,train
0,1,1193,chfdb/chf15,train
0,1,1194,chfdb/chf15,train
0,1,1195,chfdb/chf15,train
0,1,1196,chfdb/chf15,train
0,1,1197,chfdb/chf15,train
0,1,1198,chfdb/chf15,train
0,1,1199,chfdb/chf15,train
0,1,1220,chfdb/chf06,train
0,1,1221,chfdb/chf06,train
0,1,1222,chfdb/chf06,train
0,1,1223,chfdb/chf06,train
0,1,1224,chfdb/chf06,train
0,1,1225,chfdb/chf06,train
0,1,1226,chfdb/chf06,train
0,1,1227,chfdb/chf06,train
0,1,1228,chfdb/chf06,train
0,1,1229,chfdb/chf06,train
0,1,1240,chfdb/chf08,train
0,1,1241,chfdb/chf08,train
0,1,1242,chfdb/chf08,train
0,1,1243,chfdb/chf08,train
0,1,1244,chfdb/chf08,train
0,1,1245,chfdb/chf08,train
0,1,1246,chfdb/chf08,train
0,1,1247,chfdb/chf08,train
0,1,1248,chfdb/chf08,train
0,1,1249,chfdb/chf08,train
0,1,1270,nsrdb/17052,train
0,1,1271,nsrdb/17052,train
0,1,1272,nsrdb/17052,train
0,1,1273,nsrdb/17052,train
0,1,1274,nsrdb/17052,train
0,1,1275,nsrdb/17052,train
0,1,1276,nsrdb/17052,train
0,1,1277,nsrdb/17052,train
0,1,1278,nsrdb/17052,train
0,1,1279,nsrdb/17052,train
0,1,1300,nsrdb/18184,train
0,1,1301,nsrdb/18184,train
0,1,1302,nsrdb/18184,train
0,1,1303,nsrdb/18184,train
0,1,1304,nsrdb/18184,train
0,1,1305,nsrdb/18184,train
0,1,1306,nsrdb/18184,train
0,1,1307,nsrdb/18184,train
0,1,1308,nsrdb/18184,train
0,1,1309,nsrdb/18184,train
0,1,1310,nsrdb/19088,train
0,1,1311,nsrdb/19088,train
0,1,1312,nsrdb/19088,train
0,1,1313,nsrdb/19088,train
0,1,1314,nsrdb/19088,train
0,1,1315,nsrdb/19088,train
0,1,1316,nsrdb/19088,train
0,1,1317,nsrdb/19088,train
0,1,1318,nsrdb/19088,train
0,1,1319,nsrdb/19088,train
0,1,1330,nsrdb/19093,train
0,1,1331,nsrdb/19093,train
0,1,1332,nsrdb/19093,train
0,1,1333,nsrdb/19093,train
0,1,1334,nsrdb/19093,train
0,1,1335,nsrdb/19093,train
0,1,1336,nsrdb/19093,train
0,1,1337,nsrdb/19093,train
0,1,1338,nsrdb/19093,train
0,1,1339,nsrdb/19093,train
0,1,1350,nsrdb/19830,train
0,1,1351,nsrdb/19830,train
0,1,1352,nsrdb/19830,train
0,1,1353,nsrdb/19830,train
0,1,1354,nsrdb/19830,train
0,1,1355,nsrdb/19830,train
0,1,1356,nsrdb/19830,train
0,1,1357,nsrdb/19830,train
0,1,1358,nsrdb/19830,train
0,1,1359,nsrdb/19830,train
0,1,1370,nsrdb/16272,train
0,1,1371,nsrdb/16272,train
0,1,1372,nsrdb/16272,train
0,1,1373,nsrdb/16272,train
0,1,1374,nsrdb/16272,train
0,1,1375,nsrdb/16272,train
0,1,1376,nsrdb/16272,train
0,1,1377,nsrdb/16272,train
0,1,1378,nsrdb/16272,train
0,1,1379,nsrdb/16272,train
0,1,1380,nsrdb/16272,train
0,1,1381,nsrdb/16272,train
0,1,1382,nsrdb/16272,train
0,1,1383,nsrdb/16272,train
0,1,1384,nsrdb/16272,train
0,1,1385,nsrdb/16272,train
0,1,1386,nsrdb/16272,train
0,1,1387,nsrdb/16272,train
0,1,1388,nsrdb/16272,train
0,1,1389,nsrdb/16272,train
0,1,1410,nsrdb/16483,train
0,1,1411,nsrdb/16483,train
0,1,1412,nsrdb/16483,train
0,1,1413,nsrdb/16483,train
0,1,1414,nsrdb/16483,train
0,1,1415,nsrdb/16483,train
0,1,1416,nsrdb/16483,train
0,1,1417,nsrdb/16483,train
0,1,1418,nsrdb/16483,train
0,1,1419,nsrdb/16483,train
0,1,1420,nsrdb/16539,train
0,1,1421,nsrdb/16539,train
0,1,1422,nsrdb/16539,train
0,1,1423,nsrdb/16539,train
0,1,1424,nsrdb/16539,train
0,1,1425,nsrdb/16539,train
0,1,1426,nsrdb/16539,train
0,1,1427,nsrdb/16539,train
0,1,1428,nsrdb/16539,train
0,1,1429,nsrdb/16539,train
0,1,1430,nsrdb/16773,train
0,1,1431,nsrdb/16773,train
0,1,1432,nsrdb/16773,train
0,1,1433,nsrdb/16773,train
0,1,1434,nsrdb/16773,train
0,1,1435,nsrdb/16773,train
0,1,1436,nsrdb/16773,train
0,1,1437,nsrdb/16773,train
0,1,1438,nsrdb/16773,train
0,1,1439,nsrdb/16773,train
0,1,1460,nsrdb/17052,train
0,1,1461,nsrdb/17052,train
0,1,1462,nsrdb/17052,train
0,1,1463,nsrdb/17052,train
0,1,1464,nsrdb/17052,train
0,1,1465,nsrdb/17052,train
0,1,1466,nsrdb/17052,train
0,1,1467,nsrdb/17052,train
0,1,1468,nsrdb/17052,train
0,1,1469,nsrdb/17052,train
0,1,1500,nsrdb/18184,train
0,1,1501,nsrdb/18184,train
0,1,1502,nsrdb/18184,train
0,1,1503,nsrdb/18184,train
0,1,1504,nsrdb/18184,train
0,1,1505,nsrdb/18184,train
0,1,1506,nsrdb/18184,train
0,1,1507,nsrdb/18184,train
0,1,1508,nsrdb/18184,train
0,1,1509,nsrdb/18184,train
0,1,1510,nsrdb/19088,train
0,1,1511,nsrdb/19088,train
0,1,1512,nsrdb/19088,train
0,1,1513,nsrdb/19088,train
0,1,1514,nsrdb/19088,train
0,1,1515,nsrdb/19088,train
0,1,1516,nsrdb/19088,train
0,1,1517,nsrdb/19088,train
0,1,1518,nsrdb/19088,train
0,1,1519,nsrdb/19088,train
0,1,1530,nsrdb/19093,train
0,1,1531,nsrdb/19093,train
0,1,1532,nsrdb/19093,train
0,1,1533,nsrdb/19093,train
0,1,1534,nsrdb/19093,train
0,1,1535,nsrdb/19093,train
0,1,1536,nsrdb/19093,train
0,1,1537,nsrdb/19093,train
0,1,1538,nsrdb/19093,train
0,1,1539,nsrdb/19093,train
0,1,1550,nsrdb/19830,train
0,1,1551,nsrdb/19830,train
0,1,1552,nsrdb/19830,train
0,1,1553,nsrdb/19830,train
0,1,1554,nsrdb/19830,train
0,1,1555,nsrdb/19830,train
0,1,1556,nsrdb/19830,train
0,1,1557,nsrdb/19830,train
0,1,1558,nsrdb/19830,train
0,1,1559,nsrdb/19830,train
0,1,1570,nsrdb/16483,train
0,1,1571,nsrdb/16483,train
0,1,1572,nsrdb/16483,train
0,1,1573,nsrdb/16483,train
0,1,1574,nsrdb/16483,train
0,1,1575,nsrdb/16483,train
0,1,1576,nsrdb/16483,train
0,1,1577,nsrdb/16483,train
0,1,1578,nsrdb/16483,train
0,1,1579,nsrdb/16483,train
0,1,1580,nsrdb/16539,train
0,1,1581,nsrdb/16539,train
0,1,1582,nsrdb/16539,train
0,1,1583,nsrdb/16539,train
0,1,1584,nsrdb/16539,train
0,1,1585,nsrdb/16539,train
0,1,1586,nsrdb/16539,train
0,1,1587,nsrdb/16539,train
0,1,1588,nsrdb/16539,train
0,1,1589,nsrdb/16539,train
0,1,1590,nsrdb/16773,train
0,1,1591,nsrdb/16773,train
0,1,1592,nsrdb/16773,train
0,1,1593,nsrdb/16773,train
0,1,1594,nsrdb/16773,train
0,1,1595,nsrdb/16773,train
0,1,1596,nsrdb/16773,train
0,1,1597,nsrdb/16773,train
0,1,1598,nsrdb/16773,train
0,1,1599,nsrdb/16773,train
0,1,20,mitdb/111,validation
0,1,21,mitdb/111,validation
0,1,22,mitdb/111,validation
0,1,23,mitdb/111,validation
0,1,24,mitdb/111,validation
0,1,25,mitdb/111,validation
0,1,26,mitdb/111,validation
0,1,27,mitdb/111,validation
0,1,28,mitdb/111,validation
0,1,29,mitdb/111,validation
0,1,120,mitdb/121,validation
0,1,121,mitdb/121,validation
0,1,122,mitdb/121,validation
0,1,123,mitdb/121,validation
0,1,124,mitdb/121,validation
0,1,125,mitdb/121,validation
0,1,126,mitdb/121,validation
0,1,127,mitdb/121,validation
0,1,128,mitdb/121,validation
0,1,129,mitdb/121,validation
0,1,190,mitdb/203,validation
0,1,191,mitdb/203,validation
0,1,192,mitdb/203,validation
0,1,193,mitdb/203,validation
0,1,194,mitdb/203,validation
0,1,195,mitdb/203,validation
0,1,196,mitdb/203,validation
0,1,197,mitdb/203,validation
0,1,198,mitdb/203,validation
0,1,199,mitdb/203,validation
0,1,210,mitdb/207,validation
0,1,211,mitdb/207,validation
0,1,212,mitdb/207,validation
0,1,213,mitdb/207,validation
0,1,214,mitdb/207,validation
0,1,215,mitdb/207,validation
0,1,216,mitdb/207,validation
0,1,217,mitdb/207,validation
0,1,218,mitdb/207,validation
0,1,219,mitdb/207,validation
0,1,220,mitdb/102,validation
0,1,221,mitdb/102,validation
0,1,222,mitdb/102,validation
0,1,223,mitdb/102,validation
0,1,224,mitdb/102,validation
0,1,225,mitdb/102,validation
0,1,226,mitdb/102,validation
0,1,227,mitdb/102,validation
0,1,228,mitdb/102,validation
0,1,229,mitdb/102,validation
0,1,230,mitdb/208,validation
0,1,231,mitdb/208,validation
0,1,232,mitdb/208,validation
0,1,233,mitdb/208,validation
0,1,234,mitdb/208,validation
0,1,235,mitdb/208,validation
0,1,236,mitdb/208,validation
0,1,237,mitdb/208,validation
0,1,238,mitdb/208,validation
0,1,239,mitdb/208,validation
0,1,270,mitdb/213,validation
0,1,271,mitdb/213,validation
0,1,272,mitdb/213,validation
0,1,273,mitdb/213,validation
0,1,274,mitdb/213,validation
0,1,275,mitdb/213,validation
0,1,276,mitdb/213,validation
0,1,277,mitdb/213,validation
0,1,278,mitdb/213,validation
0,1,279,mitdb/213,validation
0,1,310,mitdb/219,validation
0,1,311,mitdb/219,validation
0,1,312,mitdb/219,validation
0,1,313,mitdb/219,validation
0,1,314,mitdb/219,validation
0,1,315,mitdb/219,validation
0,1,316,mitdb/219,validation
0,1,317,mitdb/219,validation
0,1,318,mitdb/219,validation
0,1,319,mitdb/219,validation
0,1,420,mitdb/234,validation
0,1,421,mitdb/234,validation
0,1,422,mitdb/234,validation
0,1,423,mitdb/234,validation
0,1,424,mitdb/234,validation
0,1,425,mitdb/234,validation
0,1,426,mitdb/234,validation
0,1,427,mitdb/234,validation
0,1,428,mitdb/234,validation
0,1,429,mitdb/234,validation
0,1,440,mitdb/104,validation
0,1,441,mitdb/104,validation
0,1,442,mitdb/104,validation
0,1,443,mitdb/104,validation
0,1,444,mitdb/104,validation
0,1,445,mitdb/104,validation
0,1,446,mitdb/104,validation
0,1,447,mitdb/104,validation
0,1,448,mitdb/104,validation
0,1,449,mitdb/104,validation
0,1,460,mitdb/102,validation
0,1,461,mitdb/102,validation
0,1,462,mitdb/102,validation
0,1,463,mitdb/102,validation
0,1,464,mitdb/102,validation
0,1,465,mitdb/102,validation
0,1,466,mitdb/102,validation
0,1,467,mitdb/102,validation
0,1,468,mitdb/102,validation
0,1,469,mitdb/102,validation
0,1,480,mitdb/104,validation
0,1,481,mitdb/104,validation
0,1,482,mitdb/104,validation
0,1,483,mitdb/104,validation
0,1,484,mitdb/104,validation
0,1,485,mitdb/104,validation
0,1,486,mitdb/104,validation
0,1,487,mitdb/104,validation
0,1,488,mitdb/104,validation
0,1,489,mitdb/104,validation
0,1,490,mitdb/105,validation
0,1,491,mitdb/105,validation
0,1,492,mitdb/105,validation
0,1,493,mitdb/105,validation
0,1,494,mitdb/105,validation
0,1,495,mitdb/105,validation
0,1,496,mitdb/105,validation
0,1,497,mitdb/105,validation
0,1,498,mitdb/105,validation
0,1,499,mitdb/105,validation
0,1,510,mitdb/107,validation
0,1,511,mitdb/107,validation
0,1,512,mitdb/107,validation
0,1,513,mitdb/107,validation
0,1,514,mitdb/107,validation
0,1,515,mitdb/107,validation
0,1,516,mitdb/107,validation
0,1,517,mitdb/107,validation
0,1,518,mitdb/107,validation
0,1,519,mitdb/107,validation
0,1,540,mitdb/111,validation
0,1,541,mitdb/111,validation
0,1,542,mitdb/111,validation
0,1,543,mitdb/111,validation
0,1,544,mitdb/111,validation
0,1,545,mitdb/111,validation
0,1,546,mitdb/111,validation
0,1,547,mitdb/111,validation
0,1,548,mitdb/111,validation
0,1,549,mitdb/111,validation
0,1,550,mitdb/105,validation
0,1,551,mitdb/105,validation
0,1,552,mitdb/105,validation
0,1,553,mitdb/105,validation
0,1,554,mitdb/105,validation
0,1,555,mitdb/105,validation
0,1,556,mitdb/105,validation
0,1,557,mitdb/105,validation
0,1,558,mitdb/105,validation
0,1,559,mitdb/105,validation
0,1,640,mitdb/121,validation
0,1,641,mitdb/121,validation
0,1,642,mitdb/121,validation
0,1,643,mitdb/121,validation
0,1,644,mitdb/121,validation
0,1,645,mitdb/121,validation
0,1,646,mitdb/121,validation
0,1,647,mitdb/121,validation
0,1,648,mitdb/121,validation
0,1,649,mitdb/121,validation
0,1,720,mitdb/203,validation
0,1,721,mitdb/203,validation
0,1,722,mitdb/203,validation
0,1,723,mitdb/203,validation
0,1,724,mitdb/203,validation
0,1,725,mitdb/203,validation
0,1,726,mitdb/203,validation
0,1,727,mitdb/203,validation
0,1,728,mitdb/203,validation
0,1,729,mitdb/203,validation
0,1,740,mitdb/207,validation
0,1,741,mitdb/207,validation
0,1,742,mitdb/207,validation
0,1,743,mitdb/207,validation
0,1,744,mitdb/207,validation
0,1,745,mitdb/207,validation
0,1,746,mitdb/207,validation
0,1,747,mitdb/207,validation
0,1,748,mitdb/207,validation
0,1,749,mitdb/207,validation
0,1,750,mitdb/208,validation
0,1,751,mitdb/208,validation
0,1,752,mitdb/208,validation
0,1,753,mitdb/208,validation
0,1,754,mitdb/208,validation
0,1,755,mitdb/208,validation
0,1,756,mitdb/208,validation
0,1,757,mitdb/208,validation
0,1,758,mitdb/208,validation
0,1,759,mitdb/208,validation
0,1,770,mitdb/107,validation
0,1,771,mitdb/107,validation
0,1,772,mitdb/107,validation
0,1,773,mitdb/107,validation
0,1,774,mitdb/107,validation
0,1,775,mitdb/107,validation
0,1,776,mitdb/107,validation
0,1,777,mitdb/107,validation
0,1,778,mitdb/107,validation
0,1,779,mitdb/107,validation
0,1,800,mitdb/213,validation
0,1,801,mitdb/213,validation
0,1,802,mitdb/213,validation
0,1,803,mitdb/213,validation
0,1,804,mitdb/213,validation
0,1,805,mitdb/213,validation
0,1,806,mitdb/213,validation
0,1,807,mitdb/213,validation
0,1,808,mitdb/213,validation
0,1,809,mitdb/213,validation
0,1,840,mitdb/219,validation
0,1,841,mitdb/219,validation
0,1,842,mitdb/219,validation
0,1,843,mitdb/219,validation
0,1,844,mitdb/219,validation
0,1,845,mitdb/219,validation
0,1,846,mitdb/219,validation
0,1,847,mitdb/219,validation
0,1,848,mitdb/219,validation
0,1,849,mitdb/219,validation
0,1,950,mitdb/234,validation
0,1,951,mitdb/234,validation
0,1,952,mitdb/234,validation
0,1,953,mitdb/234,validation
0,1,954,mitdb/234,validation
0,1,955,mitdb/234,validation
0,1,956,mitdb/234,validation
0,1,957,mitdb/234,validation
0,1,958,mitdb/234,validation
0,1,959,mitdb/234,validation
0,1,990,chfdb/chf12,validation
0,1,991,chfdb/chf12,validation
0,1,992,chfdb/chf12,validation
0,1,993,chfdb/chf12,validation
0,1,994,chfdb/chf12,validation
0,1,995,chfdb/chf12,validation
0,1,996,chfdb/chf12,validation
0,1,997,chfdb/chf12,validation
0,1,998,chfdb/chf12,validation
0,1,999,chfdb/chf12,validation
0,1,1080,chfdb/chf05,validation
0,1,1081,chfdb/chf05,validation
0,1,1082,chfdb/chf05,validation
0,1,1083,chfdb/chf05,validation
0,1,1084,chfdb/chf05,validation
0,1,1085,chfdb/chf05,validation
0,1,1086,chfdb/chf05,validation
0,1,1087,chfdb/chf05,validation
0,1,1088,chfdb/chf05,validation
0,1,1089,chfdb/chf05,validation
0,1,1100,chfdb/chf07,validation
0,1,1101,chfdb/chf07,validation
0,1,1102,chfdb/chf07,validation
0,1,1103,chfdb/chf07,validation
0,1,1104,chfdb/chf07,validation
0,1,1105,chfdb/chf07,validation
0,1,1106,chfdb/chf07,validation
0,1,1107,chfdb/chf07,validation
0,1,1108,chfdb/chf07,validation
0,1,1109,chfdb/chf07,validation
0,1,1120,chfdb/chf09,validation
0,1,1121,chfdb/chf09,validation
0,1,1122,chfdb/chf09,validation
0,1,1123,chfdb/chf09,validation
0,1,1124,chfdb/chf09,validation
0,1,1125,chfdb/chf09,validation
0,1,1126,chfdb/chf09,validation
0,1,1127,chfdb/chf09,validation
0,1,1128,chfdb/chf09,validation
0,1,1129,chfdb/chf09,validation
0,1,1150,chfdb/chf12,validation
0,1,1151,chfdb/chf12,validation
0,1,1152,chfdb/chf12,validation
0,1,1153,chfdb/chf12,validation
0,1,1154,chfdb/chf12,validation
0,1,1155,chfdb/chf12,validation
0,1,1156,chfdb/chf12,validation
0,1,1157,chfdb/chf12,validation
0,1,1158,chfdb/chf12,validation
0,1,1159,chfdb/chf12,validation
0,1,1210,chfdb/chf05,validation
0,1,1211,chfdb/chf05,validation
0,1,1212,chfdb/chf05,validation
0,1,1213,chfdb/chf05,validation
0,1,1214,chfdb/chf05,validation
0,1,1215,chfdb/chf05,validation
0,1,1216,chfdb/chf05,validation
0,1,1217,chfdb/chf05,validation
0,1,1218,chfdb/chf05,validation
0,1,1219,chfdb/chf05,validation
0,1,1230,chfdb/chf07,validation
0,1,1231,chfdb/chf07,validation
0,1,1232,chfdb/chf07,validation
0,1,1233,chfdb/chf07,validation
0,1,1234,chfdb/chf07,validation
0,1,1235,chfdb/chf07,validation
0,1,1236,chfdb/chf07,validation
0,1,1237,chfdb/chf07,validation
0,1,1238,chfdb/chf07,validation
0,1,1239,chfdb/chf07,validation
0,1,1250,chfdb/chf09,validation
0,1,1251,chfdb/chf09,validation
0,1,1252,chfdb/chf09,validation
0,1,1253,chfdb/chf09,validation
0,1,1254,chfdb/chf09,validation
0,1,1255,chfdb/chf09,validation
0,1,1256,chfdb/chf09,validation
0,1,1257,chfdb/chf09,validation
0,1,1258,chfdb/chf09,validation
0,1,1259,chfdb/chf09,validation
0,1,1280,nsrdb/17453,validation
0,1,1281,nsrdb/17453,validation
0,1,1282,nsrdb/17453,validation
0,1,1283,nsrdb/17453,validation
0,1,1284,nsrdb/17453,validation
0,1,1285,nsrdb/17453,validation
0,1,1286,nsrdb/17453,validation
0,1,1287,nsrdb/17453,validation
0,1,1288,nsrdb/17453,validation
0,1,1289,nsrdb/17453,validation
0,1,1290,nsrdb/18177,validation
0,1,1291,nsrdb/18177,validation
0,1,1292,nsrdb/18177,validation
0,1,1293,nsrdb/18177,validation
0,1,1294,nsrdb/18177,validation
0,1,1295,nsrdb/18177,validation
0,1,1296,nsrdb/18177,validation
0,1,1297,nsrdb/18177,validation
0,1,1298,nsrdb/18177,validation
0,1,1299,nsrdb/18177,validation
0,1,1390,nsrdb/16273,validation
0,1,1391,nsrdb/16273,validation
0,1,1392,nsrdb/16273,validation
0,1,1393,nsrdb/16273,validation
0,1,1394,nsrdb/16273,validation
0,1,1395,nsrdb/16273,validation
0,1,1396,nsrdb/16273,validation
0,1,1397,nsrdb/16273,validation
0,1,1398,nsrdb/16273,validation
0,1,1399,nsrdb/16273,validation
0,1,1400,nsrdb/16420,validation
0,1,1401,nsrdb/16420,validation
0,1,1402,nsrdb/16420,validation
0,1,1403,nsrdb/16420,validation
0,1,1404,nsrdb/16420,validation
0,1,1405,nsrdb/16420,validation
0,1,1406,nsrdb/16420,validation
0,1,1407,nsrdb/16420,validation
0,1,1408,nsrdb/16420,validation
0,1,1409,nsrdb/16420,validation
0,1,1450,nsrdb/16795,validation
0,1,1451,nsrdb/16795,validation
0,1,1452,nsrdb/16795,validation
0,1,1453,nsrdb/16795,validation
0,1,1454,nsrdb/16795,validation
0,1,1455,nsrdb/16795,validation
0,1,1456,nsrdb/16795,validation
0,1,1457,nsrdb/16795,validation
0,1,1458,nsrdb/16795,validation
0,1,1459,nsrdb/16795,validation
0,1,1470,nsrdb/17453,validation
0,1,1471,nsrdb/17453,validation
0,1,1472,nsrdb/17453,validation
0,1,1473,nsrdb/17453,validation
0,1,1474,nsrdb/17453,validation
0,1,1475,nsrdb/17453,validation
0,1,1476,nsrdb/17453,validation
0,1,1477,nsrdb/17453,validation
0,1,1478,nsrdb/17453,validation
0,1,1479,nsrdb/17453,validation
0,1,1480,nsrdb/16273,validation
0,1,1481,nsrdb/16273,validation
0,1,1482,nsrdb/16273,validation
0,1,1483,nsrdb/16273,validation
0,1,1484,nsrdb/16273,validation
0,1,1485,nsrdb/16273,validation
0,1,1486,nsrdb/16273,validation
0,1,1487,nsrdb/16273,validation
0,1,1488,nsrdb/16273,validation
0,1,1489,nsrdb/16273,validation
0,1,1490,nsrdb/18177,validation
0,1,1491,nsrdb/18177,validation
0,1,1492,nsrdb/18177,validation
0,1,1493,nsrdb/18177,validation
0,1,1494,nsrdb/18177,validation
0,1,1495,nsrdb/18177,validation
0,1,1496,nsrdb/18177,validation
0,1,1497,nsrdb/18177,validation
0,1,1498,nsrdb/18177,validation
0,1,1499,nsrdb/18177,validation
0,1,1560,nsrdb/16420,validation
0,1,1561,nsrdb/16420,validation
0,1,1562,nsrdb/16420,validation
0,1,1563,nsrdb/16420,validation
0,1,1564,nsrdb/16420,validation
0,1,1565,nsrdb/16420,validation
0,1,1566,nsrdb/16420,validation
0,1,1567,nsrdb/16420,validation
0,1,1568,nsrdb/16420,validation
0,1,1569,nsrdb/16420,validation
0,1,1610,nsrdb/16795,validation
0,1,1611,nsrdb/16795,validation
0,1,1612,nsrdb/16795,validation
0,1,1613,nsrdb/16795,validation
0,1,1614,nsrdb/16795,validation
0,1,1615,nsrdb/16795,validation
0,1,1616,nsrdb/16795,validation
0,1,1617,nsrdb/16795,validation
0,1,1618,nsrdb/16795,validation
0,1,1619,nsrdb/16795,validation
0,1,30,mitdb/112,test
0,1,31,mitdb/112,test
0,1,32,mitdb/112,test
0,1,33,mitdb/112,test
0,1,34,mitdb/112,test
0,1,35,mitdb/112,test
0,1,36,mitdb/112,test
0,1,37,mitdb/112,test
0,1,38,mitdb/112,test
0,1,39,mitdb/112,test
0,1,60,mitdb/115,test
0,1,61,mitdb/115,test
0,1,62,mitdb/115,test
0,1,63,mitdb/115,test
0,1,64,mitdb/115,test
0,1,65,mitdb/115,test
0,1,66,mitdb/115,test
0,1,67,mitdb/115,test
0,1,68,mitdb/115,test
0,1,69,mitdb/115,test
0,1,90,mitdb/118,test
0,1,91,mitdb/118,test
0,1,92,mitdb/118,test
0,1,93,mitdb/118,test
0,1,94,mitdb/118,test
0,1,95,mitdb/118,test
0,1,96,mitdb/118,test
0,1,97,mitdb/118,test
0,1,98,mitdb/118,test
0,1,99,mitdb/118,test
0,1,110,mitdb/101,test
0,1,111,mitdb/101,test
0,1,112,mitdb/101,test
0,1,113,mitdb/101,test
0,1,114,mitdb/101,test
0,1,115,mitdb/101,test
0,1,116,mitdb/101,test
0,1,117,mitdb/101,test
0,1,118,mitdb/101,test
0,1,119,mitdb/101,test
0,1,170,mitdb/201-202,test
0,1,171,mitdb/201-202,test
0,1,172,mitdb/201-202,test
0,1,173,mitdb/201-202,test
0,1,174,mitdb/201-202,test
0,1,175,mitdb/201-202,test
0,1,176,mitdb/201-202,test
0,1,177,mitdb/201-202,test
0,1,178,mitdb/201-202,test
0,1,179,mitdb/201-202,test
0,1,180,mitdb/201-202,test
0,1,181,mitdb/201-202,test
0,1,182,mitdb/201-202,test
0,1,183,mitdb/201-202,test
0,1,184,mitdb/201-202,test
0,1,185,mitdb/201-202,test
0,1,186,mitdb/201-202,test
0,1,187,mitdb/201-202,test
0,1,188,mitdb/201-202,test
0,1,189,mitdb/201-202,test
0,1,240,mitdb/209,test
0,1,241,mitdb/209,test
0,1,242,mitdb/209,test
0,1,243,mitdb/209,test
0,1,244,mitdb/209,test
0,1,245,mitdb/209,test
0,1,246,mitdb/209,test
0,1,247,mitdb/209,test
0,1,248,mitdb/209,test
0,1,249,mitdb/209,test
0,1,340,mitdb/221,test
0,1,341,mitdb/221,test
0,1,342,mitdb/221,test
0,1,343,mitdb/221,test
0,1,344,mitdb/221,test
0,1,345,mitdb/221,test
0,1,346,mitdb/221,test
0,1,347,mitdb/221,test
0,1,348,mitdb/221,test
0,1,349,mitdb/221,test
0,1,360,mitdb/223,test
0,1,361,mitdb/223,test
0,1,362,mitdb/223,test
0,1,363,mitdb/223,test
0,1,364,mitdb/223,test
0,1,365,mitdb/223,test
0,1,366,mitdb/223,test
0,1,367,mitdb/223,test
0,1,368,mitdb/223,test
0,1,369,mitdb/223,test
0,1,390,mitdb/231,test
0,1,391,mitdb/231,test
0,1,392,mitdb/231,test
0,1,393,mitdb/231,test
0,1,394,mitdb/231,test
0,1,395,mitdb/231,test
0,1,396,mitdb/231,test
0,1,397,mitdb/231,test
0,1,398,mitdb/231,test
0,1,399,mitdb/231,test
0,1,450,mitdb/101,test
0,1,451,mitdb/101,test
0,1,452,mitdb/101,test
0,1,453,mitdb/101,test
0,1,454,mitdb/101,test
0,1,455,mitdb/101,test
0,1,456,mitdb/101,test
0,1,457,mitdb/101,test
0,1,458,mitdb/101,test
0,1,459,mitdb/101,test
0,1,560,mitdb/112,test
0,1,561,mitdb/112,test
0,1,562,mitdb/112,test
0,1,563,mitdb/112,test
0,1,564,mitdb/112,test
0,1,565,mitdb/112,test
0,1,566,mitdb/112,test
0,1,567,mitdb/112,test
0,1,568,mitdb/112,test
0,1,569,mitdb/112,test
0,1,590,mitdb/115,test
0,1,591,mitdb/115,test
0,1,592,mitdb/115,test
0,1,593,mitdb/115,test
0,1,594,mitdb/115,test
0,1,595,mitdb/115,test
0,1,596,mitdb/115,test
0,1,597,mitdb/115,test
0,1,598,mitdb/115,test
0,1,599,mitdb/115,test
0,1,620,mitdb/118,test
0,1,621,mitdb/118,test
0,1,622,mitdb/118,test
0,1,623,mitdb/118,test
0,1,624,mitdb/118,test
0,1,625,mitdb/118,test
0,1,626,mitdb/118,test
0,1,627,mitdb/118,test
0,1,628,mitdb/118,test
0,1,629,mitdb/118,test
0,1,700,mitdb/201-202,test
0,1,701,mitdb/201-202,test
0,1,702,mitdb/201-202,test
0,1,703,mitdb/201-202,test
0,1,704,mitdb/201-202,test
0,1,705,mitdb/201-202,test
0,1,706,mitdb/201-202,test
0,1,707,mitdb/201-202,test
0,1,708,mitdb/201-202,test
0,1,709,mitdb/201-202,test
0,1,710,mitdb/201-202,test
0,1,711,mitdb/201-202,test
0,1,712,mitdb/201-202,test
0,1,713,mitdb/201-202,test
0,1,714,mitdb/201-202,test
0,1,715,mitdb/201-202,test
0,1,716,mitdb/201-202,test
0,1,717,mitdb/201-202,test
0,1,718,mitdb/201-202,test
0,1,719,mitdb/201-202,test
0,1,760,mitdb/209,test
0,1,761,mitdb/209,test
0,1,762,mitdb/209,test
0,1,763,mitdb/209,test
0,1,764,mitdb/209,test
0,1,765,mitdb/209,test
0,1,766,mitdb/209,test
0,1,767,mitdb/209,test
0,1,768,mitdb/209,test
0,1,769,mitdb/209,test
0,1,860,mitdb/221,test
0,1,861,mitdb/221,test
0,1,862,mitdb/221,test
0,1,863,mitdb/221,test
0,1,864,mitdb/221,test
0,1,865,mitdb/221,test
0,1,866,mitdb/221,test
0,1,867,mitdb/221,test
0,1,868,mitdb/221,test
0,1,869,mitdb/221,test
0,1,890,mitdb/223,test
0,1,891,mitdb/223,test
0,1,892,mitdb/223,test
0,1,893,mitdb/223,test
0,1,894,mitdb/223,test
0,1,895,mitdb/223,test
0,1,896,mitdb/223,test
0,1,897,mitdb/223,test
0,1,898,mitdb/223,test
0,1,899,mitdb/223,test
0,1,920,mitdb/231,test
0,1,921,mitdb/231,test
0,1,922,mitdb/231,test
0,1,923,mitdb/231,test
0,1,924,mitdb/231,test
0,1,925,mitdb/231,test
0,1,926,mitdb/231,test
0,1,927,mitdb/231,test
0,1,928,mitdb/231,test
0,1,929,mitdb/231,test
0,1,980,chfdb/chf11,test
0,1,981,chfdb/chf11,test
0,1,982,chfdb/chf11,test
0,1,983,chfdb/chf11,test
0,1,984,chfdb/chf11,test
0,1,985,chfdb/chf11,test
0,1,986,chfdb/chf11,test
0,1,987,chfdb/chf11,test
0,1,988,chfdb/chf11,test
0,1,989,chfdb/chf11,test
0,1,1010,chfdb/chf14,test
0,1,1011,chfdb/chf14,test
0,1,1012,chfdb/chf14,test
0,1,1013,chfdb/chf14,test
0,1,1014,chfdb/chf14,test
0,1,1015,chfdb/chf14,test
0,1,1016,chfdb/chf14,test
0,1,1017,chfdb/chf14,test
0,1,1018,chfdb/chf14,test
0,1,1019,chfdb/chf14,test
0,1,1060,chfdb/chf04,test
0,1,1061,chfdb/chf04,test
0,1,1062,chfdb/chf04,test
0,1,1063,chfdb/chf04,test
0,1,1064,chfdb/chf04,test
0,1,1065,chfdb/chf04,test
0,1,1066,chfdb/chf04,test
0,1,1067,chfdb/chf04,test
0,1,1068,chfdb/chf04,test
0,1,1069,chfdb/chf04,test
0,1,1140,chfdb/chf11,test
0,1,1141,chfdb/chf11,test
0,1,1142,chfdb/chf11,test
0,1,1143,chfdb/chf11,test
0,1,1144,chfdb/chf11,test
0,1,1145,chfdb/chf11,test
0,1,1146,chfdb/chf11,test
0,1,1147,chfdb/chf11,test
0,1,1148,chfdb/chf11,test
0,1,1149,chfdb/chf11,test
0,1,1170,chfdb/chf14,test
0,1,1171,chfdb/chf14,test
0,1,1172,chfdb/chf14,test
0,1,1173,chfdb/chf14,test
0,1,1174,chfdb/chf14,test
0,1,1175,chfdb/chf14,test
0,1,1176,chfdb/chf14,test
0,1,1177,chfdb/chf14,test
0,1,1178,chfdb/chf14,test
0,1,1179,chfdb/chf14,test
0,1,1200,chfdb/chf04,test
0,1,1201,chfdb/chf04,test
0,1,1202,chfdb/chf04,test
0,1,1203,chfdb/chf04,test
0,1,1204,chfdb/chf04,test
0,1,1205,chfdb/chf04,test
0,1,1206,chfdb/chf04,test
0,1,1207,chfdb/chf04,test
0,1,1208,chfdb/chf04,test
0,1,1209,chfdb/chf04,test
0,1,1260,nsrdb/16265,test
0,1,1261,nsrdb/16265,test
0,1,1262,nsrdb/16265,test
0,1,1263,nsrdb/16265,test
0,1,1264,nsrdb/16265,test
0,1,1265,nsrdb/16265,test
0,1,1266,nsrdb/16265,test
0,1,1267,nsrdb/16265,test
0,1,1268,nsrdb/16265,test
0,1,1269,nsrdb/16265,test
0,1,1320,nsrdb/19090,test
0,1,1321,nsrdb/19090,test
0,1,1322,nsrdb/19090,test
0,1,1323,nsrdb/19090,test
0,1,1324,nsrdb/19090,test
0,1,1325,nsrdb/19090,test
0,1,1326,nsrdb/19090,test
0,1,1327,nsrdb/19090,test
0,1,1328,nsrdb/19090,test
0,1,1329,nsrdb/19090,test
0,1,1340,nsrdb/19140,test
0,1,1341,nsrdb/19140,test
0,1,1342,nsrdb/19140,test
0,1,1343,nsrdb/19140,test
0,1,1344,nsrdb/19140,test
0,1,1345,nsrdb/19140,test
0,1,1346,nsrdb/19140,test
0,1,1347,nsrdb/19140,test
0,1,1348,nsrdb/19140,test
0,1,1349,nsrdb/19140,test
0,1,1360,nsrdb/16265,test
0,1,1361,nsrdb/16265,test
0,1,1362,nsrdb/16265,test
0,1,1363,nsrdb/16265,test
0,1,1364,nsrdb/16265,test
0,1,1365,nsrdb/16265,test
0,1,1366,nsrdb/16265,test
0,1,1367,nsrdb/16265,test
0,1,1368,nsrdb/16265,test
0,1,1369,nsrdb/16265,test
0,1,1440,nsrdb/16786,test
0,1,1441,nsrdb/16786,test
0,1,1442,nsrdb/16786,test
0,1,1443,nsrdb/16786,test
0,1,1444,nsrdb/16786,test
0,1,1445,nsrdb/16786,test
0,1,1446,nsrdb/16786,test
0,1,1447,nsrdb/16786,test
0,1,1448,nsrdb/16786,test
0,1,1449,nsrdb/16786,test
0,1,1520,nsrdb/19090,test
0,1,1521,nsrdb/19090,test
0,1,1522,nsrdb/19090,test
0,1,1523,nsrdb/19090,test
0,1,1524,nsrdb/19090,test
0,1,1525,nsrdb/19090,test
0,1,1526,nsrdb/19090,test
0,1,1527,nsrdb/19090,test
0,1,1528,nsrdb/19090,test
0,1,1529,nsrdb/19090,test
0,1,1540,nsrdb/19140,test
0,1,1541,nsrdb/19140,test
0,1,1542,nsrdb/19140,test
0,1,1543,nsrdb/19140,test
0,1,1544,nsrdb/19140,test
0,1,1545,nsrdb/19140,test
0,1,1546,nsrdb/19140,test
0,1,1547,nsrdb/19140,test
0,1,1548,nsrdb/19140,test
0,1,1549,nsrdb/19140,test
0,1,1600,nsrdb/16786,test
0,1,1601,nsrdb/16786,test
0,1,1602,nsrdb/16786,test
0,1,1603,nsrdb/16786,test
0,1,1604,nsrdb/16786,test
0,1,1605,nsrdb/16786,test
0,1,1606,nsrdb/16786,test
0,1,1607,nsrdb/16786,test
0,1,1608,nsrdb/16786,test
0,1,1609,nsrdb/16786,test
0,2,10,mitdb/109,train
0,2,11,mitdb/109,train
0,2,12,mitdb/109,train
0,2,13,mitdb/109,train
0,2,14,mitdb/109,train
0,2,15,mitdb/109,train
0,2,16,mitdb/109,train
0,2,17,mitdb/109,train
0,2,18,mitdb/109,train
0,2,19,mitdb/109,train
0,2,20,mitdb/111,train
0,2,21,mitdb/111,train
0,2,22,mitdb/111,train
0,2,23,mitdb/111,train
0,2,24,mitdb/111,train
0,2,25,mitdb/111,train
0,2,26,mitdb/111,train
0,2,27,mitdb/111,train
0,2,28,mitdb/111,train
0,2,29,mitdb/111,train
0,2,100,mitdb/119,train
0,2,101,mitdb/119,train
0,2,102,mitdb/119,train
0,2,103,mitdb/119,train
0,2,104,mitdb/119,train
0,2,105,mitdb/119,train
0,2,106,mitdb/119,train
0,2,107,mitdb/119,train
0,2,108,mitdb/119,train
0,2,109,mitdb/119,train
0,2,120,mitdb/121,train
0,2,121,mitdb/121,train
0,2,122,mitdb/121,train
0,2,123,mitdb/121,train
0,2,124,mitdb/121,train
0,2,125,mitdb/121,train
0,2,126,mitdb/121,train
0,2,127,mitdb/121,train
0,2,128,mitdb/121,train
0,2,129,mitdb/121,train
0,2,140,mitdb/123,train
0,2,141,mitdb/123,train
0,2,142,mitdb/123,train
0,2,143,mitdb/123,train
0,2,144,mitdb/123,train
0,2,145,mitdb/123,train
0,2,146,mitdb/123,train
0,2,147,mitdb/123,train
0,2,148,mitdb/123,train
0,2,149,mitdb/123,train
0,2,150,mitdb/124,train
0,2,151,mitdb/124,train
0,2,152,mitdb/124,train
0,2,153,mitdb/124,train
0,2,154,mitdb/124,train
0,2,155,mitdb/124,train
0,2,156,mitdb/124,train
0,2,157,mitdb/124,train
0,2,158,mitdb/124,train
0,2,159,mitdb/124,train
0,2,190,mitdb/203,train
0,2,191,mitdb/203,train
0,2,192,mitdb/203,train
0,2,193,mitdb/203,train
0,2,194,mitdb/203,train
0,2,195,mitdb/203,train
0,2,196,mitdb/203,train
0,2,197,mitdb/203,train
0,2,198,mitdb/203,train
0,2,199,mitdb/203,train
0,2,200,mitdb/205,train
0,2,201,mitdb/205,train
0,2,202,mitdb/205,train
0,2,203,mitdb/205,train
0,2,204,mitdb/205,train
0,2,205,mitdb/205,train
0,2,206,mitdb/205,train
0,2,207,mitdb/205,train
0,2,208,mitdb/205,train
0,2,209,mitdb/205,train
0,2,210,mitdb/207,train
0,2,211,mitdb/207,train
0,2,212,mitdb/207,train
0,2,213,mitdb/207,train
0,2,214,mitdb/207,train
0,2,215,mitdb/207,train
0,2,216,mitdb/207,train
0,2,217,mitdb/207,train
0,2,218,mitdb/207,train
0,2,219,mitdb/207,train
0,2,220,mitdb/102,train
0,2,221,mitdb/102,train
0,2,222,mitdb/102,train
0,2,223,mitdb/102,train
0,2,224,mitdb/102,train
0,2,225,mitdb/102,train
0,2,226,mitdb/102,train
0,2,227,mitdb/102,train
0,2,228,mitdb/102,train
0,2,229,mitdb/102,train
0,2,230,mitdb/208,train
0,2,231,mitdb/208,train
0,2,232,mitdb/208,train
0,2,233,mitdb/208,train
0,2,234,mitdb/208,train
0,2,235,mitdb/208,train
0,2,236,mitdb/208,train
0,2,237,mitdb/208,train
0,2,238,mitdb/208,train
0,2,239,mitdb/208,train
0,2,250,mitdb/210,train
0,2,251,mitdb/210,train
0,2,252,mitdb/210,train
0,2,253,mitdb/210,train
0,2,254,mitdb/210,train
0,2,255,mitdb/210,train
0,2,256,mitdb/210,train
0,2,257,mitdb/210,train
0,2,258,mitdb/210,train
0,2,259,mitdb/210,train
0,2,270,mitdb/213,train
0,2,271,mitdb/213,train
0,2,272,mitdb/213,train
0,2,273,mitdb/213,train
0,2,274,mitdb/213,train
0,2,275,mitdb/213,train
0,2,276,mitdb/213,train
0,2,277,mitdb/213,train
0,2,278,mitdb/213,train
0,2,279,mitdb/213,train
0,2,280,mitdb/214,train
0,2,281,mitdb/214,train
0,2,282,mitdb/214,train
0,2,283,mitdb/214,train
0,2,284,mitdb/214,train
0,2,285,mitdb/214,train
0,2,286,mitdb/214,train
0,2,287,mitdb/214,train
0,2,288,mitdb/214,train
0,2,289,mitdb/214,train
0,2,300,mitdb/217,train
0,2,301,mitdb/217,train
0,2,302,mitdb/217,train
0,2,303,mitdb/217,train
0,2,304,mitdb/217,train
0,2,305,mitdb/217,train
0,2,306,mitdb/217,train
0,2,307,mitdb/217,train
0,2,308,mitdb/217,train
0,2,309,mitdb/217,train
0,2,310,mitdb/219,train
0,2,311,mitdb/219,train
0,2,312,mitdb/219,train
0,2,313,mitdb/219,train
0,2,314,mitdb/219,train
0,2,315,mitdb/219,train
0,2,316,mitdb/219,train
0,2,317,mitdb/219,train
0,2,318,mitdb/219,train
0,2,319,mitdb/219,train
0,2,350,mitdb/222,train
0,2,351,mitdb/222,train
0,2,352,mitdb/222,train
0,2,353,mitdb/222,train
0,2,354,mitdb/222,train
0,2,355,mitdb/222,train
0,2,356,mitdb/222,train
0,2,357,mitdb/222,train
0,2,358,mitdb/222,train
0,2,359,mitdb/222,train
0,2,370,mitdb/228,train
0,2,371,mitdb/228,train
0,2,372,mitdb/228,train
0,2,373,mitdb/228,train
0,2,374,mitdb/228,train
0,2,375,mitdb/228,train
0,2,376,mitdb/228,train
0,2,377,mitdb/228,train
0,2,378,mitdb/228,train
0,2,379,mitdb/228,train
0,2,410,mitdb/233,train
0,2,411,mitdb/233,train
0,2,412,mitdb/233,train
0,2,413,mitdb/233,train
0,2,414,mitdb/233,train
0,2,415,mitdb/233,train
0,2,416,mitdb/233,train
0,2,417,mitdb/233,train
0,2,418,mitdb/233,train
0,2,419,mitdb/233,train
0,2,420,mitdb/234,train
0,2,421,mitdb/234,train
0,2,422,mitdb/234,train
0,2,423,mitdb/234,train
0,2,424,mitdb/234,train
0,2,425,mitdb/234,train
0,2,426,mitdb/234,train
0,2,427,mitdb/234,train
0,2,428,mitdb/234,train
0,2,429,mitdb/234,train
0,2,440,mitdb/104,train
0,2,441,mitdb/104,train
0,2,442,mitdb/104,train
0,2,443,mitdb/104,train
0,2,444,mitdb/104,train
0,2,445,mitdb/104,train
0,2,446,mitdb/104,train
0,2,447,mitdb/104,train
0,2,448,mitdb/104,train
0,2,449,mitdb/104,train
0,2,460,mitdb/102,train
0,2,461,mitdb/102,train
0,2,462,mitdb/102,train
0,2,463,mitdb/102,train
0,2,464,mitdb/102,train
0,2,465,mitdb/102,train
0,2,466,mitdb/102,train
0,2,467,mitdb/102,train
0,2,468,mitdb/102,train
0,2,469,mitdb/102,train
0,2,480,mitdb/104,train
0,2,481,mitdb/104,train
0,2,482,mitdb/104,train
0,2,483,mitdb/104,train
0,2,484,mitdb/104,train
0,2,485,mitdb/104,train
0,2,486,mitdb/104,train
0,2,487,mitdb/104,train
0,2,488,mitdb/104,train
0,2,489,mitdb/104,train
0,2,490,mitdb/105,train
0,2,491,mitdb/105,train
0,2,492,mitdb/105,train
0,2,493,mitdb/105,train
0,2,494,mitdb/105,train
0,2,495,mitdb/105,train
0,2,496,mitdb/105,train
0,2,497,mitdb/105,train
0,2,498,mitdb/105,train
0,2,499,mitdb/105,train
0,2,500,mitdb/106,train
0,2,501,mitdb/106,train
0,2,502,mitdb/106,train
0,2,503,mitdb/106,train
0,2,504,mitdb/106,train
0,2,505,mitdb/106,train
0,2,506,mitdb/106,train
0,2,507,mitdb/106,train
0,2,508,mitdb/106,train
0,2,509,mitdb/106,train
0,2,510,mitdb/107,train
0,2,511,mitdb/107,train
0,2,512,mitdb/107,train
0,2,513,mitdb/107,train
0,2,514,mitdb/107,train
0,2,515,mitdb/107,train
0,2,516,mitdb/107,train
0,2,517,mitdb/107,train
0,2,518,mitdb/107,train
0,2,519,mitdb/107,train
0,2,520,mitdb/108,train
0,2,521,mitdb/108,train
0,2,522,mitdb/108,train
0,2,523,mitdb/108,train
0,2,524,mitdb/108,train
0,2,525,mitdb/108,train
0,2,526,mitdb/108,train
0,2,527,mitdb/108,train
0,2,528,mitdb/108,train
0,2,529,mitdb/108,train
0,2,530,mitdb/109,train
0,2,531,mitdb/109,train
0,2,532,mitdb/109,train
0,2,533,mitdb/109,train
0,2,534,mitdb/109,train
0,2,535,mitdb/109,train
0,2,536,mitdb/109,train
0,2,537,mitdb/109,train
0,2,538,mitdb/109,train
0,2,539,mitdb/109,train
0,2,540,mitdb/111,train
0,2,541,mitdb/111,train
0,2,542,mitdb/111,train
0,2,543,mitdb/111,train
0,2,544,mitdb/111,train
0,2,545,mitdb/111,train
0,2,546,mitdb/111,train
0,2,547,mitdb/111,train
0,2,548,mitdb/111,train
0,2,549,mitdb/111,train
0,2,550,mitdb/105,train
0,2,551,mitdb/105,train
0,2,552,mitdb/105,train
0,2,553,mitdb/105,train
0,2,554,mitdb/105,train
0,2,555,mitdb/105,train
0,2,556,mitdb/105,train
0,2,557,mitdb/105,train
0,2,558,mitdb/105,train
0,2,559,mitdb/105,train
0,2,630,mitdb/119,train
0,2,631,mitdb/119,train
0,2,632,mitdb/119,train
0,2,633,mitdb/119,train
0,2,634,mitdb/119,train
0,2,635,mitdb/119,train
0,2,636,mitdb/119,train
0,2,637,mitdb/119,train
0,2,638,mitdb/119,train
0,2,639,mitdb/119,train
0,2,640,mitdb/121,train
0,2,641,mitdb/121,train
0,2,642,mitdb/121,train
0,2,643,mitdb/121,train
0,2,644,mitdb/121,train
0,2,645,mitdb/121,train
0,2,646,mitdb/121,train
0,2,647,mitdb/121,train
0,2,648,mitdb/121,train
0,2,649,mitdb/121,train
0,2,660,mitdb/106,train
0,2,661,mitdb/106,train
0,2,662,mitdb/106,train
0,2,663,mitdb/106,train
0,2,664,mitdb/106,train
0,2,665,mitdb/106,train
0,2,666,mitdb/106,train
0,2,667,mitdb/106,train
0,2,668,mitdb/106,train
0,2,669,mitdb/106,train
0,2,670,mitdb/123,train
0,2,671,mitdb/123,train
0,2,672,mitdb/123,train
0,2,673,mitdb/123,train
0,2,674,mitdb/123,train
0,2,675,mitdb/123,train
0,2,676,mitdb/123,train
0,2,677,mitdb/123,train
0,2,678,mitdb/123,train
0,2,679,mitdb/123,train
0,2,680,mitdb/124,train
0,2,681,mitdb/124,train
0,2,682,mitdb/124,train
0,2,683,mitdb/124,train
0,2,684,mitdb/124,train
0,2,685,mitdb/124,train
0,2,686,mitdb/124,train
0,2,687,mitdb/124,train
0,2,688,mitdb/124,train
0,2,689,mitdb/124,train
0,2,720,mitdb/203,train
0,2,721,mitdb/203,train
0,2,722,mitdb/203,train
0,2,723,mitdb/203,train
0,2,724,mitdb/203,train
0,2,725,mitdb/203,train
0,2,726,mitdb/203,train
0,2,727,mitdb/203,train
0,2,728,mitdb/203,train
0,2,729,mitdb/203,train
0,2,730,mitdb/205,train
0,2,731,mitdb/205,train
0,2,732,mitdb/205,train
0,2,733,mitdb/205,train
0,2,734,mitdb/205,train
0,2,735,mitdb/205,train
0,2,736,mitdb/205,train
0,2,737,mitdb/205,train
0,2,738,mitdb/205,train
0,2,739,mitdb/205,train
0,2,740,mitdb/207,train
0,2,741,mitdb/207,train
0,2,742,mitdb/207,train
0,2,743,mitdb/207,train
0,2,744,mitdb/207,train
0,2,745,mitdb/207,train
0,2,746,mitdb/207,train
0,2,747,mitdb/207,train
0,2,748,mitdb/207,train
0,2,749,mitdb/207,train
0,2,750,mitdb/208,train
0,2,751,mitdb/208,train
0,2,752,mitdb/208,train
0,2,753,mitdb/208,train
0,2,754,mitdb/208,train
0,2,755,mitdb/208,train
0,2,756,mitdb/208,train
0,2,757,mitdb/208,train
0,2,758,mitdb/208,train
0,2,759,mitdb/208,train
0,2,770,mitdb/107,train
0,2,771,mitdb/107,train
0,2,772,mitdb/107,train
0,2,773,mitdb/107,train
0,2,774,mitdb/107,train
0,2,775,mitdb/107,train
0,2,776,mitdb/107,train
0,2,777,mitdb/107,train
0,2,778,mitdb/107,train
0,2,779,mitdb/107,train
0,2,780,mitdb/210,train
0,2,781,mitdb/210,train
0,2,782,mitdb/210,train
0,2,783,mitdb/210,train
0,2,784,mitdb/210,train
0,2,785,mitdb/210,train
0,2,786,mitdb/210,train
0,2,787,mitdb/210,train
0,2,788,mitdb/210,train
0,2,789,mitdb/210,train
0,2,800,mitdb/213,train
0,2,801,mitdb/213,train
0,2,802,mitdb/213,train
0,2,803,mitdb/213,train
0,2,804,mitdb/213,train
0,2,805,mitdb/213,train
0,2,806,mitdb/213,train
0,2,807,mitdb/213,train
0,2,808,mitdb/213,train
0,2,809,mitdb/213,train
0,2,810,mitdb/214,train
0,2,811,mitdb/214,train
0,2,812,mitdb/214,train
0,2,813,mitdb/214,train
0,2,814,mitdb/214,train
0,2,815,mitdb/214,train
0,2,816,mitdb/214,train
0,2,817,mitdb/214,train
0,2,818,mitdb/214,train
0,2,819,mitdb/214,train
0,2,830,mitdb/217,train
0,2,831,mitdb/217,train
0,2,832,mitdb/217,train
0,2,833,mitdb/217,train
0,2,834,mitdb/217,train
0,2,835,mitdb/217,train
0,2,836,mitdb/217,train
0,2,837,mitdb/217,train
0,2,838,mitdb/217,train
0,2,839,mitdb/217,train
0,2,840,mitdb/219,train
0,2,841,mitdb/219,train
0,2,842,mitdb/219,train
0,2,843,mitdb/219,train
0,2,844,mitdb/219,train
0,2,845,mitdb/219,train
0,2,846,mitdb/219,train
0,2,847,mitdb/219,train
0,2,848,mitdb/219,train
0,2,849,mitdb/219,train
0,2,870,mitdb/222,train
0,2,871,mitdb/222,train
0,2,872,mitdb/222,train
0,2,873,mitdb/222,train
0,2,874,mitdb/222,train
0,2,875,mitdb/222,train
0,2,876,mitdb/222,train
0,2,877,mitdb/222,train
0,2,878,mitdb/222,train
0,2,879,mitdb/222,train
0,2,880,mitdb/108,train
0,2,881,mitdb/108,train
0,2,882,mitdb/108,train
0,2,883,mitdb/108,train
0,2,884,mitdb/108,train
0,2,885,mitdb/108,train
0,2,886,mitdb/108,train
0,2,887,mitdb/108,train
0,2,888,mitdb/108,train
0,2,889,mitdb/108,train
0,2,900,mitdb/228,train
0,2,901,mitdb/228,train
0,2,902,mitdb/228,train
0,2,903,mitdb/228,train
0,2,904,mitdb/228,train
0,2,905,mitdb/228,train
0,2,906,mitdb/228,train
0,2,907,mitdb/228,train
0,2,908,mitdb/228,train
0,2,909,mitdb/228,train
0,2,940,mitdb/233,train
0,2,941,mitdb/233,train
0,2,942,mitdb/233,train
0,2,943,mitdb/233,train
0,2,944,mitdb/233,train
0,2,945,mitdb/233,train
0,2,946,mitdb/233,train
0,2,947,mitdb/233,train
0,2,948,mitdb/233,train
0,2,949,mitdb/233,train
0,2,950,mitdb/234,train
0,2,951,mitdb/234,train
0,2,952,mitdb/234,train
0,2,953,mitdb/234,train
0,2,954,mitdb/234,train
0,2,955,mitdb/234,train
0,2,956,mitdb/234,train
0,2,957,mitdb/234,train
0,2,958,mitdb/234,train
0,2,959,mitdb/234,train
0,2,960,chfdb/chf01,train
0,2,961,chfdb/chf01,train
0,2,962,chfdb/chf01,train
0,2,963,chfdb/chf01,train
0,2,964,chfdb/chf01,train
0,2,965,chfdb/chf01,train
0,2,966,chfdb/chf01,train
0,2,967,chfdb/chf01,train
0,2,968,chfdb/chf01,train
0,2,969,chfdb/chf01,train
0,2,970,chfdb/chf10,train
0,2,971,chfdb/chf10,train
0,2,972,chfdb/chf10,train
0,2,973,chfdb/chf10,train
0,2,974,chfdb/chf10,train
0,2,975,chfdb/chf10,train
0,2,976,chfdb/chf10,train
0,2,977,chfdb/chf10,train
0,2,978,chfdb/chf10,train
0,2,979,chfdb/chf10,train
0,2,990,chfdb/chf12,train
0,2,991,chfdb/chf12,train
0,2,992,chfdb/chf12,train
0,2,993,chfdb/chf12,train
0,2,994,chfdb/chf12,train
0,2,995,chfdb/chf12,train
0,2,996,chfdb/chf12,train
0,2,997,chfdb/chf12,train
0,2,998,chfdb/chf12,train
0,2,999,chfdb/chf12,train
0,2,1030,chfdb/chf01,train
0,2,1031,chfdb/chf01,train
0,2,1032,chfdb/chf01,train
0,2,1033,chfdb/chf01,train
0,2,1034,chfdb/chf01,train
0,2,1035,chfdb/chf01,train
0,2,1036,chfdb/chf01,train
0,2,1037,chfdb/chf01,train
0,2,1038,chfdb/chf01,train
0,2,1039,chfdb/chf01,train
0,2,1080,chfdb/chf05,train
0,2,1081,chfdb/chf05,train
0,2,1082,chfdb/chf05,train
0,2,1083,chfdb/chf05,train
0,2,1084,chfdb/chf05,train
0,2,1085,chfdb/chf05,train
0,2,1086,chfdb/chf05,train
0,2,1087,chfdb/chf05,train
0,2,1088,chfdb/chf05,train
0,2,1089,chfdb/chf05,train
0,2,1090,chfdb/chf06,train
0,2,1091,chfdb/chf06,train
0,2,1092,chfdb/chf06,train
0,2,1093,chfdb/chf06,train
0,2,1094,chfdb/chf06,train
0,2,1095,chfdb/chf06,train
0,2,1096,chfdb/chf06,train
0,2,1097,chfdb/chf06,train
0,2,1098,chfdb/chf06,train
0,2,1099,chfdb/chf06,train
0,2,1100,chfdb/chf07,train
0,2,1101,chfdb/chf07,train
0,2,1102,chfdb/chf07,train
0,2,1103,chfdb/chf07,train
0,2,1104,chfdb/chf07,train
0,2,1105,chfdb/chf07,train
0,2,1106,chfdb/chf07,train
0,2,1107,chfdb/chf07,train
0,2,1108,chfdb/chf07,train
0,2,1109,chfdb/chf07,train
0,2,1110,chfdb/chf08,train
0,2,1111,chfdb/chf08,train
0,2,1112,chfdb/chf08,train
0,2,1113,chfdb/chf08,train
0,2,1114,chfdb/chf08,train
0,2,1115,chfdb/chf08,train
0,2,1116,chfdb/chf08,train
0,2,1117,chfdb/chf08,train
0,2,1118,chfdb/chf08,train
0,2,1119,chfdb/chf08,train
0,2,1120,chfdb/chf09,train
0,2,1121,chfdb/chf09,train
0,2,1122,chfdb/chf09,train
0,2,1123,chfdb/chf09,train
0,2,1124,chfdb/chf09,train
0,2,1125,chfdb/chf09,train
0,2,1126,chfdb/chf09,train
0,2,1127,chfdb/chf09,train
0,2,1128,chfdb/chf09,train
0,2,1129,chfdb/chf09,train
0,2,1130,chfdb/chf10,train
0,2,1131,chfdb/chf10,train
0,2,1132,chfdb/chf10,train
0,2,1133,chfdb/chf10,train
0,2,1134,chfdb/chf10,train
0,2,1135,chfdb/chf10,train
0,2,1136,chfdb/chf10,train
0,2,1137,chfdb/chf10,train
0,2,1138,chfdb/chf10,train
0,2,1139,chfdb/chf10,train
0,2,1150,chfdb/chf12,train
0,2,1151,chfdb/chf12,train
0,2,1152,chfdb/chf12,train
0,2,1153,chfdb/chf12,train
0,2,1154,chfdb/chf12,train
0,2,1155,chfdb/chf12,train
0,2,1156,chfdb/chf12,train
0,2,1157,chfdb/chf12,train
0,2,1158,chfdb/chf12,train
0,2,1159,chfdb/chf12,train
0,2,1210,chfdb/chf05,train
0,2,1211,chfdb/chf05,train
0,2,1212,chfdb/chf05,train
0,2,1213,chfdb/chf05,train
0,2,1214,chfdb/chf05,train
0,2,1215,chfdb/chf05,train
0,2,1216,chfdb/chf05,train
0,2,1217,chfdb/chf05,train
0,2,1218,chfdb/chf05,train
0,2,1219,chfdb/chf05,train
0,2,1220,chfdb/chf06,train
0,2,1221,chfdb/chf06,train
0,2,1222,chfdb/chf06,train
0,2,1223,chfdb/chf06,train
0,2,1224,chfdb/chf06,train
0,2,1225,chfdb/chf06,train
0,2,1226,chfdb/chf06,train
0,2,1227,chfdb/chf06,train
0,2,1228,chfdb/chf06,train
0,2,1229,chfdb/chf06,train
0,2,1230,chfdb/chf07,train
0,2,1231,chfdb/chf07,train
0,2,1232,chfdb/chf07,train
0,2,1233,chfdb/chf07,train
0,2,1234,chfdb/chf07,train
0,2,1235,chfdb/chf07,train
0,2,1236,chfdb/chf07,train
0,2,1237,chfdb/chf07,train
0,2,1238,chfdb/chf07,train
0,2,1239,chfdb/chf07,train
0,2,1240,chfdb/chf08,train
0,2,1241,chfdb/chf08,train
0,2,1242,chfdb/chf08,train
0,2,1243,chfdb/chf08,train
0,2,1244,chfdb/chf08,train
0,2,1245,chfdb/chf08,train
0,2,1246,chfdb/chf08,train
0,2,1247,chfdb/chf08,train
0,2,1248,chfdb/chf08,train
0,2,1249,chfdb/chf08,train
0,2,1250,chfdb/chf09,train
0,2,1251,chfdb/chf09,train
0,2,1252,chfdb/chf09,train
0,2,1253,chfdb/chf09,train
0,2,1254,chfdb/chf09,train
0,2,1255,chfdb/chf09,train
0,2,1256,chfdb/chf09,train
0,2,1257,chfdb/chf09,train
0,2,1258,chfdb/chf09,train
0,2,1259,chfdb/chf09,train
0,2,1270,nsrdb/17052,train
0,2,1271,nsrdb/17052,train
0,2,1272,nsrdb/17052,train
0,2,1273,nsrdb/17052,train
0,2,1274,nsrdb/17052,train
0,2,1275,nsrdb/17052,train
0,2,1276,nsrdb/17052,train
0,2,1277,nsrdb/17052,train
0,2,1278,nsrdb/17052,train
0,2,1279,nsrdb/17052,train
0,2,1280,nsrdb/17453,train
0,2,1281,nsrdb/17453,train
0,2,1282,nsrdb/17453,train
0,2,1283,nsrdb/17453,train
0,2,1284,nsrdb/17453,train
0,2,1285,nsrdb/17453,train
0,2,1286,nsrdb/17453,train
0,2,1287,nsrdb/17453,train
0,2,1288,nsrdb/17453,train
0,2,1289,nsrdb/17453,train
0,2,1290,nsrdb/18177,train
0,2,1291,nsrdb/18177,train
0,2,1292,nsrdb/18177,train
0,2,1293,nsrdb/18177,train
0,2,1294,nsrdb/18177,train
0,2,1295,nsrdb/18177,train
0,2,1296,nsrdb/18177,train
0,2,1297,nsrdb/18177,train
0,2,1298,nsrdb/18177,train
0,2,1299,nsrdb/18177,train
0,2,1370,nsrdb/16272,train
0,2,1371,nsrdb/16272,train
0,2,1372,nsrdb/16272,train
0,2,1373,nsrdb/16272,train
0,2,1374,nsrdb/16272,train
0,2,1375,nsrdb/16272,train
0,2,1376,nsrdb/16272,train
0,2,1377,nsrdb/16272,train
0,2,1378,nsrdb/16272,train
0,2,1379,nsrdb/16272,train
0,2,1380,nsrdb/16272,train
0,2,1381,nsrdb/16272,train
0,2,1382,nsrdb/16272,train
0,2,1383,nsrdb/16272,train
0,2,1384,nsrdb/16272,train
0,2,1385,nsrdb/16272,train
0,2,1386,nsrdb/16272,train
0,2,1387,nsrdb/16272,train
0,2,1388,nsrdb/16272,train
0,2,1389,nsrdb/16272,train
0,2,1390,nsrdb/16273,train
0,2,1391,nsrdb/16273,train
0,2,1392,nsrdb/16273,train
0,2,1393,nsrdb/16273,train
0,2,1394,nsrdb/16273,train
0,2,1395,nsrdb/16273,train
0,2,1396,nsrdb/16273,train
0,2,1397,nsrdb/16273,train
0,2,1398,nsrdb/16273,train
0,2,1399,nsrdb/16273,train
0,2,1400,nsrdb/16420,train
0,2,1401,nsrdb/16420,train
0,2,1402,nsrdb/16420,train
0,2,1403,nsrdb/16420,train
0,2,1404,nsrdb/16420,train
0,2,1405,nsrdb/16420,train
0,2,1406,nsrdb/16420,train
0,2,1407,nsrdb/16420,train
0,2,1408,nsrdb/16420,train
0,2,1409,nsrdb/16420,train
0,2,1410,nsrdb/16483,train
0,2,1411,nsrdb/16483,train
0,2,1412,nsrdb/16483,train
0,2,1413,nsrdb/16483,train
0,2,1414,nsrdb/16483,train
0,2,1415,nsrdb/16483,train
0,2,1416,nsrdb/16483,train
0,2,1417,nsrdb/16483,train
0,2,1418,nsrdb/16483,train
0,2,1419,nsrdb/16483,train
0,2,1420,nsrdb/16539,train
0,2,1421,nsrdb/16539,train
0,2,1422,nsrdb/16539,train
0,2,1423,nsrdb/16539,train
0,2,1424,nsrdb/16539,train
0,2,1425,nsrdb/16539,train
0,2,1426,nsrdb/16539,train
0,2,1427,nsrdb/16539,train
0,2,1428,nsrdb/16539,train
0,2,1429,nsrdb/16539,train
0,2,1430,nsrdb/16773,train
0,2,1431,nsrdb/16773,train
0,2,1432,nsrdb/16773,train
0,2,1433,nsrdb/16773,train
0,2,1434,nsrdb/16773,train
0,2,1435,nsrdb/16773,train
0,2,1436,nsrdb/16773,train
0,2,1437,nsrdb/16773,train
0,2,1438,nsrdb/16773,train
0,2,1439,nsrdb/16773,train
0,2,1450,nsrdb/16795,train
0,2,1451,nsrdb/16795,train
0,2,1452,nsrdb/16795,train
0,2,1453,nsrdb/16795,train
0,2,1454,nsrdb/16795,train
0,2,1455,nsrdb/16795,train
0,2,1456,nsrdb/16795,train
0,2,1457,nsrdb/16795,train
0,2,1458,nsrdb/16795,train
0,2,1459,nsrdb/16795,train
0,2,1460,nsrdb/17052,train
0,2,1461,nsrdb/17052,train
0,2,1462,nsrdb/17052,train
0,2,1463,nsrdb/17052,train
0,2,1464,nsrdb/17052,train
0,2,1465,nsrdb/17052,train
0,2,1466,nsrdb/17052,train
0,2,1467,nsrdb/17052,train
0,2,1468,nsrdb/17052,train
0,2,1469,nsrdb/17052,train
0,2,1470,nsrdb/17453,train
0,2,1471,nsrdb/17453,train
0,2,1472,nsrdb/17453,train
0,2,1473,nsrdb/17453,train
0,2,1474,nsrdb/17453,train
0,2,1475,nsrdb/17453,train
0,2,1476,nsrdb/17453,train
0,2,1477,nsrdb/17453,train
0,2,1478,nsrdb/17453,train
0,2,1479,nsrdb/17453,train
0,2,1480,nsrdb/16273,train
0,2,1481,nsrdb/16273,train
0,2,1482,nsrdb/16273,train
0,2,1483,nsrdb/16273,train
0,2,1484,nsrdb/16273,train
0,2,1485,nsrdb/16273,train
0,2,1486,nsrdb/16273,train
0,2,1487,nsrdb/16273,train
0,2,1488,nsrdb/16273,train
0,2,1489,nsrdb/16273,train
0,2,1490,nsrdb/18177,train
0,2,1491,nsrdb/18177,train
0,2,1492,nsrdb/18177,train
0,2,1493,nsrdb/18177,train
0,2,1494,nsrdb/18177,train
0,2,1495,nsrdb/18177,train
0,2,1496,nsrdb/18177,train
0,2,1497,nsrdb/18177,train
0,2,1498,nsrdb/18177,train
0,2,1499,nsrdb/18177,train
0,2,1560,nsrdb/16420,train
0,2,1561,nsrdb/16420,train
0,2,1562,nsrdb/16420,train
0,2,1563,nsrdb/16420,train
0,2,1564,nsrdb/16420,train
0,2,1565,nsrdb/16420,train
0,2,1566,nsrdb/16420,train
0,2,1567,nsrdb/16420,train
0,2,1568,nsrdb/16420,train
0,2,1569,nsrdb/16420,train
0,2,1570,nsrdb/16483,train
0,2,1571,nsrdb/16483,train
0,2,1572,nsrdb/16483,train
0,2,1573,nsrdb/16483,train
0,2,1574,nsrdb/16483,train
0,2,1575,nsrdb/16483,train
0,2,1576,nsrdb/16483,train
0,2,1577,nsrdb/16483,train
0,2,1578,nsrdb/16483,train
0,2,1579,nsrdb/16483,train
0,2,1580,nsrdb/16539,train
0,2,1581,nsrdb/16539,train
0,2,1582,nsrdb/16539,train
0,2,1583,nsrdb/16539,train
0,2,1584,nsrdb/16539,train
0,2,1585,nsrdb/16539,train
0,2,1586,nsrdb/16539,train
0,2,1587,nsrdb/16539,train
0,2,1588,nsrdb/16539,train
0,2,1589,nsrdb/16539,train
0,2,1590,nsrdb/16773,train
0,2,1591,nsrdb/16773,train
0,2,1592,nsrdb/16773,train
0,2,1593,nsrdb/16773,train
0,2,1594,nsrdb/16773,train
0,2,1595,nsrdb/16773,train
0,2,1596,nsrdb/16773,train
0,2,1597,nsrdb/16773,train
0,2,1598,nsrdb/16773,train
0,2,1599,nsrdb/16773,train
0,2,1610,nsrdb/16795,train
0,2,1611,nsrdb/16795,train
0,2,1612,nsrdb/16795,train
0,2,1613,nsrdb/16795,train
0,2,1614,nsrdb/16795,train
0,2,1615,nsrdb/16795,train
0,2,1616,nsrdb/16795,train
0,2,1617,nsrdb/16795,train
0,2,1618,nsrdb/16795,train
0,2,1619,nsrdb/16795,train
0,2,0,mitdb/100,validation
0,2,1,mitdb/100,validation
0,2,2,mitdb/100,validation
0,2,3,mitdb/100,validation
0,2,4,mitdb/100,validation
0,2,5,mitdb/100,validation
0,2,6,mitdb/100,validation
0,2,7,mitdb/100,validation
0,2,8,mitdb/100,validation
0,2,9,mitdb/100,validation
0,2,40,mitdb/113,validation
0,2,41,mitdb/113,validation
0,2,42,mitdb/113,validation
0,2,43,mitdb/113,validation
0,2,44,mitdb/113,validation
0,2,45,mitdb/113,validation
0,2,46,mitdb/113,validation
0,2,47,mitdb/113,validation
0,2,48,mitdb/113,validation
0,2,49,mitdb/113,validation
0,2,50,mitdb/114,validation
0,2,51,mitdb/114,validation
0,2,52,mitdb/114,validation
0,2,53,mitdb/114,validation
0,2,54,mitdb/114,validation
0,2,55,mitdb/114,validation
0,2,56,mitdb/114,validation
0,2,57,mitdb/114,validation
0,2,58,mitdb/114,validation
0,2,59,mitdb/114,validation
0,2,70,mitdb/116,validation
0,2,71,mitdb/116,validation
0,2,72,mitdb/116,validation
0,2,73,mitdb/116,validation
0,2,74,mitdb/116,validation
0,2,75,mitdb/116,validation
0,2,76,mitdb/116,validation
0,2,77,mitdb/116,validation
0,2,78,mitdb/116,validation
0,2,79,mitdb/116,validation
0,2,80,mitdb/117,validation
0,2,81,mitdb/117,validation
0,2,82,mitdb/117,validation
0,2,83,mitdb/117,validation
0,2,84,mitdb/117,validation
0,2,85,mitdb/117,validation
0,2,86,mitdb/117,validation
0,2,87,mitdb/117,validation
0,2,88,mitdb/117,validation
0,2,89,mitdb/117,validation
0,2,130,mitdb/122,validation
0,2,131,mitdb/122,validation
0,2,132,mitdb/122,validation
0,2,133,mitdb/122,validation
0,2,134,mitdb/122,validation
0,2,135,mitdb/122,validation
0,2,136,mitdb/122,validation
0,2,137,mitdb/122,validation
0,2,138,mitdb/122,validation
0,2,139,mitdb/122,validation
0,2,160,mitdb/200,validation
0,2,161,mitdb/200,validation
0,2,162,mitdb/200,validation
0,2,163,mitdb/200,validation
0,2,164,mitdb/200,validation
0,2,165,mitdb/200,validation
0,2,166,mitdb/200,validation
0,2,167,mitdb/200,validation
0,2,168,mitdb/200,validation
0,2,169,mitdb/200,validation
0,2,260,mitdb/212,validation
0,2,261,mitdb/212,validation
0,2,262,mitdb/212,validation
0,2,263,mitdb/212,validation
0,2,264,mitdb/212,validation
0,2,265,mitdb/212,validation
0,2,266,mitdb/212,validation
0,2,267,mitdb/212,validation
0,2,268,mitdb/212,validation
0,2,269,mitdb/212,validation
0,2,290,mitdb/215,validation
0,2,291,mitdb/215,validation
0,2,292,mitdb/215,validation
0,2,293,mitdb/215,validation
0,2,294,mitdb/215,validation
0,2,295,mitdb/215,validation
0,2,296,mitdb/215,validation
0,2,297,mitdb/215,validation
0,2,298,mitdb/215,validation
0,2,299,mitdb/215,validation
0,2,320,mitdb/220,validation
0,2,321,mitdb/220,validation
0,2,322,mitdb/220,validation
0,2,323,mitdb/220,validation
0,2,324,mitdb/220,validation
0,2,325,mitdb/220,validation
0,2,326,mitdb/220,validation
0,2,327,mitdb/220,validation
0,2,328,mitdb/220,validation
0,2,329,mitdb/220,validation
0,2,330,mitdb/103,validation
0,2,331,mitdb/103,validation
0,2,332,mitdb/103,validation
0,2,333,mitdb/103,validation
0,2,334,mitdb/103,validation
0,2,335,mitdb/103,validation
0,2,336,mitdb/103,validation
0,2,337,mitdb/103,validation
0,2,338,mitdb/103,validation
0,2,339,mitdb/103,validation
0,2,380,mitdb/230,validation
0,2,381,mitdb/230,validation
0,2,382,mitdb/230,validation
0,2,383,mitdb/230,validation
0,2,384,mitdb/230,validation
0,2,385,mitdb/230,validation
0,2,386,mitdb/230,validation
0,2,387,mitdb/230,validation
0,2,388,mitdb/230,validation
0,2,389,mitdb/230,validation
0,2,400,mitdb/232,validation
0,2,401,mitdb/232,validation
0,2,402,mitdb/232,validation
0,2,403,mitdb/232,validation
0,2,404,mitdb/232,validation
0,2,405,mitdb/232,validation
0,2,406,mitdb/232,validation
0,2,407,mitdb/232,validation
0,2,408,mitdb/232,validation
0,2,409,mitdb/232,validation
0,2,430,mitdb/100,validation
0,2,431,mitdb/100,validation
0,2,432,mitdb/100,validation
0,2,433,mitdb/100,validation
0,2,434,mitdb/100,validation
0,2,435,mitdb/100,validation
0,2,436,mitdb/100,validation
0,2,437,mitdb/100,validation
0,2,438,mitdb/100,validation
0,2,439,mitdb/100,validation
0,2,470,mitdb/103,validation
0,2,471,mitdb/103,validation
0,2,472,mitdb/103,validation
0,2,473,mitdb/103,validation
0,2,474,mitdb/103,validation
0,2,475,mitdb/103,validation
0,2,476,mitdb/103,validation
0,2,477,mitdb/103,validation
0,2,478,mitdb/103,validation
0,2,479,mitdb/103,validation
0,2,570,mitdb/113,validation
0,2,571,mitdb/113,validation
0,2,572,mitdb/113,validation
0,2,573,mitdb/113,validation
0,2,574,mitdb/113,validation
0,2,575,mitdb/113,validation
0,2,576,mitdb/113,validation
0,2,577,mitdb/113,validation
0,2,578,mitdb/113,validation
0,2,579,mitdb/113,validation
0,2,580,mitdb/114,validation
0,2,581,mitdb/114,validation
0,2,582,mitdb/114,validation
0,2,583,mitdb/114,validation
0,2,584,mitdb/114,validation
0,2,585,mitdb/114,validation
0,2,586,mitdb/114,validation
0,2,587,mitdb/114,validation
0,2,588,mitdb/114,validation
0,2,589,mitdb/114,validation
0,2,600,mitdb/116,validation
0,2,601,mitdb/116,validation
0,2,602,mitdb/116,validation
0,2,603,mitdb/116,validation
0,2,604,mitdb/116,validation
0,2,605,mitdb/116,validation
0,2,606,mitdb/116,validation
0,2,607,mitdb/116,validation
0,2,608,mitdb/116,validation
0,2,609,mitdb/116,validation
0,2,610,mitdb/117,validation
0,2,611,mitdb/117,validation
0,2,612,mitdb/117,validation
0,2,613,mitdb/117,validation
0,2,614,mitdb/117,validation
0,2,615,mitdb/117,validation
0,2,616,mitdb/117,validation
0,2,617,mitdb/117,validation
0,2,618,mitdb/117,validation
0,2,619,mitdb/117,validation
0,2,650,mitdb/122,validation
0,2,651,mitdb/122,validation
0,2,652,mitdb/122,validation
0,2,653,mitdb/122,validation
0,2,654,mitdb/122,validation
0,2,655,mitdb/122,validation
0,2,656,mitdb/122,validation
0,2,657,mitdb/122,validation
0,2,658,mitdb/122,validation
0,2,659,mitdb/122,validation
0,2,690,mitdb/200,validation
0,2,691,mitdb/200,validation
0,2,692,mitdb/200,validation
0,2,693,mitdb/200,validation
0,2,694,mitdb/200,validation
0,2,695,mitdb/200,validation
0,2,696,mitdb/200,validation
0,2,697,mitdb/200,validation
0,2,698,mitdb/200,validation
0,2,699,mitdb/200,validation
0,2,790,mitdb/212,validation
0,2,791,mitdb/212,validation
0,2,792,mitdb/212,validation
0,2,793,mitdb/212,validation
0,2,794,mitdb/212,validation
0,2,795,mitdb/212,validation
0,2,796,mitdb/212,validation
0,2,797,mitdb/212,validation
0,2,798,mitdb/212,validation
0,2,799,mitdb/212,validation
0,2,820,mitdb/215,validation
0,2,821,mitdb/215,validation
0,2,822,mitdb/215,validation
0,2,823,mitdb/215,validation
0,2,824,mitdb/215,validation
0,2,825,mitdb/215,validation
0,2,826,mitdb/215,validation
0,2,827,mitdb/215,validation
0,2,828,mitdb/215,validation
0,2,829,mitdb/215,validation
0,2,850,mitdb/220,validation
0,2,851,mitdb/220,validation
0,2,852,mitdb/220,validation
0,2,853,mitdb/220,validation
0,2,854,mitdb/220,validation
0,2,855,mitdb/220,validation
0,2,856,mitdb/220,validation
0,2,857,mitdb/220,validation
0,2,858,mitdb/220,validation
0,2,859,mitdb/220,validation
0,2,910,mitdb/230,validation
0,2,911,mitdb/230,validation
0,2,912,mitdb/230,validation
0,2,913,mitdb/230,validation
0,2,914,mitdb/230,validation
0,2,915,mitdb/230,validation
0,2,916,mitdb/230,validation
0,2,917,mitdb/230,validation
0,2,918,mitdb/230,validation
0,2,919,mitdb/230,validation
0,2,930,mitdb/232,validation
0,2,931,mitdb/232,validation
0,2,932,mitdb/232,validation
0,2,933,mitdb/232,validation
0,2,934,mitdb/232,validation
0,2,935,mitdb/232,validation
0,2,936,mitdb/232,validation
0,2,937,mitdb/232,validation
0,2,938,mitdb/232,validation
0,2,939,mitdb/232,validation
0,2,1000,chfdb/chf13,validation
0,2,1001,chfdb/chf13,validation
0,2,1002,chfdb/chf13,validation
0,2,1003,chfdb/chf13,validation
0,2,1004,chfdb/chf13,validation
0,2,1005,chfdb/chf13,validation
0,2,1006,chfdb/chf13,validation
0,2,1007,chfdb/chf13,validation
0,2,1008,chfdb/chf13,validation
0,2,1009,chfdb/chf13,validation
0,2,1020,chfdb/chf15,validation
0,2,1021,chfdb/chf15,validation
0,2,1022,chfdb/chf15,validation
0,2,1023,chfdb/chf15,validation
0,2,1024,chfdb/chf15,validation
0,2,1025,chfdb/chf15,validation
0,2,1026,chfdb/chf15,validation
0,2,1027,chfdb/chf15,validation
0,2,1028,chfdb/chf15,validation
0,2,1029,chfdb/chf15,validation
0,2,1040,chfdb/chf02,validation
0,2,1041,chfdb/chf02,validation
0,2,1042,chfdb/chf02,validation
0,2,1043,chfdb/chf02,validation
0,2,1044,chfdb/chf02,validation
0,2,1045,chfdb/chf02,validation
0,2,1046,chfdb/chf02,validation
0,2,1047,chfdb/chf02,validation
0,2,1048,chfdb/chf02,validation
0,2,1049,chfdb/chf02,validation
0,2,1050,chfdb/chf03,validation
0,2,1051,chfdb/chf03,validation
0,2,1052,chfdb/chf03,validation
0,2,1053,chfdb/chf03,validation
0,2,1054,chfdb/chf03,validation
0,2,1055,chfdb/chf03,validation
0,2,1056,chfdb/chf03,validation
0,2,1057,chfdb/chf03,validation
0,2,1058,chfdb/chf03,validation
0,2,1059,chfdb/chf03,validation
0,2,1070,chfdb/chf02,validation
0,2,1071,chfdb/chf02,validation
0,2,1072,chfdb/chf02,validation
0,2,1073,chfdb/chf02,validation
0,2,1074,chfdb/chf02,validation
0,2,1075,chfdb/chf02,validation
0,2,1076,chfdb/chf02,validation
0,2,1077,chfdb/chf02,validation
0,2,1078,chfdb/chf02,validation
0,2,1079,chfdb/chf02,validation
0,2,1160,chfdb/chf13,validation
0,2,1161,chfdb/chf13,validation
0,2,1162,chfdb/chf13,validation
0,2,1163,chfdb/chf13,validation
0,2,1164,chfdb/chf13,validation
0,2,1165,chfdb/chf13,validation
0,2,1166,chfdb/chf13,validation
0,2,1167,chfdb/chf13,validation
0,2,1168,chfdb/chf13,validation
0,2,1169,chfdb/chf13,validation
0,2,1180,chfdb/chf03,validation
0,2,1181,chfdb/chf03,validation
0,2,1182,chfdb/chf03,validation
0,2,1183,chfdb/chf03,validation
0,2,1184,chfdb/chf03,validation
0,2,1185,chfdb/chf03,validation
0,2,1186,chfdb/chf03,validation
0,2,1187,chfdb/chf03,validation
0,2,1188,chfdb/chf03,validation
0,2,1189,chfdb/chf03,validation
0,2,1190,chfdb/chf15,validation
0,2,1191,chfdb/chf15,validation
0,2,1192,chfdb/chf15,validation
0,2,1193,chfdb/chf15,validation
0,2,1194,chfdb/chf15,validation
0,2,1195,chfdb/chf15,validation
0,2,1196,chfdb/chf15,validation
0,2,1197,chfdb/chf15,validation
0,2,1198,chfdb/chf15,validation
0,2,1199,chfdb/chf15,validation
0,2,1300,nsrdb/18184,validation
0,2,1301,nsrdb/18184,validation
0,2,1302,nsrdb/18184,validation
0,2,1303,nsrdb/18184,validation
0,2,1304,nsrdb/18184,validation
0,2,1305,nsrdb/18184,validation
0,2,1306,nsrdb/18184,validation
0,2,1307,nsrdb/18184,validation
0,2,1308,nsrdb/18184,validation
0,2,1309,nsrdb/18184,validation
0,2,1310,nsrdb/19088,validation
0,2,1311,nsrdb/19088,validation
0,2,1312,nsrdb/19088,validation
0,2,1313,nsrdb/19088,validation
0,2,1314,nsrdb/19088,validation
0,2,1315,nsrdb/19088,validation
0,2,1316,nsrdb/19088,validation
0,2,1317,nsrdb/19088,validation
0,2,1318,nsrdb/19088,validation
0,2,1319,nsrdb/19088,validation
0,2,1330,nsrdb/19093,validation
0,2,1331,nsrdb/19093,validation
0,2,1332,nsrdb/19093,validation
0,2,1333,nsrdb/19093,validation
0,2,1334,nsrdb/19093,validation
0,2,1335,nsrdb/19093,validation
0,2,1336,nsrdb/19093,validation
0,2,1337,nsrdb/19093,validation
0,2,1338,nsrdb/19093,validation
0,2,1339,nsrdb/19093,validation
0,2,1350,nsrdb/19830,validation
0,2,1351,nsrdb/19830,validation
0,2,1352,nsrdb/19830,validation
0,2,1353,nsrdb/19830,validation
0,2,1354,nsrdb/19830,validation
0,2,1355,nsrdb/19830,validation
0,2,1356,nsrdb/19830,validation
0,2,1357,nsrdb/19830,validation
0,2,1358,nsrdb/19830,validation
0,2,1359,nsrdb/19830,validation
0,2,1500,nsrdb/18184,validation
0,2,1501,nsrdb/18184,validation
0,2,1502,nsrdb/18184,validation
0,2,1503,nsrdb/18184,validation
0,2,1504,nsrdb/18184,validation
0,2,1505,nsrdb/18184,validation
0,2,1506,nsrdb/18184,validation
0,2,1507,nsrdb/18184,validation
0,2,1508,nsrdb/18184,validation
0,2,1509,nsrdb/18184,validation
0,2,1510,nsrdb/19088,validation
0,2,1511,nsrdb/19088,validation
0,2,1512,nsrdb/19088,validation
0,2,1513,nsrdb/19088,validation
0,2,1514,nsrdb/19088,validation
0,2,1515,nsrdb/19088,validation
0,2,1516,nsrdb/19088,validation
0,2,1517,nsrdb/19088,validation
0,2,1518,nsrdb/19088,validation
0,2,1519,nsrdb/19088,validation
0,2,1530,nsrdb/19093,validation
0,2,1531,nsrdb/19093,validation
0,2,1532,nsrdb/19093,validation
0,2,1533,nsrdb/19093,validation
0,2,1534,nsrdb/19093,validation
0,2,1535,nsrdb/19093,validation
0,2,1536,nsrdb/19093,validation
0,2,1537,nsrdb/19093,validation
0,2,1538,nsrdb/19093,validation
0,2,1539,nsrdb/19093,validation
0,2,1550,nsrdb/19830,validation
0,2,1551,nsrdb/19830,validation
0,2,1552,nsrdb/19830,validation
0,2,1553,nsrdb/19830,validation
0,2,1554,nsrdb/19830,validation
0,2,1555,nsrdb/19830,validation
0,2,1556,nsrdb/19830,validation
0,2,1557,nsrdb/19830,validation
0,2,1558,nsrdb/19830,validation
0,2,1559,nsrdb/19830,validation
0,2,30,mitdb/112,test
0,2,31,mitdb/112,test
0,2,32,mitdb/112,test
0,2,33,mitdb/112,test
0,2,34,mitdb/112,test
0,2,35,mitdb/112,test
0,2,36,mitdb/112,test
0,2,37,mitdb/112,test
0,2,38,mitdb/112,test
0,2,39,mitdb/112,test
0,2,60,mitdb/115,test
0,2,61,mitdb/115,test
0,2,62,mitdb/115,test
0,2,63,mitdb/115,test
0,2,64,mitdb/115,test
0,2,65,mitdb/115,test
0,2,66,mitdb/115,test
0,2,67,mitdb/115,test
0,2,68,mitdb/115,test
0,2,69,mitdb/115,test
0,2,90,mitdb/118,test
0,2,91,mitdb/118,test
0,2,92,mitdb/118,test
0,2,93,mitdb/118,test
0,2,94,mitdb/118,test
0,2,95,mitdb/118,test
0,2,96,mitdb/118,test
0,2,97,mitdb/118,test
0,2,98,mitdb/118,test
0,2,99,mitdb/118,test
0,2,110,mitdb/101,test
0,2,111,mitdb/101,test
0,2,112,mitdb/101,test
0,2,113,mitdb/101,test
0,2,114,mitdb/101,test
0,2,115,mitdb/101,test
0,2,116,mitdb/101,test
0,2,117,mitdb/101,test
0,2,118,mitdb/101,test
0,2,119,mitdb/101,test
0,2,170,mitdb/201-202,test
0,2,171,mitdb/201-202,test
0,2,172,mitdb/201-202,test
0,2,173,mitdb/201-202,test
0,2,174,mitdb/201-202,test
0,2,175,mitdb/201-202,test
0,2,176,mitdb/201-202,test
0,2,177,mitdb/201-202,test
0,2,178,mitdb/201-202,test
0,2,179,mitdb/201-202,test
0,2,180,mitdb/201-202,test
0,2,181,mitdb/201-202,test
0,2,182,mitdb/201-202,test
0,2,183,mitdb/201-202,test
0,2,184,mitdb/201-202,test
0,2,185,mitdb/201-202,test
0,2,186,mitdb/201-202,test
0,2,187,mitdb/201-202,test
0,2,188,mitdb/201-202,test
0,2,189,mitdb/201-202,test
0,2,240,mitdb/209,test
0,2,241,mitdb/209,test
0,2,242,mitdb/209,test
0,2,243,mitdb/209,test
0,2,244,mitdb/209,test
0,2,245,mitdb/209,test
0,2,246,mitdb/209,test
0,2,247,mitdb/209,test
0,2,248,mitdb/209,test
0,2,249,mitdb/209,test
0,2,340,mitdb/221,test
0,2,341,mitdb/221,test
0,2,342,mitdb/221,test
0,2,343,mitdb/221,test
0,2,344,mitdb/221,test
0,2,345,mitdb/221,test
0,2,346,mitdb/221,test
0,2,347,mitdb/221,test
0,2,348,mitdb/221,test
0,2,349,mitdb/221,test
0,2,360,mitdb/223,test
0,2,361,mitdb/223,test
0,2,362,mitdb/223,test
0,2,363,mitdb/223,test
0,2,364,mitdb/223,test
0,2,365,mitdb/223,test
0,2,366,mitdb/223,test
0,2,367,mitdb/223,test
0,2,368,mitdb/223,test
0,2,369,mitdb/223,test
0,2,390,mitdb/231,test
0,2,391,mitdb/231,test
0,2,392,mitdb/231,test
0,2,393,mitdb/231,test
0,2,394,mitdb/231,test
0,2,395,mitdb/231,test
0,2,396,mitdb/231,test
0,2,397,mitdb/231,test
0,2,398,mitdb/231,test
0,2,399,mitdb/231,test
0,2,450,mitdb/101,test
0,2,451,mitdb/101,test
0,2,452,mitdb/101,test
0,2,453,mitdb/101,test
0,2,454,mitdb/101,test
0,2,455,mitdb/101,test
0,2,456,mitdb/101,test
0,2,457,mitdb/101,test
0,2,458,mitdb/101,test
0,2,459,mitdb/101,test
0,2,560,mitdb/112,test
0,2,561,mitdb/112,test
0,2,562,mitdb/112,test
0,2,563,mitdb/112,test
0,2,564,mitdb/112,test
0,2,565,mitdb/112,test
0,2,566,mitdb/112,test
0,2,567,mitdb/112,test
0,2,568,mitdb/112,test
0,2,569,mitdb/112,test
0,2,590,mitdb/115,test
0,2,591,mitdb/115,test
0,2,592,mitdb/115,test
0,2,593,mitdb/115,test
0,2,594,mitdb/115,test
0,2,595,mitdb/115,test
0,2,596,mitdb/115,test
0,2,597,mitdb/115,test
0,2,598,mitdb/115,test
0,2,599,mitdb/115,test
0,2,620,mitdb/118,test
0,2,621,mitdb/118,test
0,2,622,mitdb/118,test
0,2,623,mitdb/118,test
0,2,624,mitdb/118,test
0,2,625,mitdb/118,test
0,2,626,mitdb/118,test
0,2,627,mitdb/118,test
0,2,628,mitdb/118,test
0,2,629,mitdb/118,test
0,2,700,mitdb/201-202,test
0,2,701,mitdb/201-202,test
0,2,702,mitdb/201-202,test
0,2,703,mitdb/201-202,test
0,2,704,mitdb/201-202,test
0,2,705,mitdb/201-202,test
0,2,706,mitdb/201-202,test
0,2,707,mitdb/201-202,test
0,2,708,mitdb/201-202,test
0,2,709,mitdb/201-202,test
0,2,710,mitdb/201-202,test
0,2,711,mitdb/201-202,test
0,2,712,mitdb/201-202,test
0,2,713,mitdb/201-202,test
0,2,714,mitdb/201-202,test
0,2,715,mitdb/201-202,test
0,2,716,mitdb/201-202,test
0,2,717,mitdb/201-202,test
0,2,718,mitdb/201-202,test
0,2,719,mitdb/201-202,test
0,2,760,mitdb/209,test
0,2,761,mitdb/209,test
0,2,762,mitdb/209,test
0,2,763,mitdb/209,test
0,2,764,mitdb/209,test
0,2,765,mitdb/209,test
0,2,766,mitdb/209,test
0,2,767,mitdb/209,test
0,2,768,mitdb/209,test
0,2,769,mitdb/209,test
0,2,860,mitdb/221,test
0,2,861,mitdb/221,test
0,2,862,mitdb/221,test
0,2,863,mitdb/221,test
0,2,864,mitdb/221,test
0,2,865,mitdb/221,test
0,2,866,mitdb/221,test
0,2,867,mitdb/221,test
0,2,868,mitdb/221,test
0,2,869,mitdb/221,test
0,2,890,mitdb/223,test
0,2,891,mitdb/223,test
0,2,892,mitdb/223,test
0,2,893,mitdb/223,test
0,2,894,mitdb/223,test
0,2,895,mitdb/223,test
0,2,896,mitdb/223,test
0,2,897,mitdb/223,test
0,2,898,mitdb/223,test
0,2,899,mitdb/223,test
0,2,920,mitdb/231,test
0,2,921,mitdb/231,test
0,2,922,mitdb/231,test
0,2,923,mitdb/231,test
0,2,924,mitdb/231,test
0,2,925,mitdb/231,test
0,2,926,mitdb/231,test
0,2,927,mitdb/231,test
0,2,928,mitdb/231,test
0,2,929,mitdb/231,test
0,2,980,chfdb/chf11,test
0,2,981,chfdb/chf11,test
0,2,982,chfdb/chf11,test
0,2,983,chfdb/chf11,test
0,2,984,chfdb/chf11,test
0,2,985,chfdb/chf11,test
0,2,986,chfdb/chf11,test
0,2,987,chfdb/chf11,test
0,2,988,chfdb/chf11,test
0,2,989,chfdb/chf11,test
0,2,1010,chfdb/chf14,test
0,2,1011,chfdb/chf14,test
0,2,1012,chfdb/chf14,test
0,2,1013,chfdb/chf14,test
0,2,1014,chfdb/chf14,test
0,2,1015,chfdb/chf14,test
0,2,1016,chfdb/chf14,test
0,2,1017,chfdb/chf14,test
0,2,1018,chfdb/chf14,test
0,2,1019,chfdb/chf14,test
0,2,1060,chfdb/chf04,test
0,2,1061,chfdb/chf04,test
0,2,1062,chfdb/chf04,test
0,2,1063,chfdb/chf04,test
0,2,1064,chfdb/chf04,test
0,2,1065,chfdb/chf04,test
0,2,1066,chfdb/chf04,test
0,2,1067,chfdb/chf04,test
0,2,1068,chfdb/chf04,test
0,2,1069,chfdb/chf04,test
0,2,1140,chfdb/chf11,test
0,2,1141,chfdb/chf11,test
0,2,1142,chfdb/chf11,test
0,2,1143,chfdb/chf11,test
0,2,1144,chfdb/chf11,test
0,2,1145,chfdb/chf11,test
0,2,1146,chfdb/chf11,test
0,2,1147,chfdb/chf11,test
0,2,1148,chfdb/chf11,test
0,2,1149,chfdb/chf11,test
0,2,1170,chfdb/chf14,test
0,2,1171,chfdb/chf14,test
0,2,1172,chfdb/chf14,test
0,2,1173,chfdb/chf14,test
0,2,1174,chfdb/chf14,test
0,2,1175,chfdb/chf14,test
0,2,1176,chfdb/chf14,test
0,2,1177,chfdb/chf14,test
0,2,1178,chfdb/chf14,test
0,2,1179,chfdb/chf14,test
0,2,1200,chfdb/chf04,test
0,2,1201,chfdb/chf04,test
0,2,1202,chfdb/chf04,test
0,2,1203,chfdb/chf04,test
0,2,1204,chfdb/chf04,test
0,2,1205,chfdb/chf04,test
0,2,1206,chfdb/chf04,test
0,2,1207,chfdb/chf04,test
0,2,1208,chfdb/chf04,test
0,2,1209,chfdb/chf04,test
0,2,1260,nsrdb/16265,test
0,2,1261,nsrdb/16265,test
0,2,1262,nsrdb/16265,test
0,2,1263,nsrdb/16265,test
0,2,1264,nsrdb/16265,test
0,2,1265,nsrdb/16265,test
0,2,1266,nsrdb/16265,test
0,2,1267,nsrdb/16265,test
0,2,1268,nsrdb/16265,test
0,2,1269,nsrdb/16265,test
0,2,1320,nsrdb/19090,test
0,2,1321,nsrdb/19090,test
0,2,1322,nsrdb/19090,test
0,2,1323,nsrdb/19090,test
0,2,1324,nsrdb/19090,test
0,2,1325,nsrdb/19090,test
0,2,1326,nsrdb/19090,test
0,2,1327,nsrdb/19090,test
0,2,1328,nsrdb/19090,test
0,2,1329,nsrdb/19090,test
0,2,1340,nsrdb/19140,test
0,2,1341,nsrdb/19140,test
0,2,1342,nsrdb/19140,test
0,2,1343,nsrdb/19140,test
0,2,1344,nsrdb/19140,test
0,2,1345,nsrdb/19140,test
0,2,1346,nsrdb/19140,test
0,2,1347,nsrdb/19140,test
0,2,1348,nsrdb/19140,test
0,2,1349,nsrdb/19140,test
0,2,1360,nsrdb/16265,test
0,2,1361,nsrdb/16265,test
0,2,1362,nsrdb/16265,test
0,2,1363,nsrdb/16265,test
0,2,1364,nsrdb/16265,test
0,2,1365,nsrdb/16265,test
0,2,1366,nsrdb/16265,test
0,2,1367,nsrdb/16265,test
0,2,1368,nsrdb/16265,test
0,2,1369,nsrdb/16265,test
0,2,1440,nsrdb/16786,test
0,2,1441,nsrdb/16786,test
0,2,1442,nsrdb/16786,test
0,2,1443,nsrdb/16786,test
0,2,1444,nsrdb/16786,test
0,2,1445,nsrdb/16786,test
0,2,1446,nsrdb/16786,test
0,2,1447,nsrdb/16786,test
0,2,1448,nsrdb/16786,test
0,2,1449,nsrdb/16786,test
0,2,1520,nsrdb/19090,test
0,2,1521,nsrdb/19090,test
0,2,1522,nsrdb/19090,test
0,2,1523,nsrdb/19090,test
0,2,1524,nsrdb/19090,test
0,2,1525,nsrdb/19090,test
0,2,1526,nsrdb/19090,test
0,2,1527,nsrdb/19090,test
0,2,1528,nsrdb/19090,test
0,2,1529,nsrdb/19090,test
0,2,1540,nsrdb/19140,test
0,2,1541,nsrdb/19140,test
0,2,1542,nsrdb/19140,test
0,2,1543,nsrdb/19140,test
0,2,1544,nsrdb/19140,test
0,2,1545,nsrdb/19140,test
0,2,1546,nsrdb/19140,test
0,2,1547,nsrdb/19140,test
0,2,1548,nsrdb/19140,test
0,2,1549,nsrdb/19140,test
0,2,1600,nsrdb/16786,test
0,2,1601,nsrdb/16786,test
0,2,1602,nsrdb/16786,test
0,2,1603,nsrdb/16786,test
0,2,1604,nsrdb/16786,test
0,2,1605,nsrdb/16786,test
0,2,1606,nsrdb/16786,test
0,2,1607,nsrdb/16786,test
0,2,1608,nsrdb/16786,test
0,2,1609,nsrdb/16786,test
1,0,10,mitdb/109,train
1,0,11,mitdb/109,train
1,0,12,mitdb/109,train
1,0,13,mitdb/109,train
1,0,14,mitdb/109,train
1,0,15,mitdb/109,train
1,0,16,mitdb/109,train
1,0,17,mitdb/109,train
1,0,18,mitdb/109,train
1,0,19,mitdb/109,train
1,0,30,mitdb/112,train
1,0,31,mitdb/112,train
1,0,32,mitdb/112,train
1,0,33,mitdb/112,train
1,0,34,mitdb/112,train
1,0,35,mitdb/112,train
1,0,36,mitdb/112,train
1,0,37,mitdb/112,train
1,0,38,mitdb/112,train
1,0,39,mitdb/112,train
1,0,90,mitdb/118,train
1,0,91,mitdb/118,train
1,0,92,mitdb/118,train
1,0,93,mitdb/118,train
1,0,94,mitdb/118,train
1,0,95,mitdb/118,train
1,0,96,mitdb/118,train
1,0,97,mitdb/118,train
1,0,98,mitdb/118,train
1,0,99,mitdb/118,train
1,0,110,mitdb/101,train
1,0,111,mitdb/101,train
1,0,112,mitdb/101,train
1,0,113,mitdb/101,train
1,0,114,mitdb/101,train
1,0,115,mitdb/101,train
1,0,116,mitdb/101,train
1,0,117,mitdb/101,train
1,0,118,mitdb/101,train
1,0,119,mitdb/101,train
1,0,120,mitdb/121,train
1,0,121,mitdb/121,train
1,0,122,mitdb/121,train
1,0,123,mitdb/121,train
1,0,124,mitdb/121,train
1,0,125,mitdb/121,train
1,0,126,mitdb/121,train
1,0,127,mitdb/121,train
1,0,128,mitdb/121,train
1,0,129,mitdb/121,train
1,0,130,mitdb/122,train
1,0,131,mitdb/122,train
1,0,132,mitdb/122,train
1,0,133,mitdb/122,train
1,0,134,mitdb/122,train
1,0,135,mitdb/122,train
1,0,136,mitdb/122,train
1,0,137,mitdb/122,train
1,0,138,mitdb/122,train
1,0,139,mitdb/122,train
1,0,140,mitdb/123,train
1,0,141,mitdb/123,train
1,0,142,mitdb/123,train
1,0,143,mitdb/123,train
1,0,144,mitdb/123,train
1,0,145,mitdb/123,train
1,0,146,mitdb/123,train
1,0,147,mitdb/123,train
1,0,148,mitdb/123,train
1,0,149,mitdb/123,train
1,0,150,mitdb/124,train
1,0,151,mitdb/124,train
1,0,152,mitdb/124,train
1,0,153,mitdb/124,train
1,0,154,mitdb/124,train
1,0,155,mitdb/124,train
1,0,156,mitdb/124,train
1,0,157,mitdb/124,train
1,0,158,mitdb/124,train
1,0,159,mitdb/124,train
1,0,160,mitdb/200,train
1,0,161,mitdb/200,train
1,0,162,mitdb/200,train
1,0,163,mitdb/200,train
1,0,164,mitdb/200,train
1,0,165,mitdb/200,train
1,0,166,mitdb/200,train
1,0,167,mitdb/200,train
1,0,168,mitdb/200,train
1,0,169,mitdb/200,train
1,0,170,mitdb/201-202,train
1,0,171,mitdb/201-202,train
1,0,172,mitdb/201-202,train
1,0,173,mitdb/201-202,train
1,0,174,mitdb/201-202,train
1,0,175,mitdb/201-202,train
1,0,176,mitdb/201-202,train
1,0,177,mitdb/201-202,train
1,0,178,mitdb/201-202,train
1,0,179,mitdb/201-202,train
1,0,180,mitdb/201-202,train
1,0,181,mitdb/201-202,train
1,0,182,mitdb/201-202,train
1,0,183,mitdb/201-202,train
1,0,184,mitdb/201-202,train
1,0,185,mitdb/201-202,train
1,0,186,mitdb/201-202,train
1,0,187,mitdb/201-202,train
1,0,188,mitdb/201-202,train
1,0,189,mitdb/201-202,train
1,0,190,mitdb/203,train
1,0,191,mitdb/203,train
1,0,192,mitdb/203,train
1,0,193,mitdb/203,train
1,0,194,mitdb/203,train
1,0,195,mitdb/203,train
1,0,196,mitdb/203,train
1,0,197,mitdb/203,train
1,0,198,mitdb/203,train
1,0,199,mitdb/203,train
1,0,200,mitdb/205,train
1,0,201,mitdb/205,train
1,0,202,mitdb/205,train
1,0,203,mitdb/205,train
1,0,204,mitdb/205,train
1,0,205,mitdb/205,train
1,0,206,mitdb/205,train
1,0,207,mitdb/205,train
1,0,208,mitdb/205,train
1,0,209,mitdb/205,train
1,0,240,mitdb/209,train
1,0,241,mitdb/209,train
1,0,242,mitdb/209,train
1,0,243,mitdb/209,train
1,0,244,mitdb/209,train
1,0,245,mitdb/209,train
1,0,246,mitdb/209,train
1,0,247,mitdb/209,train
1,0,248,mitdb/209,train
1,0,249,mitdb/209,train
1,0,260,mitdb/212,train
1,0,261,mitdb/212,train
1,0,262,mitdb/212,train
1,0,263,mitdb/212,train
1,0,264,mitdb/212,train
1,0,265,mitdb/212,train
1,0,266,mitdb/212,train
1,0,267,mitdb/212,train
1,0,268,mitdb/212,train
1,0,269,mitdb/212,train
1,0,340,mitdb/221,train
1,0,341,mitdb/221,train
1,0,342,mitdb/221,train
1,0,343,mitdb/221,train
1,0,344,mitdb/221,train
1,0,345,mitdb/221,train
1,0,346,mitdb/221,train
1,0,347,mitdb/221,train
1,0,348,mitdb/221,train
1,0,349,mitdb/221,train
1,0,350,mitdb/222,train
1,0,351,mitdb/222,train
1,0,352,mitdb/222,train
1,0,353,mitdb/222,train
1,0,354,mitdb/222,train
1,0,355,mitdb/222,train
1,0,356,mitdb/222,train
1,0,357,mitdb/222,train
1,0,358,mitdb/222,train
1,0,359,mitdb/222,train
1,0,360,mitdb/223,train
1,0,361,mitdb/223,train
1,0,362,mitdb/223,train
1,0,363,mitdb/223,train
1,0,364,mitdb/223,train
1,0,365,mitdb/223,train
1,0,366,mitdb/223,train
1,0,367,mitdb/223,train
1,0,368,mitdb/223,train
1,0,369,mitdb/223,train
1,0,380,mitdb/230,train
1,0,381,mitdb/230,train
1,0,382,mitdb/230,train
1,0,383,mitdb/230,train
1,0,384,mitdb/230,train
1,0,385,mitdb/230,train
1,0,386,mitdb/230,train
1,0,387,mitdb/230,train
1,0,388,mitdb/230,train
1,0,389,mitdb/230,train
1,0,390,mitdb/231,train
1,0,391,mitdb/231,train
1,0,392,mitdb/231,train
1,0,393,mitdb/231,train
1,0,394,mitdb/231,train
1,0,395,mitdb/231,train
1,0,396,mitdb/231,train
1,0,397,mitdb/231,train
1,0,398,mitdb/231,train
1,0,399,mitdb/231,train
1,0,400,mitdb/232,train
1,0,401,mitdb/232,train
1,0,402,mitdb/232,train
1,0,403,mitdb/232,train
1,0,404,mitdb/232,train
1,0,405,mitdb/232,train
1,0,406,mitdb/232,train
1,0,407,mitdb/232,train
1,0,408,mitdb/232,train
1,0,409,mitdb/232,train
1,0,410,mitdb/233,train
1,0,411,mitdb/233,train
1,0,412,mitdb/233,train
1,0,413,mitdb/233,train
1,0,414,mitdb/233,train
1,0,415,mitdb/233,train
1,0,416,mitdb/233,train
1,0,417,mitdb/233,train
1,0,418,mitdb/233,train
1,0,419,mitdb/233,train
1,0,440,mitdb/104,train
1,0,441,mitdb/104,train
1,0,442,mitdb/104,train
1,0,443,mitdb/104,train
1,0,444,mitdb/104,train
1,0,445,mitdb/104,train
1,0,446,mitdb/104,train
1,0,447,mitdb/104,train
1,0,448,mitdb/104,train
1,0,449,mitdb/104,train
1,0,450,mitdb/101,train
1,0,451,mitdb/101,train
1,0,452,mitdb/101,train
1,0,453,mitdb/101,train
1,0,454,mitdb/101,train
1,0,455,mitdb/101,train
1,0,456,mitdb/101,train
1,0,457,mitdb/101,train
1,0,458,mitdb/101,train
1,0,459,mitdb/101,train
1,0,480,mitdb/104,train
1,0,481,mitdb/104,train
1,0,482,mitdb/104,train
1,0,483,mitdb/104,train
1,0,484,mitdb/104,train
1,0,485,mitdb/104,train
1,0,486,mitdb/104,train
1,0,487,mitdb/104,train
1,0,488,mitdb/104,train
1,0,489,mitdb/104,train
1,0,490,mitdb/105,train
1,0,491,mitdb/105,train
1,0,492,mitdb/105,train
1,0,493,mitdb/105,train
1,0,494,mitdb/105,train
1,0,495,mitdb/105,train
1,0,496,mitdb/105,train
1,0,497,mitdb/105,train
1,0,498,mitdb/105,train
1,0,499,mitdb/105,train
1,0,500,mitdb/106,train
1,0,501,mitdb/106,train
1,0,502,mitdb/106,train
1,0,503,mitdb/106,train
1,0,504,mitdb/106,train
1,0,505,mitdb/106,train
1,0,506,mitdb/106,train
1,0,507,mitdb/106,train
1,0,508,mitdb/106,train
1,0,509,mitdb/106,train
1,0,520,mitdb/108,train
1,0,521,mitdb/108,train
1,0,522,mitdb/108,train
1,0,523,mitdb/108,train
1,0,524,mitdb/108,train
1,0,525,mitdb/108,train
1,0,526,mitdb/108,train
1,0,527,mitdb/108,train
1,0,528,mitdb/108,train
1,0,529,mitdb/108,train
1,0,530,mitdb/109,train
1,0,531,mitdb/109,train
1,0,532,mitdb/109,train
1,0,533,mitdb/109,train
1,0,534,mitdb/109,train
1,0,535,mitdb/109,train
1,0,536,mitdb/109,train
1,0,537,mitdb/109,train
1,0,538,mitdb/109,train
1,0,539,mitdb/109,train
1,0,550,mitdb/105,train
1,0,551,mitdb/105,train
1,0,552,mitdb/105,train
1,0,553,mitdb/105,train
1,0,554,mitdb/105,train
1,0,555,mitdb/105,train
1,0,556,mitdb/105,train
1,0,557,mitdb/105,train
1,0,558,mitdb/105,train
1,0,559,mitdb/105,train
1,0,560,mitdb/112,train
1,0,561,mitdb/112,train
1,0,562,mitdb/112,train
1,0,563,mitdb/112,train
1,0,564,mitdb/112,train
1,0,565,mitdb/112,train
1,0,566,mitdb/112,train
1,0,567,mitdb/112,train
1,0,568,mitdb/112,train
1,0,569,mitdb/112,train
1,0,620,mitdb/118,train
1,0,621,mitdb/118,train
1,0,622,mitdb/118,train
1,0,623,mitdb/118,train
1,0,624,mitdb/118,train
1,0,625,mitdb/118,train
1,0,626,mitdb/118,train
1,0,627,mitdb/118,train
1,0,628,mitdb/118,train
1,0,629,mitdb/118,train
1,0,640,mitdb/121,train
1,0,641,mitdb/121,train
1,0,642,mitdb/121,train
1,0,643,mitdb/121,train
1,0,644,mitdb/121,train
1,0,645,mitdb/121,train
1,0,646,mitdb/121,train
1,0,647,mitdb/121,train
1,0,648,mitdb/121,train
1,0,649,mitdb/121,train
1,0,650,mitdb/122,train
1,0,651,mitdb/122,train
1,0,652,mitdb/122,train
1,0,653,mitdb/122,train
1,0,654,mitdb/122,train
1,0,655,mitdb/122,train
1,0,656,mitdb/122,train
1,0,657,mitdb/122,train
1,0,658,mitdb/122,train
1,0,659,mitdb/122,train
1,0,660,mitdb/106,train
1,0,661,mitdb/106,train
1,0,662,mitdb/106,train
1,0,663,mitdb/106,train
1,0,664,mitdb/106,train
1,0,665,mitdb/106,train
1,0,666,mitdb/106,train
1,0,667,mitdb/106,train
1,0,668,mitdb/106,train
1,0,669,mitdb/106,train
1,0,670,mitdb/123,train
1,0,671,mitdb/123,train
1,0,672,mitdb/123,train
1,0,673,mitdb/123,train
1,0,674,mitdb/123,train
1,0,675,mitdb/123,train
1,0,676,mitdb/123,train
1,0,677,mitdb/123,train
1,0,678,mitdb/123,train
1,0,679,mitdb/123,train
1,0,680,mitdb/124,train
1,0,681,mitdb/124,train
1,0,682,mitdb/124,train
1,0,683,mitdb/124,train
1,0,684,mitdb/124,train
1,0,685,mitdb/124,train
1,0,686,mitdb/124,train
1,0,687,mitdb/124,train
1,0,688,mitdb/124,train
1,0,689,mitdb/124,train
1,0,690,mitdb/200,train
1,0,691,mitdb/200,train
1,0,692,mitdb/200,train
1,0,693,mitdb/200,train
1,0,694,mitdb/200,train
1,0,695,mitdb/200,train
1,0,696,mitdb/200,train
1,0,697,mitdb/200,train
1,0,698,mitdb/200,train
1,0,699,mitdb/200,train
1,0,700,mitdb/201-202,train
1,0,701,mitdb/201-202,train
1,0,702,mitdb/201-202,train
1,0,703,mitdb/201-202,train
1,0,704,mitdb/201-202,train
1,0,705,mitdb/201-202,train
1,0,706,mitdb/201-202,train
1,0,707,mitdb/201-202,train
1,0,708,mitdb/201-202,train
1,0,709,mitdb/201-202,train
1,0,710,mitdb/201-202,train
1,0,711,mitdb/201-202,train
1,0,712,mitdb/201-202,train
1,0,713,mitdb/201-202,train
1,0,714,mitdb/201-202,train
1,0,715,mitdb/201-202,train
1,0,716,mitdb/201-202,train
1,0,717,mitdb/201-202,train
1,0,718,mitdb/201-202,train
1,0,719,mitdb/201-202,train
1,0,720,mitdb/203,train
1,0,721,mitdb/203,train
1,0,722,mitdb/203,train
1,0,723,mitdb/203,train
1,0,724,mitdb/203,train
1,0,725,mitdb/203,train
1,0,726,mitdb/203,train
1,0,727,mitdb/203,train
1,0,728,mitdb/203,train
1,0,729,mitdb/203,train
1,0,730,mitdb/205,train
1,0,731,mitdb/205,train
1,0,732,mitdb/205,train
1,0,733,mitdb/205,train
1,0,734,mitdb/205,train
1,0,735,mitdb/205,train
1,0,736,mitdb/205,train
1,0,737,mitdb/205,train
1,0,738,mitdb/205,train
1,0,739,mitdb/205,train
1,0,760,mitdb/209,train
1,0,761,mitdb/209,train
1,0,762,mitdb/209,train
1,0,763,mitdb/209,train
1,0,764,mitdb/209,train
1,0,765,mitdb/209,train
1,0,766,mitdb/209,train
1,0,767,mitdb/209,train
1,0,768,mitdb/209,train
1,0,769,mitdb/209,train
1,0,790,mitdb/212,train
1,0,791,mitdb/212,train
1,0,792,mitdb/212,train
1,0,793,mitdb/212,train
1,0,794,mitdb/212,train
1,0,795,mitdb/212,train
1,0,796,mitdb/212,train
1,0,797,mitdb/212,train
1,0,798,mitdb/212,train
1,0,799,mitdb/212,train
1,0,860,mitdb/221,train
1,0,861,mitdb/221,train
1,0,862,mitdb/221,train
1,0,863,mitdb/221,train
1,0,864,mitdb/221,train
1,0,865,mitdb/221,train
1,0,866,mitdb/221,train
1,0,867,mitdb/221,train
1,0,868,mitdb/221,train
1,0,869,mitdb/221,train
1,0,870,mitdb/222,train
1,0,871,mitdb/222,train
1,0,872,mitdb/222,train
1,0,873,mitdb/222,train
1,0,874,mitdb/222,train
1,0,875,mitdb/222,train
1,0,876,mitdb/222,train
1,0,877,mitdb/222,train
1,0,878,mitdb/222,train
1,0,879,mitdb/222,train
1,0,880,mitdb/108,train
1,0,881,mitdb/108,train
1,0,882,mitdb/108,train
1,0,883,mitdb/108,train
1,0,884,mitdb/108,train
1,0,885,mitdb/108,train
1,0,886,mitdb/108,train
1,0,887,mitdb/108,train
1,0,888,mitdb/108,train
1,0,889,mitdb/108,train
1,0,890,mitdb/223,train
1,0,891,mitdb/223,train
1,0,892,mitdb/223,train
1,0,893,mitdb/223,train
1,0,894,mitdb/223,train
1,0,895,mitdb/223,train
1,0,896,mitdb/223,train
1,0,897,mitdb/223,train
1,0,898,mitdb/223,train
1,0,899,mitdb/223,train
1,0,910,mitdb/230,train
1,0,911,mitdb/230,train
1,0,912,mitdb/230,train
1,0,913,mitdb/230,train
1,0,914,mitdb/230,train
1,0,915,mitdb/230,train
1,0,916,mitdb/230,train
1,0,917,mitdb/230,train
1,0,918,mitdb/230,train
1,0,919,mitdb/230,train
1,0,920,mitdb/231,train
1,0,921,mitdb/231,train
1,0,922,mitdb/231,train
1,0,923,mitdb/231,train
1,0,924,mitdb/231,train
1,0,925,mitdb/231,train
1,0,926,mitdb/231,train
1,0,927,mitdb/231,train
1,0,928,mitdb/231,train
1,0,929,mitdb/231,train
1,0,930,mitdb/232,train
1,0,931,mitdb/232,train
1,0,932,mitdb/232,train
1,0,933,mitdb/232,train
1,0,934,mitdb/232,train
1,0,935,mitdb/232,train
1,0,936,mitdb/232,train
1,0,937,mitdb/232,train
1,0,938,mitdb/232,train
1,0,939,mitdb/232,train
1,0,940,mitdb/233,train
1,0,941,mitdb/233,train
1,0,942,mitdb/233,train
1,0,943,mitdb/233,train
1,0,944,mitdb/233,train
1,0,945,mitdb/233,train
1,0,946,mitdb/233,train
1,0,947,mitdb/233,train
1,0,948,mitdb/233,train
1,0,949,mitdb/233,train
1,0,970,chfdb/chf10,train
1,0,971,chfdb/chf10,train
1,0,972,chfdb/chf10,train
1,0,973,chfdb/chf10,train
1,0,974,chfdb/chf10,train
1,0,975,chfdb/chf10,train
1,0,976,chfdb/chf10,train
1,0,977,chfdb/chf10,train
1,0,978,chfdb/chf10,train
1,0,979,chfdb/chf10,train
1,0,980,chfdb/chf11,train
1,0,981,chfdb/chf11,train
1,0,982,chfdb/chf11,train
1,0,983,chfdb/chf11,train
1,0,984,chfdb/chf11,train
1,0,985,chfdb/chf11,train
1,0,986,chfdb/chf11,train
1,0,987,chfdb/chf11,train
1,0,988,chfdb/chf11,train
1,0,989,chfdb/chf11,train
1,0,1010,chfdb/chf14,train
1,0,1011,chfdb/chf14,train
1,0,1012,chfdb/chf14,train
1,0,1013,chfdb/chf14,train
1,0,1014,chfdb/chf14,train
1,0,1015,chfdb/chf14,train
1,0,1016,chfdb/chf14,train
1,0,1017,chfdb/chf14,train
1,0,1018,chfdb/chf14,train
1,0,1019,chfdb/chf14,train
1,0,1020,chfdb/chf15,train
1,0,1021,chfdb/chf15,train
1,0,1022,chfdb/chf15,train
1,0,1023,chfdb/chf15,train
1,0,1024,chfdb/chf15,train
1,0,1025,chfdb/chf15,train
1,0,1026,chfdb/chf15,train
1,0,1027,chfdb/chf15,train
1,0,1028,chfdb/chf15,train
1,0,1029,chfdb/chf15,train
1,0,1050,chfdb/chf03,train
1,0,1051,chfdb/chf03,train
1,0,1052,chfdb/chf03,train
1,0,1053,chfdb/chf03,train
1,0,1054,chfdb/chf03,train
1,0,1055,chfdb/chf03,train
1,0,1056,chfdb/chf03,train
1,0,1057,chfdb/chf03,train
1,0,1058,chfdb/chf03,train
1,0,1059,chfdb/chf03,train
1,0,1100,chfdb/chf07,train
1,0,1101,chfdb/chf07,train
1,0,1102,chfdb/chf07,train
1,0,1103,chfdb/chf07,train
1,0,1104,chfdb/chf07,train
1,0,1105,chfdb/chf07,train
1,0,1106,chfdb/chf07,train
1,0,1107,chfdb/chf07,train
1,0,1108,chfdb/chf07,train
1,0,1109,chfdb/chf07,train
1,0,1110,chfdb/chf08,train
1,0,1111,chfdb/chf08,train
1,0,1112,chfdb/chf08,train
1,0,1113,chfdb/chf08,train
1,0,1114,chfdb/chf08,train
1,0,1115,chfdb/chf08,train
1,0,1116,chfdb/chf08,train
1,0,1117,chfdb/chf08,train
1,0,1118,chfdb/chf08,train
1,0,1119,chfdb/chf08,train
1,0,1120,chfdb/chf09,train
1,0,1121,chfdb/chf09,train
1,0,1122,chfdb/chf09,train
1,0,1123,chfdb/chf09,train
1,0,1124,chfdb/chf09,train
1,0,1125,chfdb/chf09,train
1,0,1126,chfdb/chf09,train
1,0,1127,chfdb/chf09,train
1,0,1128,chfdb/chf09,train
1,0,1129,chfdb/chf09,train
1,0,1130,chfdb/chf10,train
1,0,1131,chfdb/chf10,train
1,0,1132,chfdb/chf10,train
1,0,1133,chfdb/chf10,train
1,0,1134,chfdb/chf10,train
1,0,1135,chfdb/chf10,train
1,0,1136,chfdb/chf10,train
1,0,1137,chfdb/chf10,train
1,0,1138,chfdb/chf10,train
1,0,1139,chfdb/chf10,train
1,0,1140,chfdb/chf11,train
1,0,1141,chfdb/chf11,train
1,0,1142,chfdb/chf11,train
1,0,1143,chfdb/chf11,train
1,0,1144,chfdb/chf11,train
1,0,1145,chfdb/chf11,train
1,0,1146,chfdb/chf11,train
1,0,1147,chfdb/chf11,train
1,0,1148,chfdb/chf11,train
1,0,1149,chfdb/chf11,train
1,0,1170,chfdb/chf14,train
1,0,1171,chfdb/chf14,train
1,0,1172,chfdb/chf14,train
1,0,1173,chfdb/chf14,train
1,0,1174,chfdb/chf14,train
1,0,1175,chfdb/chf14,train
1,0,1176,chfdb/chf14,train
1,0,1177,chfdb/chf14,train
1,0,1178,chfdb/chf14,train
1,0,1179,chfdb/chf14,train
1,0,1180,chfdb/chf03,train
1,0,1181,chfdb/chf03,train
1,0,1182,chfdb/chf03,train
1,0,1183,chfdb/chf03,train
1,0,1184,chfdb/chf03,train
1,0,1185,chfdb/chf03,train
1,0,1186,chfdb/chf03,train
1,0,1187,chfdb/chf03,train
1,0,1188,chfdb/chf03,train
1,0,1189,chfdb/chf03,train
1,0,1190,chfdb/chf15,train
1,0,1191,chfdb/chf15,train
1,0,1192,chfdb/chf15,train
1,0,1193,chfdb/chf15,train
1,0,1194,chfdb/chf15,train
1,0,1195,chfdb/chf15,train
1,0,1196,chfdb/chf15,train
1,0,1197,chfdb/chf15,train
1,0,1198,chfdb/chf15,train
1,0,1199,chfdb/chf15,train
1,0,1230,chfdb/chf07,train
1,0,1231,chfdb/chf07,train
1,0,1232,chfdb/chf07,train
1,0,1233,chfdb/chf07,train
1,0,1234,chfdb/chf07,train
1,0,1235,chfdb/chf07,train
1,0,1236,chfdb/chf07,train
1,0,1237,chfdb/chf07,train
1,0,1238,chfdb/chf07,train
1,0,1239,chfdb/chf07,train
1,0,1240,chfdb/chf08,train
1,0,1241,chfdb/chf08,train
1,0,1242,chfdb/chf08,train
1,0,1243,chfdb/chf08,train
1,0,1244,chfdb/chf08,train
1,0,1245,chfdb/chf08,train
1,0,1246,chfdb/chf08,train
1,0,1247,chfdb/chf08,train
1,0,1248,chfdb/chf08,train
1,0,1249,chfdb/chf08,train
1,0,1250,chfdb/chf09,train
1,0,1251,chfdb/chf09,train
1,0,1252,chfdb/chf09,train
1,0,1253,chfdb/chf09,train
1,0,1254,chfdb/chf09,train
1,0,1255,chfdb/chf09,train
1,0,1256,chfdb/chf09,train
1,0,1257,chfdb/chf09,train
1,0,1258,chfdb/chf09,train
1,0,1259,chfdb/chf09,train
1,0,1260,nsrdb/16265,train
1,0,1261,nsrdb/16265,train
1,0,1262,nsrdb/16265,train
1,0,1263,nsrdb/16265,train
1,0,1264,nsrdb/16265,train
1,0,1265,nsrdb/16265,train
1,0,1266,nsrdb/16265,train
1,0,1267,nsrdb/16265,train
1,0,1268,nsrdb/16265,train
1,0,1269,nsrdb/16265,train
1,0,1280,nsrdb/17453,train
1,0,1281,nsrdb/17453,train
1,0,1282,nsrdb/17453,train
1,0,1283,nsrdb/17453,train
1,0,1284,nsrdb/17453,train
1,0,1285,nsrdb/17453,train
1,0,1286,nsrdb/17453,train
1,0,1287,nsrdb/17453,train
1,0,1288,nsrdb/17453,train
1,0,1289,nsrdb/17453,train
1,0,1300,nsrdb/18184,train
1,0,1301,nsrdb/18184,train
1,0,1302,nsrdb/18184,train
1,0,1303,nsrdb/18184,train
1,0,1304,nsrdb/18184,train
1,0,1305,nsrdb/18184,train
1,0,1306,nsrdb/18184,train
1,0,1307,nsrdb/18184,train
1,0,1308,nsrdb/18184,train
1,0,1309,nsrdb/18184,train
1,0,1330,nsrdb/19093,train
1,0,1331,nsrdb/19093,train
1,0,1332,nsrdb/19093,train
1,0,1333,nsrdb/19093,train
1,0,1334,nsrdb/19093,train
1,0,1335,nsrdb/19093,train
1,0,1336,nsrdb/19093,train
1,0,1337,nsrdb/19093,train
1,0,1338,nsrdb/19093,train
1,0,1339,nsrdb/19093,train
1,0,1340,nsrdb/19140,train
1,0,1341,nsrdb/19140,train
1,0,1342,nsrdb/19140,train
1,0,1343,nsrdb/19140,train
1,0,1344,nsrdb/19140,train
1,0,1345,nsrdb/19140,train
1,0,1346,nsrdb/19140,train
1,0,1347,nsrdb/19140,train
1,0,1348,nsrdb/19140,train
1,0,1349,nsrdb/19140,train
1,0,1360,nsrdb/16265,train
1,0,1361,nsrdb/16265,train
1,0,1362,nsrdb/16265,train
1,0,1363,nsrdb/16265,train
1,0,1364,nsrdb/16265,train
1,0,1365,nsrdb/16265,train
1,0,1366,nsrdb/16265,train
1,0,1367,nsrdb/16265,train
1,0,1368,nsrdb/16265,train
1,0,1369,nsrdb/16265,train
1,0,1370,nsrdb/16272,train
1,0,1371,nsrdb/16272,train
1,0,1372,nsrdb/16272,train
1,0,1373,nsrdb/16272,train
1,0,1374,nsrdb/16272,train
1,0,1375,nsrdb/16272,train
1,0,1376,nsrdb/16272,train
1,0,1377,nsrdb/16272,train
1,0,1378,nsrdb/16272,train
1,0,1379,nsrdb/16272,train
1,0,1380,nsrdb/16272,train
1,0,1381,nsrdb/16272,train
1,0,1382,nsrdb/16272,train
1,0,1383,nsrdb/16272,train
1,0,1384,nsrdb/16272,train
1,0,1385,nsrdb/16272,train
1,0,1386,nsrdb/16272,train
1,0,1387,nsrdb/16272,train
1,0,1388,nsrdb/16272,train
1,0,1389,nsrdb/16272,train
1,0,1410,nsrdb/16483,train
1,0,1411,nsrdb/16483,train
1,0,1412,nsrdb/16483,train
1,0,1413,nsrdb/16483,train
1,0,1414,nsrdb/16483,train
1,0,1415,nsrdb/16483,train
1,0,1416,nsrdb/16483,train
1,0,1417,nsrdb/16483,train
1,0,1418,nsrdb/16483,train
1,0,1419,nsrdb/16483,train
1,0,1430,nsrdb/16773,train
1,0,1431,nsrdb/16773,train
1,0,1432,nsrdb/16773,train
1,0,1433,nsrdb/16773,train
1,0,1434,nsrdb/16773,train
1,0,1435,nsrdb/16773,train
1,0,1436,nsrdb/16773,train
1,0,1437,nsrdb/16773,train
1,0,1438,nsrdb/16773,train
1,0,1439,nsrdb/16773,train
1,0,1440,nsrdb/16786,train
1,0,1441,nsrdb/16786,train
1,0,1442,nsrdb/16786,train
1,0,1443,nsrdb/16786,train
1,0,1444,nsrdb/16786,train
1,0,1445,nsrdb/16786,train
1,0,1446,nsrdb/16786,train
1,0,1447,nsrdb/16786,train
1,0,1448,nsrdb/16786,train
1,0,1449,nsrdb/16786,train
1,0,1450,nsrdb/16795,train
1,0,1451,nsrdb/16795,train
1,0,1452,nsrdb/16795,train
1,0,1453,nsrdb/16795,train
1,0,1454,nsrdb/16795,train
1,0,1455,nsrdb/16795,train
1,0,1456,nsrdb/16795,train
1,0,1457,nsrdb/16795,train
1,0,1458,nsrdb/16795,train
1,0,1459,nsrdb/16795,train
1,0,1470,nsrdb/17453,train
1,0,1471,nsrdb/17453,train
1,0,1472,nsrdb/17453,train
1,0,1473,nsrdb/17453,train
1,0,1474,nsrdb/17453,train
1,0,1475,nsrdb/17453,train
1,0,1476,nsrdb/17453,train
1,0,1477,nsrdb/17453,train
1,0,1478,nsrdb/17453,train
1,0,1479,nsrdb/17453,train
1,0,1500,nsrdb/18184,train
1,0,1501,nsrdb/18184,train
1,0,1502,nsrdb/18184,train
1,0,1503,nsrdb/18184,train
1,0,1504,nsrdb/18184,train
1,0,1505,nsrdb/18184,train
1,0,1506,nsrdb/18184,train
1,0,1507,nsrdb/18184,train
1,0,1508,nsrdb/18184,train
1,0,1509,nsrdb/18184,train
1,0,1530,nsrdb/19093,train
1,0,1531,nsrdb/19093,train
1,0,1532,nsrdb/19093,train
1,0,1533,nsrdb/19093,train
1,0,1534,nsrdb/19093,train
1,0,1535,nsrdb/19093,train
1,0,1536,nsrdb/19093,train
1,0,1537,nsrdb/19093,train
1,0,1538,nsrdb/19093,train
1,0,1539,nsrdb/19093,train
1,0,1540,nsrdb/19140,train
1,0,1541,nsrdb/19140,train
1,0,1542,nsrdb/19140,train
1,0,1543,nsrdb/19140,train
1,0,1544,nsrdb/19140,train
1,0,1545,nsrdb/19140,train
1,0,1546,nsrdb/19140,train
1,0,1547,nsrdb/19140,train
1,0,1548,nsrdb/19140,train
1,0,1549,nsrdb/19140,train
1,0,1570,nsrdb/16483,train
1,0,1571,nsrdb/16483,train
1,0,1572,nsrdb/16483,train
1,0,1573,nsrdb/16483,train
1,0,1574,nsrdb/16483,train
1,0,1575,nsrdb/16483,train
1,0,1576,nsrdb/16483,train
1,0,1577,nsrdb/16483,train
1,0,1578,nsrdb/16483,train
1,0,1579,nsrdb/16483,train
1,0,1590,nsrdb/16773,train
1,0,1591,nsrdb/16773,train
1,0,1592,nsrdb/16773,train
1,0,1593,nsrdb/16773,train
1,0,1594,nsrdb/16773,train
1,0,1595,nsrdb/16773,train
1,0,1596,nsrdb/16773,train
1,0,1597,nsrdb/16773,train
1,0,1598,nsrdb/16773,train
1,0,1599,nsrdb/16773,train
1,0,1600,nsrdb/16786,train
1,0,1601,nsrdb/16786,train
1,0,1602,nsrdb/16786,train
1,0,1603,nsrdb/16786,train
1,0,1604,nsrdb/16786,train
1,0,1605,nsrdb/16786,train
1,0,1606,nsrdb/16786,train
1,0,1607,nsrdb/16786,train
1,0,1608,nsrdb/16786,train
1,0,1609,nsrdb/16786,train
1,0,1610,nsrdb/16795,train
1,0,1611,nsrdb/16795,train
1,0,1612,nsrdb/16795,train
1,0,1613,nsrdb/16795,train
1,0,1614,nsrdb/16795,train
1,0,1615,nsrdb/16795,train
1,0,1616,nsrdb/16795,train
1,0,1617,nsrdb/16795,train
1,0,1618,nsrdb/16795,train
1,0,1619,nsrdb/16795,train
1,0,0,mitdb/100,validation
1,0,1,mitdb/100,validation
1,0,2,mitdb/100,validation
1,0,3,mitdb/100,validation
1,0,4,mitdb/100,validation
1,0,5,mitdb/100,validation
1,0,6,mitdb/100,validation
1,0,7,mitdb/100,validation
1,0,8,mitdb/100,validation
1,0,9,mitdb/100,validation
1,0,40,mitdb/113,validation
1,0,41,mitdb/113,validation
1,0,42,mitdb/113,validation
1,0,43,mitdb/113,validation
1,0,44,mitdb/113,validation
1,0,45,mitdb/113,validation
1,0,46,mitdb/113,validation
1,0,47,mitdb/113,validation
1,0,48,mitdb/113,validation
1,0,49,mitdb/113,validation
1,0,60,mitdb/115,validation
1,0,61,mitdb/115,validation
1,0,62,mitdb/115,validation
1,0,63,mitdb/115,validation
1,0,64,mitdb/115,validation
1,0,65,mitdb/115,validation
1,0,66,mitdb/115,validation
1,0,67,mitdb/115,validation
1,0,68,mitdb/115,validation
1,0,69,mitdb/115,validation
1,0,70,mitdb/116,validation
1,0,71,mitdb/116,validation
1,0,72,mitdb/116,validation
1,0,73,mitdb/116,validation
1,0,74,mitdb/116,validation
1,0,75,mitdb/116,validation
1,0,76,mitdb/116,validation
1,0,77,mitdb/116,validation
1,0,78,mitdb/116,validation
1,0,79,mitdb/116,validation
1,0,80,mitdb/117,validation
1,0,81,mitdb/117,validation
1,0,82,mitdb/117,validation
1,0,83,mitdb/117,validation
1,0,84,mitdb/117,validation
1,0,85,mitdb/117,validation
1,0,86,mitdb/117,validation
1,0,87,mitdb/117,validation
1,0,88,mitdb/117,validation
1,0,89,mitdb/117,validation
1,0,100,mitdb/119,validation
1,0,101,mitdb/119,validation
1,0,102,mitdb/119,validation
1,0,103,mitdb/119,validation
1,0,104,mitdb/119,validation
1,0,105,mitdb/119,validation
1,0,106,mitdb/119,validation
1,0,107,mitdb/119,validation
1,0,108,mitdb/119,validation
1,0,109,mitdb/119,validation
1,0,210,mitdb/207,validation
1,0,211,mitdb/207,validation
1,0,212,mitdb/207,validation
1,0,213,mitdb/207,validation
1,0,214,mitdb/207,validation
1,0,215,mitdb/207,validation
1,0,216,mitdb/207,validation
1,0,217,mitdb/207,validation
1,0,218,mitdb/207,validation
1,0,219,mitdb/207,validation
1,0,250,mitdb/210,validation
1,0,251,mitdb/210,validation
1,0,252,mitdb/210,validation
1,0,253,mitdb/210,validation
1,0,254,mitdb/210,validation
1,0,255,mitdb/210,validation
1,0,256,mitdb/210,validation
1,0,257,mitdb/210,validation
1,0,258,mitdb/210,validation
1,0,259,mitdb/210,validation
1,0,270,mitdb/213,validation
1,0,271,mitdb/213,validation
1,0,272,mitdb/213,validation
1,0,273,mitdb/213,validation
1,0,274,mitdb/213,validation
1,0,275,mitdb/213,validation
1,0,276,mitdb/213,validation
1,0,277,mitdb/213,validation
1,0,278,mitdb/213,validation
1,0,279,mitdb/213,validation
1,0,320,mitdb/220,validation
1,0,321,mitdb/220,validation
1,0,322,mitdb/220,validation
1,0,323,mitdb/220,validation
1,0,324,mitdb/220,validation
1,0,325,mitdb/220,validation
1,0,326,mitdb/220,validation
1,0,327,mitdb/220,validation
1,0,328,mitdb/220,validation
1,0,329,mitdb/220,validation
1,0,330,mitdb/103,validation
1,0,331,mitdb/103,validation
1,0,332,mitdb/103,validation
1,0,333,mitdb/103,validation
1,0,334,mitdb/103,validation
1,0,335,mitdb/103,validation
1,0,336,mitdb/103,validation
1,0,337,mitdb/103,validation
1,0,338,mitdb/103,validation
1,0,339,mitdb/103,validation
1,0,370,mitdb/228,validation
1,0,371,mitdb/228,validation
1,0,372,mitdb/228,validation
1,0,373,mitdb/228,validation
1,0,374,mitdb/228,validation
1,0,375,mitdb/228,validation
1,0,376,mitdb/228,validation
1,0,377,mitdb/228,validation
1,0,378,mitdb/228,validation
1,0,379,mitdb/228,validation
1,0,420,mitdb/234,validation
1,0,421,mitdb/234,validation
1,0,422,mitdb/234,validation
1,0,423,mitdb/234,validation
1,0,424,mitdb/234,validation
1,0,425,mitdb/234,validation
1,0,426,mitdb/234,validation
1,0,427,mitdb/234,validation
1,0,428,mitdb/234,validation
1,0,429,mitdb/234,validation
1,0,430,mitdb/100,validation
1,0,431,mitdb/100,validation
1,0,432,mitdb/100,validation
1,0,433,mitdb/100,validation
1,0,434,mitdb/100,validation
1,0,435,mitdb/100,validation
1,0,436,mitdb/100,validation
1,0,437,mitdb/100,validation
1,0,438,mitdb/100,validation
1,0,439,mitdb/100,validation
1,0,470,mitdb/103,validation
1,0,471,mitdb/103,validation
1,0,472,mitdb/103,validation
1,0,473,mitdb/103,validation
1,0,474,mitdb/103,validation
1,0,475,mitdb/103,validation
1,0,476,mitdb/103,validation
1,0,477,mitdb/103,validation
1,0,478,mitdb/103,validation
1,0,479,mitdb/103,validation
1,0,570,mitdb/113,validation
1,0,571,mitdb/113,validation
1,0,572,mitdb/113,validation
1,0,573,mitdb/113,validation
1,0,574,mitdb/113,validation
1,0,575,mitdb/113,validation
1,0,576,mitdb/113,validation
1,0,577,mitdb/113,validation
1,0,578,mitdb/113,validation
1,0,579,mitdb/113,validation
1,0,590,mitdb/115,validation
1,0,591,mitdb/115,validation
1,0,592,mitdb/115,validation
1,0,593,mitdb/115,validation
1,0,594,mitdb/115,validation
1,0,595,mitdb/115,validation
1,0,596,mitdb/115,validation
1,0,597,mitdb/115,validation
1,0,598,mitdb/115,validation
1,0,599,mitdb/115,validation
1,0,600,mitdb/116,validation
1,0,601,mitdb/116,validation
1,0,602,mitdb/116,validation
1,0,603,mitdb/116,validation
1,0,604,mitdb/116,validation
1,0,605,mitdb/116,validation
1,0,606,mitdb/116,validation
1,0,607,mitdb/116,validation
1,0,608,mitdb/116,validation
1,0,609,mitdb/116,validation
1,0,610,mitdb/117,validation
1,0,611,mitdb/117,validation
1,0,612,mitdb/117,validation
1,0,613,mitdb/117,validation
1,0,614,mitdb/117,validation
1,0,615,mitdb/117,validation
1,0,616,mitdb/117,validation
1,0,617,mitdb/117,validation
1,0,618,mitdb/117,validation
1,0,619,mitdb/117,validation
1,0,630,mitdb/119,validation
1,0,631,mitdb/119,validation
1,0,632,mitdb/119,validation
1,0,633,mitdb/119,validation
1,0,634,mitdb/119,validation
1,0,635,mitdb/119,validation
1,0,636,mitdb/119,validation
1,0,637,mitdb/119,validation
1,0,638,mitdb/119,validation
1,0,639,mitdb/119,validation
1,0,740,mitdb/207,validation
1,0,741,mitdb/207,validation
1,0,742,mitdb/207,validation
1,0,743,mitdb/207,validation
1,0,744,mitdb/207,validation
1,0,745,mitdb/207,validation
1,0,746,mitdb/207,validation
1,0,747,mitdb/207,validation
1,0,748,mitdb/207,validation
1,0,749,mitdb/207,validation
1,0,780,mitdb/210,validation
1,0,781,mitdb/210,validation
1,0,782,mitdb/210,validation
1,0,783,mitdb/210,validation
1,0,784,mitdb/210,validation
1,0,785,mitdb/210,validation
1,0,786,mitdb/210,validation
1,0,787,mitdb/210,validation
1,0,788,mitdb/210,validation
1,0,789,mitdb/210,validation
1,0,800,mitdb/213,validation
1,0,801,mitdb/213,validation
1,0,802,mitdb/213,validation
1,0,803,mitdb/213,validation
1,0,804,mitdb/213,validation
1,0,805,mitdb/213,validation
1,0,806,mitdb/213,validation
1,0,807,mitdb/213,validation
1,0,808,mitdb/213,validation
1,0,809,mitdb/213,validation
1,0,850,mitdb/220,validation
1,0,851,mitdb/220,validation
1,0,852,mitdb/220,validation
1,0,853,mitdb/220,validation
1,0,854,mitdb/220,validation
1,0,855,mitdb/220,validation
1,0,856,mitdb/220,validation
1,0,857,mitdb/220,validation
1,0,858,mitdb/220,validation
1,0,859,mitdb/220,validation
1,0,900,mitdb/228,validation
1,0,901,mitdb/228,validation
1,0,902,mitdb/228,validation
1,0,903,mitdb/228,validation
1,0,904,mitdb/228,validation
1,0,905,mitdb/228,validation
1,0,906,mitdb/228,validation
1,0,907,mitdb/228,validation
1,0,908,mitdb/228,validation
1,0,909,mitdb/228,validation
1,0,950,mitdb/234,validation
1,0,951,mitdb/234,validation
1,0,952,mitdb/234,validation
1,0,953,mitdb/234,validation
1,0,954,mitdb/234,validation
1,0,955,mitdb/234,validation
1,0,956,mitdb/234,validation
1,0,957,mitdb/234,validation
1,0,958,mitdb/234,validation
1,0,959,mitdb/234,validation
1,0,990,chfdb/chf12,validation
1,0,991,chfdb/chf12,validation
1,0,992,chfdb/chf12,validation
1,0,993,chfdb/chf12,validation
1,0,994,chfdb/chf12,validation
1,0,995,chfdb/chf12,validation
1,0,996,chfdb/chf12,validation
1,0,997,chfdb/chf12,validation
1,0,998,chfdb/chf12,validation
1,0,999,chfdb/chf12,validation
1,0,1040,chfdb/chf02,validation
1,0,1041,chfdb/chf02,validation
1,0,1042,chfdb/chf02,validation
1,0,1043,chfdb/chf02,validation
1,0,1044,chfdb/chf02,validation
1,0,1045,chfdb/chf02,validation
1,0,1046,chfdb/chf02,validation
1,0,1047,chfdb/chf02,validation
1,0,1048,chfdb/chf02,validation
1,0,1049,chfdb/chf02,validation
1,0,1060,chfdb/chf04,validation
1,0,1061,chfdb/chf04,validation
1,0,1062,chfdb/chf04,validation
1,0,1063,chfdb/chf04,validation
1,0,1064,chfdb/chf04,validation
1,0,1065,chfdb/chf04,validation
1,0,1066,chfdb/chf04,validation
1,0,1067,chfdb/chf04,validation
1,0,1068,chfdb/chf04,validation
1,0,1069,chfdb/chf04,validation
1,0,1070,chfdb/chf02,validation
1,0,1071,chfdb/chf02,validation
1,0,1072,chfdb/chf02,validation
1,0,1073,chfdb/chf02,validation
1,0,1074,chfdb/chf02,validation
1,0,1075,chfdb/chf02,validation
1,0,1076,chfdb/chf02,validation
1,0,1077,chfdb/chf02,validation
1,0,1078,chfdb/chf02,validation
1,0,1079,chfdb/chf02,validation
1,0,1090,chfdb/chf06,validation
1,0,1091,chfdb/chf06,validation
1,0,1092,chfdb/chf06,validation
1,0,1093,chfdb/chf06,validation
1,0,1094,chfdb/chf06,validation
1,0,1095,chfdb/chf06,validation
1,0,1096,chfdb/chf06,validation
1,0,1097,chfdb/chf06,validation
1,0,1098,chfdb/chf06,validation
1,0,1099,chfdb/chf06,validation
1,0,1150,chfdb/chf12,validation
1,0,1151,chfdb/chf12,validation
1,0,1152,chfdb/chf12,validation
1,0,1153,chfdb/chf12,validation
1,0,1154,chfdb/chf12,validation
1,0,1155,chfdb/chf12,validation
1,0,1156,chfdb/chf12,validation
1,0,1157,chfdb/chf12,validation
1,0,1158,chfdb/chf12,validation
1,0,1159,chfdb/chf12,validation
1,0,1200,chfdb/chf04,validation
1,0,1201,chfdb/chf04,validation
1,0,1202,chfdb/chf04,validation
1,0,1203,chfdb/chf04,validation
1,0,1204,chfdb/chf04,validation
1,0,1205,chfdb/chf04,validation
1,0,1206,chfdb/chf04,validation
1,0,1207,chfdb/chf04,validation
1,0,1208,chfdb/chf04,validation
1,0,1209,chfdb/chf04,validation
1,0,1220,chfdb/chf06,validation
1,0,1221,chfdb/chf06,validation
1,0,1222,chfdb/chf06,validation
1,0,1223,chfdb/chf06,validation
1,0,1224,chfdb/chf06,validation
1,0,1225,chfdb/chf06,validation
1,0,1226,chfdb/chf06,validation
1,0,1227,chfdb/chf06,validation
1,0,1228,chfdb/chf06,validation
1,0,1229,chfdb/chf06,validation
1,0,1290,nsrdb/18177,validation
1,0,1291,nsrdb/18177,validation
1,0,1292,nsrdb/18177,validation
1,0,1293,nsrdb/18177,validation
1,0,1294,nsrdb/18177,validation
1,0,1295,nsrdb/18177,validation
1,0,1296,nsrdb/18177,validation
1,0,1297,nsrdb/18177,validation
1,0,1298,nsrdb/18177,validation
1,0,1299,nsrdb/18177,validation
1,0,1320,nsrdb/19090,validation
1,0,1321,nsrdb/19090,validation
1,0,1322,nsrdb/19090,validation
1,0,1323,nsrdb/19090,validation
1,0,1324,nsrdb/19090,validation
1,0,1325,nsrdb/19090,validation
1,0,1326,nsrdb/19090,validation
1,0,1327,nsrdb/19090,validation
1,0,1328,nsrdb/19090,validation
1,0,1329,nsrdb/19090,validation
1,0,1390,nsrdb/16273,validation
1,0,1391,nsrdb/16273,validation
1,0,1392,nsrdb/16273,validation
1,0,1393,nsrdb/16273,validation
1,0,1394,nsrdb/16273,validation
1,0,1395,nsrdb/16273,validation
1,0,1396,nsrdb/16273,validation
1,0,1397,nsrdb/16273,validation
1,0,1398,nsrdb/16273,validation
1,0,1399,nsrdb/16273,validation
1,0,1400,nsrdb/16420,validation
1,0,1401,nsrdb/16420,validation
1,0,1402,nsrdb/16420,validation
1,0,1403,nsrdb/16420,validation
1,0,1404,nsrdb/16420,validation
1,0,1405,nsrdb/16420,validation
1,0,1406,nsrdb/16420,validation
1,0,1407,nsrdb/16420,validation
1,0,1408,nsrdb/16420,validation
1,0,1409,nsrdb/16420,validation
1,0,1480,nsrdb/16273,validation
1,0,1481,nsrdb/16273,validation
1,0,1482,nsrdb/16273,validation
1,0,1483,nsrdb/16273,validation
1,0,1484,nsrdb/16273,validation
1,0,1485,nsrdb/16273,validation
1,0,1486,nsrdb/16273,validation
1,0,1487,nsrdb/16273,validation
1,0,1488,nsrdb/16273,validation
1,0,1489,nsrdb/16273,validation
1,0,1490,nsrdb/18177,validation
1,0,1491,nsrdb/18177,validation
1,0,1492,nsrdb/18177,validation
1,0,1493,nsrdb/18177,validation
1,0,1494,nsrdb/18177,validation
1,0,1495,nsrdb/18177,validation
1,0,1496,nsrdb/18177,validation
1,0,1497,nsrdb/18177,validation
1,0,1498,nsrdb/18177,validation
1,0,1499,nsrdb/18177,validation
1,0,1520,nsrdb/19090,validation
1,0,1521,nsrdb/19090,validation
1,0,1522,nsrdb/19090,validation
1,0,1523,nsrdb/19090,validation
1,0,1524,nsrdb/19090,validation
1,0,1525,nsrdb/19090,validation
1,0,1526,nsrdb/19090,validation
1,0,1527,nsrdb/19090,validation
1,0,1528,nsrdb/19090,validation
1,0,1529,nsrdb/19090,validation
1,0,1560,nsrdb/16420,validation
1,0,1561,nsrdb/16420,validation
1,0,1562,nsrdb/16420,validation
1,0,1563,nsrdb/16420,validation
1,0,1564,nsrdb/16420,validation
1,0,1565,nsrdb/16420,validation
1,0,1566,nsrdb/16420,validation
1,0,1567,nsrdb/16420,validation
1,0,1568,nsrdb/16420,validation
1,0,1569,nsrdb/16420,validation
1,0,20,mitdb/111,test
1,0,21,mitdb/111,test
1,0,22,mitdb/111,test
1,0,23,mitdb/111,test
1,0,24,mitdb/111,test
1,0,25,mitdb/111,test
1,0,26,mitdb/111,test
1,0,27,mitdb/111,test
1,0,28,mitdb/111,test
1,0,29,mitdb/111,test
1,0,50,mitdb/114,test
1,0,51,mitdb/114,test
1,0,52,mitdb/114,test
1,0,53,mitdb/114,test
1,0,54,mitdb/114,test
1,0,55,mitdb/114,test
1,0,56,mitdb/114,test
1,0,57,mitdb/114,test
1,0,58,mitdb/114,test
1,0,59,mitdb/114,test
1,0,220,mitdb/102,test
1,0,221,mitdb/102,test
1,0,222,mitdb/102,test
1,0,223,mitdb/102,test
1,0,224,mitdb/102,test
1,0,225,mitdb/102,test
1,0,226,mitdb/102,test
1,0,227,mitdb/102,test
1,0,228,mitdb/102,test
1,0,229,mitdb/102,test
1,0,230,mitdb/208,test
1,0,231,mitdb/208,test
1,0,232,mitdb/208,test
1,0,233,mitdb/208,test
1,0,234,mitdb/208,test
1,0,235,mitdb/208,test
1,0,236,mitdb/208,test
1,0,237,mitdb/208,test
1,0,238,mitdb/208,test
1,0,239,mitdb/208,test
1,0,280,mitdb/214,test
1,0,281,mitdb/214,test
1,0,282,mitdb/214,test
1,0,283,mitdb/214,test
1,0,284,mitdb/214,test
1,0,285,mitdb/214,test
1,0,286,mitdb/214,test
1,0,287,mitdb/214,test
1,0,288,mitdb/214,test
1,0,289,mitdb/214,test
1,0,290,mitdb/215,test
1,0,291,mitdb/215,test
1,0,292,mitdb/215,test
1,0,293,mitdb/215,test
1,0,294,mitdb/215,test
1,0,295,mitdb/215,test
1,0,296,mitdb/215,test
1,0,297,mitdb/215,test
1,0,298,mitdb/215,test
1,0,299,mitdb/215,test
1,0,300,mitdb/217,test
1,0,301,mitdb/217,test
1,0,302,mitdb/217,test
1,0,303,mitdb/217,test
1,0,304,mitdb/217,test
1,0,305,mitdb/217,test
1,0,306,mitdb/217,test
1,0,307,mitdb/217,test
1,0,308,mitdb/217,test
1,0,309,mitdb/217,test
1,0,310,mitdb/219,test
1,0,311,mitdb/219,test
1,0,312,mitdb/219,test
1,0,313,mitdb/219,test
1,0,314,mitdb/219,test
1,0,315,mitdb/219,test
1,0,316,mitdb/219,test
1,0,317,mitdb/219,test
1,0,318,mitdb/219,test
1,0,319,mitdb/219,test
1,0,460,mitdb/102,test
1,0,461,mitdb/102,test
1,0,462,mitdb/102,test
1,0,463,mitdb/102,test
1,0,464,mitdb/102,test
1,0,465,mitdb/102,test
1,0,466,mitdb/102,test
1,0,467,mitdb/102,test
1,0,468,mitdb/102,test
1,0,469,mitdb/102,test
1,0,510,mitdb/107,test
1,0,511,mitdb/107,test
1,0,512,mitdb/107,test
1,0,513,mitdb/107,test
1,0,514,mitdb/107,test
1,0,515,mitdb/107,test
1,0,516,mitdb/107,test
1,0,517,mitdb/107,test
1,0,518,mitdb/107,test
1,0,519,mitdb/107,test
1,0,540,mitdb/111,test
1,0,541,mitdb/111,test
1,0,542,mitdb/111,test
1,0,543,mitdb/111,test
1,0,544,mitdb/111,test
1,0,545,mitdb/111,test
1,0,546,mitdb/111,test
1,0,547,mitdb/111,test
1,0,548,mitdb/111,test
1,0,549,mitdb/111,test
1,0,580,mitdb/114,test
1,0,581,mitdb/114,test
1,0,582,mitdb/114,test
1,0,583,mitdb/114,test
1,0,584,mitdb/114,test
1,0,585,mitdb/114,test
1,0,586,mitdb/114,test
1,0,587,mitdb/114,test
1,0,588,mitdb/114,test
1,0,589,mitdb/114,test
1,0,750,mitdb/208,test
1,0,751,mitdb/208,test
1,0,752,mitdb/208,test
1,0,753,mitdb/208,test
1,0,754,mitdb/208,test
1,0,755,mitdb/208,test
1,0,756,mitdb/208,test
1,0,757,mitdb/208,test
1,0,758,mitdb/208,test
1,0,759,mitdb/208,test
1,0,770,mitdb/107,test
1,0,771,mitdb/107,test
1,0,772,mitdb/107,test
1,0,773,mitdb/107,test
1,0,774,mitdb/107,test
1,0,775,mitdb/107,test
1,0,776,mitdb/107,test
1,0,777,mitdb/107,test
1,0,778,mitdb/107,test
1,0,779,mitdb/107,test
1,0,810,mitdb/214,test
1,0,811,mitdb/214,test
1,0,812,mitdb/214,test
1,0,813,mitdb/214,test
1,0,814,mitdb/214,test
1,0,815,mitdb/214,test
1,0,816,mitdb/214,test
1,0,817,mitdb/214,test
1,0,818,mitdb/214,test
1,0,819,mitdb/214,test
1,0,820,mitdb/215,test
1,0,821,mitdb/215,test
1,0,822,mitdb/215,test
1,0,823,mitdb/215,test
1,0,824,mitdb/215,test
1,0,825,mitdb/215,test
1,0,826,mitdb/215,test
1,0,827,mitdb/215,test
1,0,828,mitdb/215,test
1,0,829,mitdb/215,test
1,0,830,mitdb/217,test
1,0,831,mitdb/217,test
1,0,832,mitdb/217,test
1,0,833,mitdb/217,test
1,0,834,mitdb/217,test
1,0,835,mitdb/217,test
1,0,836,mitdb/217,test
1,0,837,mitdb/217,test
1,0,838,mitdb/217,test
1,0,839,mitdb/217,test
1,0,840,mitdb/219,test
1,0,841,mitdb/219,test
1,0,842,mitdb/219,test
1,0,843,mitdb/219,test
1,0,844,mitdb/219,test
1,0,845,mitdb/219,test
1,0,846,mitdb/219,test
1,0,847,mitdb/219,test
1,0,848,mitdb/219,test
1,0,849,mitdb/219,test
1,0,960,chfdb/chf01,test
1,0,961,chfdb/chf01,test
1,0,962,chfdb/chf01,test
1,0,963,chfdb/chf01,test
1,0,964,chfdb/chf01,test
1,0,965,chfdb/chf01,test
1,0,966,chfdb/chf01,test
1,0,967,chfdb/chf01,test
1,0,968,chfdb/chf01,test
1,0,969,chfdb/chf01,test
1,0,1000,chfdb/chf13,test
1,0,1001,chfdb/chf13,test
1,0,1002,chfdb/chf13,test
1,0,1003,chfdb/chf13,test
1,0,1004,chfdb/chf13,test
1,0,1005,chfdb/chf13,test
1,0,1006,chfdb/chf13,test
1,0,1007,chfdb/chf13,test
1,0,1008,chfdb/chf13,test
1,0,1009,chfdb/chf13,test
1,0,1030,chfdb/chf01,test
1,0,1031,chfdb/chf01,test
1,0,1032,chfdb/chf01,test
1,0,1033,chfdb/chf01,test
1,0,1034,chfdb/chf01,test
1,0,1035,chfdb/chf01,test
1,0,1036,chfdb/chf01,test
1,0,1037,chfdb/chf01,test
1,0,1038,chfdb/chf01,test
1,0,1039,chfdb/chf01,test
1,0,1080,chfdb/chf05,test
1,0,1081,chfdb/chf05,test
1,0,1082,chfdb/chf05,test
1,0,1083,chfdb/chf05,test
1,0,1084,chfdb/chf05,test
1,0,1085,chfdb/chf05,test
1,0,1086,chfdb/chf05,test
1,0,1087,chfdb/chf05,test
1,0,1088,chfdb/chf05,test
1,0,1089,chfdb/chf05,test
1,0,1160,chfdb/chf13,test
1,0,1161,chfdb/chf13,test
1,0,1162,chfdb/chf13,test
1,0,1163,chfdb/chf13,test
1,0,1164,chfdb/chf13,test
1,0,1165,chfdb/chf13,test
1,0,1166,chfdb/chf13,test
1,0,1167,chfdb/chf13,test
1,0,1168,chfdb/chf13,test
1,0,1169,chfdb/chf13,test
1,0,1210,chfdb/chf05,test
1,0,1211,chfdb/chf05,test
1,0,1212,chfdb/chf05,test
1,0,1213,chfdb/chf05,test
1,0,1214,chfdb/chf05,test
1,0,1215,chfdb/chf05,test
1,0,1216,chfdb/chf05,test
1,0,1217,chfdb/chf05,test
1,0,1218,chfdb/chf05,test
1,0,1219,chfdb/chf05,test
1,0,1270,nsrdb/17052,test
1,0,1271,nsrdb/17052,test
1,0,1272,nsrdb/17052,test
1,0,1273,nsrdb/17052,test
1,0,1274,nsrdb/17052,test
1,0,1275,nsrdb/17052,test
1,0,1276,nsrdb/17052,test
1,0,1277,nsrdb/17052,test
1,0,1278,nsrdb/17052,test
1,0,1279,nsrdb/17052,test
1,0,1310,nsrdb/19088,test
1,0,1311,nsrdb/19088,test
1,0,1312,nsrdb/19088,test
1,0,1313,nsrdb/19088,test
1,0,1314,nsrdb/19088,test
1,0,1315,nsrdb/19088,test
1,0,1316,nsrdb/19088,test
1,0,1317,nsrdb/19088,test
1,0,1318,nsrdb/19088,test
1,0,1319,nsrdb/19088,test
1,0,1350,nsrdb/19830,test
1,0,1351,nsrdb/19830,test
1,0,1352,nsrdb/19830,test
1,0,1353,nsrdb/19830,test
1,0,1354,nsrdb/19830,test
1,0,1355,nsrdb/19830,test
1,0,1356,nsrdb/19830,test
1,0,1357,nsrdb/19830,test
1,0,1358,nsrdb/19830,test
1,0,1359,nsrdb/19830,test
1,0,1420,nsrdb/16539,test
1,0,1421,nsrdb/16539,test
1,0,1422,nsrdb/16539,test
1,0,1423,nsrdb/16539,test
1,0,1424,nsrdb/16539,test
1,0,1425,nsrdb/16539,test
1,0,1426,nsrdb/16539,test
1,0,1427,nsrdb/16539,test
1,0,1428,nsrdb/16539,test
1,0,1429,nsrdb/16539,test
1,0,1460,nsrdb/17052,test
1,0,1461,nsrdb/17052,test
1,0,1462,nsrdb/17052,test
1,0,1463,nsrdb/17052,test
1,0,1464,nsrdb/17052,test
1,0,1465,nsrdb/17052,test
1,0,1466,nsrdb/17052,test
1,0,1467,nsrdb/17052,test
1,0,1468,nsrdb/17052,test
1,0,1469,nsrdb/17052,test
1,0,1510,nsrdb/19088,test
1,0,1511,nsrdb/19088,test
1,0,1512,nsrdb/19088,test
1,0,1513,nsrdb/19088,test
1,0,1514,nsrdb/19088,test
1,0,1515,nsrdb/19088,test
1,0,1516,nsrdb/19088,test
1,0,1517,nsrdb/19088,test
1,0,1518,nsrdb/19088,test
1,0,1519,nsrdb/19088,test
1,0,1550,nsrdb/19830,test
1,0,1551,nsrdb/19830,test
1,0,1552,nsrdb/19830,test
1,0,1553,nsrdb/19830,test
1,0,1554,nsrdb/19830,test
1,0,1555,nsrdb/19830,test
1,0,1556,nsrdb/19830,test
1,0,1557,nsrdb/19830,test
1,0,1558,nsrdb/19830,test
1,0,1559,nsrdb/19830,test
1,0,1580,nsrdb/16539,test
1,0,1581,nsrdb/16539,test
1,0,1582,nsrdb/16539,test
1,0,1583,nsrdb/16539,test
1,0,1584,nsrdb/16539,test
1,0,1585,nsrdb/16539,test
1,0,1586,nsrdb/16539,test
1,0,1587,nsrdb/16539,test
1,0,1588,nsrdb/16539,test
1,0,1589,nsrdb/16539,test
1,1,0,mitdb/100,train
1,1,1,mitdb/100,train
1,1,2,mitdb/100,train
1,1,3,mitdb/100,train
1,1,4,mitdb/100,train
1,1,5,mitdb/100,train
1,1,6,mitdb/100,train
1,1,7,mitdb/100,train
1,1,8,mitdb/100,train
1,1,9,mitdb/100,train
1,1,30,mitdb/112,train
1,1,31,mitdb/112,train
1,1,32,mitdb/112,train
1,1,33,mitdb/112,train
1,1,34,mitdb/112,train
1,1,35,mitdb/112,train
1,1,36,mitdb/112,train
1,1,37,mitdb/112,train
1,1,38,mitdb/112,train
1,1,39,mitdb/112,train
1,1,40,mitdb/113,train
1,1,41,mitdb/113,train
1,1,42,mitdb/113,train
1,1,43,mitdb/113,train
1,1,44,mitdb/113,train
1,1,45,mitdb/113,train
1,1,46,mitdb/113,train
1,1,47,mitdb/113,train
1,1,48,mitdb/113,train
1,1,49,mitdb/113,train
1,1,60,mitdb/115,train
1,1,61,mitdb/115,train
1,1,62,mitdb/115,train
1,1,63,mitdb/115,train
1,1,64,mitdb/115,train
1,1,65,mitdb/115,train
1,1,66,mitdb/115,train
1,1,67,mitdb/115,train
1,1,68,mitdb/115,train
1,1,69,mitdb/115,train
1,1,70,mitdb/116,train
1,1,71,mitdb/116,train
1,1,72,mitdb/116,train
1,1,73,mitdb/116,train
1,1,74,mitdb/116,train
1,1,75,mitdb/116,train
1,1,76,mitdb/116,train
1,1,77,mitdb/116,train
1,1,78,mitdb/116,train
1,1,79,mitdb/116,train
1,1,80,mitdb/117,train
1,1,81,mitdb/117,train
1,1,82,mitdb/117,train
1,1,83,mitdb/117,train
1,1,84,mitdb/117,train
1,1,85,mitdb/117,train
1,1,86,mitdb/117,train
1,1,87,mitdb/117,train
1,1,88,mitdb/117,train
1,1,89,mitdb/117,train
1,1,100,mitdb/119,train
1,1,101,mitdb/119,train
1,1,102,mitdb/119,train
1,1,103,mitdb/119,train
1,1,104,mitdb/119,train
1,1,105,mitdb/119,train
1,1,106,mitdb/119,train
1,1,107,mitdb/119,train
1,1,108,mitdb/119,train
1,1,109,mitdb/119,train
1,1,140,mitdb/123,train
1,1,141,mitdb/123,train
1,1,142,mitdb/123,train
1,1,143,mitdb/123,train
1,1,144,mitdb/123,train
1,1,145,mitdb/123,train
1,1,146,mitdb/123,train
1,1,147,mitdb/123,train
1,1,148,mitdb/123,train
1,1,149,mitdb/123,train
1,1,170,mitdb/201-202,train
1,1,171,mitdb/201-202,train
1,1,172,mitdb/201-202,train
1,1,173,mitdb/201-202,train
1,1,174,mitdb/201-202,train
1,1,175,mitdb/201-202,train
1,1,176,mitdb/201-202,train
1,1,177,mitdb/201-202,train
1,1,178,mitdb/201-202,train
1,1,179,mitdb/201-202,train
1,1,180,mitdb/201-202,train
1,1,181,mitdb/201-202,train
1,1,182,mitdb/201-202,train
1,1,183,mitdb/201-202,train
1,1,184,mitdb/201-202,train
1,1,185,mitdb/201-202,train
1,1,186,mitdb/201-202,train
1,1,187,mitdb/201-202,train
1,1,188,mitdb/201-202,train
1,1,189,mitdb/201-202,train
1,1,190,mitdb/203,train
1,1,191,mitdb/203,train
1,1,192,mitdb/203,train
1,1,193,mitdb/203,train
1,1,194,mitdb/203,train
1,1,195,mitdb/203,train
1,1,196,mitdb/203,train
1,1,197,mitdb/203,train
1,1,198,mitdb/203,train
1,1,199,mitdb/203,train
1,1,210,mitdb/207,train
1,1,211,mitdb/207,train
1,1,212,mitdb/207,train
1,1,213,mitdb/207,train
1,1,214,mitdb/207,train
1,1,215,mitdb/207,train
1,1,216,mitdb/207,train
1,1,217,mitdb/207,train
1,1,218,mitdb/207,train
1,1,219,mitdb/207,train
1,1,250,mitdb/210,train
1,1,251,mitdb/210,train
1,1,252,mitdb/210,train
1,1,253,mitdb/210,train
1,1,254,mitdb/210,train
1,1,255,mitdb/210,train
1,1,256,mitdb/210,train
1,1,257,mitdb/210,train
1,1,258,mitdb/210,train
1,1,259,mitdb/210,train
1,1,270,mitdb/213,train
1,1,271,mitdb/213,train
1,1,272,mitdb/213,train
1,1,273,mitdb/213,train
1,1,274,mitdb/213,train
1,1,275,mitdb/213,train
1,1,276,mitdb/213,train
1,1,277,mitdb/213,train
1,1,278,mitdb/213,train
1,1,279,mitdb/213,train
1,1,320,mitdb/220,train
1,1,321,mitdb/220,train
1,1,322,mitdb/220,train
1,1,323,mitdb/220,train
1,1,324,mitdb/220,train
1,1,325,mitdb/220,train
1,1,326,mitdb/220,train
1,1,327,mitdb/220,train
1,1,328,mitdb/220,train
1,1,329,mitdb/220,train
1,1,330,mitdb/103,train
1,1,331,mitdb/103,train
1,1,332,mitdb/103,train
1,1,333,mitdb/103,train
1,1,334,mitdb/103,train
1,1,335,mitdb/103,train
1,1,336,mitdb/103,train
1,1,337,mitdb/103,train
1,1,338,mitdb/103,train
1,1,339,mitdb/103,train
1,1,340,mitdb/221,train
1,1,341,mitdb/221,train
1,1,342,mitdb/221,train
1,1,343,mitdb/221,train
1,1,344,mitdb/221,train
1,1,345,mitdb/221,train
1,1,346,mitdb/221,train
1,1,347,mitdb/221,train
1,1,348,mitdb/221,train
1,1,349,mitdb/221,train
1,1,350,mitdb/222,train
1,1,351,mitdb/222,train
1,1,352,mitdb/222,train
1,1,353,mitdb/222,train
1,1,354,mitdb/222,train
1,1,355,mitdb/222,train
1,1,356,mitdb/222,train
1,1,357,mitdb/222,train
1,1,358,mitdb/222,train
1,1,359,mitdb/222,train
1,1,360,mitdb/223,train
1,1,361,mitdb/223,train
1,1,362,mitdb/223,train
1,1,363,mitdb/223,train
1,1,364,mitdb/223,train
1,1,365,mitdb/223,train
1,1,366,mitdb/223,train
1,1,367,mitdb/223,train
1,1,368,mitdb/223,train
1,1,369,mitdb/223,train
1,1,370,mitdb/228,train
1,1,371,mitdb/228,train
1,1,372,mitdb/228,train
1,1,373,mitdb/228,train
1,1,374,mitdb/228,train
1,1,375,mitdb/228,train
1,1,376,mitdb/228,train
1,1,377,mitdb/228,train
1,1,378,mitdb/228,train
1,1,379,mitdb/228,train
1,1,380,mitdb/230,train
1,1,381,mitdb/230,train
1,1,382,mitdb/230,train
1,1,383,mitdb/230,train
1,1,384,mitdb/230,train
1,1,385,mitdb/230,train
1,1,386,mitdb/230,train
1,1,387,mitdb/230,train
1,1,388,mitdb/230,train
1,1,389,mitdb/230,train
1,1,390,mitdb/231,train
1,1,391,mitdb/231,train
1,1,392,mitdb/231,train
1,1,393,mitdb/231,train
1,1,394,mitdb/231,train
1,1,395,mitdb/231,train
1,1,396,mitdb/231,train
1,1,397,mitdb/231,train
1,1,398,mitdb/231,train
1,1,399,mitdb/231,train
1,1,400,mitdb/232,train
1,1,401,mitdb/232,train
1,1,402,mitdb/232,train
1,1,403,mitdb/232,train
1,1,404,mitdb/232,train
1,1,405,mitdb/232,train
1,1,406,mitdb/232,train
1,1,407,mitdb/232,train
1,1,408,mitdb/232,train
1,1,409,mitdb/232,train
1,1,410,mitdb/233,train
1,1,411,mitdb/233,train
1,1,412,mitdb/233,train
1,1,413,mitdb/233,train
1,1,414,mitdb/233,train
1,1,415,mitdb/233,train
1,1,416,mitdb/233,train
1,1,417,mitdb/233,train
1,1,418,mitdb/233,train
1,1,419,mitdb/233,train
1,1,420,mitdb/234,train
1,1,421,mitdb/234,train
1,1,422,mitdb/234,train
1,1,423,mitdb/234,train
1,1,424,mitdb/234,train
1,1,425,mitdb/234,train
1,1,426,mitdb/234,train
1,1,427,mitdb/234,train
1,1,428,mitdb/234,train
1,1,429,mitdb/234,train
1,1,430,mitdb/100,train
1,1,431,mitdb/100,train
1,1,432,mitdb/100,train
1,1,433,mitdb/100,train
1,1,434,mitdb/100,train
1,1,435,mitdb/100,train
1,1,436,mitdb/100,train
1,1,437,mitdb/100,train
1,1,438,mitdb/100,train
1,1,439,mitdb/100,train
1,1,470,mitdb/103,train
1,1,471,mitdb/103,train
1,1,472,mitdb/103,train
1,1,473,mitdb/103,train
1,1,474,mitdb/103,train
1,1,475,mitdb/103,train
1,1,476,mitdb/103,train
1,1,477,mitdb/103,train
1,1,478,mitdb/103,train
1,1,479,mitdb/103,train
1,1,500,mitdb/106,train
1,1,501,mitdb/106,train
1,1,502,mitdb/106,train
1,1,503,mitdb/106,train
1,1,504,mitdb/106,train
1,1,505,mitdb/106,train
1,1,506,mitdb/106,train
1,1,507,mitdb/106,train
1,1,508,mitdb/106,train
1,1,509,mitdb/106,train
1,1,560,mitdb/112,train
1,1,561,mitdb/112,train
1,1,562,mitdb/112,train
1,1,563,mitdb/112,train
1,1,564,mitdb/112,train
1,1,565,mitdb/112,train
1,1,566,mitdb/112,train
1,1,567,mitdb/112,train
1,1,568,mitdb/112,train
1,1,569,mitdb/112,train
1,1,570,mitdb/113,train
1,1,571,mitdb/113,train
1,1,572,mitdb/113,train
1,1,573,mitdb/113,train
1,1,574,mitdb/113,train
1,1,575,mitdb/113,train
1,1,576,mitdb/113,train
1,1,577,mitdb/113,train
1,1,578,mitdb/113,train
1,1,579,mitdb/113,train
1,1,590,mitdb/115,train
1,1,591,mitdb/115,train
1,1,592,mitdb/115,train
1,1,593,mitdb/115,train
1,1,594,mitdb/115,train
1,1,595,mitdb/115,train
1,1,596,mitdb/115,train
1,1,597,mitdb/115,train
1,1,598,mitdb/115,train
1,1,599,mitdb/115,train
1,1,600,mitdb/116,train
1,1,601,mitdb/116,train
1,1,602,mitdb/116,train
1,1,603,mitdb/116,train
1,1,604,mitdb/116,train
1,1,605,mitdb/116,train
1,1,606,mitdb/116,train
1,1,607,mitdb/116,train
1,1,608,mitdb/116,train
1,1,609,mitdb/116,train
1,1,610,mitdb/117,train
1,1,611,mitdb/117,train
1,1,612,mitdb/117,train
1,1,613,mitdb/117,train
1,1,614,mitdb/117,train
1,1,615,mitdb/117,train
1,1,616,mitdb/117,train
1,1,617,mitdb/117,train
1,1,618,mitdb/117,train
1,1,619,mitdb/117,train
1,1,630,mitdb/119,train
1,1,631,mitdb/119,train
1,1,632,mitdb/119,train
1,1,633,mitdb/119,train
1,1,634,mitdb/119,train
1,1,635,mitdb/119,train
1,1,636,mitdb/119,train
1,1,637,mitdb/119,train
1,1,638,mitdb/119,train
1,1,639,mitdb/119,train
1,1,660,mitdb/106,train
1,1,661,mitdb/106,train
1,1,662,mitdb/106,train
1,1,663,mitdb/106,train
1,1,664,mitdb/106,train
1,1,665,mitdb/106,train
1,1,666,mitdb/106,train
1,1,667,mitdb/106,train
1,1,668,mitdb/106,train
1,1,669,mitdb/106,train
1,1,670,mitdb/123,train
1,1,671,mitdb/123,train
1,1,672,mitdb/123,train
1,1,673,mitdb/123,train
1,1,674,mitdb/123,train
1,1,675,mitdb/123,train
1,1,676,mitdb/123,train
1,1,677,mitdb/123,train
1,1,678,mitdb/123,train
1,1,679,mitdb/123,train
1,1,700,mitdb/201-202,train
1,1,701,mitdb/201-202,train
1,1,702,mitdb/201-202,train
1,1,703,mitdb/201-202,train
1,1,704,mitdb/201-202,train
1,1,705,mitdb/201-202,train
1,1,706,mitdb/201-202,train
1,1,707,mitdb/201-202,train
1,1,708,mitdb/201-202,train
1,1,709,mitdb/201-202,train
1,1,710,mitdb/201-202,train
1,1,711,mitdb/201-202,train
1,1,712,mitdb/201-202,train
1,1,713,mitdb/201-202,train
1,1,714,mitdb/201-202,train
1,1,715,mitdb/201-202,train
1,1,716,mitdb/201-202,train
1,1,717,mitdb/201-202,train
1,1,718,mitdb/201-202,train
1,1,719,mitdb/201-202,train
1,1,720,mitdb/203,train
1,1,721,mitdb/203,train
1,1,722,mitdb/203,train
1,1,723,mitdb/203,train
1,1,724,mitdb/203,train
1,1,725,mitdb/203,train
1,1,726,mitdb/203,train
1,1,727,mitdb/203,train
1,1,728,mitdb/203,train
1,1,729,mitdb/203,train
1,1,740,mitdb/207,train
1,1,741,mitdb/207,train
1,1,742,mitdb/207,train
1,1,743,mitdb/207,train
1,1,744,mitdb/207,train
1,1,745,mitdb/207,train
1,1,746,mitdb/207,train
1,1,747,mitdb/207,train
1,1,748,mitdb/207,train
1,1,749,mitdb/207,train
1,1,780,mitdb/210,train
1,1,781,mitdb/210,train
1,1,782,mitdb/210,train
1,1,783,mitdb/210,train
1,1,784,mitdb/210,train
1,1,785,mitdb/210,train
1,1,786,mitdb/210,train
1,1,787,mitdb/210,train
1,1,788,mitdb/210,train
1,1,789,mitdb/210,train
1,1,800,mitdb/213,train
1,1,801,mitdb/213,train
1,1,802,mitdb/213,train
1,1,803,mitdb/213,train
1,1,804,mitdb/213,train
1,1,805,mitdb/213,train
1,1,806,mitdb/213,train
1,1,807,mitdb/213,train
1,1,808,mitdb/213,train
1,1,809,mitdb/213,train
1,1,850,mitdb/220,train
1,1,851,mitdb/220,train
1,1,852,mitdb/220,train
1,1,853,mitdb/220,train
1,1,854,mitdb/220,train
1,1,855,mitdb/220,train
1,1,856,mitdb/220,train
1,1,857,mitdb/220,train
1,1,858,mitdb/220,train
1,1,859,mitdb/220,train
1,1,860,mitdb/221,train
1,1,861,mitdb/221,train
1,1,862,mitdb/221,train
1,1,863,mitdb/221,train
1,1,864,mitdb/221,train
1,1,865,mitdb/221,train
1,1,866,mitdb/221,train
1,1,867,mitdb/221,train
1,1,868,mitdb/221,train
1,1,869,mitdb/221,train
1,1,870,mitdb/222,train
1,1,871,mitdb/222,train
1,1,872,mitdb/222,train
1,1,873,mitdb/222,train
1,1,874,mitdb/222,train
1,1,875,mitdb/222,train
1,1,876,mitdb/222,train
1,1,877,mitdb/222,train
1,1,878,mitdb/222,train
1,1,879,mitdb/222,train
1,1,890,mitdb/223,train
1,1,891,mitdb/223,train
1,1,892,mitdb/223,train
1,1,893,mitdb/223,train
1,1,894,mitdb/223,train
1,1,895,mitdb/223,train
1,1,896,mitdb/223,train
1,1,897,mitdb/223,train
1,1,898,mitdb/223,train
1,1,899,mitdb/223,train
1,1,900,mitdb/228,train
1,1,901,mitdb/228,train
1,1,902,mitdb/228,train
1,1,903,mitdb/228,train
1,1,904,mitdb/228,train
1,1,905,mitdb/228,train
1,1,906,mitdb/228,train
1,1,907,mitdb/228,train
1,1,908,mitdb/228,train
1,1,909,mitdb/228,train
1,1,910,mitdb/230,train
1,1,911,mitdb/230,train
1,1,912,mitdb/230,train
1,1,913,mitdb/230,train
1,1,914,mitdb/230,train
1,1,915,mitdb/230,train
1,1,916,mitdb/230,train
1,1,917,mitdb/230,train
1,1,918,mitdb/230,train
1,1,919,mitdb/230,train
1,1,920,mitdb/231,train
1,1,921,mitdb/231,train
1,1,922,mitdb/231,train
1,1,923,mitdb/231,train
1,1,924,mitdb/231,train
1,1,925,mitdb/231,train
1,1,926,mitdb/231,train
1,1,927,mitdb/231,train
1,1,928,mitdb/231,train
1,1,929,mitdb/231,train
1,1,930,mitdb/232,train
1,1,931,mitdb/232,train
1,1,932,mitdb/232,train
1,1,933,mitdb/232,train
1,1,934,mitdb/232,train
1,1,935,mitdb/232,train
1,1,936,mitdb/232,train
1,1,937,mitdb/232,train
1,1,938,mitdb/232,train
1,1,939,mitdb/232,train
1,1,940,mitdb/233,train
1,1,941,mitdb/233,train
1,1,942,mitdb/233,train
1,1,943,mitdb/233,train
1,1,944,mitdb/233,train
1,1,945,mitdb/233,train
1,1,946,mitdb/233,train
1,1,947,mitdb/233,train
1,1,948,mitdb/233,train
1,1,949,mitdb/233,train
1,1,950,mitdb/234,train
1,1,951,mitdb/234,train
1,1,952,mitdb/234,train
1,1,953,mitdb/234,train
1,1,954,mitdb/234,train
1,1,955,mitdb/234,train
1,1,956,mitdb/234,train
1,1,957,mitdb/234,train
1,1,958,mitdb/234,train
1,1,959,mitdb/234,train
1,1,970,chfdb/chf10,train
1,1,971,chfdb/chf10,train
1,1,972,chfdb/chf10,train
1,1,973,chfdb/chf10,train
1,1,974,chfdb/chf10,train
1,1,975,chfdb/chf10,train
1,1,976,chfdb/chf10,train
1,1,977,chfdb/chf10,train
1,1,978,chfdb/chf10,train
1,1,979,chfdb/chf10,train
1,1,980,chfdb/chf11,train
1,1,981,chfdb/chf11,train
1,1,982,chfdb/chf11,train
1,1,983,chfdb/chf11,train
1,1,984,chfdb/chf11,train
1,1,985,chfdb/chf11,train
1,1,986,chfdb/chf11,train
1,1,987,chfdb/chf11,train
1,1,988,chfdb/chf11,train
1,1,989,chfdb/chf11,train
1,1,990,chfdb/chf12,train
1,1,991,chfdb/chf12,train
1,1,992,chfdb/chf12,train
1,1,993,chfdb/chf12,train
1,1,994,chfdb/chf12,train
1,1,995,chfdb/chf12,train
1,1,996,chfdb/chf12,train
1,1,997,chfdb/chf12,train
1,1,998,chfdb/chf12,train
1,1,999,chfdb/chf12,train
1,1,1020,chfdb/chf15,train
1,1,1021,chfdb/chf15,train
1,1,1022,chfdb/chf15,train
1,1,1023,chfdb/chf15,train
1,1,1024,chfdb/chf15,train
1,1,1025,chfdb/chf15,train
1,1,1026,chfdb/chf15,train
1,1,1027,chfdb/chf15,train
1,1,1028,chfdb/chf15,train
1,1,1029,chfdb/chf15,train
1,1,1040,chfdb/chf02,train
1,1,1041,chfdb/chf02,train
1,1,1042,chfdb/chf02,train
1,1,1043,chfdb/chf02,train
1,1,1044,chfdb/chf02,train
1,1,1045,chfdb/chf02,train
1,1,1046,chfdb/chf02,train
1,1,1047,chfdb/chf02,train
1,1,1048,chfdb/chf02,train
1,1,1049,chfdb/chf02,train
1,1,1060,chfdb/chf04,train
1,1,1061,chfdb/chf04,train
1,1,1062,chfdb/chf04,train
1,1,1063,chfdb/chf04,train
1,1,1064,chfdb/chf04,train
1,1,1065,chfdb/chf04,train
1,1,1066,chfdb/chf04,train
1,1,1067,chfdb/chf04,train
1,1,1068,chfdb/chf04,train
1,1,1069,chfdb/chf04,train
1,1,1070,chfdb/chf02,train
1,1,1071,chfdb/chf02,train
1,1,1072,chfdb/chf02,train
1,1,1073,chfdb/chf02,train
1,1,1074,chfdb/chf02,train
1,1,1075,chfdb/chf02,train
1,1,1076,chfdb/chf02,train
1,1,1077,chfdb/chf02,train
1,1,1078,chfdb/chf02,train
1,1,1079,chfdb/chf02,train
1,1,1090,chfdb/chf06,train
1,1,1091,chfdb/chf06,train
1,1,1092,chfdb/chf06,train
1,1,1093,chfdb/chf06,train
1,1,1094,chfdb/chf06,train
1,1,1095,chfdb/chf06,train
1,1,1096,chfdb/chf06,train
1,1,1097,chfdb/chf06,train
1,1,1098,chfdb/chf06,train
1,1,1099,chfdb/chf06,train
1,1,1100,chfdb/chf07,train
1,1,1101,chfdb/chf07,train
1,1,1102,chfdb/chf07,train
1,1,1103,chfdb/chf07,train
1,1,1104,chfdb/chf07,train
1,1,1105,chfdb/chf07,train
1,1,1106,chfdb/chf07,train
1,1,1107,chfdb/chf07,train
1,1,1108,chfdb/chf07,train
1,1,1109,chfdb/chf07,train
1,1,1130,chfdb/chf10,train
1,1,1131,chfdb/chf10,train
1,1,1132,chfdb/chf10,train
1,1,1133,chfdb/chf10,train
1,1,1134,chfdb/chf10,train
1,1,1135,chfdb/chf10,train
1,1,1136,chfdb/chf10,train
1,1,1137,chfdb/chf10,train
1,1,1138,chfdb/chf10,train
1,1,1139,chfdb/chf10,train
1,1,1140,chfdb/chf11,train
1,1,1141,chfdb/chf11,train
1,1,1142,chfdb/chf11,train
1,1,1143,chfdb/chf11,train
1,1,1144,chfdb/chf11,train
1,1,1145,chfdb/chf11,train
1,1,1146,chfdb/chf11,train
1,1,1147,chfdb/chf11,train
1,1,1148,chfdb/chf11,train
1,1,1149,chfdb/chf11,train
1,1,1150,chfdb/chf12,train
1,1,1151,chfdb/chf12,train
1,1,1152,chfdb/chf12,train
1,1,1153,chfdb/chf12,train
1,1,1154,chfdb/chf12,train
1,1,1155,chfdb/chf12,train
1,1,1156,chfdb/chf12,train
1,1,1157,chfdb/chf12,train
1,1,1158,chfdb/chf12,train
1,1,1159,chfdb/chf12,train
1,1,1190,chfdb/chf15,train
1,1,1191,chfdb/chf15,train
1,1,1192,chfdb/chf15,train
1,1,1193,chfdb/chf15,train
1,1,1194,chfdb/chf15,train
1,1,1195,chfdb/chf15,train
1,1,1196,chfdb/chf15,train
1,1,1197,chfdb/chf15,train
1,1,1198,chfdb/chf15,train
1,1,1199,chfdb/chf15,train
1,1,1200,chfdb/chf04,train
1,1,1201,chfdb/chf04,train
1,1,1202,chfdb/chf04,train
1,1,1203,chfdb/chf04,train
1,1,1204,chfdb/chf04,train
1,1,1205,chfdb/chf04,train
1,1,1206,chfdb/chf04,train
1,1,1207,chfdb/chf04,train
1,1,1208,chfdb/chf04,train
1,1,1209,chfdb/chf04,train
1,1,1220,chfdb/chf06,train
1,1,1221,chfdb/chf06,train
1,1,1222,chfdb/chf06,train
1,1,1223,chfdb/chf06,train
1,1,1224,chfdb/chf06,train
1,1,1225,chfdb/chf06,train
1,1,1226,chfdb/chf06,train
1,1,1227,chfdb/chf06,train
1,1,1228,chfdb/chf06,train
1,1,1229,chfdb/chf06,train
1,1,1230,chfdb/chf07,train
1,1,1231,chfdb/chf07,train
1,1,1232,chfdb/chf07,train
1,1,1233,chfdb/chf07,train
1,1,1234,chfdb/chf07,train
1,1,1235,chfdb/chf07,train
1,1,1236,chfdb/chf07,train
1,1,1237,chfdb/chf07,train
1,1,1238,chfdb/chf07,train
1,1,1239,chfdb/chf07,train
1,1,1260,nsrdb/16265,train
1,1,1261,nsrdb/16265,train
1,1,1262,nsrdb/16265,train
1,1,1263,nsrdb/16265,train
1,1,1264,nsrdb/16265,train
1,1,1265,nsrdb/16265,train
1,1,1266,nsrdb/16265,train
1,1,1267,nsrdb/16265,train
1,1,1268,nsrdb/16265,train
1,1,1269,nsrdb/16265,train
1,1,1280,nsrdb/17453,train
1,1,1281,nsrdb/17453,train
1,1,1282,nsrdb/17453,train
1,1,1283,nsrdb/17453,train
1,1,1284,nsrdb/17453,train
1,1,1285,nsrdb/17453,train
1,1,1286,nsrdb/17453,train
1,1,1287,nsrdb/17453,train
1,1,1288,nsrdb/17453,train
1,1,1289,nsrdb/17453,train
1,1,1290,nsrdb/18177,train
1,1,1291,nsrdb/18177,train
1,1,1292,nsrdb/18177,train
1,1,1293,nsrdb/18177,train
1,1,1294,nsrdb/18177,train
1,1,1295,nsrdb/18177,train
1,1,1296,nsrdb/18177,train
1,1,1297,nsrdb/18177,train
1,1,1298,nsrdb/18177,train
1,1,1299,nsrdb/18177,train
1,1,1300,nsrdb/18184,train
1,1,1301,nsrdb/18184,train
1,1,1302,nsrdb/18184,train
1,1,1303,nsrdb/18184,train
1,1,1304,nsrdb/18184,train
1,1,1305,nsrdb/18184,train
1,1,1306,nsrdb/18184,train
1,1,1307,nsrdb/18184,train
1,1,1308,nsrdb/18184,train
1,1,1309,nsrdb/18184,train
1,1,1320,nsrdb/19090,train
1,1,1321,nsrdb/19090,train
1,1,1322,nsrdb/19090,train
1,1,1323,nsrdb/19090,train
1,1,1324,nsrdb/19090,train
1,1,1325,nsrdb/19090,train
1,1,1326,nsrdb/19090,train
1,1,1327,nsrdb/19090,train
1,1,1328,nsrdb/19090,train
1,1,1329,nsrdb/19090,train
1,1,1360,nsrdb/16265,train
1,1,1361,nsrdb/16265,train
1,1,1362,nsrdb/16265,train
1,1,1363,nsrdb/16265,train
1,1,1364,nsrdb/16265,train
1,1,1365,nsrdb/16265,train
1,1,1366,nsrdb/16265,train
1,1,1367,nsrdb/16265,train
1,1,1368,nsrdb/16265,train
1,1,1369,nsrdb/16265,train
1,1,1390,nsrdb/16273,train
1,1,1391,nsrdb/16273,train
1,1,1392,nsrdb/16273,train
1,1,1393,nsrdb/16273,train
1,1,1394,nsrdb/16273,train
1,1,1395,nsrdb/16273,train
1,1,1396,nsrdb/16273,train
1,1,1397,nsrdb/16273,train
1,1,1398,nsrdb/16273,train
1,1,1399,nsrdb/16273,train
1,1,1400,nsrdb/16420,train
1,1,1401,nsrdb/16420,train
1,1,1402,nsrdb/16420,train
1,1,1403,nsrdb/16420,train
1,1,1404,nsrdb/16420,train
1,1,1405,nsrdb/16420,train
1,1,1406,nsrdb/16420,train
1,1,1407,nsrdb/16420,train
1,1,1408,nsrdb/16420,train
1,1,1409,nsrdb/16420,train
1,1,1410,nsrdb/16483,train
1,1,1411,nsrdb/16483,train
1,1,1412,nsrdb/16483,train
1,1,1413,nsrdb/16483,train
1,1,1414,nsrdb/16483,train
1,1,1415,nsrdb/16483,train
1,1,1416,nsrdb/16483,train
1,1,1417,nsrdb/16483,train
1,1,1418,nsrdb/16483,train
1,1,1419,nsrdb/16483,train
1,1,1450,nsrdb/16795,train
1,1,1451,nsrdb/16795,train
1,1,1452,nsrdb/16795,train
1,1,1453,nsrdb/16795,train
1,1,1454,nsrdb/16795,train
1,1,1455,nsrdb/16795,train
1,1,1456,nsrdb/16795,train
1,1,1457,nsrdb/16795,train
1,1,1458,nsrdb/16795,train
1,1,1459,nsrdb/16795,train
1,1,1470,nsrdb/17453,train
1,1,1471,nsrdb/17453,train
1,1,1472,nsrdb/17453,train
1,1,1473,nsrdb/17453,train
1,1,1474,nsrdb/17453,train
1,1,1475,nsrdb/17453,train
1,1,1476,nsrdb/17453,train
1,1,1477,nsrdb/17453,train
1,1,1478,nsrdb/17453,train
1,1,1479,nsrdb/17453,train
1,1,1480,nsrdb/16273,train
1,1,1481,nsrdb/16273,train
1,1,1482,nsrdb/16273,train
1,1,1483,nsrdb/16273,train
1,1,1484,nsrdb/16273,train
1,1,1485,nsrdb/16273,train
1,1,1486,nsrdb/16273,train
1,1,1487,nsrdb/16273,train
1,1,1488,nsrdb/16273,train
1,1,1489,nsrdb/16273,train
1,1,1490,nsrdb/18177,train
1,1,1491,nsrdb/18177,train
1,1,1492,nsrdb/18177,train
1,1,1493,nsrdb/18177,train
1,1,1494,nsrdb/18177,train
1,1,1495,nsrdb/18177,train
1,1,1496,nsrdb/18177,train
1,1,1497,nsrdb/18177,train
1,1,1498,nsrdb/18177,train
1,1,1499,nsrdb/18177,train
1,1,1500,nsrdb/18184,train
1,1,1501,nsrdb/18184,train
1,1,1502,nsrdb/18184,train
1,1,1503,nsrdb/18184,train
1,1,1504,nsrdb/18184,train
1,1,1505,nsrdb/18184,train
1,1,1506,nsrdb/18184,train
1,1,1507,nsrdb/18184,train
1,1,1508,nsrdb/18184,train
1,1,1509,nsrdb/18184,train
1,1,1520,nsrdb/19090,train
1,1,1521,nsrdb/19090,train
1,1,1522,nsrdb/19090,train
1,1,1523,nsrdb/19090,train
1,1,1524,nsrdb/19090,train
1,1,1525,nsrdb/19090,train
1,1,1526,nsrdb/19090,train
1,1,1527,nsrdb/19090,train
1,1,1528,nsrdb/19090,train
1,1,1529,nsrdb/19090,train
1,1,1560,nsrdb/16420,train
1,1,1561,nsrdb/16420,train
1,1,1562,nsrdb/16420,train
1,1,1563,nsrdb/16420,train
1,1,1564,nsrdb/16420,train
1,1,1565,nsrdb/16420,train
1,1,1566,nsrdb/16420,train
1,1,1567,nsrdb/16420,train
1,1,1568,nsrdb/16420,train
1,1,1569,nsrdb/16420,train
1,1,1570,nsrdb/16483,train
1,1,1571,nsrdb/16483,train
1,1,1572,nsrdb/16483,train
1,1,1573,nsrdb/16483,train
1,1,1574,nsrdb/16483,train
1,1,1575,nsrdb/16483,train
1,1,1576,nsrdb/16483,train
1,1,1577,nsrdb/16483,train
1,1,1578,nsrdb/16483,train
1,1,1579,nsrdb/16483,train
1,1,1610,nsrdb/16795,train
1,1,1611,nsrdb/16795,train
1,1,1612,nsrdb/16795,train
1,1,1613,nsrdb/16795,train
1,1,1614,nsrdb/16795,train
1,1,1615,nsrdb/16795,train
1,1,1616,nsrdb/16795,train
1,1,1617,nsrdb/16795,train
1,1,1618,nsrdb/16795,train
1,1,1619,nsrdb/16795,train
1,1,10,mitdb/109,validation
1,1,11,mitdb/109,validation
1,1,12,mitdb/109,validation
1,1,13,mitdb/109,validation
1,1,14,mitdb/109,validation
1,1,15,mitdb/109,validation
1,1,16,mitdb/109,validation
1,1,17,mitdb/109,validation
1,1,18,mitdb/109,validation
1,1,19,mitdb/109,validation
1,1,90,mitdb/118,validation
1,1,91,mitdb/118,validation
1,1,92,mitdb/118,validation
1,1,93,mitdb/118,validation
1,1,94,mitdb/118,validation
1,1,95,mitdb/118,validation
1,1,96,mitdb/118,validation
1,1,97,mitdb/118,validation
1,1,98,mitdb/118,validation
1,1,99,mitdb/118,validation
1,1,110,mitdb/101,validation
1,1,111,mitdb/101,validation
1,1,112,mitdb/101,validation
1,1,113,mitdb/101,validation
1,1,114,mitdb/101,validation
1,1,115,mitdb/101,validation
1,1,116,mitdb/101,validation
1,1,117,mitdb/101,validation
1,1,118,mitdb/101,validation
1,1,119,mitdb/101,validation
1,1,120,mitdb/121,validation
1,1,121,mitdb/121,validation
1,1,122,mitdb/121,validation
1,1,123,mitdb/121,validation
1,1,124,mitdb/121,validation
1,1,125,mitdb/121,validation
1,1,126,mitdb/121,validation
1,1,127,mitdb/121,validation
1,1,128,mitdb/121,validation
1,1,129,mitdb/121,validation
1,1,130,mitdb/122,validation
1,1,131,mitdb/122,validation
1,1,132,mitdb/122,validation
1,1,133,mitdb/122,validation
1,1,134,mitdb/122,validation
1,1,135,mitdb/122,validation
1,1,136,mitdb/122,validation
1,1,137,mitdb/122,validation
1,1,138,mitdb/122,validation
1,1,139,mitdb/122,validation
1,1,150,mitdb/124,validation
1,1,151,mitdb/124,validation
1,1,152,mitdb/124,validation
1,1,153,mitdb/124,validation
1,1,154,mitdb/124,validation
1,1,155,mitdb/124,validation
1,1,156,mitdb/124,validation
1,1,157,mitdb/124,validation
1,1,158,mitdb/124,validation
1,1,159,mitdb/124,validation
1,1,160,mitdb/200,validation
1,1,161,mitdb/200,validation
1,1,162,mitdb/200,validation
1,1,163,mitdb/200,validation
1,1,164,mitdb/200,validation
1,1,165,mitdb/200,validation
1,1,166,mitdb/200,validation
1,1,167,mitdb/200,validation
1,1,168,mitdb/200,validation
1,1,169,mitdb/200,validation
1,1,200,mitdb/205,validation
1,1,201,mitdb/205,validation
1,1,202,mitdb/205,validation
1,1,203,mitdb/205,validation
1,1,204,mitdb/205,validation
1,1,205,mitdb/205,validation
1,1,206,mitdb/205,validation
1,1,207,mitdb/205,validation
1,1,208,mitdb/205,validation
1,1,209,mitdb/205,validation
1,1,240,mitdb/209,validation
1,1,241,mitdb/209,validation
1,1,242,mitdb/209,validation
1,1,243,mitdb/209,validation
1,1,244,mitdb/209,validation
1,1,245,mitdb/209,validation
1,1,246,mitdb/209,validation
1,1,247,mitdb/209,validation
1,1,248,mitdb/209,validation
1,1,249,mitdb/209,validation
1,1,260,mitdb/212,validation
1,1,261,mitdb/212,validation
1,1,262,mitdb/212,validation
1,1,263,mitdb/212,validation
1,1,264,mitdb/212,validation
1,1,265,mitdb/212,validation
1,1,266,mitdb/212,validation
1,1,267,mitdb/212,validation
1,1,268,mitdb/212,validation
1,1,269,mitdb/212,validation
1,1,440,mitdb/104,validation
1,1,441,mitdb/104,validation
1,1,442,mitdb/104,validation
1,1,443,mitdb/104,validation
1,1,444,mitdb/104,validation
1,1,445,mitdb/104,validation
1,1,446,mitdb/104,validation
1,1,447,mitdb/104,validation
1,1,448,mitdb/104,validation
1,1,449,mitdb/104,validation
1,1,450,mitdb/101,validation
1,1,451,mitdb/101,validation
1,1,452,mitdb/101,validation
1,1,453,mitdb/101,validation
1,1,454,mitdb/101,validation
1,1,455,mitdb/101,validation
1,1,456,mitdb/101,validation
1,1,457,mitdb/101,validation
1,1,458,mitdb/101,validation
1,1,459,mitdb/101,validation
1,1,480,mitdb/104,validation
1,1,481,mitdb/104,validation
1,1,482,mitdb/104,validation
1,1,483,mitdb/104,validation
1,1,484,mitdb/104,validation
1,1,485,mitdb/104,validation
1,1,486,mitdb/104,validation
1,1,487,mitdb/104,validation
1,1,488,mitdb/104,validation
1,1,489,mitdb/104,validation
1,1,490,mitdb/105,validation
1,1,491,mitdb/105,validation
1,1,492,mitdb/105,validation
1,1,493,mitdb/105,validation
1,1,494,mitdb/105,validation
1,1,495,mitdb/105,validation
1,1,496,mitdb/105,validation
1,1,497,mitdb/105,validation
1,1,498,mitdb/105,validation
1,1,499,mitdb/105,validation
1,1,520,mitdb/108,validation
1,1,521,mitdb/108,validation
1,1,522,mitdb/108,validation
1,1,523,mitdb/108,validation
1,1,524,mitdb/108,validation
1,1,525,mitdb/108,validation
1,1,526,mitdb/108,validation
1,1,527,mitdb/108,validation
1,1,528,mitdb/108,validation
1,1,529,mitdb/108,validation
1,1,530,mitdb/109,validation
1,1,531,mitdb/109,validation
1,1,532,mitdb/109,validation
1,1,533,mitdb/109,validation
1,1,534,mitdb/109,validation
1,1,535,mitdb/109,validation
1,1,536,mitdb/109,validation
1,1,537,mitdb/109,validation
1,1,538,mitdb/109,validation
1,1,539,mitdb/109,validation
1,1,550,mitdb/105,validation
1,1,551,mitdb/105,validation
1,1,552,mitdb/105,validation
1,1,553,mitdb/105,validation
1,1,554,mitdb/105,validation
1,1,555,mitdb/105,validation
1,1,556,mitdb/105,validation
1,1,557,mitdb/105,validation
1,1,558,mitdb/105,validation
1,1,559,mitdb/105,validation
1,1,620,mitdb/118,validation
1,1,621,mitdb/118,validation
1,1,622,mitdb/118,validation
1,1,623,mitdb/118,validation
1,1,624,mitdb/118,validation
1,1,625,mitdb/118,validation
1,1,626,mitdb/118,validation
1,1,627,mitdb/118,validation
1,1,628,mitdb/118,validation
1,1,629,mitdb/118,validation
1,1,640,mitdb/121,validation
1,1,641,mitdb/121,validation
1,1,642,mitdb/121,validation
1,1,643,mitdb/121,validation
1,1,644,mitdb/121,validation
1,1,645,mitdb/121,validation
1,1,646,mitdb/121,validation
1,1,647,mitdb/121,validation
1,1,648,mitdb/121,validation
1,1,649,mitdb/121,validation
1,1,650,mitdb/122,validation
1,1,651,mitdb/122,validation
1,1,652,mitdb/122,validation
1,1,653,mitdb/122,validation
1,1,654,mitdb/122,validation
1,1,655,mitdb/122,validation
1,1,656,mitdb/122,validation
1,1,657,mitdb/122,validation
1,1,658,mitdb/122,validation
1,1,659,mitdb/122,validation
1,1,680,mitdb/124,validation
1,1,681,mitdb/124,validation
1,1,682,mitdb/124,validation
1,1,683,mitdb/124,validation
1,1,684,mitdb/124,validation
1,1,685,mitdb/124,validation
1,1,686,mitdb/124,validation
1,1,687,mitdb/124,validation
1,1,688,mitdb/124,validation
1,1,689,mitdb/124,validation
1,1,690,mitdb/200,validation
1,1,691,mitdb/200,validation
1,1,692,mitdb/200,validation
1,1,693,mitdb/200,validation
1,1,694,mitdb/200,validation
1,1,695,mitdb/200,validation
1,1,696,mitdb/200,validation
1,1,697,mitdb/200,validation
1,1,698,mitdb/200,validation
1,1,699,mitdb/200,validation
1,1,730,mitdb/205,validation
1,1,731,mitdb/205,validation
1,1,732,mitdb/205,validation
1,1,733,mitdb/205,validation
1,1,734,mitdb/205,validation
1,1,735,mitdb/205,validation
1,1,736,mitdb/205,validation
1,1,737,mitdb/205,validation
1,1,738,mitdb/205,validation
1,1,739,mitdb/205,validation
1,1,760,mitdb/209,validation
1,1,761,mitdb/209,validation
1,1,762,mitdb/209,validation
1,1,763,mitdb/209,validation
1,1,764,mitdb/209,validation
1,1,765,mitdb/209,validation
1,1,766,mitdb/209,validation
1,1,767,mitdb/209,validation
1,1,768,mitdb/209,validation
1,1,769,mitdb/209,validation
1,1,790,mitdb/212,validation
1,1,791,mitdb/212,validation
1,1,792,mitdb/212,validation
1,1,793,mitdb/212,validation
1,1,794,mitdb/212,validation
1,1,795,mitdb/212,validation
1,1,796,mitdb/212,validation
1,1,797,mitdb/212,validation
1,1,798,mitdb/212,validation
1,1,799,mitdb/212,validation
1,1,880,mitdb/108,validation
1,1,881,mitdb/108,validation
1,1,882,mitdb/108,validation
1,1,883,mitdb/108,validation
1,1,884,mitdb/108,validation
1,1,885,mitdb/108,validation
1,1,886,mitdb/108,validation
1,1,887,mitdb/108,validation
1,1,888,mitdb/108,validation
1,1,889,mitdb/108,validation
1,1,1010,chfdb/chf14,validation
1,1,1011,chfdb/chf14,validation
1,1,1012,chfdb/chf14,validation
1,1,1013,chfdb/chf14,validation
1,1,1014,chfdb/chf14,validation
1,1,1015,chfdb/chf14,validation
1,1,1016,chfdb/chf14,validation
1,1,1017,chfdb/chf14,validation
1,1,1018,chfdb/chf14,validation
1,1,1019,chfdb/chf14,validation
1,1,1050,chfdb/chf03,validation
1,1,1051,chfdb/chf03,validation
1,1,1052,chfdb/chf03,validation
1,1,1053,chfdb/chf03,validation
1,1,1054,chfdb/chf03,validation
1,1,1055,chfdb/chf03,validation
1,1,1056,chfdb/chf03,validation
1,1,1057,chfdb/chf03,validation
1,1,1058,chfdb/chf03,validation
1,1,1059,chfdb/chf03,validation
1,1,1110,chfdb/chf08,validation
1,1,1111,chfdb/chf08,validation
1,1,1112,chfdb/chf08,validation
1,1,1113,chfdb/chf08,validation
1,1,1114,chfdb/chf08,validation
1,1,1115,chfdb/chf08,validation
1,1,1116,chfdb/chf08,validation
1,1,1117,chfdb/chf08,validation
1,1,1118,chfdb/chf08,validation
1,1,1119,chfdb/chf08,validation
1,1,1120,chfdb/chf09,validation
1,1,1121,chfdb/chf09,validation
1,1,1122,chfdb/chf09,validation
1,1,1123,chfdb/chf09,validation
1,1,1124,chfdb/chf09,validation
1,1,1125,chfdb/chf09,validation
1,1,1126,chfdb/chf09,validation
1,1,1127,chfdb/chf09,validation
1,1,1128,chfdb/chf09,validation
1,1,1129,chfdb/chf09,validation
1,1,1170,chfdb/chf14,validation
1,1,1171,chfdb/chf14,validation
1,1,1172,chfdb/chf14,validation
1,1,1173,chfdb/chf14,validation
1,1,1174,chfdb/chf14,validation
1,1,1175,chfdb/chf14,validation
1,1,1176,chfdb/chf14,validation
1,1,1177,chfdb/chf14,validation
1,1,1178,chfdb/chf14,validation
1,1,1179,chfdb/chf14,validation
1,1,1180,chfdb/chf03,validation
1,1,1181,chfdb/chf03,validation
1,1,1182,chfdb/chf03,validation
1,1,1183,chfdb/chf03,validation
1,1,1184,chfdb/chf03,validation
1,1,1185,chfdb/chf03,validation
1,1,1186,chfdb/chf03,validation
1,1,1187,chfdb/chf03,validation
1,1,1188,chfdb/chf03,validation
1,1,1189,chfdb/chf03,validation
1,1,1240,chfdb/chf08,validation
1,1,1241,chfdb/chf08,validation
1,1,1242,chfdb/chf08,validation
1,1,1243,chfdb/chf08,validation
1,1,1244,chfdb/chf08,validation
1,1,1245,chfdb/chf08,validation
1,1,1246,chfdb/chf08,validation
1,1,1247,chfdb/chf08,validation
1,1,1248,chfdb/chf08,validation
1,1,1249,chfdb/chf08,validation
1,1,1250,chfdb/chf09,validation
1,1,1251,chfdb/chf09,validation
1,1,1252,chfdb/chf09,validation
1,1,1253,chfdb/chf09,validation
1,1,1254,chfdb/chf09,validation
1,1,1255,chfdb/chf09,validation
1,1,1256,chfdb/chf09,validation
1,1,1257,chfdb/chf09,validation
1,1,1258,chfdb/chf09,validation
1,1,1259,chfdb/chf09,validation
1,1,1330,nsrdb/19093,validation
1,1,1331,nsrdb/19093,validation
1,1,1332,nsrdb/19093,validation
1,1,1333,nsrdb/19093,validation
1,1,1334,nsrdb/19093,validation
1,1,1335,nsrdb/19093,validation
1,1,1336,nsrdb/19093,validation
1,1,1337,nsrdb/19093,validation
1,1,1338,nsrdb/19093,validation
1,1,1339,nsrdb/19093,validation
1,1,1340,nsrdb/19140,validation
1,1,1341,nsrdb/19140,validation
1,1,1342,nsrdb/19140,validation
1,1,1343,nsrdb/19140,validation
1,1,1344,nsrdb/19140,validation
1,1,1345,nsrdb/19140,validation
1,1,1346,nsrdb/19140,validation
1,1,1347,nsrdb/19140,validation
1,1,1348,nsrdb/19140,validation
1,1,1349,nsrdb/19140,validation
1,1,1370,nsrdb/16272,validation
1,1,1371,nsrdb/16272,validation
1,1,1372,nsrdb/16272,validation
1,1,1373,nsrdb/16272,validation
1,1,1374,nsrdb/16272,validation
1,1,1375,nsrdb/16272,validation
1,1,1376,nsrdb/16272,validation
1,1,1377,nsrdb/16272,validation
1,1,1378,nsrdb/16272,validation
1,1,1379,nsrdb/16272,validation
1,1,1380,nsrdb/16272,validation
1,1,1381,nsrdb/16272,validation
1,1,1382,nsrdb/16272,validation
1,1,1383,nsrdb/16272,validation
1,1,1384,nsrdb/16272,validation
1,1,1385,nsrdb/16272,validation
1,1,1386,nsrdb/16272,validation
1,1,1387,nsrdb/16272,validation
1,1,1388,nsrdb/16272,validation
1,1,1389,nsrdb/16272,validation
1,1,1430,nsrdb/16773,validation
1,1,1431,nsrdb/16773,validation
1,1,1432,nsrdb/16773,validation
1,1,1433,nsrdb/16773,validation
1,1,1434,nsrdb/16773,validation
1,1,1435,nsrdb/16773,validation
1,1,1436,nsrdb/16773,validation
1,1,1437,nsrdb/16773,validation
1,1,1438,nsrdb/16773,validation
1,1,1439,nsrdb/16773,validation
1,1,1440,nsrdb/16786,validation
1,1,1441,nsrdb/16786,validation
1,1,1442,nsrdb/16786,validation
1,1,1443,nsrdb/16786,validation
1,1,1444,nsrdb/16786,validation
1,1,1445,nsrdb/16786,validation
1,1,1446,nsrdb/16786,validation
1,1,1447,nsrdb/16786,validation
1,1,1448,nsrdb/16786,validation
1,1,1449,nsrdb/16786,validation
1,1,1530,nsrdb/19093,validation
1,1,1531,nsrdb/19093,validation
1,1,1532,nsrdb/19093,validation
1,1,1533,nsrdb/19093,validation
1,1,1534,nsrdb/19093,validation
1,1,1535,nsrdb/19093,validation
1,1,1536,nsrdb/19093,validation
1,1,1537,nsrdb/19093,validation
1,1,1538,nsrdb/19093,validation
1,1,1539,nsrdb/19093,validation
1,1,1540,nsrdb/19140,validation
1,1,1541,nsrdb/19140,validation
1,1,1542,nsrdb/19140,validation
1,1,1543,nsrdb/19140,validation
1,1,1544,nsrdb/19140,validation
1,1,1545,nsrdb/19140,validation
1,1,1546,nsrdb/19140,validation
1,1,1547,nsrdb/19140,validation
1,1,1548,nsrdb/19140,validation
1,1,1549,nsrdb/19140,validation
1,1,1590,nsrdb/16773,validation
1,1,1591,nsrdb/16773,validation
1,1,1592,nsrdb/16773,validation
1,1,1593,nsrdb/16773,validation
1,1,1594,nsrdb/16773,validation
1,1,1595,nsrdb/16773,validation
1,1,1596,nsrdb/16773,validation
1,1,1597,nsrdb/16773,validation
1,1,1598,nsrdb/16773,validation
1,1,1599,nsrdb/16773,validation
1,1,1600,nsrdb/16786,validation
1,1,1601,nsrdb/16786,validation
1,1,1602,nsrdb/16786,validation
1,1,1603,nsrdb/16786,validation
1,1,1604,nsrdb/16786,validation
1,1,1605,nsrdb/16786,validation
1,1,1606,nsrdb/16786,validation
1,1,1607,nsrdb/16786,validation
1,1,1608,nsrdb/16786,validation
1,1,1609,nsrdb/16786,validation
1,1,20,mitdb/111,test
1,1,21,mitdb/111,test
1,1,22,mitdb/111,test
1,1,23,mitdb/111,test
1,1,24,mitdb/111,test
1,1,25,mitdb/111,test
1,1,26,mitdb/111,test
1,1,27,mitdb/111,test
1,1,28,mitdb/111,test
1,1,29,mitdb/111,test
1,1,50,mitdb/114,test
1,1,51,mitdb/114,test
1,1,52,mitdb/114,test
1,1,53,mitdb/114,test
1,1,54,mitdb/114,test
1,1,55,mitdb/114,test
1,1,56,mitdb/114,test
1,1,57,mitdb/114,test
1,1,58,mitdb/114,test
1,1,59,mitdb/114,test
1,1,220,mitdb/102,test
1,1,221,mitdb/102,test
1,1,222,mitdb/102,test
1,1,223,mitdb/102,test
1,1,224,mitdb/102,test
1,1,225,mitdb/102,test
1,1,226,mitdb/102,test
1,1,227,mitdb/102,test
1,1,228,mitdb/102,test
1,1,229,mitdb/102,test
1,1,230,mitdb/208,test
1,1,231,mitdb/208,test
1,1,232,mitdb/208,test
1,1,233,mitdb/208,test
1,1,234,mitdb/208,test
1,1,235,mitdb/208,test
1,1,236,mitdb/208,test
1,1,237,mitdb/208,test
1,1,238,mitdb/208,test
1,1,239,mitdb/208,test
1,1,280,mitdb/214,test
1,1,281,mitdb/214,test
1,1,282,mitdb/214,test
1,1,283,mitdb/214,test
1,1,284,mitdb/214,test
1,1,285,mitdb/214,test
1,1,286,mitdb/214,test
1,1,287,mitdb/214,test
1,1,288,mitdb/214,test
1,1,289,mitdb/214,test
1,1,290,mitdb/215,test
1,1,291,mitdb/215,test
1,1,292,mitdb/215,test
1,1,293,mitdb/215,test
1,1,294,mitdb/215,test
1,1,295,mitdb/215,test
1,1,296,mitdb/215,test
1,1,297,mitdb/215,test
1,1,298,mitdb/215,test
1,1,299,mitdb/215,test
1,1,300,mitdb/217,test
1,1,301,mitdb/217,test
1,1,302,mitdb/217,test
1,1,303,mitdb/217,test
1,1,304,mitdb/217,test
1,1,305,mitdb/217,test
1,1,306,mitdb/217,test
1,1,307,mitdb/217,test
1,1,308,mitdb/217,test
1,1,309,mitdb/217,test
1,1,310,mitdb/219,test
1,1,311,mitdb/219,test
1,1,312,mitdb/219,test
1,1,313,mitdb/219,test
1,1,314,mitdb/219,test
1,1,315,mitdb/219,test
1,1,316,mitdb/219,test
1,1,317,mitdb/219,test
1,1,318,mitdb/219,test
1,1,319,mitdb/219,test
1,1,460,mitdb/102,test
1,1,461,mitdb/102,test
1,1,462,mitdb/102,test
1,1,463,mitdb/102,test
1,1,464,mitdb/102,test
1,1,465,mitdb/102,test
1,1,466,mitdb/102,test
1,1,467,mitdb/102,test
1,1,468,mitdb/102,test
1,1,469,mitdb/102,test
1,1,510,mitdb/107,test
1,1,511,mitdb/107,test
1,1,512,mitdb/107,test
1,1,513,mitdb/107,test
1,1,514,mitdb/107,test
1,1,515,mitdb/107,test
1,1,516,mitdb/107,test
1,1,517,mitdb/107,test
1,1,518,mitdb/107,test
1,1,519,mitdb/107,test
1,1,540,mitdb/111,test
1,1,541,mitdb/111,test
1,1,542,mitdb/111,test
1,1,543,mitdb/111,test
1,1,544,mitdb/111,test
1,1,545,mitdb/111,test
1,1,546,mitdb/111,test
1,1,547,mitdb/111,test
1,1,548,mitdb/111,test
1,1,549,mitdb/111,test
1,1,580,mitdb/114,test
1,1,581,mitdb/114,test
1,1,582,mitdb/114,test
1,1,583,mitdb/114,test
1,1,584,mitdb/114,test
1,1,585,mitdb/114,test
1,1,586,mitdb/114,test
1,1,587,mitdb/114,test
1,1,588,mitdb/114,test
1,1,589,mitdb/114,test
1,1,750,mitdb/208,test
1,1,751,mitdb/208,test
1,1,752,mitdb/208,test
1,1,753,mitdb/208,test
1,1,754,mitdb/208,test
1,1,755,mitdb/208,test
1,1,756,mitdb/208,test
1,1,757,mitdb/208,test
1,1,758,mitdb/208,test
1,1,759,mitdb/208,test
1,1,770,mitdb/107,test
1,1,771,mitdb/107,test
1,1,772,mitdb/107,test
1,1,773,mitdb/107,test
1,1,774,mitdb/107,test
1,1,775,mitdb/107,test
1,1,776,mitdb/107,test
1,1,777,mitdb/107,test
1,1,778,mitdb/107,test
1,1,779,mitdb/107,test
1,1,810,mitdb/214,test
1,1,811,mitdb/214,test
1,1,812,mitdb/214,test
1,1,813,mitdb/214,test
1,1,814,mitdb/214,test
1,1,815,mitdb/214,test
1,1,816,mitdb/214,test
1,1,817,mitdb/214,test
1,1,818,mitdb/214,test
1,1,819,mitdb/214,test
1,1,820,mitdb/215,test
1,1,821,mitdb/215,test
1,1,822,mitdb/215,test
1,1,823,mitdb/215,test
1,1,824,mitdb/215,test
1,1,825,mitdb/215,test
1,1,826,mitdb/215,test
1,1,827,mitdb/215,test
1,1,828,mitdb/215,test
1,1,829,mitdb/215,test
1,1,830,mitdb/217,test
1,1,831,mitdb/217,test
1,1,832,mitdb/217,test
1,1,833,mitdb/217,test
1,1,834,mitdb/217,test
1,1,835,mitdb/217,test
1,1,836,mitdb/217,test
1,1,837,mitdb/217,test
1,1,838,mitdb/217,test
1,1,839,mitdb/217,test
1,1,840,mitdb/219,test
1,1,841,mitdb/219,test
1,1,842,mitdb/219,test
1,1,843,mitdb/219,test
1,1,844,mitdb/219,test
1,1,845,mitdb/219,test
1,1,846,mitdb/219,test
1,1,847,mitdb/219,test
1,1,848,mitdb/219,test
1,1,849,mitdb/219,test
1,1,960,chfdb/chf01,test
1,1,961,chfdb/chf01,test
1,1,962,chfdb/chf01,test
1,1,963,chfdb/chf01,test
1,1,964,chfdb/chf01,test
1,1,965,chfdb/chf01,test
1,1,966,chfdb/chf01,test
1,1,967,chfdb/chf01,test
1,1,968,chfdb/chf01,test
1,1,969,chfdb/chf01,test
1,1,1000,chfdb/chf13,test
1,1,1001,chfdb/chf13,test
1,1,1002,chfdb/chf13,test
1,1,1003,chfdb/chf13,test
1,1,1004,chfdb/chf13,test
1,1,1005,chfdb/chf13,test
1,1,1006,chfdb/chf13,test
1,1,1007,chfdb/chf13,test
1,1,1008,chfdb/chf13,test
1,1,1009,chfdb/chf13,test
1,1,1030,chfdb/chf01,test
1,1,1031,chfdb/chf01,test
1,1,1032,chfdb/chf01,test
1,1,1033,chfdb/chf01,test
1,1,1034,chfdb/chf01,test
1,1,1035,chfdb/chf01,test
1,1,1036,chfdb/chf01,test
1,1,1037,chfdb/chf01,test
1,1,1038,chfdb/chf01,test
1,1,1039,chfdb/chf01,test
1,1,1080,chfdb/chf05,test
1,1,1081,chfdb/chf05,test
1,1,1082,chfdb/chf05,test
1,1,1083,chfdb/chf05,test
1,1,1084,chfdb/chf05,test
1,1,1085,chfdb/chf05,test
1,1,1086,chfdb/chf05,test
1,1,1087,chfdb/chf05,test
1,1,1088,chfdb/chf05,test
1,1,1089,chfdb/chf05,test
1,1,1160,chfdb/chf13,test
1,1,1161,chfdb/chf13,test
1,1,1162,chfdb/chf13,test
1,1,1163,chfdb/chf13,test
1,1,1164,chfdb/chf13,test
1,1,1165,chfdb/chf13,test
1,1,1166,chfdb/chf13,test
1,1,1167,chfdb/chf13,test
1,1,1168,chfdb/chf13,test
1,1,1169,chfdb/chf13,test
1,1,1210,chfdb/chf05,test
1,1,1211,chfdb/chf05,test
1,1,1212,chfdb/chf05,test
1,1,1213,chfdb/chf05,test
1,1,1214,chfdb/chf05,test
1,1,1215,chfdb/chf05,test
1,1,1216,chfdb/chf05,test
1,1,1217,chfdb/chf05,test
1,1,1218,chfdb/chf05,test
1,1,1219,chfdb/chf05,test
1,1,1270,nsrdb/17052,test
1,1,1271,nsrdb/17052,test
1,1,1272,nsrdb/17052,test
1,1,1273,nsrdb/17052,test
1,1,1274,nsrdb/17052,test
1,1,1275,nsrdb/17052,test
1,1,1276,nsrdb/17052,test
1,1,1277,nsrdb/17052,test
1,1,1278,nsrdb/17052,test
1,1,1279,nsrdb/17052,test
1,1,1310,nsrdb/19088,test
1,1,1311,nsrdb/19088,test
1,1,1312,nsrdb/19088,test
1,1,1313,nsrdb/19088,test
1,1,1314,nsrdb/19088,test
1,1,1315,nsrdb/19088,test
1,1,1316,nsrdb/19088,test
1,1,1317,nsrdb/19088,test
1,1,1318,nsrdb/19088,test
1,1,1319,nsrdb/19088,test
1,1,1350,nsrdb/19830,test
1,1,1351,nsrdb/19830,test
1,1,1352,nsrdb/19830,test
1,1,1353,nsrdb/19830,test
1,1,1354,nsrdb/19830,test
1,1,1355,nsrdb/19830,test
1,1,1356,nsrdb/19830,test
1,1,1357,nsrdb/19830,test
1,1,1358,nsrdb/19830,test
1,1,1359,nsrdb/19830,test
1,1,1420,nsrdb/16539,test
1,1,1421,nsrdb/16539,test
1,1,1422,nsrdb/16539,test
1,1,1423,nsrdb/16539,test
1,1,1424,nsrdb/16539,test
1,1,1425,nsrdb/16539,test
1,1,1426,nsrdb/16539,test
1,1,1427,nsrdb/16539,test
1,1,1428,nsrdb/16539,test
1,1,1429,nsrdb/16539,test
1,1,1460,nsrdb/17052,test
1,1,1461,nsrdb/17052,test
1,1,1462,nsrdb/17052,test
1,1,1463,nsrdb/17052,test
1,1,1464,nsrdb/17052,test
1,1,1465,nsrdb/17052,test
1,1,1466,nsrdb/17052,test
1,1,1467,nsrdb/17052,test
1,1,1468,nsrdb/17052,test
1,1,1469,nsrdb/17052,test
1,1,1510,nsrdb/19088,test
1,1,1511,nsrdb/19088,test
1,1,1512,nsrdb/19088,test
1,1,1513,nsrdb/19088,test
1,1,1514,nsrdb/19088,test
1,1,1515,nsrdb/19088,test
1,1,1516,nsrdb/19088,test
1,1,1517,nsrdb/19088,test
1,1,1518,nsrdb/19088,test
1,1,1519,nsrdb/19088,test
1,1,1550,nsrdb/19830,test
1,1,1551,nsrdb/19830,test
1,1,1552,nsrdb/19830,test
1,1,1553,nsrdb/19830,test
1,1,1554,nsrdb/19830,test
1,1,1555,nsrdb/19830,test
1,1,1556,nsrdb/19830,test
1,1,1557,nsrdb/19830,test
1,1,1558,nsrdb/19830,test
1,1,1559,nsrdb/19830,test
1,1,1580,nsrdb/16539,test
1,1,1581,nsrdb/16539,test
1,1,1582,nsrdb/16539,test
1,1,1583,nsrdb/16539,test
1,1,1584,nsrdb/16539,test
1,1,1585,nsrdb/16539,test
1,1,1586,nsrdb/16539,test
1,1,1587,nsrdb/16539,test
1,1,1588,nsrdb/16539,test
1,1,1589,nsrdb/16539,test
1,2,0,mitdb/100,train
1,2,1,mitdb/100,train
1,2,2,mitdb/100,train
1,2,3,mitdb/100,train
1,2,4,mitdb/100,train
1,2,5,mitdb/100,train
1,2,6,mitdb/100,train
1,2,7,mitdb/100,train
1,2,8,mitdb/100,train
1,2,9,mitdb/100,train
1,2,10,mitdb/109,train
1,2,11,mitdb/109,train
1,2,12,mitdb/109,train
1,2,13,mitdb/109,train
1,2,14,mitdb/109,train
1,2,15,mitdb/109,train
1,2,16,mitdb/109,train
1,2,17,mitdb/109,train
1,2,18,mitdb/109,train
1,2,19,mitdb/109,train
1,2,40,mitdb/113,train
1,2,41,mitdb/113,train
1,2,42,mitdb/113,train
1,2,43,mitdb/113,train
1,2,44,mitdb/113,train
1,2,45,mitdb/113,train
1,2,46,mitdb/113,train
1,2,47,mitdb/113,train
1,2,48,mitdb/113,train
1,2,49,mitdb/113,train
1,2,60,mitdb/115,train
1,2,61,mitdb/115,train
1,2,62,mitdb/115,train
1,2,63,mitdb/115,train
1,2,64,mitdb/115,train
1,2,65,mitdb/115,train
1,2,66,mitdb/115,train
1,2,67,mitdb/115,train
1,2,68,mitdb/115,train
1,2,69,mitdb/115,train
1,2,70,mitdb/116,train
1,2,71,mitdb/116,train
1,2,72,mitdb/116,train
1,2,73,mitdb/116,train
1,2,74,mitdb/116,train
1,2,75,mitdb/116,train
1,2,76,mitdb/116,train
1,2,77,mitdb/116,train
1,2,78,mitdb/116,train
1,2,79,mitdb/116,train
1,2,80,mitdb/117,train
1,2,81,mitdb/117,train
1,2,82,mitdb/117,train
1,2,83,mitdb/117,train
1,2,84,mitdb/117,train
1,2,85,mitdb/117,train
1,2,86,mitdb/117,train
1,2,87,mitdb/117,train
1,2,88,mitdb/117,train
1,2,89,mitdb/117,train
1,2,90,mitdb/118,train
1,2,91,mitdb/118,train
1,2,92,mitdb/118,train
1,2,93,mitdb/118,train
1,2,94,mitdb/118,train
1,2,95,mitdb/118,train
1,2,96,mitdb/118,train
1,2,97,mitdb/118,train
1,2,98,mitdb/118,train
1,2,99,mitdb/118,train
1,2,100,mitdb/119,train
1,2,101,mitdb/119,train
1,2,102,mitdb/119,train
1,2,103,mitdb/119,train
1,2,104,mitdb/119,train
1,2,105,mitdb/119,train
1,2,106,mitdb/119,train
1,2,107,mitdb/119,train
1,2,108,mitdb/119,train
1,2,109,mitdb/119,train
1,2,110,mitdb/101,train
1,2,111,mitdb/101,train
1,2,112,mitdb/101,train
1,2,113,mitdb/101,train
1,2,114,mitdb/101,train
1,2,115,mitdb/101,train
1,2,116,mitdb/101,train
1,2,117,mitdb/101,train
1,2,118,mitdb/101,train
1,2,119,mitdb/101,train
1,2,120,mitdb/121,train
1,2,121,mitdb/121,train
1,2,122,mitdb/121,train
1,2,123,mitdb/121,train
1,2,124,mitdb/121,train
1,2,125,mitdb/121,train
1,2,126,mitdb/121,train
1,2,127,mitdb/121,train
1,2,128,mitdb/121,train
1,2,129,mitdb/121,train
1,2,130,mitdb/122,train
1,2,131,mitdb/122,train
1,2,132,mitdb/122,train
1,2,133,mitdb/122,train
1,2,134,mitdb/122,train
1,2,135,mitdb/122,train
1,2,136,mitdb/122,train
1,2,137,mitdb/122,train
1,2,138,mitdb/122,train
1,2,139,mitdb/122,train
1,2,150,mitdb/124,train
1,2,151,mitdb/124,train
1,2,152,mitdb/124,train
1,2,153,mitdb/124,train
1,2,154,mitdb/124,train
1,2,155,mitdb/124,train
1,2,156,mitdb/124,train
1,2,157,mitdb/124,train
1,2,158,mitdb/124,train
1,2,159,mitdb/124,train
1,2,160,mitdb/200,train
1,2,161,mitdb/200,train
1,2,162,mitdb/200,train
1,2,163,mitdb/200,train
1,2,164,mitdb/200,train
1,2,165,mitdb/200,train
1,2,166,mitdb/200,train
1,2,167,mitdb/200,train
1,2,168,mitdb/200,train
1,2,169,mitdb/200,train
1,2,200,mitdb/205,train
1,2,201,mitdb/205,train
1,2,202,mitdb/205,train
1,2,203,mitdb/205,train
1,2,204,mitdb/205,train
1,2,205,mitdb/205,train
1,2,206,mitdb/205,train
1,2,207,mitdb/205,train
1,2,208,mitdb/205,train
1,2,209,mitdb/205,train
1,2,210,mitdb/207,train
1,2,211,mitdb/207,train
1,2,212,mitdb/207,train
1,2,213,mitdb/207,train
1,2,214,mitdb/207,train
1,2,215,mitdb/207,train
1,2,216,mitdb/207,train
1,2,217,mitdb/207,train
1,2,218,mitdb/207,train
1,2,219,mitdb/207,train
1,2,240,mitdb/209,train
1,2,241,mitdb/209,train
1,2,242,mitdb/209,train
1,2,243,mitdb/209,train
1,2,244,mitdb/209,train
1,2,245,mitdb/209,train
1,2,246,mitdb/209,train
1,2,247,mitdb/209,train
1,2,248,mitdb/209,train
1,2,249,mitdb/209,train
1,2,250,mitdb/210,train
1,2,251,mitdb/210,train
1,2,252,mitdb/210,train
1,2,253,mitdb/210,train
1,2,254,mitdb/210,train
1,2,255,mitdb/210,train
1,2,256,mitdb/210,train
1,2,257,mitdb/210,train
1,2,258,mitdb/210,train
1,2,259,mitdb/210,train
1,2,260,mitdb/212,train
1,2,261,mitdb/212,train
1,2,262,mitdb/212,train
1,2,263,mitdb/212,train
1,2,264,mitdb/212,train
1,2,265,mitdb/212,train
1,2,266,mitdb/212,train
1,2,267,mitdb/212,train
1,2,268,mitdb/212,train
1,2,269,mitdb/212,train
1,2,270,mitdb/213,train
1,2,271,mitdb/213,train
1,2,272,mitdb/213,train
1,2,273,mitdb/213,train
1,2,274,mitdb/213,train
1,2,275,mitdb/213,train
1,2,276,mitdb/213,train
1,2,277,mitdb/213,train
1,2,278,mitdb/213,train
1,2,279,mitdb/213,train
1,2,320,mitdb/220,train
1,2,321,mitdb/220,train
1,2,322,mitdb/220,train
1,2,323,mitdb/220,train
1,2,324,mitdb/220,train
1,2,325,mitdb/220,train
1,2,326,mitdb/220,train
1,2,327,mitdb/220,train
1,2,328,mitdb/220,train
1,2,329,mitdb/220,train
1,2,330,mitdb/103,train
1,2,331,mitdb/103,train
1,2,332,mitdb/103,train
1,2,333,mitdb/103,train
1,2,334,mitdb/103,train
1,2,335,mitdb/103,train
1,2,336,mitdb/103,train
1,2,337,mitdb/103,train
1,2,338,mitdb/103,train
1,2,339,mitdb/103,train
1,2,370,mitdb/228,train
1,2,371,mitdb/228,train
1,2,372,mitdb/228,train
1,2,373,mitdb/228,train
1,2,374,mitdb/228,train
1,2,375,mitdb/228,train
1,2,376,mitdb/228,train
1,2,377,mitdb/228,train
1,2,378,mitdb/228,train
1,2,379,mitdb/228,train
1,2,420,mitdb/234,train
1,2,421,mitdb/234,train
1,2,422,mitdb/234,train
1,2,423,mitdb/234,train
1,2,424,mitdb/234,train
1,2,425,mitdb/234,train
1,2,426,mitdb/234,train
1,2,427,mitdb/234,train
1,2,428,mitdb/234,train
1,2,429,mitdb/234,train
1,2,430,mitdb/100,train
1,2,431,mitdb/100,train
1,2,432,mitdb/100,train
1,2,433,mitdb/100,train
1,2,434,mitdb/100,train
1,2,435,mitdb/100,train
1,2,436,mitdb/100,train
1,2,437,mitdb/100,train
1,2,438,mitdb/100,train
1,2,439,mitdb/100,train
1,2,440,mitdb/104,train
1,2,441,mitdb/104,train
1,2,442,mitdb/104,train
1,2,443,mitdb/104,train
1,2,444,mitdb/104,train
1,2,445,mitdb/104,train
1,2,446,mitdb/104,train
1,2,447,mitdb/104,train
1,2,448,mitdb/104,train
1,2,449,mitdb/104,train
1,2,450,mitdb/101,train
1,2,451,mitdb/101,train
1,2,452,mitdb/101,train
1,2,453,mitdb/101,train
1,2,454,mitdb/101,train
1,2,455,mitdb/101,train
1,2,456,mitdb/101,train
1,2,457,mitdb/101,train
1,2,458,mitdb/101,train
1,2,459,mitdb/101,train
1,2,470,mitdb/103,train
1,2,471,mitdb/103,train
1,2,472,mitdb/103,train
1,2,473,mitdb/103,train
1,2,474,mitdb/103,train
1,2,475,mitdb/103,train
1,2,476,mitdb/103,train
1,2,477,mitdb/103,train
1,2,478,mitdb/103,train
1,2,479,mitdb/103,train
1,2,480,mitdb/104,train
1,2,481,mitdb/104,train
1,2,482,mitdb/104,train
1,2,483,mitdb/104,train
1,2,484,mitdb/104,train
1,2,485,mitdb/104,train
1,2,486,mitdb/104,train
1,2,487,mitdb/104,train
1,2,488,mitdb/104,train
1,2,489,mitdb/104,train
1,2,490,mitdb/105,train
1,2,491,mitdb/105,train
1,2,492,mitdb/105,train
1,2,493,mitdb/105,train
1,2,494,mitdb/105,train
1,2,495,mitdb/105,train
1,2,496,mitdb/105,train
1,2,497,mitdb/105,train
1,2,498,mitdb/105,train
1,2,499,mitdb/105,train
1,2,520,mitdb/108,train
1,2,521,mitdb/108,train
1,2,522,mitdb/108,train
1,2,523,mitdb/108,train
1,2,524,mitdb/108,train
1,2,525,mitdb/108,train
1,2,526,mitdb/108,train
1,2,527,mitdb/108,train
1,2,528,mitdb/108,train
1,2,529,mitdb/108,train
1,2,530,mitdb/109,train
1,2,531,mitdb/109,train
1,2,532,mitdb/109,train
1,2,533,mitdb/109,train
1,2,534,mitdb/109,train
1,2,535,mitdb/109,train
1,2,536,mitdb/109,train
1,2,537,mitdb/109,train
1,2,538,mitdb/109,train
1,2,539,mitdb/109,train
1,2,550,mitdb/105,train
1,2,551,mitdb/105,train
1,2,552,mitdb/105,train
1,2,553,mitdb/105,train
1,2,554,mitdb/105,train
1,2,555,mitdb/105,train
1,2,556,mitdb/105,train
1,2,557,mitdb/105,train
1,2,558,mitdb/105,train
1,2,559,mitdb/105,train
1,2,570,mitdb/113,train
1,2,571,mitdb/113,train
1,2,572,mitdb/113,train
1,2,573,mitdb/113,train
1,2,574,mitdb/113,train
1,2,575,mitdb/113,train
1,2,576,mitdb/113,train
1,2,577,mitdb/113,train
1,2,578,mitdb/113,train
1,2,579,mitdb/113,train
1,2,590,mitdb/115,train
1,2,591,mitdb/115,train
1,2,592,mitdb/115,train
1,2,593,mitdb/115,train
1,2,594,mitdb/115,train
1,2,595,mitdb/115,train
1,2,596,mitdb/115,train
1,2,597,mitdb/115,train
1,2,598,mitdb/115,train
1,2,599,mitdb/115,train
1,2,600,mitdb/116,train
1,2,601,mitdb/116,train
1,2,602,mitdb/116,train
1,2,603,mitdb/116,train
1,2,604,mitdb/116,train
1,2,605,mitdb/116,train
1,2,606,mitdb/116,train
1,2,607,mitdb/116,train
1,2,608,mitdb/116,train
1,2,609,mitdb/116,train
1,2,610,mitdb/117,train
1,2,611,mitdb/117,train
1,2,612,mitdb/117,train
1,2,613,mitdb/117,train
1,2,614,mitdb/117,train
1,2,615,mitdb/117,train
1,2,616,mitdb/117,train
1,2,617,mitdb/117,train
1,2,618,mitdb/117,train
1,2,619,mitdb/117,train
1,2,620,mitdb/118,train
1,2,621,mitdb/118,train
1,2,622,mitdb/118,train
1,2,623,mitdb/118,train
1,2,624,mitdb/118,train
1,2,625,mitdb/118,train
1,2,626,mitdb/118,train
1,2,627,mitdb/118,train
1,2,628,mitdb/118,train
1,2,629,mitdb/118,train
1,2,630,mitdb/119,train
1,2,631,mitdb/119,train
1,2,632,mitdb/119,train
1,2,633,mitdb/119,train
1,2,634,mitdb/119,train
1,2,635,mitdb/119,train
1,2,636,mitdb/119,train
1,2,637,mitdb/119,train
1,2,638,mitdb/119,train
1,2,639,mitdb/119,train
1,2,640,mitdb/121,train
1,2,641,mitdb/121,train
1,2,642,mitdb/121,train
1,2,643,mitdb/121,train
1,2,644,mitdb/121,train
1,2,645,mitdb/121,train
1,2,646,mitdb/121,train
1,2,647,mitdb/121,train
1,2,648,mitdb/121,train
1,2,649,mitdb/121,train
1,2,650,mitdb/122,train
1,2,651,mitdb/122,train
1,2,652,mitdb/122,train
1,2,653,mitdb/122,train
1,2,654,mitdb/122,train
1,2,655,mitdb/122,train
1,2,656,mitdb/122,train
1,2,657,mitdb/122,train
1,2,658,mitdb/122,train
1,2,659,mitdb/122,train
1,2,680,mitdb/124,train
1,2,681,mitdb/124,train
1,2,682,mitdb/124,train
1,2,683,mitdb/124,train
1,2,684,mitdb/124,train
1,2,685,mitdb/124,train
1,2,686,mitdb/124,train
1,2,687,mitdb/124,train
1,2,688,mitdb/124,train
1,2,689,mitdb/124,train
1,2,690,mitdb/200,train
1,2,691,mitdb/200,train
1,2,692,mitdb/200,train
1,2,693,mitdb/200,train
1,2,694,mitdb/200,train
1,2,695,mitdb/200,train
1,2,696,mitdb/200,train
1,2,697,mitdb/200,train
1,2,698,mitdb/200,train
1,2,699,mitdb/200,train
1,2,730,mitdb/205,train
1,2,731,mitdb/205,train
1,2,732,mitdb/205,train
1,2,733,mitdb/205,train
1,2,734,mitdb/205,train
1,2,735,mitdb/205,train
1,2,736,mitdb/205,train
1,2,737,mitdb/205,train
1,2,738,mitdb/205,train
1,2,739,mitdb/205,train
1,2,740,mitdb/207,train
1,2,741,mitdb/207,train
1,2,742,mitdb/207,train
1,2,743,mitdb/207,train
1,2,744,mitdb/207,train
1,2,745,mitdb/207,train
1,2,746,mitdb/207,train
1,2,747,mitdb/207,train
1,2,748,mitdb/207,train
1,2,749,mitdb/207,train
1,2,760,mitdb/209,train
1,2,761,mitdb/209,train
1,2,762,mitdb/209,train
1,2,763,mitdb/209,train
1,2,764,mitdb/209,train
1,2,765,mitdb/209,train
1,2,766,mitdb/209,train
1,2,767,mitdb/209,train
1,2,768,mitdb/209,train
1,2,769,mitdb/209,train
1,2,780,mitdb/210,train
1,2,781,mitdb/210,train
1,2,782,mitdb/210,train
1,2,783,mitdb/210,train
1,2,784,mitdb/210,train
1,2,785,mitdb/210,train
1,2,786,mitdb/210,train
1,2,787,mitdb/210,train
1,2,788,mitdb/210,train
1,2,789,mitdb/210,train
1,2,790,mitdb/212,train
1,2,791,mitdb/212,train
1,2,792,mitdb/212,train
1,2,793,mitdb/212,train
1,2,794,mitdb/212,train
1,2,795,mitdb/212,train
1,2,796,mitdb/212,train
1,2,797,mitdb/212,train
1,2,798,mitdb/212,train
1,2,799,mitdb/212,train
1,2,800,mitdb/213,train
1,2,801,mitdb/213,train
1,2,802,mitdb/213,train
1,2,803,mitdb/213,train
1,2,804,mitdb/213,train
1,2,805,mitdb/213,train
1,2,806,mitdb/213,train
1,2,807,mitdb/213,train
1,2,808,mitdb/213,train
1,2,809,mitdb/213,train
1,2,850,mitdb/220,train
1,2,851,mitdb/220,train
1,2,852,mitdb/220,train
1,2,853,mitdb/220,train
1,2,854,mitdb/220,train
1,2,855,mitdb/220,train
1,2,856,mitdb/220,train
1,2,857,mitdb/220,train
1,2,858,mitdb/220,train
1,2,859,mitdb/220,train
1,2,880,mitdb/108,train
1,2,881,mitdb/108,train
1,2,882,mitdb/108,train
1,2,883,mitdb/108,train
1,2,884,mitdb/108,train
1,2,885,mitdb/108,train
1,2,886,mitdb/108,train
1,2,887,mitdb/108,train
1,2,888,mitdb/108,train
1,2,889,mitdb/108,train
1,2,900,mitdb/228,train
1,2,901,mitdb/228,train
1,2,902,mitdb/228,train
1,2,903,mitdb/228,train
1,2,904,mitdb/228,train
1,2,905,mitdb/228,train
1,2,906,mitdb/228,train
1,2,907,mitdb/228,train
1,2,908,mitdb/228,train
1,2,909,mitdb/228,train
1,2,950,mitdb/234,train
1,2,951,mitdb/234,train
1,2,952,mitdb/234,train
1,2,953,mitdb/234,train
1,2,954,mitdb/234,train
1,2,955,mitdb/234,train
1,2,956,mitdb/234,train
1,2,957,mitdb/234,train
1,2,958,mitdb/234,train
1,2,959,mitdb/234,train
1,2,990,chfdb/chf12,train
1,2,991,chfdb/chf12,train
1,2,992,chfdb/chf12,train
1,2,993,chfdb/chf12,train
1,2,994,chfdb/chf12,train
1,2,995,chfdb/chf12,train
1,2,996,chfdb/chf12,train
1,2,997,chfdb/chf12,train
1,2,998,chfdb/chf12,train
1,2,999,chfdb/chf12,train
1,2,1010,chfdb/chf14,train
1,2,1011,chfdb/chf14,train
1,2,1012,chfdb/chf14,train
1,2,1013,chfdb/chf14,train
1,2,1014,chfdb/chf14,train
1,2,1015,chfdb/chf14,train
1,2,1016,chfdb/chf14,train
1,2,1017,chfdb/chf14,train
1,2,1018,chfdb/chf14,train
1,2,1019,chfdb/chf14,train
1,2,1040,chfdb/chf02,train
1,2,1041,chfdb/chf02,train
1,2,1042,chfdb/chf02,train
1,2,1043,chfdb/chf02,train
1,2,1044,chfdb/chf02,train
1,2,1045,chfdb/chf02,train
1,2,1046,chfdb/chf02,train
1,2,1047,chfdb/chf02,train
1,2,1048,chfdb/chf02,train
1,2,1049,chfdb/chf02,train
1,2,1050,chfdb/chf03,train
1,2,1051,chfdb/chf03,train
1,2,1052,chfdb/chf03,train
1,2,1053,chfdb/chf03,train
1,2,1054,chfdb/chf03,train
1,2,1055,chfdb/chf03,train
1,2,1056,chfdb/chf03,train
1,2,1057,chfdb/chf03,train
1,2,1058,chfdb/chf03,train
1,2,1059,chfdb/chf03,train
1,2,1060,chfdb/chf04,train
1,2,1061,chfdb/chf04,train
1,2,1062,chfdb/chf04,train
1,2,1063,chfdb/chf04,train
1,2,1064,chfdb/chf04,train
1,2,1065,chfdb/chf04,train
1,2,1066,chfdb/chf04,train
1,2,1067,chfdb/chf04,train
1,2,1068,chfdb/chf04,train
1,2,1069,chfdb/chf04,train
1,2,1070,chfdb/chf02,train
1,2,1071,chfdb/chf02,train
1,2,1072,chfdb/chf02,train
1,2,1073,chfdb/chf02,train
1,2,1074,chfdb/chf02,train
1,2,1075,chfdb/chf02,train
1,2,1076,chfdb/chf02,train
1,2,1077,chfdb/chf02,train
1,2,1078,chfdb/chf02,train
1,2,1079,chfdb/chf02,train
1,2,1090,chfdb/chf06,train
1,2,1091,chfdb/chf06,train
1,2,1092,chfdb/chf06,train
1,2,1093,chfdb/chf06,train
1,2,1094,chfdb/chf06,train
1,2,1095,chfdb/chf06,train
1,2,1096,chfdb/chf06,train
1,2,1097,chfdb/chf06,train
1,2,1098,chfdb/chf06,train
1,2,1099,chfdb/chf06,train
1,2,1110,chfdb/chf08,train
1,2,1111,chfdb/chf08,train
1,2,1112,chfdb/chf08,train
1,2,1113,chfdb/chf08,train
1,2,1114,chfdb/chf08,train
1,2,1115,chfdb/chf08,train
1,2,1116,chfdb/chf08,train
1,2,1117,chfdb/chf08,train
1,2,1118,chfdb/chf08,train
1,2,1119,chfdb/chf08,train
1,2,1120,chfdb/chf09,train
1,2,1121,chfdb/chf09,train
1,2,1122,chfdb/chf09,train
1,2,1123,chfdb/chf09,train
1,2,1124,chfdb/chf09,train
1,2,1125,chfdb/chf09,train
1,2,1126,chfdb/chf09,train
1,2,1127,chfdb/chf09,train
1,2,1128,chfdb/chf09,train
1,2,1129,chfdb/chf09,train
1,2,1150,chfdb/chf12,train
1,2,1151,chfdb/chf12,train
1,2,1152,chfdb/chf12,train
1,2,1153,chfdb/chf12,train
1,2,1154,chfdb/chf12,train
1,2,1155,chfdb/chf12,train
1,2,1156,chfdb/chf12,train
1,2,1157,chfdb/chf12,train
1,2,1158,chfdb/chf12,train
1,2,1159,chfdb/chf12,train
1,2,1170,chfdb/chf14,train
1,2,1171,chfdb/chf14,train
1,2,1172,chfdb/chf14,train
1,2,1173,chfdb/chf14,train
1,2,1174,chfdb/chf14,train
1,2,1175,chfdb/chf14,train
1,2,1176,chfdb/chf14,train
1,2,1177,chfdb/chf14,train
1,2,1178,chfdb/chf14,train
1,2,1179,chfdb/chf14,train
1,2,1180,chfdb/chf03,train
1,2,1181,chfdb/chf03,train
1,2,1182,chfdb/chf03,train
1,2,1183,chfdb/chf03,train
1,2,1184,chfdb/chf03,train
1,2,1185,chfdb/chf03,train
1,2,1186,chfdb/chf03,train
1,2,1187,chfdb/chf03,train
1,2,1188,chfdb/chf03,train
1,2,1189,chfdb/chf03,train
1,2,1200,chfdb/chf04,train
1,2,1201,chfdb/chf04,train
1,2,1202,chfdb/chf04,train
1,2,1203,chfdb/chf04,train
1,2,1204,chfdb/chf04,train
1,2,1205,chfdb/chf04,train
1,2,1206,chfdb/chf04,train
1,2,1207,chfdb/chf04,train
1,2,1208,chfdb/chf04,train
1,2,1209,chfdb/chf04,train
1,2,1220,chfdb/chf06,train
1,2,1221,chfdb/chf06,train
1,2,1222,chfdb/chf06,train
1,2,1223,chfdb/chf06,train
1,2,1224,chfdb/chf06,train
1,2,1225,chfdb/chf06,train
1,2,1226,chfdb/chf06,train
1,2,1227,chfdb/chf06,train
1,2,1228,chfdb/chf06,train
1,2,1229,chfdb/chf06,train
1,2,1240,chfdb/chf08,train
1,2,1241,chfdb/chf08,train
1,2,1242,chfdb/chf08,train
1,2,1243,chfdb/chf08,train
1,2,1244,chfdb/chf08,train
1,2,1245,chfdb/chf08,train
1,2,1246,chfdb/chf08,train
1,2,1247,chfdb/chf08,train
1,2,1248,chfdb/chf08,train
1,2,1249,chfdb/chf08,train
1,2,1250,chfdb/chf09,train
1,2,1251,chfdb/chf09,train
1,2,1252,chfdb/chf09,train
1,2,1253,chfdb/chf09,train
1,2,1254,chfdb/chf09,train
1,2,1255,chfdb/chf09,train
1,2,1256,chfdb/chf09,train
1,2,1257,chfdb/chf09,train
1,2,1258,chfdb/chf09,train
1,2,1259,chfdb/chf09,train
1,2,1290,nsrdb/18177,train
1,2,1291,nsrdb/18177,train
1,2,1292,nsrdb/18177,train
1,2,1293,nsrdb/18177,train
1,2,1294,nsrdb/18177,train
1,2,1295,nsrdb/18177,train
1,2,1296,nsrdb/18177,train
1,2,1297,nsrdb/18177,train
1,2,1298,nsrdb/18177,train
1,2,1299,nsrdb/18177,train
1,2,1320,nsrdb/19090,train
1,2,1321,nsrdb/19090,train
1,2,1322,nsrdb/19090,train
1,2,1323,nsrdb/19090,train
1,2,1324,nsrdb/19090,train
1,2,1325,nsrdb/19090,train
1,2,1326,nsrdb/19090,train
1,2,1327,nsrdb/19090,train
1,2,1328,nsrdb/19090,train
1,2,1329,nsrdb/19090,train
1,2,1330,nsrdb/19093,train
1,2,1331,nsrdb/19093,train
1,2,1332,nsrdb/19093,train
1,2,1333,nsrdb/19093,train
1,2,1334,nsrdb/19093,train
1,2,1335,nsrdb/19093,train
1,2,1336,nsrdb/19093,train
1,2,1337,nsrdb/19093,train
1,2,1338,nsrdb/19093,train
1,2,1339,nsrdb/19093,train
1,2,1340,nsrdb/19140,train
1,2,1341,nsrdb/19140,train
1,2,1342,nsrdb/19140,train
1,2,1343,nsrdb/19140,train
1,2,1344,nsrdb/19140,train
1,2,1345,nsrdb/19140,train
1,2,1346,nsrdb/19140,train
1,2,1347,nsrdb/19140,train
1,2,1348,nsrdb/19140,train
1,2,1349,nsrdb/19140,train
1,2,1370,nsrdb/16272,train
1,2,1371,nsrdb/16272,train
1,2,1372,nsrdb/16272,train
1,2,1373,nsrdb/16272,train
1,2,1374,nsrdb/16272,train
1,2,1375,nsrdb/16272,train
1,2,1376,nsrdb/16272,train
1,2,1377,nsrdb/16272,train
1,2,1378,nsrdb/16272,train
1,2,1379,nsrdb/16272,train
1,2,1380,nsrdb/16272,train
1,2,1381,nsrdb/16272,train
1,2,1382,nsrdb/16272,train
1,2,1383,nsrdb/16272,train
1,2,1384,nsrdb/16272,train
1,2,1385,nsrdb/16272,train
1,2,1386,nsrdb/16272,train
1,2,1387,nsrdb/16272,train
1,2,1388,nsrdb/16272,train
1,2,1389,nsrdb/16272,train
1,2,1390,nsrdb/16273,train
1,2,1391,nsrdb/16273,train
1,2,1392,nsrdb/16273,train
1,2,1393,nsrdb/16273,train
1,2,1394,nsrdb/16273,train
1,2,1395,nsrdb/16273,train
1,2,1396,nsrdb/16273,train
1,2,1397,nsrdb/16273,train
1,2,1398,nsrdb/16273,train
1,2,1399,nsrdb/16273,train
1,2,1400,nsrdb/16420,train
1,2,1401,nsrdb/16420,train
1,2,1402,nsrdb/16420,train
1,2,1403,nsrdb/16420,train
1,2,1404,nsrdb/16420,train
1,2,1405,nsrdb/16420,train
1,2,1406,nsrdb/16420,train
1,2,1407,nsrdb/16420,train
1,2,1408,nsrdb/16420,train
1,2,1409,nsrdb/16420,train
1,2,1430,nsrdb/16773,train
1,2,1431,nsrdb/16773,train
1,2,1432,nsrdb/16773,train
1,2,1433,nsrdb/16773,train
1,2,1434,nsrdb/16773,train
1,2,1435,nsrdb/16773,train
1,2,1436,nsrdb/16773,train
1,2,1437,nsrdb/16773,train
1,2,1438,nsrdb/16773,train
1,2,1439,nsrdb/16773,train
1,2,1440,nsrdb/16786,train
1,2,1441,nsrdb/16786,train
1,2,1442,nsrdb/16786,train
1,2,1443,nsrdb/16786,train
1,2,1444,nsrdb/16786,train
1,2,1445,nsrdb/16786,train
1,2,1446,nsrdb/16786,train
1,2,1447,nsrdb/16786,train
1,2,1448,nsrdb/16786,train
1,2,1449,nsrdb/16786,train
1,2,1480,nsrdb/16273,train
1,2,1481,nsrdb/16273,train
1,2,1482,nsrdb/16273,train
1,2,1483,nsrdb/16273,train
1,2,1484,nsrdb/16273,train
1,2,1485,nsrdb/16273,train
1,2,1486,nsrdb/16273,train
1,2,1487,nsrdb/16273,train
1,2,1488,nsrdb/16273,train
1,2,1489,nsrdb/16273,train
1,2,1490,nsrdb/18177,train
1,2,1491,nsrdb/18177,train
1,2,1492,nsrdb/18177,train
1,2,1493,nsrdb/18177,train
1,2,1494,nsrdb/18177,train
1,2,1495,nsrdb/18177,train
1,2,1496,nsrdb/18177,train
1,2,1497,nsrdb/18177,train
1,2,1498,nsrdb/18177,train
1,2,1499,nsrdb/18177,train
1,2,1520,nsrdb/19090,train
1,2,1521,nsrdb/19090,train
1,2,1522,nsrdb/19090,train
1,2,1523,nsrdb/19090,train
1,2,1524,nsrdb/19090,train
1,2,1525,nsrdb/19090,train
1,2,1526,nsrdb/19090,train
1,2,1527,nsrdb/19090,train
1,2,1528,nsrdb/19090,train
1,2,1529,nsrdb/19090,train
1,2,1530,nsrdb/19093,train
1,2,1531,nsrdb/19093,train
1,2,1532,nsrdb/19093,train
1,2,1533,nsrdb/19093,train
1,2,1534,nsrdb/19093,train
1,2,1535,nsrdb/19093,train
1,2,1536,nsrdb/19093,train
1,2,1537,nsrdb/19093,train
1,2,1538,nsrdb/19093,train
1,2,1539,nsrdb/19093,train
1,2,1540,nsrdb/19140,train
1,2,1541,nsrdb/19140,train
1,2,1542,nsrdb/19140,train
1,2,1543,nsrdb/19140,train
1,2,1544,nsrdb/19140,train
1,2,1545,nsrdb/19140,train
1,2,1546,nsrdb/19140,train
1,2,1547,nsrdb/19140,train
1,2,1548,nsrdb/19140,train
1,2,1549,nsrdb/19140,train
1,2,1560,nsrdb/16420,train
1,2,1561,nsrdb/16420,train
1,2,1562,nsrdb/16420,train
1,2,1563,nsrdb/16420,train
1,2,1564,nsrdb/16420,train
1,2,1565,nsrdb/16420,train
1,2,1566,nsrdb/16420,train
1,2,1567,nsrdb/16420,train
1,2,1568,nsrdb/16420,train
1,2,1569,nsrdb/16420,train
1,2,1590,nsrdb/16773,train
1,2,1591,nsrdb/16773,train
1,2,1592,nsrdb/16773,train
1,2,1593,nsrdb/16773,train
1,2,1594,nsrdb/16773,train
1,2,1595,nsrdb/16773,train
1,2,1596,nsrdb/16773,train
1,2,1597,nsrdb/16773,train
1,2,1598,nsrdb/16773,train
1,2,1599,nsrdb/16773,train
1,2,1600,nsrdb/16786,train
1,2,1601,nsrdb/16786,train
1,2,1602,nsrdb/16786,train
1,2,1603,nsrdb/16786,train
1,2,1604,nsrdb/16786,train
1,2,1605,nsrdb/16786,train
1,2,1606,nsrdb/16786,train
1,2,1607,nsrdb/16786,train
1,2,1608,nsrdb/16786,train
1,2,1609,nsrdb/16786,train
1,2,30,mitdb/112,validation
1,2,31,mitdb/112,validation
1,2,32,mitdb/112,validation
1,2,33,mitdb/112,validation
1,2,34,mitdb/112,validation
1,2,35,mitdb/112,validation
1,2,36,mitdb/112,validation
1,2,37,mitdb/112,validation
1,2,38,mitdb/112,validation
1,2,39,mitdb/112,validation
1,2,140,mitdb/123,validation
1,2,141,mitdb/123,validation
1,2,142,mitdb/123,validation
1,2,143,mitdb/123,validation
1,2,144,mitdb/123,validation
1,2,145,mitdb/123,validation
1,2,146,mitdb/123,validation
1,2,147,mitdb/123,validation
1,2,148,mitdb/123,validation
1,2,149,mitdb/123,validation
1,2,170,mitdb/201-202,validation
1,2,171,mitdb/201-202,validation
1,2,172,mitdb/201-202,validation
1,2,173,mitdb/201-202,validation
1,2,174,mitdb/201-202,validation
1,2,175,mitdb/201-202,validation
1,2,176,mitdb/201-202,validation
1,2,177,mitdb/201-202,validation
1,2,178,mitdb/201-202,validation
1,2,179,mitdb/201-202,validation
1,2,180,mitdb/201-202,validation
1,2,181,mitdb/201-202,validation
1,2,182,mitdb/201-202,validation
1,2,183,mitdb/201-202,validation
1,2,184,mitdb/201-202,validation
1,2,185,mitdb/201-202,validation
1,2,186,mitdb/201-202,validation
1,2,187,mitdb/201-202,validation
1,2,188,mitdb/201-202,validation
1,2,189,mitdb/201-202,validation
1,2,190,mitdb/203,validation
1,2,191,mitdb/203,validation
1,2,192,mitdb/203,validation
1,2,193,mitdb/203,validation
1,2,194,mitdb/203,validation
1,2,195,mitdb/203,validation
1,2,196,mitdb/203,validation
1,2,197,mitdb/203,validation
1,2,198,mitdb/203,validation
1,2,199,mitdb/203,validation
1,2,340,mitdb/221,validation
1,2,341,mitdb/221,validation
1,2,342,mitdb/221,validation
1,2,343,mitdb/221,validation
1,2,344,mitdb/221,validation
1,2,345,mitdb/221,validation
1,2,346,mitdb/221,validation
1,2,347,mitdb/221,validation
1,2,348,mitdb/221,validation
1,2,349,mitdb/221,validation
1,2,350,mitdb/222,validation
1,2,351,mitdb/222,validation
1,2,352,mitdb/222,validation
1,2,353,mitdb/222,validation
1,2,354,mitdb/222,validation
1,2,355,mitdb/222,validation
1,2,356,mitdb/222,validation
1,2,357,mitdb/222,validation
1,2,358,mitdb/222,validation
1,2,359,mitdb/222,validation
1,2,360,mitdb/223,validation
1,2,361,mitdb/223,validation
1,2,362,mitdb/223,validation
1,2,363,mitdb/223,validation
1,2,364,mitdb/223,validation
1,2,365,mitdb/223,validation
1,2,366,mitdb/223,validation
1,2,367,mitdb/223,validation
1,2,368,mitdb/223,validation
1,2,369,mitdb/223,validation
1,2,380,mitdb/230,validation
1,2,381,mitdb/230,validation
1,2,382,mitdb/230,validation
1,2,383,mitdb/230,validation
1,2,384,mitdb/230,validation
1,2,385,mitdb/230,validation
1,2,386,mitdb/230,validation
1,2,387,mitdb/230,validation
1,2,388,mitdb/230,validation
1,2,389,mitdb/230,validation
1,2,390,mitdb/231,validation
1,2,391,mitdb/231,validation
1,2,392,mitdb/231,validation
1,2,393,mitdb/231,validation
1,2,394,mitdb/231,validation
1,2,395,mitdb/231,validation
1,2,396,mitdb/231,validation
1,2,397,mitdb/231,validation
1,2,398,mitdb/231,validation
1,2,399,mitdb/231,validation
1,2,400,mitdb/232,validation
1,2,401,mitdb/232,validation
1,2,402,mitdb/232,validation
1,2,403,mitdb/232,validation
1,2,404,mitdb/232,validation
1,2,405,mitdb/232,validation
1,2,406,mitdb/232,validation
1,2,407,mitdb/232,validation
1,2,408,mitdb/232,validation
1,2,409,mitdb/232,validation
1,2,410,mitdb/233,validation
1,2,411,mitdb/233,validation
1,2,412,mitdb/233,validation
1,2,413,mitdb/233,validation
1,2,414,mitdb/233,validation
1,2,415,mitdb/233,validation
1,2,416,mitdb/233,validation
1,2,417,mitdb/233,validation
1,2,418,mitdb/233,validation
1,2,419,mitdb/233,validation
1,2,500,mitdb/106,validation
1,2,501,mitdb/106,validation
1,2,502,mitdb/106,validation
1,2,503,mitdb/106,validation
1,2,504,mitdb/106,validation
1,2,505,mitdb/106,validation
1,2,506,mitdb/106,validation
1,2,507,mitdb/106,validation
1,2,508,mitdb/106,validation
1,2,509,mitdb/106,validation
1,2,560,mitdb/112,validation
1,2,561,mitdb/112,validation
1,2,562,mitdb/112,validation
1,2,563,mitdb/112,validation
1,2,564,mitdb/112,validation
1,2,565,mitdb/112,validation
1,2,566,mitdb/112,validation
1,2,567,mitdb/112,validation
1,2,568,mitdb/112,validation
1,2,569,mitdb/112,validation
1,2,660,mitdb/106,validation
1,2,661,mitdb/106,validation
1,2,662,mitdb/106,validation
1,2,663,mitdb/106,validation
1,2,664,mitdb/106,validation
1,2,665,mitdb/106,validation
1,2,666,mitdb/106,validation
1,2,667,mitdb/106,validation
1,2,668,mitdb/106,validation
1,2,669,mitdb/106,validation
1,2,670,mitdb/123,validation
1,2,671,mitdb/123,validation
1,2,672,mitdb/123,validation
1,2,673,mitdb/123,validation
1,2,674,mitdb/123,validation
1,2,675,mitdb/123,validation
1,2,676,mitdb/123,validation
1,2,677,mitdb/123,validation
1,2,678,mitdb/123,validation
1,2,679,mitdb/123,validation
1,2,700,mitdb/201-202,validation
1,2,701,mitdb/201-202,validation
1,2,702,mitdb/201-202,validation
1,2,703,mitdb/201-202,validation
1,2,704,mitdb/201-202,validation
1,2,705,mitdb/201-202,validation
1,2,706,mitdb/201-202,validation
1,2,707,mitdb/201-202,validation
1,2,708,mitdb/201-202,validation
1,2,709,mitdb/201-202,validation
1,2,710,mitdb/201-202,validation
1,2,711,mitdb/201-202,validation
1,2,712,mitdb/201-202,validation
1,2,713,mitdb/201-202,validation
1,2,714,mitdb/201-202,validation
1,2,715,mitdb/201-202,validation
1,2,716,mitdb/201-202,validation
1,2,717,mitdb/201-202,validation
1,2,718,mitdb/201-202,validation
1,2,719,mitdb/201-202,validation
1,2,720,mitdb/203,validation
1,2,721,mitdb/203,validation
1,2,722,mitdb/203,validation
1,2,723,mitdb/203,validation
1,2,724,mitdb/203,validation
1,2,725,mitdb/203,validation
1,2,726,mitdb/203,validation
1,2,727,mitdb/203,validation
1,2,728,mitdb/203,validation
1,2,729,mitdb/203,validation
1,2,860,mitdb/221,validation
1,2,861,mitdb/221,validation
1,2,862,mitdb/221,validation
1,2,863,mitdb/221,validation
1,2,864,mitdb/221,validation
1,2,865,mitdb/221,validation
1,2,866,mitdb/221,validation
1,2,867,mitdb/221,validation
1,2,868,mitdb/221,validation
1,2,869,mitdb/221,validation
1,2,870,mitdb/222,validation
1,2,871,mitdb/222,validation
1,2,872,mitdb/222,validation
1,2,873,mitdb/222,validation
1,2,874,mitdb/222,validation
1,2,875,mitdb/222,validation
1,2,876,mitdb/222,validation
1,2,877,mitdb/222,validation
1,2,878,mitdb/222,validation
1,2,879,mitdb/222,validation
1,2,890,mitdb/223,validation
1,2,891,mitdb/223,validation
1,2,892,mitdb/223,validation
1,2,893,mitdb/223,validation
1,2,894,mitdb/223,validation
1,2,895,mitdb/223,validation
1,2,896,mitdb/223,validation
1,2,897,mitdb/223,validation
1,2,898,mitdb/223,validation
1,2,899,mitdb/223,validation
1,2,910,mitdb/230,validation
1,2,911,mitdb/230,validation
1,2,912,mitdb/230,validation
1,2,913,mitdb/230,validation
1,2,914,mitdb/230,validation
1,2,915,mitdb/230,validation
1,2,916,mitdb/230,validation
1,2,917,mitdb/230,validation
1,2,918,mitdb/230,validation
1,2,919,mitdb/230,validation
1,2,920,mitdb/231,validation
1,2,921,mitdb/231,validation
1,2,922,mitdb/231,validation
1,2,923,mitdb/231,validation
1,2,924,mitdb/231,validation
1,2,925,mitdb/231,validation
1,2,926,mitdb/231,validation
1,2,927,mitdb/231,validation
1,2,928,mitdb/231,validation
1,2,929,mitdb/231,validation
1,2,930,mitdb/232,validation
1,2,931,mitdb/232,validation
1,2,932,mitdb/232,validation
1,2,933,mitdb/232,validation
1,2,934,mitdb/232,validation
1,2,935,mitdb/232,validation
1,2,936,mitdb/232,validation
1,2,937,mitdb/232,validation
1,2,938,mitdb/232,validation
1,2,939,mitdb/232,validation
1,2,940,mitdb/233,validation
1,2,941,mitdb/233,validation
1,2,942,mitdb/233,validation
1,2,943,mitdb/233,validation
1,2,944,mitdb/233,validation
1,2,945,mitdb/233,validation
1,2,946,mitdb/233,validation
1,2,947,mitdb/233,validation
1,2,948,mitdb/233,validation
1,2,949,mitdb/233,validation
1,2,970,chfdb/chf10,validation
1,2,971,chfdb/chf10,validation
1,2,972,chfdb/chf10,validation
1,2,973,chfdb/chf10,validation
1,2,974,chfdb/chf10,validation
1,2,975,chfdb/chf10,validation
1,2,976,chfdb/chf10,validation
1,2,977,chfdb/chf10,validation
1,2,978,chfdb/chf10,validation
1,2,979,chfdb/chf10,validation
1,2,980,chfdb/chf11,validation
1,2,981,chfdb/chf11,validation
1,2,982,chfdb/chf11,validation
1,2,983,chfdb/chf11,validation
1,2,984,chfdb/chf11,validation
1,2,985,chfdb/chf11,validation
1,2,986,chfdb/chf11,validation
1,2,987,chfdb/chf11,validation
1,2,988,chfdb/chf11,validation
1,2,989,chfdb/chf11,validation
1,2,1020,chfdb/chf15,validation
1,2,1021,chfdb/chf15,validation
1,2,1022,chfdb/chf15,validation
1,2,1023,chfdb/chf15,validation
1,2,1024,chfdb/chf15,validation
1,2,1025,chfdb/chf15,validation
1,2,1026,chfdb/chf15,validation
1,2,1027,chfdb/chf15,validation
1,2,1028,chfdb/chf15,validation
1,2,1029,chfdb/chf15,validation
1,2,1100,chfdb/chf07,validation
1,2,1101,chfdb/chf07,validation
1,2,1102,chfdb/chf07,validation
1,2,1103,chfdb/chf07,validation
1,2,1104,chfdb/chf07,validation
1,2,1105,chfdb/chf07,validation
1,2,1106,chfdb/chf07,validation
1,2,1107,chfdb/chf07,validation
1,2,1108,chfdb/chf07,validation
1,2,1109,chfdb/chf07,validation
1,2,1130,chfdb/chf10,validation
1,2,1131,chfdb/chf10,validation
1,2,1132,chfdb/chf10,validation
1,2,1133,chfdb/chf10,validation
1,2,1134,chfdb/chf10,validation
1,2,1135,chfdb/chf10,validation
1,2,1136,chfdb/chf10,validation
1,2,1137,chfdb/chf10,validation
1,2,1138,chfdb/chf10,validation
1,2,1139,chfdb/chf10,validation
1,2,1140,chfdb/chf11,validation
1,2,1141,chfdb/chf11,validation
1,2,1142,chfdb/chf11,validation
1,2,1143,chfdb/chf11,validation
1,2,1144,chfdb/chf11,validation
1,2,1145,chfdb/chf11,validation
1,2,1146,chfdb/chf11,validation
1,2,1147,chfdb/chf11,validation
1,2,1148,chfdb/chf11,validation
1,2,1149,chfdb/chf11,validation
1,2,1190,chfdb/chf15,validation
1,2,1191,chfdb/chf15,validation
1,2,1192,chfdb/chf15,validation
1,2,1193,chfdb/chf15,validation
1,2,1194,chfdb/chf15,validation
1,2,1195,chfdb/chf15,validation
1,2,1196,chfdb/chf15,validation
1,2,1197,chfdb/chf15,validation
1,2,1198,chfdb/chf15,validation
1,2,1199,chfdb/chf15,validation
1,2,1230,chfdb/chf07,validation
1,2,1231,chfdb/chf07,validation
1,2,1232,chfdb/chf07,validation
1,2,1233,chfdb/chf07,validation
1,2,1234,chfdb/chf07,validation
1,2,1235,chfdb/chf07,validation
1,2,1236,chfdb/chf07,validation
1,2,1237,chfdb/chf07,validation
1,2,1238,chfdb/chf07,validation
1,2,1239,chfdb/chf07,validation
1,2,1260,nsrdb/16265,validation
1,2,1261,nsrdb/16265,validation
1,2,1262,nsrdb/16265,validation
1,2,1263,nsrdb/16265,validation
1,2,1264,nsrdb/16265,validation
1,2,1265,nsrdb/16265,validation
1,2,1266,nsrdb/16265,validation
1,2,1267,nsrdb/16265,validation
1,2,1268,nsrdb/16265,validation
1,2,1269,nsrdb/16265,validation
1,2,1280,nsrdb/17453,validation
1,2,1281,nsrdb/17453,validation
1,2,1282,nsrdb/17453,validation
1,2,1283,nsrdb/17453,validation
1,2,1284,nsrdb/17453,validation
1,2,1285,nsrdb/17453,validation
1,2,1286,nsrdb/17453,validation
1,2,1287,nsrdb/17453,validation
1,2,1288,nsrdb/17453,validation
1,2,1289,nsrdb/17453,validation
1,2,1300,nsrdb/18184,validation
1,2,1301,nsrdb/18184,validation
1,2,1302,nsrdb/18184,validation
1,2,1303,nsrdb/18184,validation
1,2,1304,nsrdb/18184,validation
1,2,1305,nsrdb/18184,validation
1,2,1306,nsrdb/18184,validation
1,2,1307,nsrdb/18184,validation
1,2,1308,nsrdb/18184,validation
1,2,1309,nsrdb/18184,validation
1,2,1360,nsrdb/16265,validation
1,2,1361,nsrdb/16265,validation
1,2,1362,nsrdb/16265,validation
1,2,1363,nsrdb/16265,validation
1,2,1364,nsrdb/16265,validation
1,2,1365,nsrdb/16265,validation
1,2,1366,nsrdb/16265,validation
1,2,1367,nsrdb/16265,validation
1,2,1368,nsrdb/16265,validation
1,2,1369,nsrdb/16265,validation
1,2,1410,nsrdb/16483,validation
1,2,1411,nsrdb/16483,validation
1,2,1412,nsrdb/16483,validation
1,2,1413,nsrdb/16483,validation
1,2,1414,nsrdb/16483,validation
1,2,1415,nsrdb/16483,validation
1,2,1416,nsrdb/16483,validation
1,2,1417,nsrdb/16483,validation
1,2,1418,nsrdb/16483,validation
1,2,1419,nsrdb/16483,validation
1,2,1450,nsrdb/16795,validation
1,2,1451,nsrdb/16795,validation
1,2,1452,nsrdb/16795,validation
1,2,1453,nsrdb/16795,validation
1,2,1454,nsrdb/16795,validation
1,2,1455,nsrdb/16795,validation
1,2,1456,nsrdb/16795,validation
1,2,1457,nsrdb/16795,validation
1,2,1458,nsrdb/16795,validation
1,2,1459,nsrdb/16795,validation
1,2,1470,nsrdb/17453,validation
1,2,1471,nsrdb/17453,validation
1,2,1472,nsrdb/17453,validation
1,2,1473,nsrdb/17453,validation
1,2,1474,nsrdb/17453,validation
1,2,1475,nsrdb/17453,validation
1,2,1476,nsrdb/17453,validation
1,2,1477,nsrdb/17453,validation
1,2,1478,nsrdb/17453,validation
1,2,1479,nsrdb/17453,validation
1,2,1500,nsrdb/18184,validation
1,2,1501,nsrdb/18184,validation
1,2,1502,nsrdb/18184,validation
1,2,1503,nsrdb/18184,validation
1,2,1504,nsrdb/18184,validation
1,2,1505,nsrdb/18184,validation
1,2,1506,nsrdb/18184,validation
1,2,1507,nsrdb/18184,validation
1,2,1508,nsrdb/18184,validation
1,2,1509,nsrdb/18184,validation
1,2,1570,nsrdb/16483,validation
1,2,1571,nsrdb/16483,validation
1,2,1572,nsrdb/16483,validation
1,2,1573,nsrdb/16483,validation
1,2,1574,nsrdb/16483,validation
1,2,1575,nsrdb/16483,validation
1,2,1576,nsrdb/16483,validation
1,2,1577,nsrdb/16483,validation
1,2,1578,nsrdb/16483,validation
1,2,1579,nsrdb/16483,validation
1,2,1610,nsrdb/16795,validation
1,2,1611,nsrdb/16795,validation
1,2,1612,nsrdb/16795,validation
1,2,1613,nsrdb/16795,validation
1,2,1614,nsrdb/16795,validation
1,2,1615,nsrdb/16795,validation
1,2,1616,nsrdb/16795,validation
1,2,1617,nsrdb/16795,validation
1,2,1618,nsrdb/16795,validation
1,2,1619,nsrdb/16795,validation
1,2,20,mitdb/111,test
1,2,21,mitdb/111,test
1,2,22,mitdb/111,test
1,2,23,mitdb/111,test
1,2,24,mitdb/111,test
1,2,25,mitdb/111,test
1,2,26,mitdb/111,test
1,2,27,mitdb/111,test
1,2,28,mitdb/111,test
1,2,29,mitdb/111,test
1,2,50,mitdb/114,test
1,2,51,mitdb/114,test
1,2,52,mitdb/114,test
1,2,53,mitdb/114,test
1,2,54,mitdb/114,test
1,2,55,mitdb/114,test
1,2,56,mitdb/114,test
1,2,57,mitdb/114,test
1,2,58,mitdb/114,test
1,2,59,mitdb/114,test
1,2,220,mitdb/102,test
1,2,221,mitdb/102,test
1,2,222,mitdb/102,test
1,2,223,mitdb/102,test
1,2,224,mitdb/102,test
1,2,225,mitdb/102,test
1,2,226,mitdb/102,test
1,2,227,mitdb/102,test
1,2,228,mitdb/102,test
1,2,229,mitdb/102,test
1,2,230,mitdb/208,test
1,2,231,mitdb/208,test
1,2,232,mitdb/208,test
1,2,233,mitdb/208,test
1,2,234,mitdb/208,test
1,2,235,mitdb/208,test
1,2,236,mitdb/208,test
1,2,237,mitdb/208,test
1,2,238,mitdb/208,test
1,2,239,mitdb/208,test
1,2,280,mitdb/214,test
1,2,281,mitdb/214,test
1,2,282,mitdb/214,test
1,2,283,mitdb/214,test
1,2,284,mitdb/214,test
1,2,285,mitdb/214,test
1,2,286,mitdb/214,test
1,2,287,mitdb/214,test
1,2,288,mitdb/214,test
1,2,289,mitdb/214,test
1,2,290,mitdb/215,test
1,2,291,mitdb/215,test
1,2,292,mitdb/215,test
1,2,293,mitdb/215,test
1,2,294,mitdb/215,test
1,2,295,mitdb/215,test
1,2,296,mitdb/215,test
1,2,297,mitdb/215,test
1,2,298,mitdb/215,test
1,2,299,mitdb/215,test
1,2,300,mitdb/217,test
1,2,301,mitdb/217,test
1,2,302,mitdb/217,test
1,2,303,mitdb/217,test
1,2,304,mitdb/217,test
1,2,305,mitdb/217,test
1,2,306,mitdb/217,test
1,2,307,mitdb/217,test
1,2,308,mitdb/217,test
1,2,309,mitdb/217,test
1,2,310,mitdb/219,test
1,2,311,mitdb/219,test
1,2,312,mitdb/219,test
1,2,313,mitdb/219,test
1,2,314,mitdb/219,test
1,2,315,mitdb/219,test
1,2,316,mitdb/219,test
1,2,317,mitdb/219,test
1,2,318,mitdb/219,test
1,2,319,mitdb/219,test
1,2,460,mitdb/102,test
1,2,461,mitdb/102,test
1,2,462,mitdb/102,test
1,2,463,mitdb/102,test
1,2,464,mitdb/102,test
1,2,465,mitdb/102,test
1,2,466,mitdb/102,test
1,2,467,mitdb/102,test
1,2,468,mitdb/102,test
1,2,469,mitdb/102,test
1,2,510,mitdb/107,test
1,2,511,mitdb/107,test
1,2,512,mitdb/107,test
1,2,513,mitdb/107,test
1,2,514,mitdb/107,test
1,2,515,mitdb/107,test
1,2,516,mitdb/107,test
1,2,517,mitdb/107,test
1,2,518,mitdb/107,test
1,2,519,mitdb/107,test
1,2,540,mitdb/111,test
1,2,541,mitdb/111,test
1,2,542,mitdb/111,test
1,2,543,mitdb/111,test
1,2,544,mitdb/111,test
1,2,545,mitdb/111,test
1,2,546,mitdb/111,test
1,2,547,mitdb/111,test
1,2,548,mitdb/111,test
1,2,549,mitdb/111,test
1,2,580,mitdb/114,test
1,2,581,mitdb/114,test
1,2,582,mitdb/114,test
1,2,583,mitdb/114,test
1,2,584,mitdb/114,test
1,2,585,mitdb/114,test
1,2,586,mitdb/114,test
1,2,587,mitdb/114,test
1,2,588,mitdb/114,test
1,2,589,mitdb/114,test
1,2,750,mitdb/208,test
1,2,751,mitdb/208,test
1,2,752,mitdb/208,test
1,2,753,mitdb/208,test
1,2,754,mitdb/208,test
1,2,755,mitdb/208,test
1,2,756,mitdb/208,test
1,2,757,mitdb/208,test
1,2,758,mitdb/208,test
1,2,759,mitdb/208,test
1,2,770,mitdb/107,test
1,2,771,mitdb/107,test
1,2,772,mitdb/107,test
1,2,773,mitdb/107,test
1,2,774,mitdb/107,test
1,2,775,mitdb/107,test
1,2,776,mitdb/107,test
1,2,777,mitdb/107,test
1,2,778,mitdb/107,test
1,2,779,mitdb/107,test
1,2,810,mitdb/214,test
1,2,811,mitdb/214,test
1,2,812,mitdb/214,test
1,2,813,mitdb/214,test
1,2,814,mitdb/214,test
1,2,815,mitdb/214,test
1,2,816,mitdb/214,test
1,2,817,mitdb/214,test
1,2,818,mitdb/214,test
1,2,819,mitdb/214,test
1,2,820,mitdb/215,test
1,2,821,mitdb/215,test
1,2,822,mitdb/215,test
1,2,823,mitdb/215,test
1,2,824,mitdb/215,test
1,2,825,mitdb/215,test
1,2,826,mitdb/215,test
1,2,827,mitdb/215,test
1,2,828,mitdb/215,test
1,2,829,mitdb/215,test
1,2,830,mitdb/217,test
1,2,831,mitdb/217,test
1,2,832,mitdb/217,test
1,2,833,mitdb/217,test
1,2,834,mitdb/217,test
1,2,835,mitdb/217,test
1,2,836,mitdb/217,test
1,2,837,mitdb/217,test
1,2,838,mitdb/217,test
1,2,839,mitdb/217,test
1,2,840,mitdb/219,test
1,2,841,mitdb/219,test
1,2,842,mitdb/219,test
1,2,843,mitdb/219,test
1,2,844,mitdb/219,test
1,2,845,mitdb/219,test
1,2,846,mitdb/219,test
1,2,847,mitdb/219,test
1,2,848,mitdb/219,test
1,2,849,mitdb/219,test
1,2,960,chfdb/chf01,test
1,2,961,chfdb/chf01,test
1,2,962,chfdb/chf01,test
1,2,963,chfdb/chf01,test
1,2,964,chfdb/chf01,test
1,2,965,chfdb/chf01,test
1,2,966,chfdb/chf01,test
1,2,967,chfdb/chf01,test
1,2,968,chfdb/chf01,test
1,2,969,chfdb/chf01,test
1,2,1000,chfdb/chf13,test
1,2,1001,chfdb/chf13,test
1,2,1002,chfdb/chf13,test
1,2,1003,chfdb/chf13,test
1,2,1004,chfdb/chf13,test
1,2,1005,chfdb/chf13,test
1,2,1006,chfdb/chf13,test
1,2,1007,chfdb/chf13,test
1,2,1008,chfdb/chf13,test
1,2,1009,chfdb/chf13,test
1,2,1030,chfdb/chf01,test
1,2,1031,chfdb/chf01,test
1,2,1032,chfdb/chf01,test
1,2,1033,chfdb/chf01,test
1,2,1034,chfdb/chf01,test
1,2,1035,chfdb/chf01,test
1,2,1036,chfdb/chf01,test
1,2,1037,chfdb/chf01,test
1,2,1038,chfdb/chf01,test
1,2,1039,chfdb/chf01,test
1,2,1080,chfdb/chf05,test
1,2,1081,chfdb/chf05,test
1,2,1082,chfdb/chf05,test
1,2,1083,chfdb/chf05,test
1,2,1084,chfdb/chf05,test
1,2,1085,chfdb/chf05,test
1,2,1086,chfdb/chf05,test
1,2,1087,chfdb/chf05,test
1,2,1088,chfdb/chf05,test
1,2,1089,chfdb/chf05,test
1,2,1160,chfdb/chf13,test
1,2,1161,chfdb/chf13,test
1,2,1162,chfdb/chf13,test
1,2,1163,chfdb/chf13,test
1,2,1164,chfdb/chf13,test
1,2,1165,chfdb/chf13,test
1,2,1166,chfdb/chf13,test
1,2,1167,chfdb/chf13,test
1,2,1168,chfdb/chf13,test
1,2,1169,chfdb/chf13,test
1,2,1210,chfdb/chf05,test
1,2,1211,chfdb/chf05,test
1,2,1212,chfdb/chf05,test
1,2,1213,chfdb/chf05,test
1,2,1214,chfdb/chf05,test
1,2,1215,chfdb/chf05,test
1,2,1216,chfdb/chf05,test
1,2,1217,chfdb/chf05,test
1,2,1218,chfdb/chf05,test
1,2,1219,chfdb/chf05,test
1,2,1270,nsrdb/17052,test
1,2,1271,nsrdb/17052,test
1,2,1272,nsrdb/17052,test
1,2,1273,nsrdb/17052,test
1,2,1274,nsrdb/17052,test
1,2,1275,nsrdb/17052,test
1,2,1276,nsrdb/17052,test
1,2,1277,nsrdb/17052,test
1,2,1278,nsrdb/17052,test
1,2,1279,nsrdb/17052,test
1,2,1310,nsrdb/19088,test
1,2,1311,nsrdb/19088,test
1,2,1312,nsrdb/19088,test
1,2,1313,nsrdb/19088,test
1,2,1314,nsrdb/19088,test
1,2,1315,nsrdb/19088,test
1,2,1316,nsrdb/19088,test
1,2,1317,nsrdb/19088,test
1,2,1318,nsrdb/19088,test
1,2,1319,nsrdb/19088,test
1,2,1350,nsrdb/19830,test
1,2,1351,nsrdb/19830,test
1,2,1352,nsrdb/19830,test
1,2,1353,nsrdb/19830,test
1,2,1354,nsrdb/19830,test
1,2,1355,nsrdb/19830,test
1,2,1356,nsrdb/19830,test
1,2,1357,nsrdb/19830,test
1,2,1358,nsrdb/19830,test
1,2,1359,nsrdb/19830,test
1,2,1420,nsrdb/16539,test
1,2,1421,nsrdb/16539,test
1,2,1422,nsrdb/16539,test
1,2,1423,nsrdb/16539,test
1,2,1424,nsrdb/16539,test
1,2,1425,nsrdb/16539,test
1,2,1426,nsrdb/16539,test
1,2,1427,nsrdb/16539,test
1,2,1428,nsrdb/16539,test
1,2,1429,nsrdb/16539,test
1,2,1460,nsrdb/17052,test
1,2,1461,nsrdb/17052,test
1,2,1462,nsrdb/17052,test
1,2,1463,nsrdb/17052,test
1,2,1464,nsrdb/17052,test
1,2,1465,nsrdb/17052,test
1,2,1466,nsrdb/17052,test
1,2,1467,nsrdb/17052,test
1,2,1468,nsrdb/17052,test
1,2,1469,nsrdb/17052,test
1,2,1510,nsrdb/19088,test
1,2,1511,nsrdb/19088,test
1,2,1512,nsrdb/19088,test
1,2,1513,nsrdb/19088,test
1,2,1514,nsrdb/19088,test
1,2,1515,nsrdb/19088,test
1,2,1516,nsrdb/19088,test
1,2,1517,nsrdb/19088,test
1,2,1518,nsrdb/19088,test
1,2,1519,nsrdb/19088,test
1,2,1550,nsrdb/19830,test
1,2,1551,nsrdb/19830,test
1,2,1552,nsrdb/19830,test
1,2,1553,nsrdb/19830,test
1,2,1554,nsrdb/19830,test
1,2,1555,nsrdb/19830,test
1,2,1556,nsrdb/19830,test
1,2,1557,nsrdb/19830,test
1,2,1558,nsrdb/19830,test
1,2,1559,nsrdb/19830,test
1,2,1580,nsrdb/16539,test
1,2,1581,nsrdb/16539,test
1,2,1582,nsrdb/16539,test
1,2,1583,nsrdb/16539,test
1,2,1584,nsrdb/16539,test
1,2,1585,nsrdb/16539,test
1,2,1586,nsrdb/16539,test
1,2,1587,nsrdb/16539,test
1,2,1588,nsrdb/16539,test
1,2,1589,nsrdb/16539,test
2,0,30,mitdb/112,train
2,0,31,mitdb/112,train
2,0,32,mitdb/112,train
2,0,33,mitdb/112,train
2,0,34,mitdb/112,train
2,0,35,mitdb/112,train
2,0,36,mitdb/112,train
2,0,37,mitdb/112,train
2,0,38,mitdb/112,train
2,0,39,mitdb/112,train
2,0,50,mitdb/114,train
2,0,51,mitdb/114,train
2,0,52,mitdb/114,train
2,0,53,mitdb/114,train
2,0,54,mitdb/114,train
2,0,55,mitdb/114,train
2,0,56,mitdb/114,train
2,0,57,mitdb/114,train
2,0,58,mitdb/114,train
2,0,59,mitdb/114,train
2,0,60,mitdb/115,train
2,0,61,mitdb/115,train
2,0,62,mitdb/115,train
2,0,63,mitdb/115,train
2,0,64,mitdb/115,train
2,0,65,mitdb/115,train
2,0,66,mitdb/115,train
2,0,67,mitdb/115,train
2,0,68,mitdb/115,train
2,0,69,mitdb/115,train
2,0,70,mitdb/116,train
2,0,71,mitdb/116,train
2,0,72,mitdb/116,train
2,0,73,mitdb/116,train
2,0,74,mitdb/116,train
2,0,75,mitdb/116,train
2,0,76,mitdb/116,train
2,0,77,mitdb/116,train
2,0,78,mitdb/116,train
2,0,79,mitdb/116,train
2,0,90,mitdb/118,train
2,0,91,mitdb/118,train
2,0,92,mitdb/118,train
2,0,93,mitdb/118,train
2,0,94,mitdb/118,train
2,0,95,mitdb/118,train
2,0,96,mitdb/118,train
2,0,97,mitdb/118,train
2,0,98,mitdb/118,train
2,0,99,mitdb/118,train
2,0,100,mitdb/119,train
2,0,101,mitdb/119,train
2,0,102,mitdb/119,train
2,0,103,mitdb/119,train
2,0,104,mitdb/119,train
2,0,105,mitdb/119,train
2,0,106,mitdb/119,train
2,0,107,mitdb/119,train
2,0,108,mitdb/119,train
2,0,109,mitdb/119,train
2,0,110,mitdb/101,train
2,0,111,mitdb/101,train
2,0,112,mitdb/101,train
2,0,113,mitdb/101,train
2,0,114,mitdb/101,train
2,0,115,mitdb/101,train
2,0,116,mitdb/101,train
2,0,117,mitdb/101,train
2,0,118,mitdb/101,train
2,0,119,mitdb/101,train
2,0,120,mitdb/121,train
2,0,121,mitdb/121,train
2,0,122,mitdb/121,train
2,0,123,mitdb/121,train
2,0,124,mitdb/121,train
2,0,125,mitdb/121,train
2,0,126,mitdb/121,train
2,0,127,mitdb/121,train
2,0,128,mitdb/121,train
2,0,129,mitdb/121,train
2,0,130,mitdb/122,train
2,0,131,mitdb/122,train
2,0,132,mitdb/122,train
2,0,133,mitdb/122,train
2,0,134,mitdb/122,train
2,0,135,mitdb/122,train
2,0,136,mitdb/122,train
2,0,137,mitdb/122,train
2,0,138,mitdb/122,train
2,0,139,mitdb/122,train
2,0,200,mitdb/205,train
2,0,201,mitdb/205,train
2,0,202,mitdb/205,train
2,0,203,mitdb/205,train
2,0,204,mitdb/205,train
2,0,205,mitdb/205,train
2,0,206,mitdb/205,train
2,0,207,mitdb/205,train
2,0,208,mitdb/205,train
2,0,209,mitdb/205,train
2,0,220,mitdb/102,train
2,0,221,mitdb/102,train
2,0,222,mitdb/102,train
2,0,223,mitdb/102,train
2,0,224,mitdb/102,train
2,0,225,mitdb/102,train
2,0,226,mitdb/102,train
2,0,227,mitdb/102,train
2,0,228,mitdb/102,train
2,0,229,mitdb/102,train
2,0,240,mitdb/209,train
2,0,241,mitdb/209,train
2,0,242,mitdb/209,train
2,0,243,mitdb/209,train
2,0,244,mitdb/209,train
2,0,245,mitdb/209,train
2,0,246,mitdb/209,train
2,0,247,mitdb/209,train
2,0,248,mitdb/209,train
2,0,249,mitdb/209,train
2,0,250,mitdb/210,train
2,0,251,mitdb/210,train
2,0,252,mitdb/210,train
2,0,253,mitdb/210,train
2,0,254,mitdb/210,train
2,0,255,mitdb/210,train
2,0,256,mitdb/210,train
2,0,257,mitdb/210,train
2,0,258,mitdb/210,train
2,0,259,mitdb/210,train
2,0,260,mitdb/212,train
2,0,261,mitdb/212,train
2,0,262,mitdb/212,train
2,0,263,mitdb/212,train
2,0,264,mitdb/212,train
2,0,265,mitdb/212,train
2,0,266,mitdb/212,train
2,0,267,mitdb/212,train
2,0,268,mitdb/212,train
2,0,269,mitdb/212,train
2,0,280,mitdb/214,train
2,0,281,mitdb/214,train
2,0,282,mitdb/214,train
2,0,283,mitdb/214,train
2,0,284,mitdb/214,train
2,0,285,mitdb/214,train
2,0,286,mitdb/214,train
2,0,287,mitdb/214,train
2,0,288,mitdb/214,train
2,0,289,mitdb/214,train
2,0,290,mitdb/215,train
2,0,291,mitdb/215,train
2,0,292,mitdb/215,train
2,0,293,mitdb/215,train
2,0,294,mitdb/215,train
2,0,295,mitdb/215,train
2,0,296,mitdb/215,train
2,0,297,mitdb/215,train
2,0,298,mitdb/215,train
2,0,299,mitdb/215,train
2,0,300,mitdb/217,train
2,0,301,mitdb/217,train
2,0,302,mitdb/217,train
2,0,303,mitdb/217,train
2,0,304,mitdb/217,train
2,0,305,mitdb/217,train
2,0,306,mitdb/217,train
2,0,307,mitdb/217,train
2,0,308,mitdb/217,train
2,0,309,mitdb/217,train
2,0,310,mitdb/219,train
2,0,311,mitdb/219,train
2,0,312,mitdb/219,train
2,0,313,mitdb/219,train
2,0,314,mitdb/219,train
2,0,315,mitdb/219,train
2,0,316,mitdb/219,train
2,0,317,mitdb/219,train
2,0,318,mitdb/219,train
2,0,319,mitdb/219,train
2,0,330,mitdb/103,train
2,0,331,mitdb/103,train
2,0,332,mitdb/103,train
2,0,333,mitdb/103,train
2,0,334,mitdb/103,train
2,0,335,mitdb/103,train
2,0,336,mitdb/103,train
2,0,337,mitdb/103,train
2,0,338,mitdb/103,train
2,0,339,mitdb/103,train
2,0,340,mitdb/221,train
2,0,341,mitdb/221,train
2,0,342,mitdb/221,train
2,0,343,mitdb/221,train
2,0,344,mitdb/221,train
2,0,345,mitdb/221,train
2,0,346,mitdb/221,train
2,0,347,mitdb/221,train
2,0,348,mitdb/221,train
2,0,349,mitdb/221,train
2,0,360,mitdb/223,train
2,0,361,mitdb/223,train
2,0,362,mitdb/223,train
2,0,363,mitdb/223,train
2,0,364,mitdb/223,train
2,0,365,mitdb/223,train
2,0,366,mitdb/223,train
2,0,367,mitdb/223,train
2,0,368,mitdb/223,train
2,0,369,mitdb/223,train
2,0,370,mitdb/228,train
2,0,371,mitdb/228,train
2,0,372,mitdb/228,train
2,0,373,mitdb/228,train
2,0,374,mitdb/228,train
2,0,375,mitdb/228,train
2,0,376,mitdb/228,train
2,0,377,mitdb/228,train
2,0,378,mitdb/228,train
2,0,379,mitdb/228,train
2,0,380,mitdb/230,train
2,0,381,mitdb/230,train
2,0,382,mitdb/230,train
2,0,383,mitdb/230,train
2,0,384,mitdb/230,train
2,0,385,mitdb/230,train
2,0,386,mitdb/230,train
2,0,387,mitdb/230,train
2,0,388,mitdb/230,train
2,0,389,mitdb/230,train
2,0,400,mitdb/232,train
2,0,401,mitdb/232,train
2,0,402,mitdb/232,train
2,0,403,mitdb/232,train
2,0,404,mitdb/232,train
2,0,405,mitdb/232,train
2,0,406,mitdb/232,train
2,0,407,mitdb/232,train
2,0,408,mitdb/232,train
2,0,409,mitdb/232,train
2,0,450,mitdb/101,train
2,0,451,mitdb/101,train
2,0,452,mitdb/101,train
2,0,453,mitdb/101,train
2,0,454,mitdb/101,train
2,0,455,mitdb/101,train
2,0,456,mitdb/101,train
2,0,457,mitdb/101,train
2,0,458,mitdb/101,train
2,0,459,mitdb/101,train
2,0,460,mitdb/102,train
2,0,461,mitdb/102,train
2,0,462,mitdb/102,train
2,0,463,mitdb/102,train
2,0,464,mitdb/102,train
2,0,465,mitdb/102,train
2,0,466,mitdb/102,train
2,0,467,mitdb/102,train
2,0,468,mitdb/102,train
2,0,469,mitdb/102,train
2,0,470,mitdb/103,train
2,0,471,mitdb/103,train
2,0,472,mitdb/103,train
2,0,473,mitdb/103,train
2,0,474,mitdb/103,train
2,0,475,mitdb/103,train
2,0,476,mitdb/103,train
2,0,477,mitdb/103,train
2,0,478,mitdb/103,train
2,0,479,mitdb/103,train
2,0,490,mitdb/105,train
2,0,491,mitdb/105,train
2,0,492,mitdb/105,train
2,0,493,mitdb/105,train
2,0,494,mitdb/105,train
2,0,495,mitdb/105,train
2,0,496,mitdb/105,train
2,0,497,mitdb/105,train
2,0,498,mitdb/105,train
2,0,499,mitdb/105,train
2,0,520,mitdb/108,train
2,0,521,mitdb/108,train
2,0,522,mitdb/108,train
2,0,523,mitdb/108,train
2,0,524,mitdb/108,train
2,0,525,mitdb/108,train
2,0,526,mitdb/108,train
2,0,527,mitdb/108,train
2,0,528,mitdb/108,train
2,0,529,mitdb/108,train
2,0,550,mitdb/105,train
2,0,551,mitdb/105,train
2,0,552,mitdb/105,train
2,0,553,mitdb/105,train
2,0,554,mitdb/105,train
2,0,555,mitdb/105,train
2,0,556,mitdb/105,train
2,0,557,mitdb/105,train
2,0,558,mitdb/105,train
2,0,559,mitdb/105,train
2,0,560,mitdb/112,train
2,0,561,mitdb/112,train
2,0,562,mitdb/112,train
2,0,563,mitdb/112,train
2,0,564,mitdb/112,train
2,0,565,mitdb/112,train
2,0,566,mitdb/112,train
2,0,567,mitdb/112,train
2,0,568,mitdb/112,train
2,0,569,mitdb/112,train
2,0,580,mitdb/114,train
2,0,581,mitdb/114,train
2,0,582,mitdb/114,train
2,0,583,mitdb/114,train
2,0,584,mitdb/114,train
2,0,585,mitdb/114,train
2,0,586,mitdb/114,train
2,0,587,mitdb/114,train
2,0,588,mitdb/114,train
2,0,589,mitdb/114,train
2,0,590,mitdb/115,train
2,0,591,mitdb/115,train
2,0,592,mitdb/115,train
2,0,593,mitdb/115,train
2,0,594,mitdb/115,train
2,0,595,mitdb/115,train
2,0,596,mitdb/115,train
2,0,597,mitdb/115,train
2,0,598,mitdb/115,train
2,0,599,mitdb/115,train
2,0,600,mitdb/116,train
2,0,601,mitdb/116,train
2,0,602,mitdb/116,train
2,0,603,mitdb/116,train
2,0,604,mitdb/116,train
2,0,605,mitdb/116,train
2,0,606,mitdb/116,train
2,0,607,mitdb/116,train
2,0,608,mitdb/116,train
2,0,609,mitdb/116,train
2,0,620,mitdb/118,train
2,0,621,mitdb/118,train
2,0,622,mitdb/118,train
2,0,623,mitdb/118,train
2,0,624,mitdb/118,train
2,0,625,mitdb/118,train
2,0,626,mitdb/118,train
2,0,627,mitdb/118,train
2,0,628,mitdb/118,train
2,0,629,mitdb/118,train
2,0,630,mitdb/119,train
2,0,631,mitdb/119,train
2,0,632,mitdb/119,train
2,0,633,mitdb/119,train
2,0,634,mitdb/119,train
2,0,635,mitdb/119,train
2,0,636,mitdb/119,train
2,0,637,mitdb/119,train
2,0,638,mitdb/119,train
2,0,639,mitdb/119,train
2,0,640,mitdb/121,train
2,0,641,mitdb/121,train
2,0,642,mitdb/121,train
2,0,643,mitdb/121,train
2,0,644,mitdb/121,train
2,0,645,mitdb/121,train
2,0,646,mitdb/121,train
2,0,647,mitdb/121,train
2,0,648,mitdb/121,train
2,0,649,mitdb/121,train
2,0,650,mitdb/122,train
2,0,651,mitdb/122,train
2,0,652,mitdb/122,train
2,0,653,mitdb/122,train
2,0,654,mitdb/122,train
2,0,655,mitdb/122,train
2,0,656,mitdb/122,train
2,0,657,mitdb/122,train
2,0,658,mitdb/122,train
2,0,659,mitdb/122,train
2,0,730,mitdb/205,train
2,0,731,mitdb/205,train
2,0,732,mitdb/205,train
2,0,733,mitdb/205,train
2,0,734,mitdb/205,train
2,0,735,mitdb/205,train
2,0,736,mitdb/205,train
2,0,737,mitdb/205,train
2,0,738,mitdb/205,train
2,0,739,mitdb/205,train
2,0,760,mitdb/209,train
2,0,761,mitdb/209,train
2,0,762,mitdb/209,train
2,0,763,mitdb/209,train
2,0,764,mitdb/209,train
2,0,765,mitdb/209,train
2,0,766,mitdb/209,train
2,0,767,mitdb/209,train
2,0,768,mitdb/209,train
2,0,769,mitdb/209,train
2,0,780,mitdb/210,train
2,0,781,mitdb/210,train
2,0,782,mitdb/210,train
2,0,783,mitdb/210,train
2,0,784,mitdb/210,train
2,0,785,mitdb/210,train
2,0,786,mitdb/210,train
2,0,787,mitdb/210,train
2,0,788,mitdb/210,train
2,0,789,mitdb/210,train
2,0,790,mitdb/212,train
2,0,791,mitdb/212,train
2,0,792,mitdb/212,train
2,0,793,mitdb/212,train
2,0,794,mitdb/212,train
2,0,795,mitdb/212,train
2,0,796,mitdb/212,train
2,0,797,mitdb/212,train
2,0,798,mitdb/212,train
2,0,799,mitdb/212,train
2,0,810,mitdb/214,train
2,0,811,mitdb/214,train
2,0,812,mitdb/214,train
2,0,813,mitdb/214,train
2,0,814,mitdb/214,train
2,0,815,mitdb/214,train
2,0,816,mitdb/214,train
2,0,817,mitdb/214,train
2,0,818,mitdb/214,train
2,0,819,mitdb/214,train
2,0,820,mitdb/215,train
2,0,821,mitdb/215,train
2,0,822,mitdb/215,train
2,0,823,mitdb/215,train
2,0,824,mitdb/215,train
2,0,825,mitdb/215,train
2,0,826,mitdb/215,train
2,0,827,mitdb/215,train
2,0,828,mitdb/215,train
2,0,829,mitdb/215,train
2,0,830,mitdb/217,train
2,0,831,mitdb/217,train
2,0,832,mitdb/217,train
2,0,833,mitdb/217,train
2,0,834,mitdb/217,train
2,0,835,mitdb/217,train
2,0,836,mitdb/217,train
2,0,837,mitdb/217,train
2,0,838,mitdb/217,train
2,0,839,mitdb/217,train
2,0,840,mitdb/219,train
2,0,841,mitdb/219,train
2,0,842,mitdb/219,train
2,0,843,mitdb/219,train
2,0,844,mitdb/219,train
2,0,845,mitdb/219,train
2,0,846,mitdb/219,train
2,0,847,mitdb/219,train
2,0,848,mitdb/219,train
2,0,849,mitdb/219,train
2,0,860,mitdb/221,train
2,0,861,mitdb/221,train
2,0,862,mitdb/221,train
2,0,863,mitdb/221,train
2,0,864,mitdb/221,train
2,0,865,mitdb/221,train
2,0,866,mitdb/221,train
2,0,867,mitdb/221,train
2,0,868,mitdb/221,train
2,0,869,mitdb/221,train
2,0,880,mitdb/108,train
2,0,881,mitdb/108,train
2,0,882,mitdb/108,train
2,0,883,mitdb/108,train
2,0,884,mitdb/108,train
2,0,885,mitdb/108,train
2,0,886,mitdb/108,train
2,0,887,mitdb/108,train
2,0,888,mitdb/108,train
2,0,889,mitdb/108,train
2,0,890,mitdb/223,train
2,0,891,mitdb/223,train
2,0,892,mitdb/223,train
2,0,893,mitdb/223,train
2,0,894,mitdb/223,train
2,0,895,mitdb/223,train
2,0,896,mitdb/223,train
2,0,897,mitdb/223,train
2,0,898,mitdb/223,train
2,0,899,mitdb/223,train
2,0,900,mitdb/228,train
2,0,901,mitdb/228,train
2,0,902,mitdb/228,train
2,0,903,mitdb/228,train
2,0,904,mitdb/228,train
2,0,905,mitdb/228,train
2,0,906,mitdb/228,train
2,0,907,mitdb/228,train
2,0,908,mitdb/228,train
2,0,909,mitdb/228,train
2,0,910,mitdb/230,train
2,0,911,mitdb/230,train
2,0,912,mitdb/230,train
2,0,913,mitdb/230,train
2,0,914,mitdb/230,train
2,0,915,mitdb/230,train
2,0,916,mitdb/230,train
2,0,917,mitdb/230,train
2,0,918,mitdb/230,train
2,0,919,mitdb/230,train
2,0,930,mitdb/232,train
2,0,931,mitdb/232,train
2,0,932,mitdb/232,train
2,0,933,mitdb/232,train
2,0,934,mitdb/232,train
2,0,935,mitdb/232,train
2,0,936,mitdb/232,train
2,0,937,mitdb/232,train
2,0,938,mitdb/232,train
2,0,939,mitdb/232,train
2,0,960,chfdb/chf01,train
2,0,961,chfdb/chf01,train
2,0,962,chfdb/chf01,train
2,0,963,chfdb/chf01,train
2,0,964,chfdb/chf01,train
2,0,965,chfdb/chf01,train
2,0,966,chfdb/chf01,train
2,0,967,chfdb/chf01,train
2,0,968,chfdb/chf01,train
2,0,969,chfdb/chf01,train
2,0,980,chfdb/chf11,train
2,0,981,chfdb/chf11,train
2,0,982,chfdb/chf11,train
2,0,983,chfdb/chf11,train
2,0,984,chfdb/chf11,train
2,0,985,chfdb/chf11,train
2,0,986,chfdb/chf11,train
2,0,987,chfdb/chf11,train
2,0,988,chfdb/chf11,train
2,0,989,chfdb/chf11,train
2,0,1000,chfdb/chf13,train
2,0,1001,chfdb/chf13,train
2,0,1002,chfdb/chf13,train
2,0,1003,chfdb/chf13,train
2,0,1004,chfdb/chf13,train
2,0,1005,chfdb/chf13,train
2,0,1006,chfdb/chf13,train
2,0,1007,chfdb/chf13,train
2,0,1008,chfdb/chf13,train
2,0,1009,chfdb/chf13,train
2,0,1010,chfdb/chf14,train
2,0,1011,chfdb/chf14,train
2,0,1012,chfdb/chf14,train
2,0,1013,chfdb/chf14,train
2,0,1014,chfdb/chf14,train
2,0,1015,chfdb/chf14,train
2,0,1016,chfdb/chf14,train
2,0,1017,chfdb/chf14,train
2,0,1018,chfdb/chf14,train
2,0,1019,chfdb/chf14,train
2,0,1030,chfdb/chf01,train
2,0,1031,chfdb/chf01,train
2,0,1032,chfdb/chf01,train
2,0,1033,chfdb/chf01,train
2,0,1034,chfdb/chf01,train
2,0,1035,chfdb/chf01,train
2,0,1036,chfdb/chf01,train
2,0,1037,chfdb/chf01,train
2,0,1038,chfdb/chf01,train
2,0,1039,chfdb/chf01,train
2,0,1060,chfdb/chf04,train
2,0,1061,chfdb/chf04,train
2,0,1062,chfdb/chf04,train
2,0,1063,chfdb/chf04,train
2,0,1064,chfdb/chf04,train
2,0,1065,chfdb/chf04,train
2,0,1066,chfdb/chf04,train
2,0,1067,chfdb/chf04,train
2,0,1068,chfdb/chf04,train
2,0,1069,chfdb/chf04,train
2,0,1090,chfdb/chf06,train
2,0,1091,chfdb/chf06,train
2,0,1092,chfdb/chf06,train
2,0,1093,chfdb/chf06,train
2,0,1094,chfdb/chf06,train
2,0,1095,chfdb/chf06,train
2,0,1096,chfdb/chf06,train
2,0,1097,chfdb/chf06,train
2,0,1098,chfdb/chf06,train
2,0,1099,chfdb/chf06,train
2,0,1100,chfdb/chf07,train
2,0,1101,chfdb/chf07,train
2,0,1102,chfdb/chf07,train
2,0,1103,chfdb/chf07,train
2,0,1104,chfdb/chf07,train
2,0,1105,chfdb/chf07,train
2,0,1106,chfdb/chf07,train
2,0,1107,chfdb/chf07,train
2,0,1108,chfdb/chf07,train
2,0,1109,chfdb/chf07,train
2,0,1120,chfdb/chf09,train
2,0,1121,chfdb/chf09,train
2,0,1122,chfdb/chf09,train
2,0,1123,chfdb/chf09,train
2,0,1124,chfdb/chf09,train
2,0,1125,chfdb/chf09,train
2,0,1126,chfdb/chf09,train
2,0,1127,chfdb/chf09,train
2,0,1128,chfdb/chf09,train
2,0,1129,chfdb/chf09,train
2,0,1140,chfdb/chf11,train
2,0,1141,chfdb/chf11,train
2,0,1142,chfdb/chf11,train
2,0,1143,chfdb/chf11,train
2,0,1144,chfdb/chf11,train
2,0,1145,chfdb/chf11,train
2,0,1146,chfdb/chf11,train
2,0,1147,chfdb/chf11,train
2,0,1148,chfdb/chf11,train
2,0,1149,chfdb/chf11,train
2,0,1160,chfdb/chf13,train
2,0,1161,chfdb/chf13,train
2,0,1162,chfdb/chf13,train
2,0,1163,chfdb/chf13,train
2,0,1164,chfdb/chf13,train
2,0,1165,chfdb/chf13,train
2,0,1166,chfdb/chf13,train
2,0,1167,chfdb/chf13,train
2,0,1168,chfdb/chf13,train
2,0,1169,chfdb/chf13,train
2,0,1170,chfdb/chf14,train
2,0,1171,chfdb/chf14,train
2,0,1172,chfdb/chf14,train
2,0,1173,chfdb/chf14,train
2,0,1174,chfdb/chf14,train
2,0,1175,chfdb/chf14,train
2,0,1176,chfdb/chf14,train
2,0,1177,chfdb/chf14,train
2,0,1178,chfdb/chf14,train
2,0,1179,chfdb/chf14,train
2,0,1200,chfdb/chf04,train
2,0,1201,chfdb/chf04,train
2,0,1202,chfdb/chf04,train
2,0,1203,chfdb/chf04,train
2,0,1204,chfdb/chf04,train
2,0,1205,chfdb/chf04,train
2,0,1206,chfdb/chf04,train
2,0,1207,chfdb/chf04,train
2,0,1208,chfdb/chf04,train
2,0,1209,chfdb/chf04,train
2,0,1220,chfdb/chf06,train
2,0,1221,chfdb/chf06,train
2,0,1222,chfdb/chf06,train
2,0,1223,chfdb/chf06,train
2,0,1224,chfdb/chf06,train
2,0,1225,chfdb/chf06,train
2,0,1226,chfdb/chf06,train
2,0,1227,chfdb/chf06,train
2,0,1228,chfdb/chf06,train
2,0,1229,chfdb/chf06,train
2,0,1230,chfdb/chf07,train
2,0,1231,chfdb/chf07,train
2,0,1232,chfdb/chf07,train
2,0,1233,chfdb/chf07,train
2,0,1234,chfdb/chf07,train
2,0,1235,chfdb/chf07,train
2,0,1236,chfdb/chf07,train
2,0,1237,chfdb/chf07,train
2,0,1238,chfdb/chf07,train
2,0,1239,chfdb/chf07,train
2,0,1250,chfdb/chf09,train
2,0,1251,chfdb/chf09,train
2,0,1252,chfdb/chf09,train
2,0,1253,chfdb/chf09,train
2,0,1254,chfdb/chf09,train
2,0,1255,chfdb/chf09,train
2,0,1256,chfdb/chf09,train
2,0,1257,chfdb/chf09,train
2,0,1258,chfdb/chf09,train
2,0,1259,chfdb/chf09,train
2,0,1270,nsrdb/17052,train
2,0,1271,nsrdb/17052,train
2,0,1272,nsrdb/17052,train
2,0,1273,nsrdb/17052,train
2,0,1274,nsrdb/17052,train
2,0,1275,nsrdb/17052,train
2,0,1276,nsrdb/17052,train
2,0,1277,nsrdb/17052,train
2,0,1278,nsrdb/17052,train
2,0,1279,nsrdb/17052,train
2,0,1280,nsrdb/17453,train
2,0,1281,nsrdb/17453,train
2,0,1282,nsrdb/17453,train
2,0,1283,nsrdb/17453,train
2,0,1284,nsrdb/17453,train
2,0,1285,nsrdb/17453,train
2,0,1286,nsrdb/17453,train
2,0,1287,nsrdb/17453,train
2,0,1288,nsrdb/17453,train
2,0,1289,nsrdb/17453,train
2,0,1310,nsrdb/19088,train
2,0,1311,nsrdb/19088,train
2,0,1312,nsrdb/19088,train
2,0,1313,nsrdb/19088,train
2,0,1314,nsrdb/19088,train
2,0,1315,nsrdb/19088,train
2,0,1316,nsrdb/19088,train
2,0,1317,nsrdb/19088,train
2,0,1318,nsrdb/19088,train
2,0,1319,nsrdb/19088,train
2,0,1330,nsrdb/19093,train
2,0,1331,nsrdb/19093,train
2,0,1332,nsrdb/19093,train
2,0,1333,nsrdb/19093,train
2,0,1334,nsrdb/19093,train
2,0,1335,nsrdb/19093,train
2,0,1336,nsrdb/19093,train
2,0,1337,nsrdb/19093,train
2,0,1338,nsrdb/19093,train
2,0,1339,nsrdb/19093,train
2,0,1340,nsrdb/19140,train
2,0,1341,nsrdb/19140,train
2,0,1342,nsrdb/19140,train
2,0,1343,nsrdb/19140,train
2,0,1344,nsrdb/19140,train
2,0,1345,nsrdb/19140,train
2,0,1346,nsrdb/19140,train
2,0,1347,nsrdb/19140,train
2,0,1348,nsrdb/19140,train
2,0,1349,nsrdb/19140,train
2,0,1350,nsrdb/19830,train
2,0,1351,nsrdb/19830,train
2,0,1352,nsrdb/19830,train
2,0,1353,nsrdb/19830,train
2,0,1354,nsrdb/19830,train
2,0,1355,nsrdb/19830,train
2,0,1356,nsrdb/19830,train
2,0,1357,nsrdb/19830,train
2,0,1358,nsrdb/19830,train
2,0,1359,nsrdb/19830,train
2,0,1370,nsrdb/16272,train
2,0,1371,nsrdb/16272,train
2,0,1372,nsrdb/16272,train
2,0,1373,nsrdb/16272,train
2,0,1374,nsrdb/16272,train
2,0,1375,nsrdb/16272,train
2,0,1376,nsrdb/16272,train
2,0,1377,nsrdb/16272,train
2,0,1378,nsrdb/16272,train
2,0,1379,nsrdb/16272,train
2,0,1380,nsrdb/16272,train
2,0,1381,nsrdb/16272,train
2,0,1382,nsrdb/16272,train
2,0,1383,nsrdb/16272,train
2,0,1384,nsrdb/16272,train
2,0,1385,nsrdb/16272,train
2,0,1386,nsrdb/16272,train
2,0,1387,nsrdb/16272,train
2,0,1388,nsrdb/16272,train
2,0,1389,nsrdb/16272,train
2,0,1390,nsrdb/16273,train
2,0,1391,nsrdb/16273,train
2,0,1392,nsrdb/16273,train
2,0,1393,nsrdb/16273,train
2,0,1394,nsrdb/16273,train
2,0,1395,nsrdb/16273,train
2,0,1396,nsrdb/16273,train
2,0,1397,nsrdb/16273,train
2,0,1398,nsrdb/16273,train
2,0,1399,nsrdb/16273,train
2,0,1440,nsrdb/16786,train
2,0,1441,nsrdb/16786,train
2,0,1442,nsrdb/16786,train
2,0,1443,nsrdb/16786,train
2,0,1444,nsrdb/16786,train
2,0,1445,nsrdb/16786,train
2,0,1446,nsrdb/16786,train
2,0,1447,nsrdb/16786,train
2,0,1448,nsrdb/16786,train
2,0,1449,nsrdb/16786,train
2,0,1450,nsrdb/16795,train
2,0,1451,nsrdb/16795,train
2,0,1452,nsrdb/16795,train
2,0,1453,nsrdb/16795,train
2,0,1454,nsrdb/16795,train
2,0,1455,nsrdb/16795,train
2,0,1456,nsrdb/16795,train
2,0,1457,nsrdb/16795,train
2,0,1458,nsrdb/16795,train
2,0,1459,nsrdb/16795,train
2,0,1460,nsrdb/17052,train
2,0,1461,nsrdb/17052,train
2,0,1462,nsrdb/17052,train
2,0,1463,nsrdb/17052,train
2,0,1464,nsrdb/17052,train
2,0,1465,nsrdb/17052,train
2,0,1466,nsrdb/17052,train
2,0,1467,nsrdb/17052,train
2,0,1468,nsrdb/17052,train
2,0,1469,nsrdb/17052,train
2,0,1470,nsrdb/17453,train
2,0,1471,nsrdb/17453,train
2,0,1472,nsrdb/17453,train
2,0,1473,nsrdb/17453,train
2,0,1474,nsrdb/17453,train
2,0,1475,nsrdb/17453,train
2,0,1476,nsrdb/17453,train
2,0,1477,nsrdb/17453,train
2,0,1478,nsrdb/17453,train
2,0,1479,nsrdb/17453,train
2,0,1480,nsrdb/16273,train
2,0,1481,nsrdb/16273,train
2,0,1482,nsrdb/16273,train
2,0,1483,nsrdb/16273,train
2,0,1484,nsrdb/16273,train
2,0,1485,nsrdb/16273,train
2,0,1486,nsrdb/16273,train
2,0,1487,nsrdb/16273,train
2,0,1488,nsrdb/16273,train
2,0,1489,nsrdb/16273,train
2,0,1510,nsrdb/19088,train
2,0,1511,nsrdb/19088,train
2,0,1512,nsrdb/19088,train
2,0,1513,nsrdb/19088,train
2,0,1514,nsrdb/19088,train
2,0,1515,nsrdb/19088,train
2,0,1516,nsrdb/19088,train
2,0,1517,nsrdb/19088,train
2,0,1518,nsrdb/19088,train
2,0,1519,nsrdb/19088,train
2,0,1530,nsrdb/19093,train
2,0,1531,nsrdb/19093,train
2,0,1532,nsrdb/19093,train
2,0,1533,nsrdb/19093,train
2,0,1534,nsrdb/19093,train
2,0,1535,nsrdb/19093,train
2,0,1536,nsrdb/19093,train
2,0,1537,nsrdb/19093,train
2,0,1538,nsrdb/19093,train
2,0,1539,nsrdb/19093,train
2,0,1540,nsrdb/19140,train
2,0,1541,nsrdb/19140,train
2,0,1542,nsrdb/19140,train
2,0,1543,nsrdb/19140,train
2,0,1544,nsrdb/19140,train
2,0,1545,nsrdb/19140,train
2,0,1546,nsrdb/19140,train
2,0,1547,nsrdb/19140,train
2,0,1548,nsrdb/19140,train
2,0,1549,nsrdb/19140,train
2,0,1550,nsrdb/19830,train
2,0,1551,nsrdb/19830,train
2,0,1552,nsrdb/19830,train
2,0,1553,nsrdb/19830,train
2,0,1554,nsrdb/19830,train
2,0,1555,nsrdb/19830,train
2,0,1556,nsrdb/19830,train
2,0,1557,nsrdb/19830,train
2,0,1558,nsrdb/19830,train
2,0,1559,nsrdb/19830,train
2,0,1600,nsrdb/16786,train
2,0,1601,nsrdb/16786,train
2,0,1602,nsrdb/16786,train
2,0,1603,nsrdb/16786,train
2,0,1604,nsrdb/16786,train
2,0,1605,nsrdb/16786,train
2,0,1606,nsrdb/16786,train
2,0,1607,nsrdb/16786,train
2,0,1608,nsrdb/16786,train
2,0,1609,nsrdb/16786,train
2,0,1610,nsrdb/16795,train
2,0,1611,nsrdb/16795,train
2,0,1612,nsrdb/16795,train
2,0,1613,nsrdb/16795,train
2,0,1614,nsrdb/16795,train
2,0,1615,nsrdb/16795,train
2,0,1616,nsrdb/16795,train
2,0,1617,nsrdb/16795,train
2,0,1618,nsrdb/16795,train
2,0,1619,nsrdb/16795,train
2,0,20,mitdb/111,validation
2,0,21,mitdb/111,validation
2,0,22,mitdb/111,validation
2,0,23,mitdb/111,validation
2,0,24,mitdb/111,validation
2,0,25,mitdb/111,validation
2,0,26,mitdb/111,validation
2,0,27,mitdb/111,validation
2,0,28,mitdb/111,validation
2,0,29,mitdb/111,validation
2,0,140,mitdb/123,validation
2,0,141,mitdb/123,validation
2,0,142,mitdb/123,validation
2,0,143,mitdb/123,validation
2,0,144,mitdb/123,validation
2,0,145,mitdb/123,validation
2,0,146,mitdb/123,validation
2,0,147,mitdb/123,validation
2,0,148,mitdb/123,validation
2,0,149,mitdb/123,validation
2,0,160,mitdb/200,validation
2,0,161,mitdb/200,validation
2,0,162,mitdb/200,validation
2,0,163,mitdb/200,validation
2,0,164,mitdb/200,validation
2,0,165,mitdb/200,validation
2,0,166,mitdb/200,validation
2,0,167,mitdb/200,validation
2,0,168,mitdb/200,validation
2,0,169,mitdb/200,validation
2,0,170,mitdb/201-202,validation
2,0,171,mitdb/201-202,validation
2,0,172,mitdb/201-202,validation
2,0,173,mitdb/201-202,validation
2,0,174,mitdb/201-202,validation
2,0,175,mitdb/201-202,validation
2,0,176,mitdb/201-202,validation
2,0,177,mitdb/201-202,validation
2,0,178,mitdb/201-202,validation
2,0,179,mitdb/201-202,validation
2,0,180,mitdb/201-202,validation
2,0,181,mitdb/201-202,validation
2,0,182,mitdb/201-202,validation
2,0,183,mitdb/201-202,validation
2,0,184,mitdb/201-202,validation
2,0,185,mitdb/201-202,validation
2,0,186,mitdb/201-202,validation
2,0,187,mitdb/201-202,validation
2,0,188,mitdb/201-202,validation
2,0,189,mitdb/201-202,validation
2,0,230,mitdb/208,validation
2,0,231,mitdb/208,validation
2,0,232,mitdb/208,validation
2,0,233,mitdb/208,validation
2,0,234,mitdb/208,validation
2,0,235,mitdb/208,validation
2,0,236,mitdb/208,validation
2,0,237,mitdb/208,validation
2,0,238,mitdb/208,validation
2,0,239,mitdb/208,validation
2,0,270,mitdb/213,validation
2,0,271,mitdb/213,validation
2,0,272,mitdb/213,validation
2,0,273,mitdb/213,validation
2,0,274,mitdb/213,validation
2,0,275,mitdb/213,validation
2,0,276,mitdb/213,validation
2,0,277,mitdb/213,validation
2,0,278,mitdb/213,validation
2,0,279,mitdb/213,validation
2,0,320,mitdb/220,validation
2,0,321,mitdb/220,validation
2,0,322,mitdb/220,validation
2,0,323,mitdb/220,validation
2,0,324,mitdb/220,validation
2,0,325,mitdb/220,validation
2,0,326,mitdb/220,validation
2,0,327,mitdb/220,validation
2,0,328,mitdb/220,validation
2,0,329,mitdb/220,validation
2,0,390,mitdb/231,validation
2,0,391,mitdb/231,validation
2,0,392,mitdb/231,validation
2,0,393,mitdb/231,validation
2,0,394,mitdb/231,validation
2,0,395,mitdb/231,validation
2,0,396,mitdb/231,validation
2,0,397,mitdb/231,validation
2,0,398,mitdb/231,validation
2,0,399,mitdb/231,validation
2,0,420,mitdb/234,validation
2,0,421,mitdb/234,validation
2,0,422,mitdb/234,validation
2,0,423,mitdb/234,validation
2,0,424,mitdb/234,validation
2,0,425,mitdb/234,validation
2,0,426,mitdb/234,validation
2,0,427,mitdb/234,validation
2,0,428,mitdb/234,validation
2,0,429,mitdb/234,validation
2,0,440,mitdb/104,validation
2,0,441,mitdb/104,validation
2,0,442,mitdb/104,validation
2,0,443,mitdb/104,validation
2,0,444,mitdb/104,validation
2,0,445,mitdb/104,validation
2,0,446,mitdb/104,validation
2,0,447,mitdb/104,validation
2,0,448,mitdb/104,validation
2,0,449,mitdb/104,validation
2,0,480,mitdb/104,validation
2,0,481,mitdb/104,validation
2,0,482,mitdb/104,validation
2,0,483,mitdb/104,validation
2,0,484,mitdb/104,validation
2,0,485,mitdb/104,validation
2,0,486,mitdb/104,validation
2,0,487,mitdb/104,validation
2,0,488,mitdb/104,validation
2,0,489,mitdb/104,validation
2,0,510,mitdb/107,validation
2,0,511,mitdb/107,validation
2,0,512,mitdb/107,validation
2,0,513,mitdb/107,validation
2,0,514,mitdb/107,validation
2,0,515,mitdb/107,validation
2,0,516,mitdb/107,validation
2,0,517,mitdb/107,validation
2,0,518,mitdb/107,validation
2,0,519,mitdb/107,validation
2,0,540,mitdb/111,validation
2,0,541,mitdb/111,validation
2,0,542,mitdb/111,validation
2,0,543,mitdb/111,validation
2,0,544,mitdb/111,validation
2,0,545,mitdb/111,validation
2,0,546,mitdb/111,validation
2,0,547,mitdb/111,validation
2,0,548,mitdb/111,validation
2,0,549,mitdb/111,validation
2,0,670,mitdb/123,validation
2,0,671,mitdb/123,validation
2,0,672,mitdb/123,validation
2,0,673,mitdb/123,validation
2,0,674,mitdb/123,validation
2,0,675,mitdb/123,validation
2,0,676,mitdb/123,validation
2,0,677,mitdb/123,validation
2,0,678,mitdb/123,validation
2,0,679,mitdb/123,validation
2,0,690,mitdb/200,validation
2,0,691,mitdb/200,validation
2,0,692,mitdb/200,validation
2,0,693,mitdb/200,validation
2,0,694,mitdb/200,validation
2,0,695,mitdb/200,validation
2,0,696,mitdb/200,validation
2,0,697,mitdb/200,validation
2,0,698,mitdb/200,validation
2,0,699,mitdb/200,validation
2,0,700,mitdb/201-202,validation
2,0,701,mitdb/201-202,validation
2,0,702,mitdb/201-202,validation
2,0,703,mitdb/201-202,validation
2,0,704,mitdb/201-202,validation
2,0,705,mitdb/201-202,validation
2,0,706,mitdb/201-202,validation
2,0,707,mitdb/201-202,validation
2,0,708,mitdb/201-202,validation
2,0,709,mitdb/201-202,validation
2,0,710,mitdb/201-202,validation
2,0,711,mitdb/201-202,validation
2,0,712,mitdb/201-202,validation
2,0,713,mitdb/201-202,validation
2,0,714,mitdb/201-202,validation
2,0,715,mitdb/201-202,validation
2,0,716,mitdb/201-202,validation
2,0,717,mitdb/201-202,validation
2,0,718,mitdb/201-202,validation
2,0,719,mitdb/201-202,validation
2,0,750,mitdb/208,validation
2,0,751,mitdb/208,validation
2,0,752,mitdb/208,validation
2,0,753,mitdb/208,validation
2,0,754,mitdb/208,validation
2,0,755,mitdb/208,validation
2,0,756,mitdb/208,validation
2,0,757,mitdb/208,validation
2,0,758,mitdb/208,validation
2,0,759,mitdb/208,validation
2,0,770,mitdb/107,validation
2,0,771,mitdb/107,validation
2,0,772,mitdb/107,validation
2,0,773,mitdb/107,validation
2,0,774,mitdb/107,validation
2,0,775,mitdb/107,validation
2,0,776,mitdb/107,validation
2,0,777,mitdb/107,validation
2,0,778,mitdb/107,validation
2,0,779,mitdb/107,validation
2,0,800,mitdb/213,validation
2,0,801,mitdb/213,validation
2,0,802,mitdb/213,validation
2,0,803,mitdb/213,validation
2,0,804,mitdb/213,validation
2,0,805,mitdb/213,validation
2,0,806,mitdb/213,validation
2,0,807,mitdb/213,validation
2,0,808,mitdb/213,validation
2,0,809,mitdb/213,validation
2,0,850,mitdb/220,validation
2,0,851,mitdb/220,validation
2,0,852,mitdb/220,validation
2,0,853,mitdb/220,validation
2,0,854,mitdb/220,validation
2,0,855,mitdb/220,validation
2,0,856,mitdb/220,validation
2,0,857,mitdb/220,validation
2,0,858,mitdb/220,validation
2,0,859,mitdb/220,validation
2,0,920,mitdb/231,validation
2,0,921,mitdb/231,validation
2,0,922,mitdb/231,validation
2,0,923,mitdb/231,validation
2,0,924,mitdb/231,validation
2,0,925,mitdb/231,validation
2,0,926,mitdb/231,validation
2,0,927,mitdb/231,validation
2,0,928,mitdb/231,validation
2,0,929,mitdb/231,validation
2,0,950,mitdb/234,validation
2,0,951,mitdb/234,validation
2,0,952,mitdb/234,validation
2,0,953,mitdb/234,validation
2,0,954,mitdb/234,validation
2,0,955,mitdb/234,validation
2,0,956,mitdb/234,validation
2,0,957,mitdb/234,validation
2,0,958,mitdb/234,validation
2,0,959,mitdb/234,validation
2,0,1020,chfdb/chf15,validation
2,0,1021,chfdb/chf15,validation
2,0,1022,chfdb/chf15,validation
2,0,1023,chfdb/chf15,validation
2,0,1024,chfdb/chf15,validation
2,0,1025,chfdb/chf15,validation
2,0,1026,chfdb/chf15,validation
2,0,1027,chfdb/chf15,validation
2,0,1028,chfdb/chf15,validation
2,0,1029,chfdb/chf15,validation
2,0,1040,chfdb/chf02,validation
2,0,1041,chfdb/chf02,validation
2,0,1042,chfdb/chf02,validation
2,0,1043,chfdb/chf02,validation
2,0,1044,chfdb/chf02,validation
2,0,1045,chfdb/chf02,validation
2,0,1046,chfdb/chf02,validation
2,0,1047,chfdb/chf02,validation
2,0,1048,chfdb/chf02,validation
2,0,1049,chfdb/chf02,validation
2,0,1050,chfdb/chf03,validation
2,0,1051,chfdb/chf03,validation
2,0,1052,chfdb/chf03,validation
2,0,1053,chfdb/chf03,validation
2,0,1054,chfdb/chf03,validation
2,0,1055,chfdb/chf03,validation
2,0,1056,chfdb/chf03,validation
2,0,1057,chfdb/chf03,validation
2,0,1058,chfdb/chf03,validation
2,0,1059,chfdb/chf03,validation
2,0,1070,chfdb/chf02,validation
2,0,1071,chfdb/chf02,validation
2,0,1072,chfdb/chf02,validation
2,0,1073,chfdb/chf02,validation
2,0,1074,chfdb/chf02,validation
2,0,1075,chfdb/chf02,validation
2,0,1076,chfdb/chf02,validation
2,0,1077,chfdb/chf02,validation
2,0,1078,chfdb/chf02,validation
2,0,1079,chfdb/chf02,validation
2,0,1080,chfdb/chf05,validation
2,0,1081,chfdb/chf05,validation
2,0,1082,chfdb/chf05,validation
2,0,1083,chfdb/chf05,validation
2,0,1084,chfdb/chf05,validation
2,0,1085,chfdb/chf05,validation
2,0,1086,chfdb/chf05,validation
2,0,1087,chfdb/chf05,validation
2,0,1088,chfdb/chf05,validation
2,0,1089,chfdb/chf05,validation
2,0,1180,chfdb/chf03,validation
2,0,1181,chfdb/chf03,validation
2,0,1182,chfdb/chf03,validation
2,0,1183,chfdb/chf03,validation
2,0,1184,chfdb/chf03,validation
2,0,1185,chfdb/chf03,validation
2,0,1186,chfdb/chf03,validation
2,0,1187,chfdb/chf03,validation
2,0,1188,chfdb/chf03,validation
2,0,1189,chfdb/chf03,validation
2,0,1190,chfdb/chf15,validation
2,0,1191,chfdb/chf15,validation
2,0,1192,chfdb/chf15,validation
2,0,1193,chfdb/chf15,validation
2,0,1194,chfdb/chf15,validation
2,0,1195,chfdb/chf15,validation
2,0,1196,chfdb/chf15,validation
2,0,1197,chfdb/chf15,validation
2,0,1198,chfdb/chf15,validation
2,0,1199,chfdb/chf15,validation
2,0,1210,chfdb/chf05,validation
2,0,1211,chfdb/chf05,validation
2,0,1212,chfdb/chf05,validation
2,0,1213,chfdb/chf05,validation
2,0,1214,chfdb/chf05,validation
2,0,1215,chfdb/chf05,validation
2,0,1216,chfdb/chf05,validation
2,0,1217,chfdb/chf05,validation
2,0,1218,chfdb/chf05,validation
2,0,1219,chfdb/chf05,validation
2,0,1260,nsrdb/16265,validation
2,0,1261,nsrdb/16265,validation
2,0,1262,nsrdb/16265,validation
2,0,1263,nsrdb/16265,validation
2,0,1264,nsrdb/16265,validation
2,0,1265,nsrdb/16265,validation
2,0,1266,nsrdb/16265,validation
2,0,1267,nsrdb/16265,validation
2,0,1268,nsrdb/16265,validation
2,0,1269,nsrdb/16265,validation
2,0,1320,nsrdb/19090,validation
2,0,1321,nsrdb/19090,validation
2,0,1322,nsrdb/19090,validation
2,0,1323,nsrdb/19090,validation
2,0,1324,nsrdb/19090,validation
2,0,1325,nsrdb/19090,validation
2,0,1326,nsrdb/19090,validation
2,0,1327,nsrdb/19090,validation
2,0,1328,nsrdb/19090,validation
2,0,1329,nsrdb/19090,validation
2,0,1360,nsrdb/16265,validation
2,0,1361,nsrdb/16265,validation
2,0,1362,nsrdb/16265,validation
2,0,1363,nsrdb/16265,validation
2,0,1364,nsrdb/16265,validation
2,0,1365,nsrdb/16265,validation
2,0,1366,nsrdb/16265,validation
2,0,1367,nsrdb/16265,validation
2,0,1368,nsrdb/16265,validation
2,0,1369,nsrdb/16265,validation
2,0,1400,nsrdb/16420,validation
2,0,1401,nsrdb/16420,validation
2,0,1402,nsrdb/16420,validation
2,0,1403,nsrdb/16420,validation
2,0,1404,nsrdb/16420,validation
2,0,1405,nsrdb/16420,validation
2,0,1406,nsrdb/16420,validation
2,0,1407,nsrdb/16420,validation
2,0,1408,nsrdb/16420,validation
2,0,1409,nsrdb/16420,validation
2,0,1420,nsrdb/16539,validation
2,0,1421,nsrdb/16539,validation
2,0,1422,nsrdb/16539,validation
2,0,1423,nsrdb/16539,validation
2,0,1424,nsrdb/16539,validation
2,0,1425,nsrdb/16539,validation
2,0,1426,nsrdb/16539,validation
2,0,1427,nsrdb/16539,validation
2,0,1428,nsrdb/16539,validation
2,0,1429,nsrdb/16539,validation
2,0,1430,nsrdb/16773,validation
2,0,1431,nsrdb/16773,validation
2,0,1432,nsrdb/16773,validation
2,0,1433,nsrdb/16773,validation
2,0,1434,nsrdb/16773,validation
2,0,1435,nsrdb/16773,validation
2,0,1436,nsrdb/16773,validation
2,0,1437,nsrdb/16773,validation
2,0,1438,nsrdb/16773,validation
2,0,1439,nsrdb/16773,validation
2,0,1520,nsrdb/19090,validation
2,0,1521,nsrdb/19090,validation
2,0,1522,nsrdb/19090,validation
2,0,1523,nsrdb/19090,validation
2,0,1524,nsrdb/19090,validation
2,0,1525,nsrdb/19090,validation
2,0,1526,nsrdb/19090,validation
2,0,1527,nsrdb/19090,validation
2,0,1528,nsrdb/19090,validation
2,0,1529,nsrdb/19090,validation
2,0,1560,nsrdb/16420,validation
2,0,1561,nsrdb/16420,validation
2,0,1562,nsrdb/16420,validation
2,0,1563,nsrdb/16420,validation
2,0,1564,nsrdb/16420,validation
2,0,1565,nsrdb/16420,validation
2,0,1566,nsrdb/16420,validation
2,0,1567,nsrdb/16420,validation
2,0,1568,nsrdb/16420,validation
2,0,1569,nsrdb/16420,validation
2,0,1580,nsrdb/16539,validation
2,0,1581,nsrdb/16539,validation
2,0,1582,nsrdb/16539,validation
2,0,1583,nsrdb/16539,validation
2,0,1584,nsrdb/16539,validation
2,0,1585,nsrdb/16539,validation
2,0,1586,nsrdb/16539,validation
2,0,1587,nsrdb/16539,validation
2,0,1588,nsrdb/16539,validation
2,0,1589,nsrdb/16539,validation
2,0,1590,nsrdb/16773,validation
2,0,1591,nsrdb/16773,validation
2,0,1592,nsrdb/16773,validation
2,0,1593,nsrdb/16773,validation
2,0,1594,nsrdb/16773,validation
2,0,1595,nsrdb/16773,validation
2,0,1596,nsrdb/16773,validation
2,0,1597,nsrdb/16773,validation
2,0,1598,nsrdb/16773,validation
2,0,1599,nsrdb/16773,validation
2,0,0,mitdb/100,test
2,0,1,mitdb/100,test
2,0,2,mitdb/100,test
2,0,3,mitdb/100,test
2,0,4,mitdb/100,test
2,0,5,mitdb/100,test
2,0,6,mitdb/100,test
2,0,7,mitdb/100,test
2,0,8,mitdb/100,test
2,0,9,mitdb/100,test
2,0,10,mitdb/109,test
2,0,11,mitdb/109,test
2,0,12,mitdb/109,test
2,0,13,mitdb/109,test
2,0,14,mitdb/109,test
2,0,15,mitdb/109,test
2,0,16,mitdb/109,test
2,0,17,mitdb/109,test
2,0,18,mitdb/109,test
2,0,19,mitdb/109,test
2,0,40,mitdb/113,test
2,0,41,mitdb/113,test
2,0,42,mitdb/113,test
2,0,43,mitdb/113,test
2,0,44,mitdb/113,test
2,0,45,mitdb/113,test
2,0,46,mitdb/113,test
2,0,47,mitdb/113,test
2,0,48,mitdb/113,test
2,0,49,mitdb/113,test
2,0,80,mitdb/117,test
2,0,81,mitdb/117,test
2,0,82,mitdb/117,test
2,0,83,mitdb/117,test
2,0,84,mitdb/117,test
2,0,85,mitdb/117,test
2,0,86,mitdb/117,test
2,0,87,mitdb/117,test
2,0,88,mitdb/117,test
2,0,89,mitdb/117,test
2,0,150,mitdb/124,test
2,0,151,mitdb/124,test
2,0,152,mitdb/124,test
2,0,153,mitdb/124,test
2,0,154,mitdb/124,test
2,0,155,mitdb/124,test
2,0,156,mitdb/124,test
2,0,157,mitdb/124,test
2,0,158,mitdb/124,test
2,0,159,mitdb/124,test
2,0,190,mitdb/203,test
2,0,191,mitdb/203,test
2,0,192,mitdb/203,test
2,0,193,mitdb/203,test
2,0,194,mitdb/203,test
2,0,195,mitdb/203,test
2,0,196,mitdb/203,test
2,0,197,mitdb/203,test
2,0,198,mitdb/203,test
2,0,199,mitdb/203,test
2,0,210,mitdb/207,test
2,0,211,mitdb/207,test
2,0,212,mitdb/207,test
2,0,213,mitdb/207,test
2,0,214,mitdb/207,test
2,0,215,mitdb/207,test
2,0,216,mitdb/207,test
2,0,217,mitdb/207,test
2,0,218,mitdb/207,test
2,0,219,mitdb/207,test
2,0,350,mitdb/222,test
2,0,351,mitdb/222,test
2,0,352,mitdb/222,test
2,0,353,mitdb/222,test
2,0,354,mitdb/222,test
2,0,355,mitdb/222,test
2,0,356,mitdb/222,test
2,0,357,mitdb/222,test
2,0,358,mitdb/222,test
2,0,359,mitdb/222,test
2,0,410,mitdb/233,test
2,0,411,mitdb/233,test
2,0,412,mitdb/233,test
2,0,413,mitdb/233,test
2,0,414,mitdb/233,test
2,0,415,mitdb/233,test
2,0,416,mitdb/233,test
2,0,417,mitdb/233,test
2,0,418,mitdb/233,test
2,0,419,mitdb/233,test
2,0,430,mitdb/100,test
2,0,431,mitdb/100,test
2,0,432,mitdb/100,test
2,0,433,mitdb/100,test
2,0,434,mitdb/100,test
2,0,435,mitdb/100,test
2,0,436,mitdb/100,test
2,0,437,mitdb/100,test
2,0,438,mitdb/100,test
2,0,439,mitdb/100,test
2,0,500,mitdb/106,test
2,0,501,mitdb/106,test
2,0,502,mitdb/106,test
2,0,503,mitdb/106,test
2,0,504,mitdb/106,test
2,0,505,mitdb/106,test
2,0,506,mitdb/106,test
2,0,507,mitdb/106,test
2,0,508,mitdb/106,test
2,0,509,mitdb/106,test
2,0,530,mitdb/109,test
2,0,531,mitdb/109,test
2,0,532,mitdb/109,test
2,0,533,mitdb/109,test
2,0,534,mitdb/109,test
2,0,535,mitdb/109,test
2,0,536,mitdb/109,test
2,0,537,mitdb/109,test
2,0,538,mitdb/109,test
2,0,539,mitdb/109,test
2,0,570,mitdb/113,test
2,0,571,mitdb/113,test
2,0,572,mitdb/113,test
2,0,573,mitdb/113,test
2,0,574,mitdb/113,test
2,0,575,mitdb/113,test
2,0,576,mitdb/113,test
2,0,577,mitdb/113,test
2,0,578,mitdb/113,test
2,0,579,mitdb/113,test
2,0,610,mitdb/117,test
2,0,611,mitdb/117,test
2,0,612,mitdb/117,test
2,0,613,mitdb/117,test
2,0,614,mitdb/117,test
2,0,615,mitdb/117,test
2,0,616,mitdb/117,test
2,0,617,mitdb/117,test
2,0,618,mitdb/117,test
2,0,619,mitdb/117,test
2,0,660,mitdb/106,test
2,0,661,mitdb/106,test
2,0,662,mitdb/106,test
2,0,663,mitdb/106,test
2,0,664,mitdb/106,test
2,0,665,mitdb/106,test
2,0,666,mitdb/106,test
2,0,667,mitdb/106,test
2,0,668,mitdb/106,test
2,0,669,mitdb/106,test
2,0,680,mitdb/124,test
2,0,681,mitdb/124,test
2,0,682,mitdb/124,test
2,0,683,mitdb/124,test
2,0,684,mitdb/124,test
2,0,685,mitdb/124,test
2,0,686,mitdb/124,test
2,0,687,mitdb/124,test
2,0,688,mitdb/124,test
2,0,689,mitdb/124,test
2,0,720,mitdb/203,test
2,0,721,mitdb/203,test
2,0,722,mitdb/203,test
2,0,723,mitdb/203,test
2,0,724,mitdb/203,test
2,0,725,mitdb/203,test
2,0,726,mitdb/203,test
2,0,727,mitdb/203,test
2,0,728,mitdb/203,test
2,0,729,mitdb/203,test
2,0,740,mitdb/207,test
2,0,741,mitdb/207,test
2,0,742,mitdb/207,test
2,0,743,mitdb/207,test
2,0,744,mitdb/207,test
2,0,745,mitdb/207,test
2,0,746,mitdb/207,test
2,0,747,mitdb/207,test
2,0,748,mitdb/207,test
2,0,749,mitdb/207,test
2,0,870,mitdb/222,test
2,0,871,mitdb/222,test
2,0,872,mitdb/222,test
2,0,873,mitdb/222,test
2,0,874,mitdb/222,test
2,0,875,mitdb/222,test
2,0,876,mitdb/222,test
2,0,877,mitdb/222,test
2,0,878,mitdb/222,test
2,0,879,mitdb/222,test
2,0,940,mitdb/233,test
2,0,941,mitdb/233,test
2,0,942,mitdb/233,test
2,0,943,mitdb/233,test
2,0,944,mitdb/233,test
2,0,945,mitdb/233,test
2,0,946,mitdb/233,test
2,0,947,mitdb/233,test
2,0,948,mitdb/233,test
2,0,949,mitdb/233,test
2,0,970,chfdb/chf10,test
2,0,971,chfdb/chf10,test
2,0,972,chfdb/chf10,test
2,0,973,chfdb/chf10,test
2,0,974,chfdb/chf10,test
2,0,975,chfdb/chf10,test
2,0,976,chfdb/chf10,test
2,0,977,chfdb/chf10,test
2,0,978,chfdb/chf10,test
2,0,979,chfdb/chf10,test
2,0,990,chfdb/chf12,test
2,0,991,chfdb/chf12,test
2,0,992,chfdb/chf12,test
2,0,993,chfdb/chf12,test
2,0,994,chfdb/chf12,test
2,0,995,chfdb/chf12,test
2,0,996,chfdb/chf12,test
2,0,997,chfdb/chf12,test
2,0,998,chfdb/chf12,test
2,0,999,chfdb/chf12,test
2,0,1110,chfdb/chf08,test
2,0,1111,chfdb/chf08,test
2,0,1112,chfdb/chf08,test
2,0,1113,chfdb/chf08,test
2,0,1114,chfdb/chf08,test
2,0,1115,chfdb/chf08,test
2,0,1116,chfdb/chf08,test
2,0,1117,chfdb/chf08,test
2,0,1118,chfdb/chf08,test
2,0,1119,chfdb/chf08,test
2,0,1130,chfdb/chf10,test
2,0,1131,chfdb/chf10,test
2,0,1132,chfdb/chf10,test
2,0,1133,chfdb/chf10,test
2,0,1134,chfdb/chf10,test
2,0,1135,chfdb/chf10,test
2,0,1136,chfdb/chf10,test
2,0,1137,chfdb/chf10,test
2,0,1138,chfdb/chf10,test
2,0,1139,chfdb/chf10,test
2,0,1150,chfdb/chf12,test
2,0,1151,chfdb/chf12,test
2,0,1152,chfdb/chf12,test
2,0,1153,chfdb/chf12,test
2,0,1154,chfdb/chf12,test
2,0,1155,chfdb/chf12,test
2,0,1156,chfdb/chf12,test
2,0,1157,chfdb/chf12,test
2,0,1158,chfdb/chf12,test
2,0,1159,chfdb/chf12,test
2,0,1240,chfdb/chf08,test
2,0,1241,chfdb/chf08,test
2,0,1242,chfdb/chf08,test
2,0,1243,chfdb/chf08,test
2,0,1244,chfdb/chf08,test
2,0,1245,chfdb/chf08,test
2,0,1246,chfdb/chf08,test
2,0,1247,chfdb/chf08,test
2,0,1248,chfdb/chf08,test
2,0,1249,chfdb/chf08,test
2,0,1290,nsrdb/18177,test
2,0,1291,nsrdb/18177,test
2,0,1292,nsrdb/18177,test
2,0,1293,nsrdb/18177,test
2,0,1294,nsrdb/18177,test
2,0,1295,nsrdb/18177,test
2,0,1296,nsrdb/18177,test
2,0,1297,nsrdb/18177,test
2,0,1298,nsrdb/18177,test
2,0,1299,nsrdb/18177,test
2,0,1300,nsrdb/18184,test
2,0,1301,nsrdb/18184,test
2,0,1302,nsrdb/18184,test
2,0,1303,nsrdb/18184,test
2,0,1304,nsrdb/18184,test
2,0,1305,nsrdb/18184,test
2,0,1306,nsrdb/18184,test
2,0,1307,nsrdb/18184,test
2,0,1308,nsrdb/18184,test
2,0,1309,nsrdb/18184,test
2,0,1410,nsrdb/16483,test
2,0,1411,nsrdb/16483,test
2,0,1412,nsrdb/16483,test
2,0,1413,nsrdb/16483,test
2,0,1414,nsrdb/16483,test
2,0,1415,nsrdb/16483,test
2,0,1416,nsrdb/16483,test
2,0,1417,nsrdb/16483,test
2,0,1418,nsrdb/16483,test
2,0,1419,nsrdb/16483,test
2,0,1490,nsrdb/18177,test
2,0,1491,nsrdb/18177,test
2,0,1492,nsrdb/18177,test
2,0,1493,nsrdb/18177,test
2,0,1494,nsrdb/18177,test
2,0,1495,nsrdb/18177,test
2,0,1496,nsrdb/18177,test
2,0,1497,nsrdb/18177,test
2,0,1498,nsrdb/18177,test
2,0,1499,nsrdb/18177,test
2,0,1500,nsrdb/18184,test
2,0,1501,nsrdb/18184,test
2,0,1502,nsrdb/18184,test
2,0,1503,nsrdb/18184,test
2,0,1504,nsrdb/18184,test
2,0,1505,nsrdb/18184,test
2,0,1506,nsrdb/18184,test
2,0,1507,nsrdb/18184,test
2,0,1508,nsrdb/18184,test
2,0,1509,nsrdb/18184,test
2,0,1570,nsrdb/16483,test
2,0,1571,nsrdb/16483,test
2,0,1572,nsrdb/16483,test
2,0,1573,nsrdb/16483,test
2,0,1574,nsrdb/16483,test
2,0,1575,nsrdb/16483,test
2,0,1576,nsrdb/16483,test
2,0,1577,nsrdb/16483,test
2,0,1578,nsrdb/16483,test
2,0,1579,nsrdb/16483,test
2,1,20,mitdb/111,train
2,1,21,mitdb/111,train
2,1,22,mitdb/111,train
2,1,23,mitdb/111,train
2,1,24,mitdb/111,train
2,1,25,mitdb/111,train
2,1,26,mitdb/111,train
2,1,27,mitdb/111,train
2,1,28,mitdb/111,train
2,1,29,mitdb/111,train
2,1,30,mitdb/112,train
2,1,31,mitdb/112,train
2,1,32,mitdb/112,train
2,1,33,mitdb/112,train
2,1,34,mitdb/112,train
2,1,35,mitdb/112,train
2,1,36,mitdb/112,train
2,1,37,mitdb/112,train
2,1,38,mitdb/112,train
2,1,39,mitdb/112,train
2,1,50,mitdb/114,train
2,1,51,mitdb/114,train
2,1,52,mitdb/114,train
2,1,53,mitdb/114,train
2,1,54,mitdb/114,train
2,1,55,mitdb/114,train
2,1,56,mitdb/114,train
2,1,57,mitdb/114,train
2,1,58,mitdb/114,train
2,1,59,mitdb/114,train
2,1,70,mitdb/116,train
2,1,71,mitdb/116,train
2,1,72,mitdb/116,train
2,1,73,mitdb/116,train
2,1,74,mitdb/116,train
2,1,75,mitdb/116,train
2,1,76,mitdb/116,train
2,1,77,mitdb/116,train
2,1,78,mitdb/116,train
2,1,79,mitdb/116,train
2,1,100,mitdb/119,train
2,1,101,mitdb/119,train
2,1,102,mitdb/119,train
2,1,103,mitdb/119,train
2,1,104,mitdb/119,train
2,1,105,mitdb/119,train
2,1,106,mitdb/119,train
2,1,107,mitdb/119,train
2,1,108,mitdb/119,train
2,1,109,mitdb/119,train
2,1,110,mitdb/101,train
2,1,111,mitdb/101,train
2,1,112,mitdb/101,train
2,1,113,mitdb/101,train
2,1,114,mitdb/101,train
2,1,115,mitdb/101,train
2,1,116,mitdb/101,train
2,1,117,mitdb/101,train
2,1,118,mitdb/101,train
2,1,119,mitdb/101,train
2,1,140,mitdb/123,train
2,1,141,mitdb/123,train
2,1,142,mitdb/123,train
2,1,143,mitdb/123,train
2,1,144,mitdb/123,train
2,1,145,mitdb/123,train
2,1,146,mitdb/123,train
2,1,147,mitdb/123,train
2,1,148,mitdb/123,train
2,1,149,mitdb/123,train
2,1,160,mitdb/200,train
2,1,161,mitdb/200,train
2,1,162,mitdb/200,train
2,1,163,mitdb/200,train
2,1,164,mitdb/200,train
2,1,165,mitdb/200,train
2,1,166,mitdb/200,train
2,1,167,mitdb/200,train
2,1,168,mitdb/200,train
2,1,169,mitdb/200,train
2,1,170,mitdb/201-202,train
2,1,171,mitdb/201-202,train
2,1,172,mitdb/201-202,train
2,1,173,mitdb/201-202,train
2,1,174,mitdb/201-202,train
2,1,175,mitdb/201-202,train
2,1,176,mitdb/201-202,train
2,1,177,mitdb/201-202,train
2,1,178,mitdb/201-202,train
2,1,179,mitdb/201-202,train
2,1,180,mitdb/201-202,train
2,1,181,mitdb/201-202,train
2,1,182,mitdb/201-202,train
2,1,183,mitdb/201-202,train
2,1,184,mitdb/201-202,train
2,1,185,mitdb/201-202,train
2,1,186,mitdb/201-202,train
2,1,187,mitdb/201-202,train
2,1,188,mitdb/201-202,train
2,1,189,mitdb/201-202,train
2,1,230,mitdb/208,train
2,1,231,mitdb/208,train
2,1,232,mitdb/208,train
2,1,233,mitdb/208,train
2,1,234,mitdb/208,train
2,1,235,mitdb/208,train
2,1,236,mitdb/208,train
2,1,237,mitdb/208,train
2,1,238,mitdb/208,train
2,1,239,mitdb/208,train
2,1,250,mitdb/210,train
2,1,251,mitdb/210,train
2,1,252,mitdb/210,train
2,1,253,mitdb/210,train
2,1,254,mitdb/210,train
2,1,255,mitdb/210,train
2,1,256,mitdb/210,train
2,1,257,mitdb/210,train
2,1,258,mitdb/210,train
2,1,259,mitdb/210,train
2,1,260,mitdb/212,train
2,1,261,mitdb/212,train
2,1,262,mitdb/212,train
2,1,263,mitdb/212,train
2,1,264,mitdb/212,train
2,1,265,mitdb/212,train
2,1,266,mitdb/212,train
2,1,267,mitdb/212,train
2,1,268,mitdb/212,train
2,1,269,mitdb/212,train
2,1,270,mitdb/213,train
2,1,271,mitdb/213,train
2,1,272,mitdb/213,train
2,1,273,mitdb/213,train
2,1,274,mitdb/213,train
2,1,275,mitdb/213,train
2,1,276,mitdb/213,train
2,1,277,mitdb/213,train
2,1,278,mitdb/213,train
2,1,279,mitdb/213,train
2,1,300,mitdb/217,train
2,1,301,mitdb/217,train
2,1,302,mitdb/217,train
2,1,303,mitdb/217,train
2,1,304,mitdb/217,train
2,1,305,mitdb/217,train
2,1,306,mitdb/217,train
2,1,307,mitdb/217,train
2,1,308,mitdb/217,train
2,1,309,mitdb/217,train
2,1,310,mitdb/219,train
2,1,311,mitdb/219,train
2,1,312,mitdb/219,train
2,1,313,mitdb/219,train
2,1,314,mitdb/219,train
2,1,315,mitdb/219,train
2,1,316,mitdb/219,train
2,1,317,mitdb/219,train
2,1,318,mitdb/219,train
2,1,319,mitdb/219,train
2,1,320,mitdb/220,train
2,1,321,mitdb/220,train
2,1,322,mitdb/220,train
2,1,323,mitdb/220,train
2,1,324,mitdb/220,train
2,1,325,mitdb/220,train
2,1,326,mitdb/220,train
2,1,327,mitdb/220,train
2,1,328,mitdb/220,train
2,1,329,mitdb/220,train
2,1,330,mitdb/103,train
2,1,331,mitdb/103,train
2,1,332,mitdb/103,train
2,1,333,mitdb/103,train
2,1,334,mitdb/103,train
2,1,335,mitdb/103,train
2,1,336,mitdb/103,train
2,1,337,mitdb/103,train
2,1,338,mitdb/103,train
2,1,339,mitdb/103,train
2,1,360,mitdb/223,train
2,1,361,mitdb/223,train
2,1,362,mitdb/223,train
2,1,363,mitdb/223,train
2,1,364,mitdb/223,train
2,1,365,mitdb/223,train
2,1,366,mitdb/223,train
2,1,367,mitdb/223,train
2,1,368,mitdb/223,train
2,1,369,mitdb/223,train
2,1,370,mitdb/228,train
2,1,371,mitdb/228,train
2,1,372,mitdb/228,train
2,1,373,mitdb/228,train
2,1,374,mitdb/228,train
2,1,375,mitdb/228,train
2,1,376,mitdb/228,train
2,1,377,mitdb/228,train
2,1,378,mitdb/228,train
2,1,379,mitdb/228,train
2,1,390,mitdb/231,train
2,1,391,mitdb/231,train
2,1,392,mitdb/231,train
2,1,393,mitdb/231,train
2,1,394,mitdb/231,train
2,1,395,mitdb/231,train
2,1,396,mitdb/231,train
2,1,397,mitdb/231,train
2,1,398,mitdb/231,train
2,1,399,mitdb/231,train
2,1,420,mitdb/234,train
2,1,421,mitdb/234,train
2,1,422,mitdb/234,train
2,1,423,mitdb/234,train
2,1,424,mitdb/234,train
2,1,425,mitdb/234,train
2,1,426,mitdb/234,train
2,1,427,mitdb/234,train
2,1,428,mitdb/234,train
2,1,429,mitdb/234,train
2,1,440,mitdb/104,train
2,1,441,mitdb/104,train
2,1,442,mitdb/104,train
2,1,443,mitdb/104,train
2,1,444,mitdb/104,train
2,1,445,mitdb/104,train
2,1,446,mitdb/104,train
2,1,447,mitdb/104,train
2,1,448,mitdb/104,train
2,1,449,mitdb/104,train
2,1,450,mitdb/101,train
2,1,451,mitdb/101,train
2,1,452,mitdb/101,train
2,1,453,mitdb/101,train
2,1,454,mitdb/101,train
2,1,455,mitdb/101,train
2,1,456,mitdb/101,train
2,1,457,mitdb/101,train
2,1,458,mitdb/101,train
2,1,459,mitdb/101,train
2,1,470,mitdb/103,train
2,1,471,mitdb/103,train
2,1,472,mitdb/103,train
2,1,473,mitdb/103,train
2,1,474,mitdb/103,train
2,1,475,mitdb/103,train
2,1,476,mitdb/103,train
2,1,477,mitdb/103,train
2,1,478,mitdb/103,train
2,1,479,mitdb/103,train
2,1,480,mitdb/104,train
2,1,481,mitdb/104,train
2,1,482,mitdb/104,train
2,1,483,mitdb/104,train
2,1,484,mitdb/104,train
2,1,485,mitdb/104,train
2,1,486,mitdb/104,train
2,1,487,mitdb/104,train
2,1,488,mitdb/104,train
2,1,489,mitdb/104,train
2,1,510,mitdb/107,train
2,1,511,mitdb/107,train
2,1,512,mitdb/107,train
2,1,513,mitdb/107,train
2,1,514,mitdb/107,train
2,1,515,mitdb/107,train
2,1,516,mitdb/107,train
2,1,517,mitdb/107,train
2,1,518,mitdb/107,train
2,1,519,mitdb/107,train
2,1,520,mitdb/108,train
2,1,521,mitdb/108,train
2,1,522,mitdb/108,train
2,1,523,mitdb/108,train
2,1,524,mitdb/108,train
2,1,525,mitdb/108,train
2,1,526,mitdb/108,train
2,1,527,mitdb/108,train
2,1,528,mitdb/108,train
2,1,529,mitdb/108,train
2,1,540,mitdb/111,train
2,1,541,mitdb/111,train
2,1,542,mitdb/111,train
2,1,543,mitdb/111,train
2,1,544,mitdb/111,train
2,1,545,mitdb/111,train
2,1,546,mitdb/111,train
2,1,547,mitdb/111,train
2,1,548,mitdb/111,train
2,1,549,mitdb/111,train
2,1,560,mitdb/112,train
2,1,561,mitdb/112,train
2,1,562,mitdb/112,train
2,1,563,mitdb/112,train
2,1,564,mitdb/112,train
2,1,565,mitdb/112,train
2,1,566,mitdb/112,train
2,1,567,mitdb/112,train
2,1,568,mitdb/112,train
2,1,569,mitdb/112,train
2,1,580,mitdb/114,train
2,1,581,mitdb/114,train
2,1,582,mitdb/114,train
2,1,583,mitdb/114,train
2,1,584,mitdb/114,train
2,1,585,mitdb/114,train
2,1,586,mitdb/114,train
2,1,587,mitdb/114,train
2,1,588,mitdb/114,train
2,1,589,mitdb/114,train
2,1,600,mitdb/116,train
2,1,601,mitdb/116,train
2,1,602,mitdb/116,train
2,1,603,mitdb/116,train
2,1,604,mitdb/116,train
2,1,605,mitdb/116,train
2,1,606,mitdb/116,train
2,1,607,mitdb/116,train
2,1,608,mitdb/116,train
2,1,609,mitdb/116,train
2,1,630,mitdb/119,train
2,1,631,mitdb/119,train
2,1,632,mitdb/119,train
2,1,633,mitdb/119,train
2,1,634,mitdb/119,train
2,1,635,mitdb/119,train
2,1,636,mitdb/119,train
2,1,637,mitdb/119,train
2,1,638,mitdb/119,train
2,1,639,mitdb/119,train
2,1,670,mitdb/123,train
2,1,671,mitdb/123,train
2,1,672,mitdb/123,train
2,1,673,mitdb/123,train
2,1,674,mitdb/123,train
2,1,675,mitdb/123,train
2,1,676,mitdb/123,train
2,1,677,mitdb/123,train
2,1,678,mitdb/123,train
2,1,679,mitdb/123,train
2,1,690,mitdb/200,train
2,1,691,mitdb/200,train
2,1,692,mitdb/200,train
2,1,693,mitdb/200,train
2,1,694,mitdb/200,train
2,1,695,mitdb/200,train
2,1,696,mitdb/200,train
2,1,697,mitdb/200,train
2,1,698,mitdb/200,train
2,1,699,mitdb/200,train
2,1,700,mitdb/201-202,train
2,1,701,mitdb/201-202,train
2,1,702,mitdb/201-202,train
2,1,703,mitdb/201-202,train
2,1,704,mitdb/201-202,train
2,1,705,mitdb/201-202,train
2,1,706,mitdb/201-202,train
2,1,707,mitdb/201-202,train
2,1,708,mitdb/201-202,train
2,1,709,mitdb/201-202,train
2,1,710,mitdb/201-202,train
2,1,711,mitdb/201-202,train
2,1,712,mitdb/201-202,train
2,1,713,mitdb/201-202,train
2,1,714,mitdb/201-202,train
2,1,715,mitdb/201-202,train
2,1,716,mitdb/201-202,train
2,1,717,mitdb/201-202,train
2,1,718,mitdb/201-202,train
2,1,719,mitdb/201-202,train
2,1,750,mitdb/208,train
2,1,751,mitdb/208,train
2,1,752,mitdb/208,train
2,1,753,mitdb/208,train
2,1,754,mitdb/208,train
2,1,755,mitdb/208,train
2,1,756,mitdb/208,train
2,1,757,mitdb/208,train
2,1,758,mitdb/208,train
2,1,759,mitdb/208,train
2,1,770,mitdb/107,train
2,1,771,mitdb/107,train
2,1,772,mitdb/107,train
2,1,773,mitdb/107,train
2,1,774,mitdb/107,train
2,1,775,mitdb/107,train
2,1,776,mitdb/107,train
2,1,777,mitdb/107,train
2,1,778,mitdb/107,train
2,1,779,mitdb/107,train
2,1,780,mitdb/210,train
2,1,781,mitdb/210,train
2,1,782,mitdb/210,train
2,1,783,mitdb/210,train
2,1,784,mitdb/210,train
2,1,785,mitdb/210,train
2,1,786,mitdb/210,train
2,1,787,mitdb/210,train
2,1,788,mitdb/210,train
2,1,789,mitdb/210,train
2,1,790,mitdb/212,train
2,1,791,mitdb/212,train
2,1,792,mitdb/212,train
2,1,793,mitdb/212,train
2,1,794,mitdb/212,train
2,1,795,mitdb/212,train
2,1,796,mitdb/212,train
2,1,797,mitdb/212,train
2,1,798,mitdb/212,train
2,1,799,mitdb/212,train
2,1,800,mitdb/213,train
2,1,801,mitdb/213,train
2,1,802,mitdb/213,train
2,1,803,mitdb/213,train
2,1,804,mitdb/213,train
2,1,805,mitdb/213,train
2,1,806,mitdb/213,train
2,1,807,mitdb/213,train
2,1,808,mitdb/213,train
2,1,809,mitdb/213,train
2,1,830,mitdb/217,train
2,1,831,mitdb/217,train
2,1,832,mitdb/217,train
2,1,833,mitdb/217,train
2,1,834,mitdb/217,train
2,1,835,mitdb/217,train
2,1,836,mitdb/217,train
2,1,837,mitdb/217,train
2,1,838,mitdb/217,train
2,1,839,mitdb/217,train
2,1,840,mitdb/219,train
2,1,841,mitdb/219,train
2,1,842,mitdb/219,train
2,1,843,mitdb/219,train
2,1,844,mitdb/219,train
2,1,845,mitdb/219,train
2,1,846,mitdb/219,train
2,1,847,mitdb/219,train
2,1,848,mitdb/219,train
2,1,849,mitdb/219,train
2,1,850,mitdb/220,train
2,1,851,mitdb/220,train
2,1,852,mitdb/220,train
2,1,853,mitdb/220,train
2,1,854,mitdb/220,train
2,1,855,mitdb/220,train
2,1,856,mitdb/220,train
2,1,857,mitdb/220,train
2,1,858,mitdb/220,train
2,1,859,mitdb/220,train
2,1,880,mitdb/108,train
2,1,881,mitdb/108,train
2,1,882,mitdb/108,train
2,1,883,mitdb/108,train
2,1,884,mitdb/108,train
2,1,885,mitdb/108,train
2,1,886,mitdb/108,train
2,1,887,mitdb/108,train
2,1,888,mitdb/108,train
2,1,889,mitdb/108,train
2,1,890,mitdb/223,train
2,1,891,mitdb/223,train
2,1,892,mitdb/223,train
2,1,893,mitdb/223,train
2,1,894,mitdb/223,train
2,1,895,mitdb/223,train
2,1,896,mitdb/223,train
2,1,897,mitdb/223,train
2,1,898,mitdb/223,train
2,1,899,mitdb/223,train
2,1,900,mitdb/228,train
2,1,901,mitdb/228,train
2,1,902,mitdb/228,train
2,1,903,mitdb/228,train
2,1,904,mitdb/228,train
2,1,905,mitdb/228,train
2,1,906,mitdb/228,train
2,1,907,mitdb/228,train
2,1,908,mitdb/228,train
2,1,909,mitdb/228,train
2,1,920,mitdb/231,train
2,1,921,mitdb/231,train
2,1,922,mitdb/231,train
2,1,923,mitdb/231,train
2,1,924,mitdb/231,train
2,1,925,mitdb/231,train
2,1,926,mitdb/231,train
2,1,927,mitdb/231,train
2,1,928,mitdb/231,train
2,1,929,mitdb/231,train
2,1,950,mitdb/234,train
2,1,951,mitdb/234,train
2,1,952,mitdb/234,train
2,1,953,mitdb/234,train
2,1,954,mitdb/234,train
2,1,955,mitdb/234,train
2,1,956,mitdb/234,train
2,1,957,mitdb/234,train
2,1,958,mitdb/234,train
2,1,959,mitdb/234,train
2,1,1000,chfdb/chf13,train
2,1,1001,chfdb/chf13,train
2,1,1002,chfdb/chf13,train
2,1,1003,chfdb/chf13,train
2,1,1004,chfdb/chf13,train
2,1,1005,chfdb/chf13,train
2,1,1006,chfdb/chf13,train
2,1,1007,chfdb/chf13,train
2,1,1008,chfdb/chf13,train
2,1,1009,chfdb/chf13,train
2,1,1020,chfdb/chf15,train
2,1,1021,chfdb/chf15,train
2,1,1022,chfdb/chf15,train
2,1,1023,chfdb/chf15,train
2,1,1024,chfdb/chf15,train
2,1,1025,chfdb/chf15,train
2,1,1026,chfdb/chf15,train
2,1,1027,chfdb/chf15,train
2,1,1028,chfdb/chf15,train
2,1,1029,chfdb/chf15,train
2,1,1040,chfdb/chf02,train
2,1,1041,chfdb/chf02,train
2,1,1042,chfdb/chf02,train
2,1,1043,chfdb/chf02,train
2,1,1044,chfdb/chf02,train
2,1,1045,chfdb/chf02,train
2,1,1046,chfdb/chf02,train
2,1,1047,chfdb/chf02,train
2,1,1048,chfdb/chf02,train
2,1,1049,chfdb/chf02,train
2,1,1050,chfdb/chf03,train
2,1,1051,chfdb/chf03,train
2,1,1052,chfdb/chf03,train
2,1,1053,chfdb/chf03,train
2,1,1054,chfdb/chf03,train
2,1,1055,chfdb/chf03,train
2,1,1056,chfdb/chf03,train
2,1,1057,chfdb/chf03,train
2,1,1058,chfdb/chf03,train
2,1,1059,chfdb/chf03,train
2,1,1070,chfdb/chf02,train
2,1,1071,chfdb/chf02,train
2,1,1072,chfdb/chf02,train
2,1,1073,chfdb/chf02,train
2,1,1074,chfdb/chf02,train
2,1,1075,chfdb/chf02,train
2,1,1076,chfdb/chf02,train
2,1,1077,chfdb/chf02,train
2,1,1078,chfdb/chf02,train
2,1,1079,chfdb/chf02,train
2,1,1080,chfdb/chf05,train
2,1,1081,chfdb/chf05,train
2,1,1082,chfdb/chf05,train
2,1,1083,chfdb/chf05,train
2,1,1084,chfdb/chf05,train
2,1,1085,chfdb/chf05,train
2,1,1086,chfdb/chf05,train
2,1,1087,chfdb/chf05,train
2,1,1088,chfdb/chf05,train
2,1,1089,chfdb/chf05,train
2,1,1090,chfdb/chf06,train
2,1,1091,chfdb/chf06,train
2,1,1092,chfdb/chf06,train
2,1,1093,chfdb/chf06,train
2,1,1094,chfdb/chf06,train
2,1,1095,chfdb/chf06,train
2,1,1096,chfdb/chf06,train
2,1,1097,chfdb/chf06,train
2,1,1098,chfdb/chf06,train
2,1,1099,chfdb/chf06,train
2,1,1100,chfdb/chf07,train
2,1,1101,chfdb/chf07,train
2,1,1102,chfdb/chf07,train
2,1,1103,chfdb/chf07,train
2,1,1104,chfdb/chf07,train
2,1,1105,chfdb/chf07,train
2,1,1106,chfdb/chf07,train
2,1,1107,chfdb/chf07,train
2,1,1108,chfdb/chf07,train
2,1,1109,chfdb/chf07,train
2,1,1120,chfdb/chf09,train
2,1,1121,chfdb/chf09,train
2,1,1122,chfdb/chf09,train
2,1,1123,chfdb/chf09,train
2,1,1124,chfdb/chf09,train
2,1,1125,chfdb/chf09,train
2,1,1126,chfdb/chf09,train
2,1,1127,chfdb/chf09,train
2,1,1128,chfdb/chf09,train
2,1,1129,chfdb/chf09,train
2,1,1160,chfdb/chf13,train
2,1,1161,chfdb/chf13,train
2,1,1162,chfdb/chf13,train
2,1,1163,chfdb/chf13,train
2,1,1164,chfdb/chf13,train
2,1,1165,chfdb/chf13,train
2,1,1166,chfdb/chf13,train
2,1,1167,chfdb/chf13,train
2,1,1168,chfdb/chf13,train
2,1,1169,chfdb/chf13,train
2,1,1180,chfdb/chf03,train
2,1,1181,chfdb/chf03,train
2,1,1182,chfdb/chf03,train
2,1,1183,chfdb/chf03,train
2,1,1184,chfdb/chf03,train
2,1,1185,chfdb/chf03,train
2,1,1186,chfdb/chf03,train
2,1,1187,chfdb/chf03,train
2,1,1188,chfdb/chf03,train
2,1,1189,chfdb/chf03,train
2,1,1190,chfdb/chf15,train
2,1,1191,chfdb/chf15,train
2,1,1192,chfdb/chf15,train
2,1,1193,chfdb/chf15,train
2,1,1194,chfdb/chf15,train
2,1,1195,chfdb/chf15,train
2,1,1196,chfdb/chf15,train
2,1,1197,chfdb/chf15,train
2,1,1198,chfdb/chf15,train
2,1,1199,chfdb/chf15,train
2,1,1210,chfdb/chf05,train
2,1,1211,chfdb/chf05,train
2,1,1212,chfdb/chf05,train
2,1,1213,chfdb/chf05,train
2,1,1214,chfdb/chf05,train
2,1,1215,chfdb/chf05,train
2,1,1216,chfdb/chf05,train
2,1,1217,chfdb/chf05,train
2,1,1218,chfdb/chf05,train
2,1,1219,chfdb/chf05,train
2,1,1220,chfdb/chf06,train
2,1,1221,chfdb/chf06,train
2,1,1222,chfdb/chf06,train
2,1,1223,chfdb/chf06,train
2,1,1224,chfdb/chf06,train
2,1,1225,chfdb/chf06,train
2,1,1226,chfdb/chf06,train
2,1,1227,chfdb/chf06,train
2,1,1228,chfdb/chf06,train
2,1,1229,chfdb/chf06,train
2,1,1230,chfdb/chf07,train
2,1,1231,chfdb/chf07,train
2,1,1232,chfdb/chf07,train
2,1,1233,chfdb/chf07,train
2,1,1234,chfdb/chf07,train
2,1,1235,chfdb/chf07,train
2,1,1236,chfdb/chf07,train
2,1,1237,chfdb/chf07,train
2,1,1238,chfdb/chf07,train
2,1,1239,chfdb/chf07,train
2,1,1250,chfdb/chf09,train
2,1,1251,chfdb/chf09,train
2,1,1252,chfdb/chf09,train
2,1,1253,chfdb/chf09,train
2,1,1254,chfdb/chf09,train
2,1,1255,chfdb/chf09,train
2,1,1256,chfdb/chf09,train
2,1,1257,chfdb/chf09,train
2,1,1258,chfdb/chf09,train
2,1,1259,chfdb/chf09,train
2,1,1260,nsrdb/16265,train
2,1,1261,nsrdb/16265,train
2,1,1262,nsrdb/16265,train
2,1,1263,nsrdb/16265,train
2,1,1264,nsrdb/16265,train
2,1,1265,nsrdb/16265,train
2,1,1266,nsrdb/16265,train
2,1,1267,nsrdb/16265,train
2,1,1268,nsrdb/16265,train
2,1,1269,nsrdb/16265,train
2,1,1280,nsrdb/17453,train
2,1,1281,nsrdb/17453,train
2,1,1282,nsrdb/17453,train
2,1,1283,nsrdb/17453,train
2,1,1284,nsrdb/17453,train
2,1,1285,nsrdb/17453,train
2,1,1286,nsrdb/17453,train
2,1,1287,nsrdb/17453,train
2,1,1288,nsrdb/17453,train
2,1,1289,nsrdb/17453,train
2,1,1320,nsrdb/19090,train
2,1,1321,nsrdb/19090,train
2,1,1322,nsrdb/19090,train
2,1,1323,nsrdb/19090,train
2,1,1324,nsrdb/19090,train
2,1,1325,nsrdb/19090,train
2,1,1326,nsrdb/19090,train
2,1,1327,nsrdb/19090,train
2,1,1328,nsrdb/19090,train
2,1,1329,nsrdb/19090,train
2,1,1340,nsrdb/19140,train
2,1,1341,nsrdb/19140,train
2,1,1342,nsrdb/19140,train
2,1,1343,nsrdb/19140,train
2,1,1344,nsrdb/19140,train
2,1,1345,nsrdb/19140,train
2,1,1346,nsrdb/19140,train
2,1,1347,nsrdb/19140,train
2,1,1348,nsrdb/19140,train
2,1,1349,nsrdb/19140,train
2,1,1360,nsrdb/16265,train
2,1,1361,nsrdb/16265,train
2,1,1362,nsrdb/16265,train
2,1,1363,nsrdb/16265,train
2,1,1364,nsrdb/16265,train
2,1,1365,nsrdb/16265,train
2,1,1366,nsrdb/16265,train
2,1,1367,nsrdb/16265,train
2,1,1368,nsrdb/16265,train
2,1,1369,nsrdb/16265,train
2,1,1390,nsrdb/16273,train
2,1,1391,nsrdb/16273,train
2,1,1392,nsrdb/16273,train
2,1,1393,nsrdb/16273,train
2,1,1394,nsrdb/16273,train
2,1,1395,nsrdb/16273,train
2,1,1396,nsrdb/16273,train
2,1,1397,nsrdb/16273,train
2,1,1398,nsrdb/16273,train
2,1,1399,nsrdb/16273,train
2,1,1400,nsrdb/16420,train
2,1,1401,nsrdb/16420,train
2,1,1402,nsrdb/16420,train
2,1,1403,nsrdb/16420,train
2,1,1404,nsrdb/16420,train
2,1,1405,nsrdb/16420,train
2,1,1406,nsrdb/16420,train
2,1,1407,nsrdb/16420,train
2,1,1408,nsrdb/16420,train
2,1,1409,nsrdb/16420,train
2,1,1420,nsrdb/16539,train
2,1,1421,nsrdb/16539,train
2,1,1422,nsrdb/16539,train
2,1,1423,nsrdb/16539,train
2,1,1424,nsrdb/16539,train
2,1,1425,nsrdb/16539,train
2,1,1426,nsrdb/16539,train
2,1,1427,nsrdb/16539,train
2,1,1428,nsrdb/16539,train
2,1,1429,nsrdb/16539,train
2,1,1430,nsrdb/16773,train
2,1,1431,nsrdb/16773,train
2,1,1432,nsrdb/16773,train
2,1,1433,nsrdb/16773,train
2,1,1434,nsrdb/16773,train
2,1,1435,nsrdb/16773,train
2,1,1436,nsrdb/16773,train
2,1,1437,nsrdb/16773,train
2,1,1438,nsrdb/16773,train
2,1,1439,nsrdb/16773,train
2,1,1440,nsrdb/16786,train
2,1,1441,nsrdb/16786,train
2,1,1442,nsrdb/16786,train
2,1,1443,nsrdb/16786,train
2,1,1444,nsrdb/16786,train
2,1,1445,nsrdb/16786,train
2,1,1446,nsrdb/16786,train
2,1,1447,nsrdb/16786,train
2,1,1448,nsrdb/16786,train
2,1,1449,nsrdb/16786,train
2,1,1450,nsrdb/16795,train
2,1,1451,nsrdb/16795,train
2,1,1452,nsrdb/16795,train
2,1,1453,nsrdb/16795,train
2,1,1454,nsrdb/16795,train
2,1,1455,nsrdb/16795,train
2,1,1456,nsrdb/16795,train
2,1,1457,nsrdb/16795,train
2,1,1458,nsrdb/16795,train
2,1,1459,nsrdb/16795,train
2,1,1470,nsrdb/17453,train
2,1,1471,nsrdb/17453,train
2,1,1472,nsrdb/17453,train
2,1,1473,nsrdb/17453,train
2,1,1474,nsrdb/17453,train
2,1,1475,nsrdb/17453,train
2,1,1476,nsrdb/17453,train
2,1,1477,nsrdb/17453,train
2,1,1478,nsrdb/17453,train
2,1,1479,nsrdb/17453,train
2,1,1480,nsrdb/16273,train
2,1,1481,nsrdb/16273,train
2,1,1482,nsrdb/16273,train
2,1,1483,nsrdb/16273,train
2,1,1484,nsrdb/16273,train
2,1,1485,nsrdb/16273,train
2,1,1486,nsrdb/16273,train
2,1,1487,nsrdb/16273,train
2,1,1488,nsrdb/16273,train
2,1,1489,nsrdb/16273,train
2,1,1520,nsrdb/19090,train
2,1,1521,nsrdb/19090,train
2,1,1522,nsrdb/19090,train
2,1,1523,nsrdb/19090,train
2,1,1524,nsrdb/19090,train
2,1,1525,nsrdb/19090,train
2,1,1526,nsrdb/19090,train
2,1,1527,nsrdb/19090,train
2,1,1528,nsrdb/19090,train
2,1,1529,nsrdb/19090,train
2,1,1540,nsrdb/19140,train
2,1,1541,nsrdb/19140,train
2,1,1542,nsrdb/19140,train
2,1,1543,nsrdb/19140,train
2,1,1544,nsrdb/19140,train
2,1,1545,nsrdb/19140,train
2,1,1546,nsrdb/19140,train
2,1,1547,nsrdb/19140,train
2,1,1548,nsrdb/19140,train
2,1,1549,nsrdb/19140,train
2,1,1560,nsrdb/16420,train
2,1,1561,nsrdb/16420,train
2,1,1562,nsrdb/16420,train
2,1,1563,nsrdb/16420,train
2,1,1564,nsrdb/16420,train
2,1,1565,nsrdb/16420,train
2,1,1566,nsrdb/16420,train
2,1,1567,nsrdb/16420,train
2,1,1568,nsrdb/16420,train
2,1,1569,nsrdb/16420,train
2,1,1580,nsrdb/16539,train
2,1,1581,nsrdb/16539,train
2,1,1582,nsrdb/16539,train
2,1,1583,nsrdb/16539,train
2,1,1584,nsrdb/16539,train
2,1,1585,nsrdb/16539,train
2,1,1586,nsrdb/16539,train
2,1,1587,nsrdb/16539,train
2,1,1588,nsrdb/16539,train
2,1,1589,nsrdb/16539,train
2,1,1590,nsrdb/16773,train
2,1,1591,nsrdb/16773,train
2,1,1592,nsrdb/16773,train
2,1,1593,nsrdb/16773,train
2,1,1594,nsrdb/16773,train
2,1,1595,nsrdb/16773,train
2,1,1596,nsrdb/16773,train
2,1,1597,nsrdb/16773,train
2,1,1598,nsrdb/16773,train
2,1,1599,nsrdb/16773,train
2,1,1600,nsrdb/16786,train
2,1,1601,nsrdb/16786,train
2,1,1602,nsrdb/16786,train
2,1,1603,nsrdb/16786,train
2,1,1604,nsrdb/16786,train
2,1,1605,nsrdb/16786,train
2,1,1606,nsrdb/16786,train
2,1,1607,nsrdb/16786,train
2,1,1608,nsrdb/16786,train
2,1,1609,nsrdb/16786,train
2,1,1610,nsrdb/16795,train
2,1,1611,nsrdb/16795,train
2,1,1612,nsrdb/16795,train
2,1,1613,nsrdb/16795,train
2,1,1614,nsrdb/16795,train
2,1,1615,nsrdb/16795,train
2,1,1616,nsrdb/16795,train
2,1,1617,nsrdb/16795,train
2,1,1618,nsrdb/16795,train
2,1,1619,nsrdb/16795,train
2,1,60,mitdb/115,validation
2,1,61,mitdb/115,validation
2,1,62,mitdb/115,validation
2,1,63,mitdb/115,validation
2,1,64,mitdb/115,validation
2,1,65,mitdb/115,validation
2,1,66,mitdb/115,validation
2,1,67,mitdb/115,validation
2,1,68,mitdb/115,validation
2,1,69,mitdb/115,validation
2,1,90,mitdb/118,validation
2,1,91,mitdb/118,validation
2,1,92,mitdb/118,validation
2,1,93,mitdb/118,validation
2,1,94,mitdb/118,validation
2,1,95,mitdb/118,validation
2,1,96,mitdb/118,validation
2,1,97,mitdb/118,validation
2,1,98,mitdb/118,validation
2,1,99,mitdb/118,validation
2,1,120,mitdb/121,validation
2,1,121,mitdb/121,validation
2,1,122,mitdb/121,validation
2,1,123,mitdb/121,validation
2,1,124,mitdb/121,validation
2,1,125,mitdb/121,validation
2,1,126,mitdb/121,validation
2,1,127,mitdb/121,validation
2,1,128,mitdb/121,validation
2,1,129,mitdb/121,validation
2,1,130,mitdb/122,validation
2,1,131,mitdb/122,validation
2,1,132,mitdb/122,validation
2,1,133,mitdb/122,validation
2,1,134,mitdb/122,validation
2,1,135,mitdb/122,validation
2,1,136,mitdb/122,validation
2,1,137,mitdb/122,validation
2,1,138,mitdb/122,validation
2,1,139,mitdb/122,validation
2,1,200,mitdb/205,validation
2,1,201,mitdb/205,validation
2,1,202,mitdb/205,validation
2,1,203,mitdb/205,validation
2,1,204,mitdb/205,validation
2,1,205,mitdb/205,validation
2,1,206,mitdb/205,validation
2,1,207,mitdb/205,validation
2,1,208,mitdb/205,validation
2,1,209,mitdb/205,validation
2,1,220,mitdb/102,validation
2,1,221,mitdb/102,validation
2,1,222,mitdb/102,validation
2,1,223,mitdb/102,validation
2,1,224,mitdb/102,validation
2,1,225,mitdb/102,validation
2,1,226,mitdb/102,validation
2,1,227,mitdb/102,validation
2,1,228,mitdb/102,validation
2,1,229,mitdb/102,validation
2,1,240,mitdb/209,validation
2,1,241,mitdb/209,validation
2,1,242,mitdb/209,validation
2,1,243,mitdb/209,validation
2,1,244,mitdb/209,validation
2,1,245,mitdb/209,validation
2,1,246,mitdb/209,validation
2,1,247,mitdb/209,validation
2,1,248,mitdb/209,validation
2,1,249,mitdb/209,validation
2,1,280,mitdb/214,validation
2,1,281,mitdb/214,validation
2,1,282,mitdb/214,validation
2,1,283,mitdb/214,validation
2,1,284,mitdb/214,validation
2,1,285,mitdb/214,validation
2,1,286,mitdb/214,validation
2,1,287,mitdb/214,validation
2,1,288,mitdb/214,validation
2,1,289,mitdb/214,validation
2,1,290,mitdb/215,validation
2,1,291,mitdb/215,validation
2,1,292,mitdb/215,validation
2,1,293,mitdb/215,validation
2,1,294,mitdb/215,validation
2,1,295,mitdb/215,validation
2,1,296,mitdb/215,validation
2,1,297,mitdb/215,validation
2,1,298,mitdb/215,validation
2,1,299,mitdb/215,validation
2,1,340,mitdb/221,validation
2,1,341,mitdb/221,validation
2,1,342,mitdb/221,validation
2,1,343,mitdb/221,validation
2,1,344,mitdb/221,validation
2,1,345,mitdb/221,validation
2,1,346,mitdb/221,validation
2,1,347,mitdb/221,validation
2,1,348,mitdb/221,validation
2,1,349,mitdb/221,validation
2,1,380,mitdb/230,validation
2,1,381,mitdb/230,validation
2,1,382,mitdb/230,validation
2,1,383,mitdb/230,validation
2,1,384,mitdb/230,validation
2,1,385,mitdb/230,validation
2,1,386,mitdb/230,validation
2,1,387,mitdb/230,validation
2,1,388,mitdb/230,validation
2,1,389,mitdb/230,validation
2,1,400,mitdb/232,validation
2,1,401,mitdb/232,validation
2,1,402,mitdb/232,validation
2,1,403,mitdb/232,validation
2,1,404,mitdb/232,validation
2,1,405,mitdb/232,validation
2,1,406,mitdb/232,validation
2,1,407,mitdb/232,validation
2,1,408,mitdb/232,validation
2,1,409,mitdb/232,validation
2,1,460,mitdb/102,validation
2,1,461,mitdb/102,validation
2,1,462,mitdb/102,validation
2,1,463,mitdb/102,validation
2,1,464,mitdb/102,validation
2,1,465,mitdb/102,validation
2,1,466,mitdb/102,validation
2,1,467,mitdb/102,validation
2,1,468,mitdb/102,validation
2,1,469,mitdb/102,validation
2,1,490,mitdb/105,validation
2,1,491,mitdb/105,validation
2,1,492,mitdb/105,validation
2,1,493,mitdb/105,validation
2,1,494,mitdb/105,validation
2,1,495,mitdb/105,validation
2,1,496,mitdb/105,validation
2,1,497,mitdb/105,validation
2,1,498,mitdb/105,validation
2,1,499,mitdb/105,validation
2,1,550,mitdb/105,validation
2,1,551,mitdb/105,validation
2,1,552,mitdb/105,validation
2,1,553,mitdb/105,validation
2,1,554,mitdb/105,validation
2,1,555,mitdb/105,validation
2,1,556,mitdb/105,validation
2,1,557,mitdb/105,validation
2,1,558,mitdb/105,validation
2,1,559,mitdb/105,validation
2,1,590,mitdb/115,validation
2,1,591,mitdb/115,validation
2,1,592,mitdb/115,validation
2,1,593,mitdb/115,validation
2,1,594,mitdb/115,validation
2,1,595,mitdb/115,validation
2,1,596,mitdb/115,validation
2,1,597,mitdb/115,validation
2,1,598,mitdb/115,validation
2,1,599,mitdb/115,validation
2,1,620,mitdb/118,validation
2,1,621,mitdb/118,validation
2,1,622,mitdb/118,validation
2,1,623,mitdb/118,validation
2,1,624,mitdb/118,validation
2,1,625,mitdb/118,validation
2,1,626,mitdb/118,validation
2,1,627,mitdb/118,validation
2,1,628,mitdb/118,validation
2,1,629,mitdb/118,validation
2,1,640,mitdb/121,validation
2,1,641,mitdb/121,validation
2,1,642,mitdb/121,validation
2,1,643,mitdb/121,validation
2,1,644,mitdb/121,validation
2,1,645,mitdb/121,validation
2,1,646,mitdb/121,validation
2,1,647,mitdb/121,validation
2,1,648,mitdb/121,validation
2,1,649,mitdb/121,validation
2,1,650,mitdb/122,validation
2,1,651,mitdb/122,validation
2,1,652,mitdb/122,validation
2,1,653,mitdb/122,validation
2,1,654,mitdb/122,validation
2,1,655,mitdb/122,validation
2,1,656,mitdb/122,validation
2,1,657,mitdb/122,validation
2,1,658,mitdb/122,validation
2,1,659,mitdb/122,validation
2,1,730,mitdb/205,validation
2,1,731,mitdb/205,validation
2,1,732,mitdb/205,validation
2,1,733,mitdb/205,validation
2,1,734,mitdb/205,validation
2,1,735,mitdb/205,validation
2,1,736,mitdb/205,validation
2,1,737,mitdb/205,validation
2,1,738,mitdb/205,validation
2,1,739,mitdb/205,validation
2,1,760,mitdb/209,validation
2,1,761,mitdb/209,validation
2,1,762,mitdb/209,validation
2,1,763,mitdb/209,validation
2,1,764,mitdb/209,validation
2,1,765,mitdb/209,validation
2,1,766,mitdb/209,validation
2,1,767,mitdb/209,validation
2,1,768,mitdb/209,validation
2,1,769,mitdb/209,validation
2,1,810,mitdb/214,validation
2,1,811,mitdb/214,validation
2,1,812,mitdb/214,validation
2,1,813,mitdb/214,validation
2,1,814,mitdb/214,validation
2,1,815,mitdb/214,validation
2,1,816,mitdb/214,validation
2,1,817,mitdb/214,validation
2,1,818,mitdb/214,validation
2,1,819,mitdb/214,validation
2,1,820,mitdb/215,validation
2,1,821,mitdb/215,validation
2,1,822,mitdb/215,validation
2,1,823,mitdb/215,validation
2,1,824,mitdb/215,validation
2,1,825,mitdb/215,validation
2,1,826,mitdb/215,validation
2,1,827,mitdb/215,validation
2,1,828,mitdb/215,validation
2,1,829,mitdb/215,validation
2,1,860,mitdb/221,validation
2,1,861,mitdb/221,validation
2,1,862,mitdb/221,validation
2,1,863,mitdb/221,validation
2,1,864,mitdb/221,validation
2,1,865,mitdb/221,validation
2,1,866,mitdb/221,validation
2,1,867,mitdb/221,validation
2,1,868,mitdb/221,validation
2,1,869,mitdb/221,validation
2,1,910,mitdb/230,validation
2,1,911,mitdb/230,validation
2,1,912,mitdb/230,validation
2,1,913,mitdb/230,validation
2,1,914,mitdb/230,validation
2,1,915,mitdb/230,validation
2,1,916,mitdb/230,validation
2,1,917,mitdb/230,validation
2,1,918,mitdb/230,validation
2,1,919,mitdb/230,validation
2,1,930,mitdb/232,validation
2,1,931,mitdb/232,validation
2,1,932,mitdb/232,validation
2,1,933,mitdb/232,validation
2,1,934,mitdb/232,validation
2,1,935,mitdb/232,validation
2,1,936,mitdb/232,validation
2,1,937,mitdb/232,validation
2,1,938,mitdb/232,validation
2,1,939,mitdb/232,validation
2,1,960,chfdb/chf01,validation
2,1,961,chfdb/chf01,validation
2,1,962,chfdb/chf01,validation
2,1,963,chfdb/chf01,validation
2,1,964,chfdb/chf01,validation
2,1,965,chfdb/chf01,validation
2,1,966,chfdb/chf01,validation
2,1,967,chfdb/chf01,validation
2,1,968,chfdb/chf01,validation
2,1,969,chfdb/chf01,validation
2,1,980,chfdb/chf11,validation
2,1,981,chfdb/chf11,validation
2,1,982,chfdb/chf11,validation
2,1,983,chfdb/chf11,validation
2,1,984,chfdb/chf11,validation
2,1,985,chfdb/chf11,validation
2,1,986,chfdb/chf11,validation
2,1,987,chfdb/chf11,validation
2,1,988,chfdb/chf11,validation
2,1,989,chfdb/chf11,validation
2,1,1010,chfdb/chf14,validation
2,1,1011,chfdb/chf14,validation
2,1,1012,chfdb/chf14,validation
2,1,1013,chfdb/chf14,validation
2,1,1014,chfdb/chf14,validation
2,1,1015,chfdb/chf14,validation
2,1,1016,chfdb/chf14,validation
2,1,1017,chfdb/chf14,validation
2,1,1018,chfdb/chf14,validation
2,1,1019,chfdb/chf14,validation
2,1,1030,chfdb/chf01,validation
2,1,1031,chfdb/chf01,validation
2,1,1032,chfdb/chf01,validation
2,1,1033,chfdb/chf01,validation
2,1,1034,chfdb/chf01,validation
2,1,1035,chfdb/chf01,validation
2,1,1036,chfdb/chf01,validation
2,1,1037,chfdb/chf01,validation
2,1,1038,chfdb/chf01,validation
2,1,1039,chfdb/chf01,validation
2,1,1060,chfdb/chf04,validation
2,1,1061,chfdb/chf04,validation
2,1,1062,chfdb/chf04,validation
2,1,1063,chfdb/chf04,validation
2,1,1064,chfdb/chf04,validation
2,1,1065,chfdb/chf04,validation
2,1,1066,chfdb/chf04,validation
2,1,1067,chfdb/chf04,validation
2,1,1068,chfdb/chf04,validation
2,1,1069,chfdb/chf04,validation
2,1,1140,chfdb/chf11,validation
2,1,1141,chfdb/chf11,validation
2,1,1142,chfdb/chf11,validation
2,1,1143,chfdb/chf11,validation
2,1,1144,chfdb/chf11,validation
2,1,1145,chfdb/chf11,validation
2,1,1146,chfdb/chf11,validation
2,1,1147,chfdb/chf11,validation
2,1,1148,chfdb/chf11,validation
2,1,1149,chfdb/chf11,validation
2,1,1170,chfdb/chf14,validation
2,1,1171,chfdb/chf14,validation
2,1,1172,chfdb/chf14,validation
2,1,1173,chfdb/chf14,validation
2,1,1174,chfdb/chf14,validation
2,1,1175,chfdb/chf14,validation
2,1,1176,chfdb/chf14,validation
2,1,1177,chfdb/chf14,validation
2,1,1178,chfdb/chf14,validation
2,1,1179,chfdb/chf14,validation
2,1,1200,chfdb/chf04,validation
2,1,1201,chfdb/chf04,validation
2,1,1202,chfdb/chf04,validation
2,1,1203,chfdb/chf04,validation
2,1,1204,chfdb/chf04,validation
2,1,1205,chfdb/chf04,validation
2,1,1206,chfdb/chf04,validation
2,1,1207,chfdb/chf04,validation
2,1,1208,chfdb/chf04,validation
2,1,1209,chfdb/chf04,validation
2,1,1270,nsrdb/17052,validation
2,1,1271,nsrdb/17052,validation
2,1,1272,nsrdb/17052,validation
2,1,1273,nsrdb/17052,validation
2,1,1274,nsrdb/17052,validation
2,1,1275,nsrdb/17052,validation
2,1,1276,nsrdb/17052,validation
2,1,1277,nsrdb/17052,validation
2,1,1278,nsrdb/17052,validation
2,1,1279,nsrdb/17052,validation
2,1,1310,nsrdb/19088,validation
2,1,1311,nsrdb/19088,validation
2,1,1312,nsrdb/19088,validation
2,1,1313,nsrdb/19088,validation
2,1,1314,nsrdb/19088,validation
2,1,1315,nsrdb/19088,validation
2,1,1316,nsrdb/19088,validation
2,1,1317,nsrdb/19088,validation
2,1,1318,nsrdb/19088,validation
2,1,1319,nsrdb/19088,validation
2,1,1330,nsrdb/19093,validation
2,1,1331,nsrdb/19093,validation
2,1,1332,nsrdb/19093,validation
2,1,1333,nsrdb/19093,validation
2,1,1334,nsrdb/19093,validation
2,1,1335,nsrdb/19093,validation
2,1,1336,nsrdb/19093,validation
2,1,1337,nsrdb/19093,validation
2,1,1338,nsrdb/19093,validation
2,1,1339,nsrdb/19093,validation
2,1,1350,nsrdb/19830,validation
2,1,1351,nsrdb/19830,validation
2,1,1352,nsrdb/19830,validation
2,1,1353,nsrdb/19830,validation
2,1,1354,nsrdb/19830,validation
2,1,1355,nsrdb/19830,validation
2,1,1356,nsrdb/19830,validation
2,1,1357,nsrdb/19830,validation
2,1,1358,nsrdb/19830,validation
2,1,1359,nsrdb/19830,validation
2,1,1370,nsrdb/16272,validation
2,1,1371,nsrdb/16272,validation
2,1,1372,nsrdb/16272,validation
2,1,1373,nsrdb/16272,validation
2,1,1374,nsrdb/16272,validation
2,1,1375,nsrdb/16272,validation
2,1,1376,nsrdb/16272,validation
2,1,1377,nsrdb/16272,validation
2,1,1378,nsrdb/16272,validation
2,1,1379,nsrdb/16272,validation
2,1,1380,nsrdb/16272,validation
2,1,1381,nsrdb/16272,validation
2,1,1382,nsrdb/16272,validation
2,1,1383,nsrdb/16272,validation
2,1,1384,nsrdb/16272,validation
2,1,1385,nsrdb/16272,validation
2,1,1386,nsrdb/16272,validation
2,1,1387,nsrdb/16272,validation
2,1,1388,nsrdb/16272,validation
2,1,1389,nsrdb/16272,validation
2,1,1460,nsrdb/17052,validation
2,1,1461,nsrdb/17052,validation
2,1,1462,nsrdb/17052,validation
2,1,1463,nsrdb/17052,validation
2,1,1464,nsrdb/17052,validation
2,1,1465,nsrdb/17052,validation
2,1,1466,nsrdb/17052,validation
2,1,1467,nsrdb/17052,validation
2,1,1468,nsrdb/17052,validation
2,1,1469,nsrdb/17052,validation
2,1,1510,nsrdb/19088,validation
2,1,1511,nsrdb/19088,validation
2,1,1512,nsrdb/19088,validation
2,1,1513,nsrdb/19088,validation
2,1,1514,nsrdb/19088,validation
2,1,1515,nsrdb/19088,validation
2,1,1516,nsrdb/19088,validation
2,1,1517,nsrdb/19088,validation
2,1,1518,nsrdb/19088,validation
2,1,1519,nsrdb/19088,validation
2,1,1530,nsrdb/19093,validation
2,1,1531,nsrdb/19093,validation
2,1,1532,nsrdb/19093,validation
2,1,1533,nsrdb/19093,validation
2,1,1534,nsrdb/19093,validation
2,1,1535,nsrdb/19093,validation
2,1,1536,nsrdb/19093,validation
2,1,1537,nsrdb/19093,validation
2,1,1538,nsrdb/19093,validation
2,1,1539,nsrdb/19093,validation
2,1,1550,nsrdb/19830,validation
2,1,1551,nsrdb/19830,validation
2,1,1552,nsrdb/19830,validation
2,1,1553,nsrdb/19830,validation
2,1,1554,nsrdb/19830,validation
2,1,1555,nsrdb/19830,validation
2,1,1556,nsrdb/19830,validation
2,1,1557,nsrdb/19830,validation
2,1,1558,nsrdb/19830,validation
2,1,1559,nsrdb/19830,validation
2,1,0,mitdb/100,test
2,1,1,mitdb/100,test
2,1,2,mitdb/100,test
2,1,3,mitdb/100,test
2,1,4,mitdb/100,test
2,1,5,mitdb/100,test
2,1,6,mitdb/100,test
2,1,7,mitdb/100,test
2,1,8,mitdb/100,test
2,1,9,mitdb/100,test
2,1,10,mitdb/109,test
2,1,11,mitdb/109,test
2,1,12,mitdb/109,test
2,1,13,mitdb/109,test
2,1,14,mitdb/109,test
2,1,15,mitdb/109,test
2,1,16,mitdb/109,test
2,1,17,mitdb/109,test
2,1,18,mitdb/109,test
2,1,19,mitdb/109,test
2,1,40,mitdb/113,test
2,1,41,mitdb/113,test
2,1,42,mitdb/113,test
2,1,43,mitdb/113,test
2,1,44,mitdb/113,test
2,1,45,mitdb/113,test
2,1,46,mitdb/113,test
2,1,47,mitdb/113,test
2,1,48,mitdb/113,test
2,1,49,mitdb/113,test
2,1,80,mitdb/117,test
2,1,81,mitdb/117,test
2,1,82,mitdb/117,test
2,1,83,mitdb/117,test
2,1,84,mitdb/117,test
2,1,85,mitdb/117,test
2,1,86,mitdb/117,test
2,1,87,mitdb/117,test
2,1,88,mitdb/117,test
2,1,89,mitdb/117,test
2,1,150,mitdb/124,test
2,1,151,mitdb/124,test
2,1,152,mitdb/124,test
2,1,153,mitdb/124,test
2,1,154,mitdb/124,test
2,1,155,mitdb/124,test
2,1,156,mitdb/124,test
2,1,157,mitdb/124,test
2,1,158,mitdb/124,test
2,1,159,mitdb/124,test
2,1,190,mitdb/203,test
2,1,191,mitdb/203,test
2,1,192,mitdb/203,test
2,1,193,mitdb/203,test
2,1,194,mitdb/203,test
2,1,195,mitdb/203,test
2,1,196,mitdb/203,test
2,1,197,mitdb/203,test
2,1,198,mitdb/203,test
2,1,199,mitdb/203,test
2,1,210,mitdb/207,test
2,1,211,mitdb/207,test
2,1,212,mitdb/207,test
2,1,213,mitdb/207,test
2,1,214,mitdb/207,test
2,1,215,mitdb/207,test
2,1,216,mitdb/207,test
2,1,217,mitdb/207,test
2,1,218,mitdb/207,test
2,1,219,mitdb/207,test
2,1,350,mitdb/222,test
2,1,351,mitdb/222,test
2,1,352,mitdb/222,test
2,1,353,mitdb/222,test
2,1,354,mitdb/222,test
2,1,355,mitdb/222,test
2,1,356,mitdb/222,test
2,1,357,mitdb/222,test
2,1,358,mitdb/222,test
2,1,359,mitdb/222,test
2,1,410,mitdb/233,test
2,1,411,mitdb/233,test
2,1,412,mitdb/233,test
2,1,413,mitdb/233,test
2,1,414,mitdb/233,test
2,1,415,mitdb/233,test
2,1,416,mitdb/233,test
2,1,417,mitdb/233,test
2,1,418,mitdb/233,test
2,1,419,mitdb/233,test
2,1,430,mitdb/100,test
2,1,431,mitdb/100,test
2,1,432,mitdb/100,test
2,1,433,mitdb/100,test
2,1,434,mitdb/100,test
2,1,435,mitdb/100,test
2,1,436,mitdb/100,test
2,1,437,mitdb/100,test
2,1,438,mitdb/100,test
2,1,439,mitdb/100,test
2,1,500,mitdb/106,test
2,1,501,mitdb/106,test
2,1,502,mitdb/106,test
2,1,503,mitdb/106,test
2,1,504,mitdb/106,test
2,1,505,mitdb/106,test
2,1,506,mitdb/106,test
2,1,507,mitdb/106,test
2,1,508,mitdb/106,test
2,1,509,mitdb/106,test
2,1,530,mitdb/109,test
2,1,531,mitdb/109,test
2,1,532,mitdb/109,test
2,1,533,mitdb/109,test
2,1,534,mitdb/109,test
2,1,535,mitdb/109,test
2,1,536,mitdb/109,test
2,1,537,mitdb/109,test
2,1,538,mitdb/109,test
2,1,539,mitdb/109,test
2,1,570,mitdb/113,test
2,1,571,mitdb/113,test
2,1,572,mitdb/113,test
2,1,573,mitdb/113,test
2,1,574,mitdb/113,test
2,1,575,mitdb/113,test
2,1,576,mitdb/113,test
2,1,577,mitdb/113,test
2,1,578,mitdb/113,test
2,1,579,mitdb/113,test
2,1,610,mitdb/117,test
2,1,611,mitdb/117,test
2,1,612,mitdb/117,test
2,1,613,mitdb/117,test
2,1,614,mitdb/117,test
2,1,615,mitdb/117,test
2,1,616,mitdb/117,test
2,1,617,mitdb/117,test
2,1,618,mitdb/117,test
2,1,619,mitdb/117,test
2,1,660,mitdb/106,test
2,1,661,mitdb/106,test
2,1,662,mitdb/106,test
2,1,663,mitdb/106,test
2,1,664,mitdb/106,test
2,1,665,mitdb/106,test
2,1,666,mitdb/106,test
2,1,667,mitdb/106,test
2,1,668,mitdb/106,test
2,1,669,mitdb/106,test
2,1,680,mitdb/124,test
2,1,681,mitdb/124,test
2,1,682,mitdb/124,test
2,1,683,mitdb/124,test
2,1,684,mitdb/124,test
2,1,685,mitdb/124,test
2,1,686,mitdb/124,test
2,1,687,mitdb/124,test
2,1,688,mitdb/124,test
2,1,689,mitdb/124,test
2,1,720,mitdb/203,test
2,1,721,mitdb/203,test
2,1,722,mitdb/203,test
2,1,723,mitdb/203,test
2,1,724,mitdb/203,test
2,1,725,mitdb/203,test
2,1,726,mitdb/203,test
2,1,727,mitdb/203,test
2,1,728,mitdb/203,test
2,1,729,mitdb/203,test
2,1,740,mitdb/207,test
2,1,741,mitdb/207,test
2,1,742,mitdb/207,test
2,1,743,mitdb/207,test
2,1,744,mitdb/207,test
2,1,745,mitdb/207,test
2,1,746,mitdb/207,test
2,1,747,mitdb/207,test
2,1,748,mitdb/207,test
2,1,749,mitdb/207,test
2,1,870,mitdb/222,test
2,1,871,mitdb/222,test
2,1,872,mitdb/222,test
2,1,873,mitdb/222,test
2,1,874,mitdb/222,test
2,1,875,mitdb/222,test
2,1,876,mitdb/222,test
2,1,877,mitdb/222,test
2,1,878,mitdb/222,test
2,1,879,mitdb/222,test
2,1,940,mitdb/233,test
2,1,941,mitdb/233,test
2,1,942,mitdb/233,test
2,1,943,mitdb/233,test
2,1,944,mitdb/233,test
2,1,945,mitdb/233,test
2,1,946,mitdb/233,test
2,1,947,mitdb/233,test
2,1,948,mitdb/233,test
2,1,949,mitdb/233,test
2,1,970,chfdb/chf10,test
2,1,971,chfdb/chf10,test
2,1,972,chfdb/chf10,test
2,1,973,chfdb/chf10,test
2,1,974,chfdb/chf10,test
2,1,975,chfdb/chf10,test
2,1,976,chfdb/chf10,test
2,1,977,chfdb/chf10,test
2,1,978,chfdb/chf10,test
2,1,979,chfdb/chf10,test
2,1,990,chfdb/chf12,test
2,1,991,chfdb/chf12,test
2,1,992,chfdb/chf12,test
2,1,993,chfdb/chf12,test
2,1,994,chfdb/chf12,test
2,1,995,chfdb/chf12,test
2,1,996,chfdb/chf12,test
2,1,997,chfdb/chf12,test
2,1,998,chfdb/chf12,test
2,1,999,chfdb/chf12,test
2,1,1110,chfdb/chf08,test
2,1,1111,chfdb/chf08,test
2,1,1112,chfdb/chf08,test
2,1,1113,chfdb/chf08,test
2,1,1114,chfdb/chf08,test
2,1,1115,chfdb/chf08,test
2,1,1116,chfdb/chf08,test
2,1,1117,chfdb/chf08,test
2,1,1118,chfdb/chf08,test
2,1,1119,chfdb/chf08,test
2,1,1130,chfdb/chf10,test
2,1,1131,chfdb/chf10,test
2,1,1132,chfdb/chf10,test
2,1,1133,chfdb/chf10,test
2,1,1134,chfdb/chf10,test
2,1,1135,chfdb/chf10,test
2,1,1136,chfdb/chf10,test
2,1,1137,chfdb/chf10,test
2,1,1138,chfdb/chf10,test
2,1,1139,chfdb/chf10,test
2,1,1150,chfdb/chf12,test
2,1,1151,chfdb/chf12,test
2,1,1152,chfdb/chf12,test
2,1,1153,chfdb/chf12,test
2,1,1154,chfdb/chf12,test
2,1,1155,chfdb/chf12,test
2,1,1156,chfdb/chf12,test
2,1,1157,chfdb/chf12,test
2,1,1158,chfdb/chf12,test
2,1,1159,chfdb/chf12,test
2,1,1240,chfdb/chf08,test
2,1,1241,chfdb/chf08,test
2,1,1242,chfdb/chf08,test
2,1,1243,chfdb/chf08,test
2,1,1244,chfdb/chf08,test
2,1,1245,chfdb/chf08,test
2,1,1246,chfdb/chf08,test
2,1,1247,chfdb/chf08,test
2,1,1248,chfdb/chf08,test
2,1,1249,chfdb/chf08,test
2,1,1290,nsrdb/18177,test
2,1,1291,nsrdb/18177,test
2,1,1292,nsrdb/18177,test
2,1,1293,nsrdb/18177,test
2,1,1294,nsrdb/18177,test
2,1,1295,nsrdb/18177,test
2,1,1296,nsrdb/18177,test
2,1,1297,nsrdb/18177,test
2,1,1298,nsrdb/18177,test
2,1,1299,nsrdb/18177,test
2,1,1300,nsrdb/18184,test
2,1,1301,nsrdb/18184,test
2,1,1302,nsrdb/18184,test
2,1,1303,nsrdb/18184,test
2,1,1304,nsrdb/18184,test
2,1,1305,nsrdb/18184,test
2,1,1306,nsrdb/18184,test
2,1,1307,nsrdb/18184,test
2,1,1308,nsrdb/18184,test
2,1,1309,nsrdb/18184,test
2,1,1410,nsrdb/16483,test
2,1,1411,nsrdb/16483,test
2,1,1412,nsrdb/16483,test
2,1,1413,nsrdb/16483,test
2,1,1414,nsrdb/16483,test
2,1,1415,nsrdb/16483,test
2,1,1416,nsrdb/16483,test
2,1,1417,nsrdb/16483,test
2,1,1418,nsrdb/16483,test
2,1,1419,nsrdb/16483,test
2,1,1490,nsrdb/18177,test
2,1,1491,nsrdb/18177,test
2,1,1492,nsrdb/18177,test
2,1,1493,nsrdb/18177,test
2,1,1494,nsrdb/18177,test
2,1,1495,nsrdb/18177,test
2,1,1496,nsrdb/18177,test
2,1,1497,nsrdb/18177,test
2,1,1498,nsrdb/18177,test
2,1,1499,nsrdb/18177,test
2,1,1500,nsrdb/18184,test
2,1,1501,nsrdb/18184,test
2,1,1502,nsrdb/18184,test
2,1,1503,nsrdb/18184,test
2,1,1504,nsrdb/18184,test
2,1,1505,nsrdb/18184,test
2,1,1506,nsrdb/18184,test
2,1,1507,nsrdb/18184,test
2,1,1508,nsrdb/18184,test
2,1,1509,nsrdb/18184,test
2,1,1570,nsrdb/16483,test
2,1,1571,nsrdb/16483,test
2,1,1572,nsrdb/16483,test
2,1,1573,nsrdb/16483,test
2,1,1574,nsrdb/16483,test
2,1,1575,nsrdb/16483,test
2,1,1576,nsrdb/16483,test
2,1,1577,nsrdb/16483,test
2,1,1578,nsrdb/16483,test
2,1,1579,nsrdb/16483,test
2,2,20,mitdb/111,train
2,2,21,mitdb/111,train
2,2,22,mitdb/111,train
2,2,23,mitdb/111,train
2,2,24,mitdb/111,train
2,2,25,mitdb/111,train
2,2,26,mitdb/111,train
2,2,27,mitdb/111,train
2,2,28,mitdb/111,train
2,2,29,mitdb/111,train
2,2,60,mitdb/115,train
2,2,61,mitdb/115,train
2,2,62,mitdb/115,train
2,2,63,mitdb/115,train
2,2,64,mitdb/115,train
2,2,65,mitdb/115,train
2,2,66,mitdb/115,train
2,2,67,mitdb/115,train
2,2,68,mitdb/115,train
2,2,69,mitdb/115,train
2,2,90,mitdb/118,train
2,2,91,mitdb/118,train
2,2,92,mitdb/118,train
2,2,93,mitdb/118,train
2,2,94,mitdb/118,train
2,2,95,mitdb/118,train
2,2,96,mitdb/118,train
2,2,97,mitdb/118,train
2,2,98,mitdb/118,train
2,2,99,mitdb/118,train
2,2,120,mitdb/121,train
2,2,121,mitdb/121,train
2,2,122,mitdb/121,train
2,2,123,mitdb/121,train
2,2,124,mitdb/121,train
2,2,125,mitdb/121,train
2,2,126,mitdb/121,train
2,2,127,mitdb/121,train
2,2,128,mitdb/121,train
2,2,129,mitdb/121,train
2,2,130,mitdb/122,train
2,2,131,mitdb/122,train
2,2,132,mitdb/122,train
2,2,133,mitdb/122,train
2,2,134,mitdb/122,train
2,2,135,mitdb/122,train
2,2,136,mitdb/122,train
2,2,137,mitdb/122,train
2,2,138,mitdb/122,train
2,2,139,mitdb/122,train
2,2,140,mitdb/123,train
2,2,141,mitdb/123,train
2,2,142,mitdb/123,train
2,2,143,mitdb/123,train
2,2,144,mitdb/123,train
2,2,145,mitdb/123,train
2,2,146,mitdb/123,train
2,2,147,mitdb/123,train
2,2,148,mitdb/123,train
2,2,149,mitdb/123,train
2,2,160,mitdb/200,train
2,2,161,mitdb/200,train
2,2,162,mitdb/200,train
2,2,163,mitdb/200,train
2,2,164,mitdb/200,train
2,2,165,mitdb/200,train
2,2,166,mitdb/200,train
2,2,167,mitdb/200,train
2,2,168,mitdb/200,train
2,2,169,mitdb/200,train
2,2,170,mitdb/201-202,train
2,2,171,mitdb/201-202,train
2,2,172,mitdb/201-202,train
2,2,173,mitdb/201-202,train
2,2,174,mitdb/201-202,train
2,2,175,mitdb/201-202,train
2,2,176,mitdb/201-202,train
2,2,177,mitdb/201-202,train
2,2,178,mitdb/201-202,train
2,2,179,mitdb/201-202,train
2,2,180,mitdb/201-202,train
2,2,181,mitdb/201-202,train
2,2,182,mitdb/201-202,train
2,2,183,mitdb/201-202,train
2,2,184,mitdb/201-202,train
2,2,185,mitdb/201-202,train
2,2,186,mitdb/201-202,train
2,2,187,mitdb/201-202,train
2,2,188,mitdb/201-202,train
2,2,189,mitdb/201-202,train
2,2,200,mitdb/205,train
2,2,201,mitdb/205,train
2,2,202,mitdb/205,train
2,2,203,mitdb/205,train
2,2,204,mitdb/205,train
2,2,205,mitdb/205,train
2,2,206,mitdb/205,train
2,2,207,mitdb/205,train
2,2,208,mitdb/205,train
2,2,209,mitdb/205,train
2,2,220,mitdb/102,train
2,2,221,mitdb/102,train
2,2,222,mitdb/102,train
2,2,223,mitdb/102,train
2,2,224,mitdb/102,train
2,2,225,mitdb/102,train
2,2,226,mitdb/102,train
2,2,227,mitdb/102,train
2,2,228,mitdb/102,train
2,2,229,mitdb/102,train
2,2,230,mitdb/208,train
2,2,231,mitdb/208,train
2,2,232,mitdb/208,train
2,2,233,mitdb/208,train
2,2,234,mitdb/208,train
2,2,235,mitdb/208,train
2,2,236,mitdb/208,train
2,2,237,mitdb/208,train
2,2,238,mitdb/208,train
2,2,239,mitdb/208,train
2,2,240,mitdb/209,train
2,2,241,mitdb/209,train
2,2,242,mitdb/209,train
2,2,243,mitdb/209,train
2,2,244,mitdb/209,train
2,2,245,mitdb/209,train
2,2,246,mitdb/209,train
2,2,247,mitdb/209,train
2,2,248,mitdb/209,train
2,2,249,mitdb/209,train
2,2,270,mitdb/213,train
2,2,271,mitdb/213,train
2,2,272,mitdb/213,train
2,2,273,mitdb/213,train
2,2,274,mitdb/213,train
2,2,275,mitdb/213,train
2,2,276,mitdb/213,train
2,2,277,mitdb/213,train
2,2,278,mitdb/213,train
2,2,279,mitdb/213,train
2,2,280,mitdb/214,train
2,2,281,mitdb/214,train
2,2,282,mitdb/214,train
2,2,283,mitdb/214,train
2,2,284,mitdb/214,train
2,2,285,mitdb/214,train
2,2,286,mitdb/214,train
2,2,287,mitdb/214,train
2,2,288,mitdb/214,train
2,2,289,mitdb/214,train
2,2,290,mitdb/215,train
2,2,291,mitdb/215,train
2,2,292,mitdb/215,train
2,2,293,mitdb/215,train
2,2,294,mitdb/215,train
2,2,295,mitdb/215,train
2,2,296,mitdb/215,train
2,2,297,mitdb/215,train
2,2,298,mitdb/215,train
2,2,299,mitdb/215,train
2,2,320,mitdb/220,train
2,2,321,mitdb/220,train
2,2,322,mitdb/220,train
2,2,323,mitdb/220,train
2,2,324,mitdb/220,train
2,2,325,mitdb/220,train
2,2,326,mitdb/220,train
2,2,327,mitdb/220,train
2,2,328,mitdb/220,train
2,2,329,mitdb/220,train
2,2,340,mitdb/221,train
2,2,341,mitdb/221,train
2,2,342,mitdb/221,train
2,2,343,mitdb/221,train
2,2,344,mitdb/221,train
2,2,345,mitdb/221,train
2,2,346,mitdb/221,train
2,2,347,mitdb/221,train
2,2,348,mitdb/221,train
2,2,349,mitdb/221,train
2,2,380,mitdb/230,train
2,2,381,mitdb/230,train
2,2,382,mitdb/230,train
2,2,383,mitdb/230,train
2,2,384,mitdb/230,train
2,2,385,mitdb/230,train
2,2,386,mitdb/230,train
2,2,387,mitdb/230,train
2,2,388,mitdb/230,train
2,2,389,mitdb/230,train
2,2,390,mitdb/231,train
2,2,391,mitdb/231,train
2,2,392,mitdb/231,train
2,2,393,mitdb/231,train
2,2,394,mitdb/231,train
2,2,395,mitdb/231,train
2,2,396,mitdb/231,train
2,2,397,mitdb/231,train
2,2,398,mitdb/231,train
2,2,399,mitdb/231,train
2,2,400,mitdb/232,train
2,2,401,mitdb/232,train
2,2,402,mitdb/232,train
2,2,403,mitdb/232,train
2,2,404,mitdb/232,train
2,2,405,mitdb/232,train
2,2,406,mitdb/232,train
2,2,407,mitdb/232,train
2,2,408,mitdb/232,train
2,2,409,mitdb/232,train
2,2,420,mitdb/234,train
2,2,421,mitdb/234,train
2,2,422,mitdb/234,train
2,2,423,mitdb/234,train
2,2,424,mitdb/234,train
2,2,425,mitdb/234,train
2,2,426,mitdb/234,train
2,2,427,mitdb/234,train
2,2,428,mitdb/234,train
2,2,429,mitdb/234,train
2,2,440,mitdb/104,train
2,2,441,mitdb/104,train
2,2,442,mitdb/104,train
2,2,443,mitdb/104,train
2,2,444,mitdb/104,train
2,2,445,mitdb/104,train
2,2,446,mitdb/104,train
2,2,447,mitdb/104,train
2,2,448,mitdb/104,train
2,2,449,mitdb/104,train
2,2,460,mitdb/102,train
2,2,461,mitdb/102,train
2,2,462,mitdb/102,train
2,2,463,mitdb/102,train
2,2,464,mitdb/102,train
2,2,465,mitdb/102,train
2,2,466,mitdb/102,train
2,2,467,mitdb/102,train
2,2,468,mitdb/102,train
2,2,469,mitdb/102,train
2,2,480,mitdb/104,train
2,2,481,mitdb/104,train
2,2,482,mitdb/104,train
2,2,483,mitdb/104,train
2,2,484,mitdb/104,train
2,2,485,mitdb/104,train
2,2,486,mitdb/104,train
2,2,487,mitdb/104,train
2,2,488,mitdb/104,train
2,2,489,mitdb/104,train
2,2,490,mitdb/105,train
2,2,491,mitdb/105,train
2,2,492,mitdb/105,train
2,2,493,mitdb/105,train
2,2,494,mitdb/105,train
2,2,495,mitdb/105,train
2,2,496,mitdb/105,train
2,2,497,mitdb/105,train
2,2,498,mitdb/105,train
2,2,499,mitdb/105,train
2,2,510,mitdb/107,train
2,2,511,mitdb/107,train
2,2,512,mitdb/107,train
2,2,513,mitdb/107,train
2,2,514,mitdb/107,train
2,2,515,mitdb/107,train
2,2,516,mitdb/107,train
2,2,517,mitdb/107,train
2,2,518,mitdb/107,train
2,2,519,mitdb/107,train
2,2,540,mitdb/111,train
2,2,541,mitdb/111,train
2,2,542,mitdb/111,train
2,2,543,mitdb/111,train
2,2,544,mitdb/111,train
2,2,545,mitdb/111,train
2,2,546,mitdb/111,train
2,2,547,mitdb/111,train
2,2,548,mitdb/111,train
2,2,549,mitdb/111,train
2,2,550,mitdb/105,train
2,2,551,mitdb/105,train
2,2,552,mitdb/105,train
2,2,553,mitdb/105,train
2,2,554,mitdb/105,train
2,2,555,mitdb/105,train
2,2,556,mitdb/105,train
2,2,557,mitdb/105,train
2,2,558,mitdb/105,train
2,2,559,mitdb/105,train
2,2,590,mitdb/115,train
2,2,591,mitdb/115,train
2,2,592,mitdb/115,train
2,2,593,mitdb/115,train
2,2,594,mitdb/115,train
2,2,595,mitdb/115,train
2,2,596,mitdb/115,train
2,2,597,mitdb/115,train
2,2,598,mitdb/115,train
2,2,599,mitdb/115,train
2,2,620,mitdb/118,train
2,2,621,mitdb/118,train
2,2,622,mitdb/118,train
2,2,623,mitdb/118,train
2,2,624,mitdb/118,train
2,2,625,mitdb/118,train
2,2,626,mitdb/118,train
2,2,627,mitdb/118,train
2,2,628,mitdb/118,train
2,2,629,mitdb/118,train
2,2,640,mitdb/121,train
2,2,641,mitdb/121,train
2,2,642,mitdb/121,train
2,2,643,mitdb/121,train
2,2,644,mitdb/121,train
2,2,645,mitdb/121,train
2,2,646,mitdb/121,train
2,2,647,mitdb/121,train
2,2,648,mitdb/121,train
2,2,649,mitdb/121,train
2,2,650,mitdb/122,train
2,2,651,mitdb/122,train
2,2,652,mitdb/122,train
2,2,653,mitdb/122,train
2,2,654,mitdb/122,train
2,2,655,mitdb/122,train
2,2,656,mitdb/122,train
2,2,657,mitdb/122,train
2,2,658,mitdb/122,train
2,2,659,mitdb/122,train
2,2,670,mitdb/123,train
2,2,671,mitdb/123,train
2,2,672,mitdb/123,train
2,2,673,mitdb/123,train
2,2,674,mitdb/123,train
2,2,675,mitdb/123,train
2,2,676,mitdb/123,train
2,2,677,mitdb/123,train
2,2,678,mitdb/123,train
2,2,679,mitdb/123,train
2,2,690,mitdb/200,train
2,2,691,mitdb/200,train
2,2,692,mitdb/200,train
2,2,693,mitdb/200,train
2,2,694,mitdb/200,train
2,2,695,mitdb/200,train
2,2,696,mitdb/200,train
2,2,697,mitdb/200,train
2,2,698,mitdb/200,train
2,2,699,mitdb/200,train
2,2,700,mitdb/201-202,train
2,2,701,mitdb/201-202,train
2,2,702,mitdb/201-202,train
2,2,703,mitdb/201-202,train
2,2,704,mitdb/201-202,train
2,2,705,mitdb/201-202,train
2,2,706,mitdb/201-202,train
2,2,707,mitdb/201-202,train
2,2,708,mitdb/201-202,train
2,2,709,mitdb/201-202,train
2,2,710,mitdb/201-202,train
2,2,711,mitdb/201-202,train
2,2,712,mitdb/201-202,train
2,2,713,mitdb/201-202,train
2,2,714,mitdb/201-202,train
2,2,715,mitdb/201-202,train
2,2,716,mitdb/201-202,train
2,2,717,mitdb/201-202,train
2,2,718,mitdb/201-202,train
2,2,719,mitdb/201-202,train
2,2,730,mitdb/205,train
2,2,731,mitdb/205,train
2,2,732,mitdb/205,train
2,2,733,mitdb/205,train
2,2,734,mitdb/205,train
2,2,735,mitdb/205,train
2,2,736,mitdb/205,train
2,2,737,mitdb/205,train
2,2,738,mitdb/205,train
2,2,739,mitdb/205,train
2,2,750,mitdb/208,train
2,2,751,mitdb/208,train
2,2,752,mitdb/208,train
2,2,753,mitdb/208,train
2,2,754,mitdb/208,train
2,2,755,mitdb/208,train
2,2,756,mitdb/208,train
2,2,757,mitdb/208,train
2,2,758,mitdb/208,train
2,2,759,mitdb/208,train
2,2,760,mitdb/209,train
2,2,761,mitdb/209,train
2,2,762,mitdb/209,train
2,2,763,mitdb/209,train
2,2,764,mitdb/209,train
2,2,765,mitdb/209,train
2,2,766,mitdb/209,train
2,2,767,mitdb/209,train
2,2,768,mitdb/209,train
2,2,769,mitdb/209,train
2,2,770,mitdb/107,train
2,2,771,mitdb/107,train
2,2,772,mitdb/107,train
2,2,773,mitdb/107,train
2,2,774,mitdb/107,train
2,2,775,mitdb/107,train
2,2,776,mitdb/107,train
2,2,777,mitdb/107,train
2,2,778,mitdb/107,train
2,2,779,mitdb/107,train
2,2,800,mitdb/213,train
2,2,801,mitdb/213,train
2,2,802,mitdb/213,train
2,2,803,mitdb/213,train
2,2,804,mitdb/213,train
2,2,805,mitdb/213,train
2,2,806,mitdb/213,train
2,2,807,mitdb/213,train
2,2,808,mitdb/213,train
2,2,809,mitdb/213,train
2,2,810,mitdb/214,train
2,2,811,mitdb/214,train
2,2,812,mitdb/214,train
2,2,813,mitdb/214,train
2,2,814,mitdb/214,train
2,2,815,mitdb/214,train
2,2,816,mitdb/214,train
2,2,817,mitdb/214,train
2,2,818,mitdb/214,train
2,2,819,mitdb/214,train
2,2,820,mitdb/215,train
2,2,821,mitdb/215,train
2,2,822,mitdb/215,train
2,2,823,mitdb/215,train
2,2,824,mitdb/215,train
2,2,825,mitdb/215,train
2,2,826,mitdb/215,train
2,2,827,mitdb/215,train
2,2,828,mitdb/215,train
2,2,829,mitdb/215,train
2,2,850,mitdb/220,train
2,2,851,mitdb/220,train
2,2,852,mitdb/220,train
2,2,853,mitdb/220,train
2,2,854,mitdb/220,train
2,2,855,mitdb/220,train
2,2,856,mitdb/220,train
2,2,857,mitdb/220,train
2,2,858,mitdb/220,train
2,2,859,mitdb/220,train
2,2,860,mitdb/221,train
2,2,861,mitdb/221,train
2,2,862,mitdb/221,train
2,2,863,mitdb/221,train
2,2,864,mitdb/221,train
2,2,865,mitdb/221,train
2,2,866,mitdb/221,train
2,2,867,mitdb/221,train
2,2,868,mitdb/221,train
2,2,869,mitdb/221,train
2,2,910,mitdb/230,train
2,2,911,mitdb/230,train
2,2,912,mitdb/230,train
2,2,913,mitdb/230,train
2,2,914,mitdb/230,train
2,2,915,mitdb/230,train
2,2,916,mitdb/230,train
2,2,917,mitdb/230,train
2,2,918,mitdb/230,train
2,2,919,mitdb/230,train
2,2,920,mitdb/231,train
2,2,921,mitdb/231,train
2,2,922,mitdb/231,train
2,2,923,mitdb/231,train
2,2,924,mitdb/231,train
2,2,925,mitdb/231,train
2,2,926,mitdb/231,train
2,2,927,mitdb/231,train
2,2,928,mitdb/231,train
2,2,929,mitdb/231,train
2,2,930,mitdb/232,train
2,2,931,mitdb/232,train
2,2,932,mitdb/232,train
2,2,933,mitdb/232,train
2,2,934,mitdb/232,train
2,2,935,mitdb/232,train
2,2,936,mitdb/232,train
2,2,937,mitdb/232,train
2,2,938,mitdb/232,train
2,2,939,mitdb/232,train
2,2,950,mitdb/234,train
2,2,951,mitdb/234,train
2,2,952,mitdb/234,train
2,2,953,mitdb/234,train
2,2,954,mitdb/234,train
2,2,955,mitdb/234,train
2,2,956,mitdb/234,train
2,2,957,mitdb/234,train
2,2,958,mitdb/234,train
2,2,959,mitdb/234,train
2,2,960,chfdb/chf01,train
2,2,961,chfdb/chf01,train
2,2,962,chfdb/chf01,train
2,2,963,chfdb/chf01,train
2,2,964,chfdb/chf01,train
2,2,965,chfdb/chf01,train
2,2,966,chfdb/chf01,train
2,2,967,chfdb/chf01,train
2,2,968,chfdb/chf01,train
2,2,969,chfdb/chf01,train
2,2,980,chfdb/chf11,train
2,2,981,chfdb/chf11,train
2,2,982,chfdb/chf11,train
2,2,983,chfdb/chf11,train
2,2,984,chfdb/chf11,train
2,2,985,chfdb/chf11,train
2,2,986,chfdb/chf11,train
2,2,987,chfdb/chf11,train
2,2,988,chfdb/chf11,train
2,2,989,chfdb/chf11,train
2,2,1010,chfdb/chf14,train
2,2,1011,chfdb/chf14,train
2,2,1012,chfdb/chf14,train
2,2,1013,chfdb/chf14,train
2,2,1014,chfdb/chf14,train
2,2,1015,chfdb/chf14,train
2,2,1016,chfdb/chf14,train
2,2,1017,chfdb/chf14,train
2,2,1018,chfdb/chf14,train
2,2,1019,chfdb/chf14,train
2,2,1020,chfdb/chf15,train
2,2,1021,chfdb/chf15,train
2,2,1022,chfdb/chf15,train
2,2,1023,chfdb/chf15,train
2,2,1024,chfdb/chf15,train
2,2,1025,chfdb/chf15,train
2,2,1026,chfdb/chf15,train
2,2,1027,chfdb/chf15,train
2,2,1028,chfdb/chf15,train
2,2,1029,chfdb/chf15,train
2,2,1030,chfdb/chf01,train
2,2,1031,chfdb/chf01,train
2,2,1032,chfdb/chf01,train
2,2,1033,chfdb/chf01,train
2,2,1034,chfdb/chf01,train
2,2,1035,chfdb/chf01,train
2,2,1036,chfdb/chf01,train
2,2,1037,chfdb/chf01,train
2,2,1038,chfdb/chf01,train
2,2,1039,chfdb/chf01,train
2,2,1040,chfdb/chf02,train
2,2,1041,chfdb/chf02,train
2,2,1042,chfdb/chf02,train
2,2,1043,chfdb/chf02,train
2,2,1044,chfdb/chf02,train
2,2,1045,chfdb/chf02,train
2,2,1046,chfdb/chf02,train
2,2,1047,chfdb/chf02,train
2,2,1048,chfdb/chf02,train
2,2,1049,chfdb/chf02,train
2,2,1050,chfdb/chf03,train
2,2,1051,chfdb/chf03,train
2,2,1052,chfdb/chf03,train
2,2,1053,chfdb/chf03,train
2,2,1054,chfdb/chf03,train
2,2,1055,chfdb/chf03,train
2,2,1056,chfdb/chf03,train
2,2,1057,chfdb/chf03,train
2,2,1058,chfdb/chf03,train
2,2,1059,chfdb/chf03,train
2,2,1060,chfdb/chf04,train
2,2,1061,chfdb/chf04,train
2,2,1062,chfdb/chf04,train
2,2,1063,chfdb/chf04,train
2,2,1064,chfdb/chf04,train
2,2,1065,chfdb/chf04,train
2,2,1066,chfdb/chf04,train
2,2,1067,chfdb/chf04,train
2,2,1068,chfdb/chf04,train
2,2,1069,chfdb/chf04,train
2,2,1070,chfdb/chf02,train
2,2,1071,chfdb/chf02,train
2,2,1072,chfdb/chf02,train
2,2,1073,chfdb/chf02,train
2,2,1074,chfdb/chf02,train
2,2,1075,chfdb/chf02,train
2,2,1076,chfdb/chf02,train
2,2,1077,chfdb/chf02,train
2,2,1078,chfdb/chf02,train
2,2,1079,chfdb/chf02,train
2,2,1080,chfdb/chf05,train
2,2,1081,chfdb/chf05,train
2,2,1082,chfdb/chf05,train
2,2,1083,chfdb/chf05,train
2,2,1084,chfdb/chf05,train
2,2,1085,chfdb/chf05,train
2,2,1086,chfdb/chf05,train
2,2,1087,chfdb/chf05,train
2,2,1088,chfdb/chf05,train
2,2,1089,chfdb/chf05,train
2,2,1140,chfdb/chf11,train
2,2,1141,chfdb/chf11,train
2,2,1142,chfdb/chf11,train
2,2,1143,chfdb/chf11,train
2,2,1144,chfdb/chf11,train
2,2,1145,chfdb/chf11,train
2,2,1146,chfdb/chf11,train
2,2,1147,chfdb/chf11,train
2,2,1148,chfdb/chf11,train
2,2,1149,chfdb/chf11,train
2,2,1170,chfdb/chf14,train
2,2,1171,chfdb/chf14,train
2,2,1172,chfdb/chf14,train
2,2,1173,chfdb/chf14,train
2,2,1174,chfdb/chf14,train
2,2,1175,chfdb/chf14,train
2,2,1176,chfdb/chf14,train
2,2,1177,chfdb/chf14,train
2,2,1178,chfdb/chf14,train
2,2,1179,chfdb/chf14,train
2,2,1180,chfdb/chf03,train
2,2,1181,chfdb/chf03,train
2,2,1182,chfdb/chf03,train
2,2,1183,chfdb/chf03,train
2,2,1184,chfdb/chf03,train
2,2,1185,chfdb/chf03,train
2,2,1186,chfdb/chf03,train
2,2,1187,chfdb/chf03,train
2,2,1188,chfdb/chf03,train
2,2,1189,chfdb/chf03,train
2,2,1190,chfdb/chf15,train
2,2,1191,chfdb/chf15,train
2,2,1192,chfdb/chf15,train
2,2,1193,chfdb/chf15,train
2,2,1194,chfdb/chf15,train
2,2,1195,chfdb/chf15,train
2,2,1196,chfdb/chf15,train
2,2,1197,chfdb/chf15,train
2,2,1198,chfdb/chf15,train
2,2,1199,chfdb/chf15,train
2,2,1200,chfdb/chf04,train
2,2,1201,chfdb/chf04,train
2,2,1202,chfdb/chf04,train
2,2,1203,chfdb/chf04,train
2,2,1204,chfdb/chf04,train
2,2,1205,chfdb/chf04,train
2,2,1206,chfdb/chf04,train
2,2,1207,chfdb/chf04,train
2,2,1208,chfdb/chf04,train
2,2,1209,chfdb/chf04,train
2,2,1210,chfdb/chf05,train
2,2,1211,chfdb/chf05,train
2,2,1212,chfdb/chf05,train
2,2,1213,chfdb/chf05,train
2,2,1214,chfdb/chf05,train
2,2,1215,chfdb/chf05,train
2,2,1216,chfdb/chf05,train
2,2,1217,chfdb/chf05,train
2,2,1218,chfdb/chf05,train
2,2,1219,chfdb/chf05,train
2,2,1260,nsrdb/16265,train
2,2,1261,nsrdb/16265,train
2,2,1262,nsrdb/16265,train
2,2,1263,nsrdb/16265,train
2,2,1264,nsrdb/16265,train
2,2,1265,nsrdb/16265,train
2,2,1266,nsrdb/16265,train
2,2,1267,nsrdb/16265,train
2,2,1268,nsrdb/16265,train
2,2,1269,nsrdb/16265,train
2,2,1270,nsrdb/17052,train
2,2,1271,nsrdb/17052,train
2,2,1272,nsrdb/17052,train
2,2,1273,nsrdb/17052,train
2,2,1274,nsrdb/17052,train
2,2,1275,nsrdb/17052,train
2,2,1276,nsrdb/17052,train
2,2,1277,nsrdb/17052,train
2,2,1278,nsrdb/17052,train
2,2,1279,nsrdb/17052,train
2,2,1310,nsrdb/19088,train
2,2,1311,nsrdb/19088,train
2,2,1312,nsrdb/19088,train
2,2,1313,nsrdb/19088,train
2,2,1314,nsrdb/19088,train
2,2,1315,nsrdb/19088,train
2,2,1316,nsrdb/19088,train
2,2,1317,nsrdb/19088,train
2,2,1318,nsrdb/19088,train
2,2,1319,nsrdb/19088,train
2,2,1320,nsrdb/19090,train
2,2,1321,nsrdb/19090,train
2,2,1322,nsrdb/19090,train
2,2,1323,nsrdb/19090,train
2,2,1324,nsrdb/19090,train
2,2,1325,nsrdb/19090,train
2,2,1326,nsrdb/19090,train
2,2,1327,nsrdb/19090,train
2,2,1328,nsrdb/19090,train
2,2,1329,nsrdb/19090,train
2,2,1330,nsrdb/19093,train
2,2,1331,nsrdb/19093,train
2,2,1332,nsrdb/19093,train
2,2,1333,nsrdb/19093,train
2,2,1334,nsrdb/19093,train
2,2,1335,nsrdb/19093,train
2,2,1336,nsrdb/19093,train
2,2,1337,nsrdb/19093,train
2,2,1338,nsrdb/19093,train
2,2,1339,nsrdb/19093,train
2,2,1350,nsrdb/19830,train
2,2,1351,nsrdb/19830,train
2,2,1352,nsrdb/19830,train
2,2,1353,nsrdb/19830,train
2,2,1354,nsrdb/19830,train
2,2,1355,nsrdb/19830,train
2,2,1356,nsrdb/19830,train
2,2,1357,nsrdb/19830,train
2,2,1358,nsrdb/19830,train
2,2,1359,nsrdb/19830,train
2,2,1360,nsrdb/16265,train
2,2,1361,nsrdb/16265,train
2,2,1362,nsrdb/16265,train
2,2,1363,nsrdb/16265,train
2,2,1364,nsrdb/16265,train
2,2,1365,nsrdb/16265,train
2,2,1366,nsrdb/16265,train
2,2,1367,nsrdb/16265,train
2,2,1368,nsrdb/16265,train
2,2,1369,nsrdb/16265,train
2,2,1370,nsrdb/16272,train
2,2,1371,nsrdb/16272,train
2,2,1372,nsrdb/16272,train
2,2,1373,nsrdb/16272,train
2,2,1374,nsrdb/16272,train
2,2,1375,nsrdb/16272,train
2,2,1376,nsrdb/16272,train
2,2,1377,nsrdb/16272,train
2,2,1378,nsrdb/16272,train
2,2,1379,nsrdb/16272,train
2,2,1380,nsrdb/16272,train
2,2,1381,nsrdb/16272,train
2,2,1382,nsrdb/16272,train
2,2,1383,nsrdb/16272,train
2,2,1384,nsrdb/16272,train
2,2,1385,nsrdb/16272,train
2,2,1386,nsrdb/16272,train
2,2,1387,nsrdb/16272,train
2,2,1388,nsrdb/16272,train
2,2,1389,nsrdb/16272,train
2,2,1400,nsrdb/16420,train
2,2,1401,nsrdb/16420,train
2,2,1402,nsrdb/16420,train
2,2,1403,nsrdb/16420,train
2,2,1404,nsrdb/16420,train
2,2,1405,nsrdb/16420,train
2,2,1406,nsrdb/16420,train
2,2,1407,nsrdb/16420,train
2,2,1408,nsrdb/16420,train
2,2,1409,nsrdb/16420,train
2,2,1420,nsrdb/16539,train
2,2,1421,nsrdb/16539,train
2,2,1422,nsrdb/16539,train
2,2,1423,nsrdb/16539,train
2,2,1424,nsrdb/16539,train
2,2,1425,nsrdb/16539,train
2,2,1426,nsrdb/16539,train
2,2,1427,nsrdb/16539,train
2,2,1428,nsrdb/16539,train
2,2,1429,nsrdb/16539,train
2,2,1430,nsrdb/16773,train
2,2,1431,nsrdb/16773,train
2,2,1432,nsrdb/16773,train
2,2,1433,nsrdb/16773,train
2,2,1434,nsrdb/16773,train
2,2,1435,nsrdb/16773,train
2,2,1436,nsrdb/16773,train
2,2,1437,nsrdb/16773,train
2,2,1438,nsrdb/16773,train
2,2,1439,nsrdb/16773,train
2,2,1460,nsrdb/17052,train
2,2,1461,nsrdb/17052,train
2,2,1462,nsrdb/17052,train
2,2,1463,nsrdb/17052,train
2,2,1464,nsrdb/17052,train
2,2,1465,nsrdb/17052,train
2,2,1466,nsrdb/17052,train
2,2,1467,nsrdb/17052,train
2,2,1468,nsrdb/17052,train
2,2,1469,nsrdb/17052,train
2,2,1510,nsrdb/19088,train
2,2,1511,nsrdb/19088,train
2,2,1512,nsrdb/19088,train
2,2,1513,nsrdb/19088,train
2,2,1514,nsrdb/19088,train
2,2,1515,nsrdb/19088,train
2,2,1516,nsrdb/19088,train
2,2,1517,nsrdb/19088,train
2,2,1518,nsrdb/19088,train
2,2,1519,nsrdb/19088,train
2,2,1520,nsrdb/19090,train
2,2,1521,nsrdb/19090,train
2,2,1522,nsrdb/19090,train
2,2,1523,nsrdb/19090,train
2,2,1524,nsrdb/19090,train
2,2,1525,nsrdb/19090,train
2,2,1526,nsrdb/19090,train
2,2,1527,nsrdb/19090,train
2,2,1528,nsrdb/19090,train
2,2,1529,nsrdb/19090,train
2,2,1530,nsrdb/19093,train
2,2,1531,nsrdb/19093,train
2,2,1532,nsrdb/19093,train
2,2,1533,nsrdb/19093,train
2,2,1534,nsrdb/19093,train
2,2,1535,nsrdb/19093,train
2,2,1536,nsrdb/19093,train
2,2,1537,nsrdb/19093,train
2,2,1538,nsrdb/19093,train
2,2,1539,nsrdb/19093,train
2,2,1550,nsrdb/19830,train
2,2,1551,nsrdb/19830,train
2,2,1552,nsrdb/19830,train
2,2,1553,nsrdb/19830,train
2,2,1554,nsrdb/19830,train
2,2,1555,nsrdb/19830,train
2,2,1556,nsrdb/19830,train
2,2,1557,nsrdb/19830,train
2,2,1558,nsrdb/19830,train
2,2,1559,nsrdb/19830,train
2,2,1560,nsrdb/16420,train
2,2,1561,nsrdb/16420,train
2,2,1562,nsrdb/16420,train
2,2,1563,nsrdb/16420,train
2,2,1564,nsrdb/16420,train
2,2,1565,nsrdb/16420,train
2,2,1566,nsrdb/16420,train
2,2,1567,nsrdb/16420,train
2,2,1568,nsrdb/16420,train
2,2,1569,nsrdb/16420,train
2,2,1580,nsrdb/16539,train
2,2,1581,nsrdb/16539,train
2,2,1582,nsrdb/16539,train
2,2,1583,nsrdb/16539,train
2,2,1584,nsrdb/16539,train
2,2,1585,nsrdb/16539,train
2,2,1586,nsrdb/16539,train
2,2,1587,nsrdb/16539,train
2,2,1588,nsrdb/16539,train
2,2,1589,nsrdb/16539,train
2,2,1590,nsrdb/16773,train
2,2,1591,nsrdb/16773,train
2,2,1592,nsrdb/16773,train
2,2,1593,nsrdb/16773,train
2,2,1594,nsrdb/16773,train
2,2,1595,nsrdb/16773,train
2,2,1596,nsrdb/16773,train
2,2,1597,nsrdb/16773,train
2,2,1598,nsrdb/16773,train
2,2,1599,nsrdb/16773,train
2,2,30,mitdb/112,validation
2,2,31,mitdb/112,validation
2,2,32,mitdb/112,validation
2,2,33,mitdb/112,validation
2,2,34,mitdb/112,validation
2,2,35,mitdb/112,validation
2,2,36,mitdb/112,validation
2,2,37,mitdb/112,validation
2,2,38,mitdb/112,validation
2,2,39,mitdb/112,validation
2,2,50,mitdb/114,validation
2,2,51,mitdb/114,validation
2,2,52,mitdb/114,validation
2,2,53,mitdb/114,validation
2,2,54,mitdb/114,validation
2,2,55,mitdb/114,validation
2,2,56,mitdb/114,validation
2,2,57,mitdb/114,validation
2,2,58,mitdb/114,validation
2,2,59,mitdb/114,validation
2,2,70,mitdb/116,validation
2,2,71,mitdb/116,validation
2,2,72,mitdb/116,validation
2,2,73,mitdb/116,validation
2,2,74,mitdb/116,validation
2,2,75,mitdb/116,validation
2,2,76,mitdb/116,validation
2,2,77,mitdb/116,validation
2,2,78,mitdb/116,validation
2,2,79,mitdb/116,validation
2,2,100,mitdb/119,validation
2,2,101,mitdb/119,validation
2,2,102,mitdb/119,validation
2,2,103,mitdb/119,validation
2,2,104,mitdb/119,validation
2,2,105,mitdb/119,validation
2,2,106,mitdb/119,validation
2,2,107,mitdb/119,validation
2,2,108,mitdb/119,validation
2,2,109,mitdb/119,validation
2,2,110,mitdb/101,validation
2,2,111,mitdb/101,validation
2,2,112,mitdb/101,validation
2,2,113,mitdb/101,validation
2,2,114,mitdb/101,validation
2,2,115,mitdb/101,validation
2,2,116,mitdb/101,validation
2,2,117,mitdb/101,validation
2,2,118,mitdb/101,validation
2,2,119,mitdb/101,validation
2,2,250,mitdb/210,validation
2,2,251,mitdb/210,validation
2,2,252,mitdb/210,validation
2,2,253,mitdb/210,validation
2,2,254,mitdb/210,validation
2,2,255,mitdb/210,validation
2,2,256,mitdb/210,validation
2,2,257,mitdb/210,validation
2,2,258,mitdb/210,validation
2,2,259,mitdb/210,validation
2,2,260,mitdb/212,validation
2,2,261,mitdb/212,validation
2,2,262,mitdb/212,validation
2,2,263,mitdb/212,validation
2,2,264,mitdb/212,validation
2,2,265,mitdb/212,validation
2,2,266,mitdb/212,validation
2,2,267,mitdb/212,validation
2,2,268,mitdb/212,validation
2,2,269,mitdb/212,validation
2,2,300,mitdb/217,validation
2,2,301,mitdb/217,validation
2,2,302,mitdb/217,validation
2,2,303,mitdb/217,validation
2,2,304,mitdb/217,validation
2,2,305,mitdb/217,validation
2,2,306,mitdb/217,validation
2,2,307,mitdb/217,validation
2,2,308,mitdb/217,validation
2,2,309,mitdb/217,validation
2,2,310,mitdb/219,validation
2,2,311,mitdb/219,validation
2,2,312,mitdb/219,validation
2,2,313,mitdb/219,validation
2,2,314,mitdb/219,validation
2,2,315,mitdb/219,validation
2,2,316,mitdb/219,validation
2,2,317,mitdb/219,validation
2,2,318,mitdb/219,validation
2,2,319,mitdb/219,validation
2,2,330,mitdb/103,validation
2,2,331,mitdb/103,validation
2,2,332,mitdb/103,validation
2,2,333,mitdb/103,validation
2,2,334,mitdb/103,validation
2,2,335,mitdb/103,validation
2,2,336,mitdb/103,validation
2,2,337,mitdb/103,validation
2,2,338,mitdb/103,validation
2,2,339,mitdb/103,validation
2,2,360,mitdb/223,validation
2,2,361,mitdb/223,validation
2,2,362,mitdb/223,validation
2,2,363,mitdb/223,validation
2,2,364,mitdb/223,validation
2,2,365,mitdb/223,validation
2,2,366,mitdb/223,validation
2,2,367,mitdb/223,validation
2,2,368,mitdb/223,validation
2,2,369,mitdb/223,validation
2,2,370,mitdb/228,validation
2,2,371,mitdb/228,validation
2,2,372,mitdb/228,validation
2,2,373,mitdb/228,validation
2,2,374,mitdb/228,validation
2,2,375,mitdb/228,validation
2,2,376,mitdb/228,validation
2,2,377,mitdb/228,validation
2,2,378,mitdb/228,validation
2,2,379,mitdb/228,validation
2,2,450,mitdb/101,validation
2,2,451,mitdb/101,validation
2,2,452,mitdb/101,validation
2,2,453,mitdb/101,validation
2,2,454,mitdb/101,validation
2,2,455,mitdb/101,validation
2,2,456,mitdb/101,validation
2,2,457,mitdb/101,validation
2,2,458,mitdb/101,validation
2,2,459,mitdb/101,validation
2,2,470,mitdb/103,validation
2,2,471,mitdb/103,validation
2,2,472,mitdb/103,validation
2,2,473,mitdb/103,validation
2,2,474,mitdb/103,validation
2,2,475,mitdb/103,validation
2,2,476,mitdb/103,validation
2,2,477,mitdb/103,validation
2,2,478,mitdb/103,validation
2,2,479,mitdb/103,validation
2,2,520,mitdb/108,validation
2,2,521,mitdb/108,validation
2,2,522,mitdb/108,validation
2,2,523,mitdb/108,validation
2,2,524,mitdb/108,validation
2,2,525,mitdb/108,validation
2,2,526,mitdb/108,validation
2,2,527,mitdb/108,validation
2,2,528,mitdb/108,validation
2,2,529,mitdb/108,validation
2,2,560,mitdb/112,validation
2,2,561,mitdb/112,validation
2,2,562,mitdb/112,validation
2,2,563,mitdb/112,validation
2,2,564,mitdb/112,validation
2,2,565,mitdb/112,validation
2,2,566,mitdb/112,validation
2,2,567,mitdb/112,validation
2,2,568,mitdb/112,validation
2,2,569,mitdb/112,validation
2,2,580,mitdb/114,validation
2,2,581,mitdb/114,validation
2,2,582,mitdb/114,validation
2,2,583,mitdb/114,validation
2,2,584,mitdb/114,validation
2,2,585,mitdb/114,validation
2,2,586,mitdb/114,validation
2,2,587,mitdb/114,validation
2,2,588,mitdb/114,validation
2,2,589,mitdb/114,validation
2,2,600,mitdb/116,validation
2,2,601,mitdb/116,validation
2,2,602,mitdb/116,validation
2,2,603,mitdb/116,validation
2,2,604,mitdb/116,validation
2,2,605,mitdb/116,validation
2,2,606,mitdb/116,validation
2,2,607,mitdb/116,validation
2,2,608,mitdb/116,validation
2,2,609,mitdb/116,validation
2,2,630,mitdb/119,validation
2,2,631,mitdb/119,validation
2,2,632,mitdb/119,validation
2,2,633,mitdb/119,validation
2,2,634,mitdb/119,validation
2,2,635,mitdb/119,validation
2,2,636,mitdb/119,validation
2,2,637,mitdb/119,validation
2,2,638,mitdb/119,validation
2,2,639,mitdb/119,validation
2,2,780,mitdb/210,validation
2,2,781,mitdb/210,validation
2,2,782,mitdb/210,validation
2,2,783,mitdb/210,validation
2,2,784,mitdb/210,validation
2,2,785,mitdb/210,validation
2,2,786,mitdb/210,validation
2,2,787,mitdb/210,validation
2,2,788,mitdb/210,validation
2,2,789,mitdb/210,validation
2,2,790,mitdb/212,validation
2,2,791,mitdb/212,validation
2,2,792,mitdb/212,validation
2,2,793,mitdb/212,validation
2,2,794,mitdb/212,validation
2,2,795,mitdb/212,validation
2,2,796,mitdb/212,validation
2,2,797,mitdb/212,validation
2,2,798,mitdb/212,validation
2,2,799,mitdb/212,validation
2,2,830,mitdb/217,validation
2,2,831,mitdb/217,validation
2,2,832,mitdb/217,validation
2,2,833,mitdb/217,validation
2,2,834,mitdb/217,validation
2,2,835,mitdb/217,validation
2,2,836,mitdb/217,validation
2,2,837,mitdb/217,validation
2,2,838,mitdb/217,validation
2,2,839,mitdb/217,validation
2,2,840,mitdb/219,validation
2,2,841,mitdb/219,validation
2,2,842,mitdb/219,validation
2,2,843,mitdb/219,validation
2,2,844,mitdb/219,validation
2,2,845,mitdb/219,validation
2,2,846,mitdb/219,validation
2,2,847,mitdb/219,validation
2,2,848,mitdb/219,validation
2,2,849,mitdb/219,validation
2,2,880,mitdb/108,validation
2,2,881,mitdb/108,validation
2,2,882,mitdb/108,validation
2,2,883,mitdb/108,validation
2,2,884,mitdb/108,validation
2,2,885,mitdb/108,validation
2,2,886,mitdb/108,validation
2,2,887,mitdb/108,validation
2,2,888,mitdb/108,validation
2,2,889,mitdb/108,validation
2,2,890,mitdb/223,validation
2,2,891,mitdb/223,validation
2,2,892,mitdb/223,validation
2,2,893,mitdb/223,validation
2,2,894,mitdb/223,validation
2,2,895,mitdb/223,validation
2,2,896,mitdb/223,validation
2,2,897,mitdb/223,validation
2,2,898,mitdb/223,validation
2,2,899,mitdb/223,validation
2,2,900,mitdb/228,validation
2,2,901,mitdb/228,validation
2,2,902,mitdb/228,validation
2,2,903,mitdb/228,validation
2,2,904,mitdb/228,validation
2,2,905,mitdb/228,validation
2,2,906,mitdb/228,validation
2,2,907,mitdb/228,validation
2,2,908,mitdb/228,validation
2,2,909,mitdb/228,validation
2,2,1000,chfdb/chf13,validation
2,2,1001,chfdb/chf13,validation
2,2,1002,chfdb/chf13,validation
2,2,1003,chfdb/chf13,validation
2,2,1004,chfdb/chf13,validation
2,2,1005,chfdb/chf13,validation
2,2,1006,chfdb/chf13,validation
2,2,1007,chfdb/chf13,validation
2,2,1008,chfdb/chf13,validation
2,2,1009,chfdb/chf13,validation
2,2,1090,chfdb/chf06,validation
2,2,1091,chfdb/chf06,validation
2,2,1092,chfdb/chf06,validation
2,2,1093,chfdb/chf06,validation
2,2,1094,chfdb/chf06,validation
2,2,1095,chfdb/chf06,validation
2,2,1096,chfdb/chf06,validation
2,2,1097,chfdb/chf06,validation
2,2,1098,chfdb/chf06,validation
2,2,1099,chfdb/chf06,validation
2,2,1100,chfdb/chf07,validation
2,2,1101,chfdb/chf07,validation
2,2,1102,chfdb/chf07,validation
2,2,1103,chfdb/chf07,validation
2,2,1104,chfdb/chf07,validation
2,2,1105,chfdb/chf07,validation
2,2,1106,chfdb/chf07,validation
2,2,1107,chfdb/chf07,validation
2,2,1108,chfdb/chf07,validation
2,2,1109,chfdb/chf07,validation
2,2,1120,chfdb/chf09,validation
2,2,1121,chfdb/chf09,validation
2,2,1122,chfdb/chf09,validation
2,2,1123,chfdb/chf09,validation
2,2,1124,chfdb/chf09,validation
2,2,1125,chfdb/chf09,validation
2,2,1126,chfdb/chf09,validation
2,2,1127,chfdb/chf09,validation
2,2,1128,chfdb/chf09,validation
2,2,1129,chfdb/chf09,validation
2,2,1160,chfdb/chf13,validation
2,2,1161,chfdb/chf13,validation
2,2,1162,chfdb/chf13,validation
2,2,1163,chfdb/chf13,validation
2,2,1164,chfdb/chf13,validation
2,2,1165,chfdb/chf13,validation
2,2,1166,chfdb/chf13,validation
2,2,1167,chfdb/chf13,validation
2,2,1168,chfdb/chf13,validation
2,2,1169,chfdb/chf13,validation
2,2,1220,chfdb/chf06,validation
2,2,1221,chfdb/chf06,validation
2,2,1222,chfdb/chf06,validation
2,2,1223,chfdb/chf06,validation
2,2,1224,chfdb/chf06,validation
2,2,1225,chfdb/chf06,validation
2,2,1226,chfdb/chf06,validation
2,2,1227,chfdb/chf06,validation
2,2,1228,chfdb/chf06,validation
2,2,1229,chfdb/chf06,validation
2,2,1230,chfdb/chf07,validation
2,2,1231,chfdb/chf07,validation
2,2,1232,chfdb/chf07,validation
2,2,1233,chfdb/chf07,validation
2,2,1234,chfdb/chf07,validation
2,2,1235,chfdb/chf07,validation
2,2,1236,chfdb/chf07,validation
2,2,1237,chfdb/chf07,validation
2,2,1238,chfdb/chf07,validation
2,2,1239,chfdb/chf07,validation
2,2,1250,chfdb/chf09,validation
2,2,1251,chfdb/chf09,validation
2,2,1252,chfdb/chf09,validation
2,2,1253,chfdb/chf09,validation
2,2,1254,chfdb/chf09,validation
2,2,1255,chfdb/chf09,validation
2,2,1256,chfdb/chf09,validation
2,2,1257,chfdb/chf09,validation
2,2,1258,chfdb/chf09,validation
2,2,1259,chfdb/chf09,validation
2,2,1280,nsrdb/17453,validation
2,2,1281,nsrdb/17453,validation
2,2,1282,nsrdb/17453,validation
2,2,1283,nsrdb/17453,validation
2,2,1284,nsrdb/17453,validation
2,2,1285,nsrdb/17453,validation
2,2,1286,nsrdb/17453,validation
2,2,1287,nsrdb/17453,validation
2,2,1288,nsrdb/17453,validation
2,2,1289,nsrdb/17453,validation
2,2,1340,nsrdb/19140,validation
2,2,1341,nsrdb/19140,validation
2,2,1342,nsrdb/19140,validation
2,2,1343,nsrdb/19140,validation
2,2,1344,nsrdb/19140,validation
2,2,1345,nsrdb/19140,validation
2,2,1346,nsrdb/19140,validation
2,2,1347,nsrdb/19140,validation
2,2,1348,nsrdb/19140,validation
2,2,1349,nsrdb/19140,validation
2,2,1390,nsrdb/16273,validation
2,2,1391,nsrdb/16273,validation
2,2,1392,nsrdb/16273,validation
2,2,1393,nsrdb/16273,validation
2,2,1394,nsrdb/16273,validation
2,2,1395,nsrdb/16273,validation
2,2,1396,nsrdb/16273,validation
2,2,1397,nsrdb/16273,validation
2,2,1398,nsrdb/16273,validation
2,2,1399,nsrdb/16273,validation
2,2,1440,nsrdb/16786,validation
2,2,1441,nsrdb/16786,validation
2,2,1442,nsrdb/16786,validation
2,2,1443,nsrdb/16786,validation
2,2,1444,nsrdb/16786,validation
2,2,1445,nsrdb/16786,validation
2,2,1446,nsrdb/16786,validation
2,2,1447,nsrdb/16786,validation
2,2,1448,nsrdb/16786,validation
2,2,1449,nsrdb/16786,validation
2,2,1450,nsrdb/16795,validation
2,2,1451,nsrdb/16795,validation
2,2,1452,nsrdb/16795,validation
2,2,1453,nsrdb/16795,validation
2,2,1454,nsrdb/16795,validation
2,2,1455,nsrdb/16795,validation
2,2,1456,nsrdb/16795,validation
2,2,1457,nsrdb/16795,validation
2,2,1458,nsrdb/16795,validation
2,2,1459,nsrdb/16795,validation
2,2,1470,nsrdb/17453,validation
2,2,1471,nsrdb/17453,validation
2,2,1472,nsrdb/17453,validation
2,2,1473,nsrdb/17453,validation
2,2,1474,nsrdb/17453,validation
2,2,1475,nsrdb/17453,validation
2,2,1476,nsrdb/17453,validation
2,2,1477,nsrdb/17453,validation
2,2,1478,nsrdb/17453,validation
2,2,1479,nsrdb/17453,validation
2,2,1480,nsrdb/16273,validation
2,2,1481,nsrdb/16273,validation
2,2,1482,nsrdb/16273,validation
2,2,1483,nsrdb/16273,validation
2,2,1484,nsrdb/16273,validation
2,2,1485,nsrdb/16273,validation
2,2,1486,nsrdb/16273,validation
2,2,1487,nsrdb/16273,validation
2,2,1488,nsrdb/16273,validation
2,2,1489,nsrdb/16273,validation
2,2,1540,nsrdb/19140,validation
2,2,1541,nsrdb/19140,validation
2,2,1542,nsrdb/19140,validation
2,2,1543,nsrdb/19140,validation
2,2,1544,nsrdb/19140,validation
2,2,1545,nsrdb/19140,validation
2,2,1546,nsrdb/19140,validation
2,2,1547,nsrdb/19140,validation
2,2,1548,nsrdb/19140,validation
2,2,1549,nsrdb/19140,validation
2,2,1600,nsrdb/16786,validation
2,2,1601,nsrdb/16786,validation
2,2,1602,nsrdb/16786,validation
2,2,1603,nsrdb/16786,validation
2,2,1604,nsrdb/16786,validation
2,2,1605,nsrdb/16786,validation
2,2,1606,nsrdb/16786,validation
2,2,1607,nsrdb/16786,validation
2,2,1608,nsrdb/16786,validation
2,2,1609,nsrdb/16786,validation
2,2,1610,nsrdb/16795,validation
2,2,1611,nsrdb/16795,validation
2,2,1612,nsrdb/16795,validation
2,2,1613,nsrdb/16795,validation
2,2,1614,nsrdb/16795,validation
2,2,1615,nsrdb/16795,validation
2,2,1616,nsrdb/16795,validation
2,2,1617,nsrdb/16795,validation
2,2,1618,nsrdb/16795,validation
2,2,1619,nsrdb/16795,validation
2,2,0,mitdb/100,test
2,2,1,mitdb/100,test
2,2,2,mitdb/100,test
2,2,3,mitdb/100,test
2,2,4,mitdb/100,test
2,2,5,mitdb/100,test
2,2,6,mitdb/100,test
2,2,7,mitdb/100,test
2,2,8,mitdb/100,test
2,2,9,mitdb/100,test
2,2,10,mitdb/109,test
2,2,11,mitdb/109,test
2,2,12,mitdb/109,test
2,2,13,mitdb/109,test
2,2,14,mitdb/109,test
2,2,15,mitdb/109,test
2,2,16,mitdb/109,test
2,2,17,mitdb/109,test
2,2,18,mitdb/109,test
2,2,19,mitdb/109,test
2,2,40,mitdb/113,test
2,2,41,mitdb/113,test
2,2,42,mitdb/113,test
2,2,43,mitdb/113,test
2,2,44,mitdb/113,test
2,2,45,mitdb/113,test
2,2,46,mitdb/113,test
2,2,47,mitdb/113,test
2,2,48,mitdb/113,test
2,2,49,mitdb/113,test
2,2,80,mitdb/117,test
2,2,81,mitdb/117,test
2,2,82,mitdb/117,test
2,2,83,mitdb/117,test
2,2,84,mitdb/117,test
2,2,85,mitdb/117,test
2,2,86,mitdb/117,test
2,2,87,mitdb/117,test
2,2,88,mitdb/117,test
2,2,89,mitdb/117,test
2,2,150,mitdb/124,test
2,2,151,mitdb/124,test
2,2,152,mitdb/124,test
2,2,153,mitdb/124,test
2,2,154,mitdb/124,test
2,2,155,mitdb/124,test
2,2,156,mitdb/124,test
2,2,157,mitdb/124,test
2,2,158,mitdb/124,test
2,2,159,mitdb/124,test
2,2,190,mitdb/203,test
2,2,191,mitdb/203,test
2,2,192,mitdb/203,test
2,2,193,mitdb/203,test
2,2,194,mitdb/203,test
2,2,195,mitdb/203,test
2,2,196,mitdb/203,test
2,2,197,mitdb/203,test
2,2,198,mitdb/203,test
2,2,199,mitdb/203,test
2,2,210,mitdb/207,test
2,2,211,mitdb/207,test
2,2,212,mitdb/207,test
2,2,213,mitdb/207,test
2,2,214,mitdb/207,test
2,2,215,mitdb/207,test
2,2,216,mitdb/207,test
2,2,217,mitdb/207,test
2,2,218,mitdb/207,test
2,2,219,mitdb/207,test
2,2,350,mitdb/222,test
2,2,351,mitdb/222,test
2,2,352,mitdb/222,test
2,2,353,mitdb/222,test
2,2,354,mitdb/222,test
2,2,355,mitdb/222,test
2,2,356,mitdb/222,test
2,2,357,mitdb/222,test
2,2,358,mitdb/222,test
2,2,359,mitdb/222,test
2,2,410,mitdb/233,test
2,2,411,mitdb/233,test
2,2,412,mitdb/233,test
2,2,413,mitdb/233,test
2,2,414,mitdb/233,test
2,2,415,mitdb/233,test
2,2,416,mitdb/233,test
2,2,417,mitdb/233,test
2,2,418,mitdb/233,test
2,2,419,mitdb/233,test
2,2,430,mitdb/100,test
2,2,431,mitdb/100,test
2,2,432,mitdb/100,test
2,2,433,mitdb/100,test
2,2,434,mitdb/100,test
2,2,435,mitdb/100,test
2,2,436,mitdb/100,test
2,2,437,mitdb/100,test
2,2,438,mitdb/100,test
2,2,439,mitdb/100,test
2,2,500,mitdb/106,test
2,2,501,mitdb/106,test
2,2,502,mitdb/106,test
2,2,503,mitdb/106,test
2,2,504,mitdb/106,test
2,2,505,mitdb/106,test
2,2,506,mitdb/106,test
2,2,507,mitdb/106,test
2,2,508,mitdb/106,test
2,2,509,mitdb/106,test
2,2,530,mitdb/109,test
2,2,531,mitdb/109,test
2,2,532,mitdb/109,test
2,2,533,mitdb/109,test
2,2,534,mitdb/109,test
2,2,535,mitdb/109,test
2,2,536,mitdb/109,test
2,2,537,mitdb/109,test
2,2,538,mitdb/109,test
2,2,539,mitdb/109,test
2,2,570,mitdb/113,test
2,2,571,mitdb/113,test
2,2,572,mitdb/113,test
2,2,573,mitdb/113,test
2,2,574,mitdb/113,test
2,2,575,mitdb/113,test
2,2,576,mitdb/113,test
2,2,577,mitdb/113,test
2,2,578,mitdb/113,test
2,2,579,mitdb/113,test
2,2,610,mitdb/117,test
2,2,611,mitdb/117,test
2,2,612,mitdb/117,test
2,2,613,mitdb/117,test
2,2,614,mitdb/117,test
2,2,615,mitdb/117,test
2,2,616,mitdb/117,test
2,2,617,mitdb/117,test
2,2,618,mitdb/117,test
2,2,619,mitdb/117,test
2,2,660,mitdb/106,test
2,2,661,mitdb/106,test
2,2,662,mitdb/106,test
2,2,663,mitdb/106,test
2,2,664,mitdb/106,test
2,2,665,mitdb/106,test
2,2,666,mitdb/106,test
2,2,667,mitdb/106,test
2,2,668,mitdb/106,test
2,2,669,mitdb/106,test
2,2,680,mitdb/124,test
2,2,681,mitdb/124,test
2,2,682,mitdb/124,test
2,2,683,mitdb/124,test
2,2,684,mitdb/124,test
2,2,685,mitdb/124,test
2,2,686,mitdb/124,test
2,2,687,mitdb/124,test
2,2,688,mitdb/124,test
2,2,689,mitdb/124,test
2,2,720,mitdb/203,test
2,2,721,mitdb/203,test
2,2,722,mitdb/203,test
2,2,723,mitdb/203,test
2,2,724,mitdb/203,test
2,2,725,mitdb/203,test
2,2,726,mitdb/203,test
2,2,727,mitdb/203,test
2,2,728,mitdb/203,test
2,2,729,mitdb/203,test
2,2,740,mitdb/207,test
2,2,741,mitdb/207,test
2,2,742,mitdb/207,test
2,2,743,mitdb/207,test
2,2,744,mitdb/207,test
2,2,745,mitdb/207,test
2,2,746,mitdb/207,test
2,2,747,mitdb/207,test
2,2,748,mitdb/207,test
2,2,749,mitdb/207,test
2,2,870,mitdb/222,test
2,2,871,mitdb/222,test
2,2,872,mitdb/222,test
2,2,873,mitdb/222,test
2,2,874,mitdb/222,test
2,2,875,mitdb/222,test
2,2,876,mitdb/222,test
2,2,877,mitdb/222,test
2,2,878,mitdb/222,test
2,2,879,mitdb/222,test
2,2,940,mitdb/233,test
2,2,941,mitdb/233,test
2,2,942,mitdb/233,test
2,2,943,mitdb/233,test
2,2,944,mitdb/233,test
2,2,945,mitdb/233,test
2,2,946,mitdb/233,test
2,2,947,mitdb/233,test
2,2,948,mitdb/233,test
2,2,949,mitdb/233,test
2,2,970,chfdb/chf10,test
2,2,971,chfdb/chf10,test
2,2,972,chfdb/chf10,test
2,2,973,chfdb/chf10,test
2,2,974,chfdb/chf10,test
2,2,975,chfdb/chf10,test
2,2,976,chfdb/chf10,test
2,2,977,chfdb/chf10,test
2,2,978,chfdb/chf10,test
2,2,979,chfdb/chf10,test
2,2,990,chfdb/chf12,test
2,2,991,chfdb/chf12,test
2,2,992,chfdb/chf12,test
2,2,993,chfdb/chf12,test
2,2,994,chfdb/chf12,test
2,2,995,chfdb/chf12,test
2,2,996,chfdb/chf12,test
2,2,997,chfdb/chf12,test
2,2,998,chfdb/chf12,test
2,2,999,chfdb/chf12,test
2,2,1110,chfdb/chf08,test
2,2,1111,chfdb/chf08,test
2,2,1112,chfdb/chf08,test
2,2,1113,chfdb/chf08,test
2,2,1114,chfdb/chf08,test
2,2,1115,chfdb/chf08,test
2,2,1116,chfdb/chf08,test
2,2,1117,chfdb/chf08,test
2,2,1118,chfdb/chf08,test
2,2,1119,chfdb/chf08,test
2,2,1130,chfdb/chf10,test
2,2,1131,chfdb/chf10,test
2,2,1132,chfdb/chf10,test
2,2,1133,chfdb/chf10,test
2,2,1134,chfdb/chf10,test
2,2,1135,chfdb/chf10,test
2,2,1136,chfdb/chf10,test
2,2,1137,chfdb/chf10,test
2,2,1138,chfdb/chf10,test
2,2,1139,chfdb/chf10,test
2,2,1150,chfdb/chf12,test
2,2,1151,chfdb/chf12,test
2,2,1152,chfdb/chf12,test
2,2,1153,chfdb/chf12,test
2,2,1154,chfdb/chf12,test
2,2,1155,chfdb/chf12,test
2,2,1156,chfdb/chf12,test
2,2,1157,chfdb/chf12,test
2,2,1158,chfdb/chf12,test
2,2,1159,chfdb/chf12,test
2,2,1240,chfdb/chf08,test
2,2,1241,chfdb/chf08,test
2,2,1242,chfdb/chf08,test
2,2,1243,chfdb/chf08,test
2,2,1244,chfdb/chf08,test
2,2,1245,chfdb/chf08,test
2,2,1246,chfdb/chf08,test
2,2,1247,chfdb/chf08,test
2,2,1248,chfdb/chf08,test
2,2,1249,chfdb/chf08,test
2,2,1290,nsrdb/18177,test
2,2,1291,nsrdb/18177,test
2,2,1292,nsrdb/18177,test
2,2,1293,nsrdb/18177,test
2,2,1294,nsrdb/18177,test
2,2,1295,nsrdb/18177,test
2,2,1296,nsrdb/18177,test
2,2,1297,nsrdb/18177,test
2,2,1298,nsrdb/18177,test
2,2,1299,nsrdb/18177,test
2,2,1300,nsrdb/18184,test
2,2,1301,nsrdb/18184,test
2,2,1302,nsrdb/18184,test
2,2,1303,nsrdb/18184,test
2,2,1304,nsrdb/18184,test
2,2,1305,nsrdb/18184,test
2,2,1306,nsrdb/18184,test
2,2,1307,nsrdb/18184,test
2,2,1308,nsrdb/18184,test
2,2,1309,nsrdb/18184,test
2,2,1410,nsrdb/16483,test
2,2,1411,nsrdb/16483,test
2,2,1412,nsrdb/16483,test
2,2,1413,nsrdb/16483,test
2,2,1414,nsrdb/16483,test
2,2,1415,nsrdb/16483,test
2,2,1416,nsrdb/16483,test
2,2,1417,nsrdb/16483,test
2,2,1418,nsrdb/16483,test
2,2,1419,nsrdb/16483,test
2,2,1490,nsrdb/18177,test
2,2,1491,nsrdb/18177,test
2,2,1492,nsrdb/18177,test
2,2,1493,nsrdb/18177,test
2,2,1494,nsrdb/18177,test
2,2,1495,nsrdb/18177,test
2,2,1496,nsrdb/18177,test
2,2,1497,nsrdb/18177,test
2,2,1498,nsrdb/18177,test
2,2,1499,nsrdb/18177,test
2,2,1500,nsrdb/18184,test
2,2,1501,nsrdb/18184,test
2,2,1502,nsrdb/18184,test
2,2,1503,nsrdb/18184,test
2,2,1504,nsrdb/18184,test
2,2,1505,nsrdb/18184,test
2,2,1506,nsrdb/18184,test
2,2,1507,nsrdb/18184,test
2,2,1508,nsrdb/18184,test
2,2,1509,nsrdb/18184,test
2,2,1570,nsrdb/16483,test
2,2,1571,nsrdb/16483,test
2,2,1572,nsrdb/16483,test
2,2,1573,nsrdb/16483,test
2,2,1574,nsrdb/16483,test
2,2,1575,nsrdb/16483,test
2,2,1576,nsrdb/16483,test
2,2,1577,nsrdb/16483,test
2,2,1578,nsrdb/16483,test
2,2,1579,nsrdb/16483,test
3,0,10,mitdb/109,train
3,0,11,mitdb/109,train
3,0,12,mitdb/109,train
3,0,13,mitdb/109,train
3,0,14,mitdb/109,train
3,0,15,mitdb/109,train
3,0,16,mitdb/109,train
3,0,17,mitdb/109,train
3,0,18,mitdb/109,train
3,0,19,mitdb/109,train
3,0,20,mitdb/111,train
3,0,21,mitdb/111,train
3,0,22,mitdb/111,train
3,0,23,mitdb/111,train
3,0,24,mitdb/111,train
3,0,25,mitdb/111,train
3,0,26,mitdb/111,train
3,0,27,mitdb/111,train
3,0,28,mitdb/111,train
3,0,29,mitdb/111,train
3,0,40,mitdb/113,train
3,0,41,mitdb/113,train
3,0,42,mitdb/113,train
3,0,43,mitdb/113,train
3,0,44,mitdb/113,train
3,0,45,mitdb/113,train
3,0,46,mitdb/113,train
3,0,47,mitdb/113,train
3,0,48,mitdb/113,train
3,0,49,mitdb/113,train
3,0,50,mitdb/114,train
3,0,51,mitdb/114,train
3,0,52,mitdb/114,train
3,0,53,mitdb/114,train
3,0,54,mitdb/114,train
3,0,55,mitdb/114,train
3,0,56,mitdb/114,train
3,0,57,mitdb/114,train
3,0,58,mitdb/114,train
3,0,59,mitdb/114,train
3,0,60,mitdb/115,train
3,0,61,mitdb/115,train
3,0,62,mitdb/115,train
3,0,63,mitdb/115,train
3,0,64,mitdb/115,train
3,0,65,mitdb/115,train
3,0,66,mitdb/115,train
3,0,67,mitdb/115,train
3,0,68,mitdb/115,train
3,0,69,mitdb/115,train
3,0,80,mitdb/117,train
3,0,81,mitdb/117,train
3,0,82,mitdb/117,train
3,0,83,mitdb/117,train
3,0,84,mitdb/117,train
3,0,85,mitdb/117,train
3,0,86,mitdb/117,train
3,0,87,mitdb/117,train
3,0,88,mitdb/117,train
3,0,89,mitdb/117,train
3,0,90,mitdb/118,train
3,0,91,mitdb/118,train
3,0,92,mitdb/118,train
3,0,93,mitdb/118,train
3,0,94,mitdb/118,train
3,0,95,mitdb/118,train
3,0,96,mitdb/118,train
3,0,97,mitdb/118,train
3,0,98,mitdb/118,train
3,0,99,mitdb/118,train
3,0,100,mitdb/119,train
3,0,101,mitdb/119,train
3,0,102,mitdb/119,train
3,0,103,mitdb/119,train
3,0,104,mitdb/119,train
3,0,105,mitdb/119,train
3,0,106,mitdb/119,train
3,0,107,mitdb/119,train
3,0,108,mitdb/119,train
3,0,109,mitdb/119,train
3,0,110,mitdb/101,train
3,0,111,mitdb/101,train
3,0,112,mitdb/101,train
3,0,113,mitdb/101,train
3,0,114,mitdb/101,train
3,0,115,mitdb/101,train
3,0,116,mitdb/101,train
3,0,117,mitdb/101,train
3,0,118,mitdb/101,train
3,0,119,mitdb/101,train
3,0,120,mitdb/121,train
3,0,121,mitdb/121,train
3,0,122,mitdb/121,train
3,0,123,mitdb/121,train
3,0,124,mitdb/121,train
3,0,125,mitdb/121,train
3,0,126,mitdb/121,train
3,0,127,mitdb/121,train
3,0,128,mitdb/121,train
3,0,129,mitdb/121,train
3,0,150,mitdb/124,train
3,0,151,mitdb/124,train
3,0,152,mitdb/124,train
3,0,153,mitdb/124,train
3,0,154,mitdb/124,train
3,0,155,mitdb/124,train
3,0,156,mitdb/124,train
3,0,157,mitdb/124,train
3,0,158,mitdb/124,train
3,0,159,mitdb/124,train
3,0,170,mitdb/201-202,train
3,0,171,mitdb/201-202,train
3,0,172,mitdb/201-202,train
3,0,173,mitdb/201-202,train
3,0,174,mitdb/201-202,train
3,0,175,mitdb/201-202,train
3,0,176,mitdb/201-202,train
3,0,177,mitdb/201-202,train
3,0,178,mitdb/201-202,train
3,0,179,mitdb/201-202,train
3,0,180,mitdb/201-202,train
3,0,181,mitdb/201-202,train
3,0,182,mitdb/201-202,train
3,0,183,mitdb/201-202,train
3,0,184,mitdb/201-202,train
3,0,185,mitdb/201-202,train
3,0,186,mitdb/201-202,train
3,0,187,mitdb/201-202,train
3,0,188,mitdb/201-202,train
3,0,189,mitdb/201-202,train
3,0,200,mitdb/205,train
3,0,201,mitdb/205,train
3,0,202,mitdb/205,train
3,0,203,mitdb/205,train
3,0,204,mitdb/205,train
3,0,205,mitdb/205,train
3,0,206,mitdb/205,train
3,0,207,mitdb/205,train
3,0,208,mitdb/205,train
3,0,209,mitdb/205,train
3,0,220,mitdb/102,train
3,0,221,mitdb/102,train
3,0,222,mitdb/102,train
3,0,223,mitdb/102,train
3,0,224,mitdb/102,train
3,0,225,mitdb/102,train
3,0,226,mitdb/102,train
3,0,227,mitdb/102,train
3,0,228,mitdb/102,train
3,0,229,mitdb/102,train
3,0,230,mitdb/208,train
3,0,231,mitdb/208,train
3,0,232,mitdb/208,train
3,0,233,mitdb/208,train
3,0,234,mitdb/208,train
3,0,235,mitdb/208,train
3,0,236,mitdb/208,train
3,0,237,mitdb/208,train
3,0,238,mitdb/208,train
3,0,239,mitdb/208,train
3,0,250,mitdb/210,train
3,0,251,mitdb/210,train
3,0,252,mitdb/210,train
3,0,253,mitdb/210,train
3,0,254,mitdb/210,train
3,0,255,mitdb/210,train
3,0,256,mitdb/210,train
3,0,257,mitdb/210,train
3,0,258,mitdb/210,train
3,0,259,mitdb/210,train
3,0,290,mitdb/215,train
3,0,291,mitdb/215,train
3,0,292,mitdb/215,train
3,0,293,mitdb/215,train
3,0,294,mitdb/215,train
3,0,295,mitdb/215,train
3,0,296,mitdb/215,train
3,0,297,mitdb/215,train
3,0,298,mitdb/215,train
3,0,299,mitdb/215,train
3,0,310,mitdb/219,train
3,0,311,mitdb/219,train
3,0,312,mitdb/219,train
3,0,313,mitdb/219,train
3,0,314,mitdb/219,train
3,0,315,mitdb/219,train
3,0,316,mitdb/219,train
3,0,317,mitdb/219,train
3,0,318,mitdb/219,train
3,0,319,mitdb/219,train
3,0,330,mitdb/103,train
3,0,331,mitdb/103,train
3,0,332,mitdb/103,train
3,0,333,mitdb/103,train
3,0,334,mitdb/103,train
3,0,335,mitdb/103,train
3,0,336,mitdb/103,train
3,0,337,mitdb/103,train
3,0,338,mitdb/103,train
3,0,339,mitdb/103,train
3,0,360,mitdb/223,train
3,0,361,mitdb/223,train
3,0,362,mitdb/223,train
3,0,363,mitdb/223,train
3,0,364,mitdb/223,train
3,0,365,mitdb/223,train
3,0,366,mitdb/223,train
3,0,367,mitdb/223,train
3,0,368,mitdb/223,train
3,0,369,mitdb/223,train
3,0,390,mitdb/231,train
3,0,391,mitdb/231,train
3,0,392,mitdb/231,train
3,0,393,mitdb/231,train
3,0,394,mitdb/231,train
3,0,395,mitdb/231,train
3,0,396,mitdb/231,train
3,0,397,mitdb/231,train
3,0,398,mitdb/231,train
3,0,399,mitdb/231,train
3,0,400,mitdb/232,train
3,0,401,mitdb/232,train
3,0,402,mitdb/232,train
3,0,403,mitdb/232,train
3,0,404,mitdb/232,train
3,0,405,mitdb/232,train
3,0,406,mitdb/232,train
3,0,407,mitdb/232,train
3,0,408,mitdb/232,train
3,0,409,mitdb/232,train
3,0,440,mitdb/104,train
3,0,441,mitdb/104,train
3,0,442,mitdb/104,train
3,0,443,mitdb/104,train
3,0,444,mitdb/104,train
3,0,445,mitdb/104,train
3,0,446,mitdb/104,train
3,0,447,mitdb/104,train
3,0,448,mitdb/104,train
3,0,449,mitdb/104,train
3,0,450,mitdb/101,train
3,0,451,mitdb/101,train
3,0,452,mitdb/101,train
3,0,453,mitdb/101,train
3,0,454,mitdb/101,train
3,0,455,mitdb/101,train
3,0,456,mitdb/101,train
3,0,457,mitdb/101,train
3,0,458,mitdb/101,train
3,0,459,mitdb/101,train
3,0,460,mitdb/102,train
3,0,461,mitdb/102,train
3,0,462,mitdb/102,train
3,0,463,mitdb/102,train
3,0,464,mitdb/102,train
3,0,465,mitdb/102,train
3,0,466,mitdb/102,train
3,0,467,mitdb/102,train
3,0,468,mitdb/102,train
3,0,469,mitdb/102,train
3,0,470,mitdb/103,train
3,0,471,mitdb/103,train
3,0,472,mitdb/103,train
3,0,473,mitdb/103,train
3,0,474,mitdb/103,train
3,0,475,mitdb/103,train
3,0,476,mitdb/103,train
3,0,477,mitdb/103,train
3,0,478,mitdb/103,train
3,0,479,mitdb/103,train
3,0,480,mitdb/104,train
3,0,481,mitdb/104,train
3,0,482,mitdb/104,train
3,0,483,mitdb/104,train
3,0,484,mitdb/104,train
3,0,485,mitdb/104,train
3,0,486,mitdb/104,train
3,0,487,mitdb/104,train
3,0,488,mitdb/104,train
3,0,489,mitdb/104,train
3,0,500,mitdb/106,train
3,0,501,mitdb/106,train
3,0,502,mitdb/106,train
3,0,503,mitdb/106,train
3,0,504,mitdb/106,train
3,0,505,mitdb/106,train
3,0,506,mitdb/106,train
3,0,507,mitdb/106,train
3,0,508,mitdb/106,train
3,0,509,mitdb/106,train
3,0,520,mitdb/108,train
3,0,521,mitdb/108,train
3,0,522,mitdb/108,train
3,0,523,mitdb/108,train
3,0,524,mitdb/108,train
3,0,525,mitdb/108,train
3,0,526,mitdb/108,train
3,0,527,mitdb/108,train
3,0,528,mitdb/108,train
3,0,529,mitdb/108,train
3,0,530,mitdb/109,train
3,0,531,mitdb/109,train
3,0,532,mitdb/109,train
3,0,533,mitdb/109,train
3,0,534,mitdb/109,train
3,0,535,mitdb/109,train
3,0,536,mitdb/109,train
3,0,537,mitdb/109,train
3,0,538,mitdb/109,train
3,0,539,mitdb/109,train
3,0,540,mitdb/111,train
3,0,541,mitdb/111,train
3,0,542,mitdb/111,train
3,0,543,mitdb/111,train
3,0,544,mitdb/111,train
3,0,545,mitdb/111,train
3,0,546,mitdb/111,train
3,0,547,mitdb/111,train
3,0,548,mitdb/111,train
3,0,549,mitdb/111,train
3,0,570,mitdb/113,train
3,0,571,mitdb/113,train
3,0,572,mitdb/113,train
3,0,573,mitdb/113,train
3,0,574,mitdb/113,train
3,0,575,mitdb/113,train
3,0,576,mitdb/113,train
3,0,577,mitdb/113,train
3,0,578,mitdb/113,train
3,0,579,mitdb/113,train
3,0,580,mitdb/114,train
3,0,581,mitdb/114,train
3,0,582,mitdb/114,train
3,0,583,mitdb/114,train
3,0,584,mitdb/114,train
3,0,585,mitdb/114,train
3,0,586,mitdb/114,train
3,0,587,mitdb/114,train
3,0,588,mitdb/114,train
3,0,589,mitdb/114,train
3,0,590,mitdb/115,train
3,0,591,mitdb/115,train
3,0,592,mitdb/115,train
3,0,593,mitdb/115,train
3,0,594,mitdb/115,train
3,0,595,mitdb/115,train
3,0,596,mitdb/115,train
3,0,597,mitdb/115,train
3,0,598,mitdb/115,train
3,0,599,mitdb/115,train
3,0,610,mitdb/117,train
3,0,611,mitdb/117,train
3,0,612,mitdb/117,train
3,0,613,mitdb/117,train
3,0,614,mitdb/117,train
3,0,615,mitdb/117,train
3,0,616,mitdb/117,train
3,0,617,mitdb/117,train
3,0,618,mitdb/117,train
3,0,619,mitdb/117,train
3,0,620,mitdb/118,train
3,0,621,mitdb/118,train
3,0,622,mitdb/118,train
3,0,623,mitdb/118,train
3,0,624,mitdb/118,train
3,0,625,mitdb/118,train
3,0,626,mitdb/118,train
3,0,627,mitdb/118,train
3,0,628,mitdb/118,train
3,0,629,mitdb/118,train
3,0,630,mitdb/119,train
3,0,631,mitdb/119,train
3,0,632,mitdb/119,train
3,0,633,mitdb/119,train
3,0,634,mitdb/119,train
3,0,635,mitdb/119,train
3,0,636,mitdb/119,train
3,0,637,mitdb/119,train
3,0,638,mitdb/119,train
3,0,639,mitdb/119,train
3,0,640,mitdb/121,train
3,0,641,mitdb/121,train
3,0,642,mitdb/121,train
3,0,643,mitdb/121,train
3,0,644,mitdb/121,train
3,0,645,mitdb/121,train
3,0,646,mitdb/121,train
3,0,647,mitdb/121,train
3,0,648,mitdb/121,train
3,0,649,mitdb/121,train
3,0,660,mitdb/106,train
3,0,661,mitdb/106,train
3,0,662,mitdb/106,train
3,0,663,mitdb/106,train
3,0,664,mitdb/106,train
3,0,665,mitdb/106,train
3,0,666,mitdb/106,train
3,0,667,mitdb/106,train
3,0,668,mitdb/106,train
3,0,669,mitdb/106,train
3,0,680,mitdb/124,train
3,0,681,mitdb/124,train
3,0,682,mitdb/124,train
3,0,683,mitdb/124,train
3,0,684,mitdb/124,train
3,0,685,mitdb/124,train
3,0,686,mitdb/124,train
3,0,687,mitdb/124,train
3,0,688,mitdb/124,train
3,0,689,mitdb/124,train
3,0,700,mitdb/201-202,train
3,0,701,mitdb/201-202,train
3,0,702,mitdb/201-202,train
3,0,703,mitdb/201-202,train
3,0,704,mitdb/201-202,train
3,0,705,mitdb/201-202,train
3,0,706,mitdb/201-202,train
3,0,707,mitdb/201-202,train
3,0,708,mitdb/201-202,train
3,0,709,mitdb/201-202,train
3,0,710,mitdb/201-202,train
3,0,711,mitdb/201-202,train
3,0,712,mitdb/201-202,train
3,0,713,mitdb/201-202,train
3,0,714,mitdb/201-202,train
3,0,715,mitdb/201-202,train
3,0,716,mitdb/201-202,train
3,0,717,mitdb/201-202,train
3,0,718,mitdb/201-202,train
3,0,719,mitdb/201-202,train
3,0,730,mitdb/205,train
3,0,731,mitdb/205,train
3,0,732,mitdb/205,train
3,0,733,mitdb/205,train
3,0,734,mitdb/205,train
3,0,735,mitdb/205,train
3,0,736,mitdb/205,train
3,0,737,mitdb/205,train
3,0,738,mitdb/205,train
3,0,739,mitdb/205,train
3,0,750,mitdb/208,train
3,0,751,mitdb/208,train
3,0,752,mitdb/208,train
3,0,753,mitdb/208,train
3,0,754,mitdb/208,train
3,0,755,mitdb/208,train
3,0,756,mitdb/208,train
3,0,757,mitdb/208,train
3,0,758,mitdb/208,train
3,0,759,mitdb/208,train
3,0,780,mitdb/210,train
3,0,781,mitdb/210,train
3,0,782,mitdb/210,train
3,0,783,mitdb/210,train
3,0,784,mitdb/210,train
3,0,785,mitdb/210,train
3,0,786,mitdb/210,train
3,0,787,mitdb/210,train
3,0,788,mitdb/210,train
3,0,789,mitdb/210,train
3,0,820,mitdb/215,train
3,0,821,mitdb/215,train
3,0,822,mitdb/215,train
3,0,823,mitdb/215,train
3,0,824,mitdb/215,train
3,0,825,mitdb/215,train
3,0,826,mitdb/215,train
3,0,827,mitdb/215,train
3,0,828,mitdb/215,train
3,0,829,mitdb/215,train
3,0,840,mitdb/219,train
3,0,841,mitdb/219,train
3,0,842,mitdb/219,train
3,0,843,mitdb/219,train
3,0,844,mitdb/219,train
3,0,845,mitdb/219,train
3,0,846,mitdb/219,train
3,0,847,mitdb/219,train
3,0,848,mitdb/219,train
3,0,849,mitdb/219,train
3,0,880,mitdb/108,train
3,0,881,mitdb/108,train
3,0,882,mitdb/108,train
3,0,883,mitdb/108,train
3,0,884,mitdb/108,train
3,0,885,mitdb/108,train
3,0,886,mitdb/108,train
3,0,887,mitdb/108,train
3,0,888,mitdb/108,train
3,0,889,mitdb/108,train
3,0,890,mitdb/223,train
3,0,891,mitdb/223,train
3,0,892,mitdb/223,train
3,0,893,mitdb/223,train
3,0,894,mitdb/223,train
3,0,895,mitdb/223,train
3,0,896,mitdb/223,train
3,0,897,mitdb/223,train
3,0,898,mitdb/223,train
3,0,899,mitdb/223,train
3,0,920,mitdb/231,train
3,0,921,mitdb/231,train
3,0,922,mitdb/231,train
3,0,923,mitdb/231,train
3,0,924,mitdb/231,train
3,0,925,mitdb/231,train
3,0,926,mitdb/231,train
3,0,927,mitdb/231,train
3,0,928,mitdb/231,train
3,0,929,mitdb/231,train
3,0,930,mitdb/232,train
3,0,931,mitdb/232,train
3,0,932,mitdb/232,train
3,0,933,mitdb/232,train
3,0,934,mitdb/232,train
3,0,935,mitdb/232,train
3,0,936,mitdb/232,train
3,0,937,mitdb/232,train
3,0,938,mitdb/232,train
3,0,939,mitdb/232,train
3,0,960,chfdb/chf01,train
3,0,961,chfdb/chf01,train
3,0,962,chfdb/chf01,train
3,0,963,chfdb/chf01,train
3,0,964,chfdb/chf01,train
3,0,965,chfdb/chf01,train
3,0,966,chfdb/chf01,train
3,0,967,chfdb/chf01,train
3,0,968,chfdb/chf01,train
3,0,969,chfdb/chf01,train
3,0,970,chfdb/chf10,train
3,0,971,chfdb/chf10,train
3,0,972,chfdb/chf10,train
3,0,973,chfdb/chf10,train
3,0,974,chfdb/chf10,train
3,0,975,chfdb/chf10,train
3,0,976,chfdb/chf10,train
3,0,977,chfdb/chf10,train
3,0,978,chfdb/chf10,train
3,0,979,chfdb/chf10,train
3,0,1000,chfdb/chf13,train
3,0,1001,chfdb/chf13,train
3,0,1002,chfdb/chf13,train
3,0,1003,chfdb/chf13,train
3,0,1004,chfdb/chf13,train
3,0,1005,chfdb/chf13,train
3,0,1006,chfdb/chf13,train
3,0,1007,chfdb/chf13,train
3,0,1008,chfdb/chf13,train
3,0,1009,chfdb/chf13,train
3,0,1010,chfdb/chf14,train
3,0,1011,chfdb/chf14,train
3,0,1012,chfdb/chf14,train
3,0,1013,chfdb/chf14,train
3,0,1014,chfdb/chf14,train
3,0,1015,chfdb/chf14,train
3,0,1016,chfdb/chf14,train
3,0,1017,chfdb/chf14,train
3,0,1018,chfdb/chf14,train
3,0,1019,chfdb/chf14,train
3,0,1030,chfdb/chf01,train
3,0,1031,chfdb/chf01,train
3,0,1032,chfdb/chf01,train
3,0,1033,chfdb/chf01,train
3,0,1034,chfdb/chf01,train
3,0,1035,chfdb/chf01,train
3,0,1036,chfdb/chf01,train
3,0,1037,chfdb/chf01,train
3,0,1038,chfdb/chf01,train
3,0,1039,chfdb/chf01,train
3,0,1060,chfdb/chf04,train
3,0,1061,chfdb/chf04,train
3,0,1062,chfdb/chf04,train
3,0,1063,chfdb/chf04,train
3,0,1064,chfdb/chf04,train
3,0,1065,chfdb/chf04,train
3,0,1066,chfdb/chf04,train
3,0,1067,chfdb/chf04,train
3,0,1068,chfdb/chf04,train
3,0,1069,chfdb/chf04,train
3,0,1080,chfdb/chf05,train
3,0,1081,chfdb/chf05,train
3,0,1082,chfdb/chf05,train
3,0,1083,chfdb/chf05,train
3,0,1084,chfdb/chf05,train
3,0,1085,chfdb/chf05,train
3,0,1086,chfdb/chf05,train
3,0,1087,chfdb/chf05,train
3,0,1088,chfdb/chf05,train
3,0,1089,chfdb/chf05,train
3,0,1110,chfdb/chf08,train
3,0,1111,chfdb/chf08,train
3,0,1112,chfdb/chf08,train
3,0,1113,chfdb/chf08,train
3,0,1114,chfdb/chf08,train
3,0,1115,chfdb/chf08,train
3,0,1116,chfdb/chf08,train
3,0,1117,chfdb/chf08,train
3,0,1118,chfdb/chf08,train
3,0,1119,chfdb/chf08,train
3,0,1120,chfdb/chf09,train
3,0,1121,chfdb/chf09,train
3,0,1122,chfdb/chf09,train
3,0,1123,chfdb/chf09,train
3,0,1124,chfdb/chf09,train
3,0,1125,chfdb/chf09,train
3,0,1126,chfdb/chf09,train
3,0,1127,chfdb/chf09,train
3,0,1128,chfdb/chf09,train
3,0,1129,chfdb/chf09,train
3,0,1130,chfdb/chf10,train
3,0,1131,chfdb/chf10,train
3,0,1132,chfdb/chf10,train
3,0,1133,chfdb/chf10,train
3,0,1134,chfdb/chf10,train
3,0,1135,chfdb/chf10,train
3,0,1136,chfdb/chf10,train
3,0,1137,chfdb/chf10,train
3,0,1138,chfdb/chf10,train
3,0,1139,chfdb/chf10,train
3,0,1160,chfdb/chf13,train
3,0,1161,chfdb/chf13,train
3,0,1162,chfdb/chf13,train
3,0,1163,chfdb/chf13,train
3,0,1164,chfdb/chf13,train
3,0,1165,chfdb/chf13,train
3,0,1166,chfdb/chf13,train
3,0,1167,chfdb/chf13,train
3,0,1168,chfdb/chf13,train
3,0,1169,chfdb/chf13,train
3,0,1170,chfdb/chf14,train
3,0,1171,chfdb/chf14,train
3,0,1172,chfdb/chf14,train
3,0,1173,chfdb/chf14,train
3,0,1174,chfdb/chf14,train
3,0,1175,chfdb/chf14,train
3,0,1176,chfdb/chf14,train
3,0,1177,chfdb/chf14,train
3,0,1178,chfdb/chf14,train
3,0,1179,chfdb/chf14,train
3,0,1200,chfdb/chf04,train
3,0,1201,chfdb/chf04,train
3,0,1202,chfdb/chf04,train
3,0,1203,chfdb/chf04,train
3,0,1204,chfdb/chf04,train
3,0,1205,chfdb/chf04,train
3,0,1206,chfdb/chf04,train
3,0,1207,chfdb/chf04,train
3,0,1208,chfdb/chf04,train
3,0,1209,chfdb/chf04,train
3,0,1210,chfdb/chf05,train
3,0,1211,chfdb/chf05,train
3,0,1212,chfdb/chf05,train
3,0,1213,chfdb/chf05,train
3,0,1214,chfdb/chf05,train
3,0,1215,chfdb/chf05,train
3,0,1216,chfdb/chf05,train
3,0,1217,chfdb/chf05,train
3,0,1218,chfdb/chf05,train
3,0,1219,chfdb/chf05,train
3,0,1240,chfdb/chf08,train
3,0,1241,chfdb/chf08,train
3,0,1242,chfdb/chf08,train
3,0,1243,chfdb/chf08,train
3,0,1244,chfdb/chf08,train
3,0,1245,chfdb/chf08,train
3,0,1246,chfdb/chf08,train
3,0,1247,chfdb/chf08,train
3,0,1248,chfdb/chf08,train
3,0,1249,chfdb/chf08,train
3,0,1250,chfdb/chf09,train
3,0,1251,chfdb/chf09,train
3,0,1252,chfdb/chf09,train
3,0,1253,chfdb/chf09,train
3,0,1254,chfdb/chf09,train
3,0,1255,chfdb/chf09,train
3,0,1256,chfdb/chf09,train
3,0,1257,chfdb/chf09,train
3,0,1258,chfdb/chf09,train
3,0,1259,chfdb/chf09,train
3,0,1260,nsrdb/16265,train
3,0,1261,nsrdb/16265,train
3,0,1262,nsrdb/16265,train
3,0,1263,nsrdb/16265,train
3,0,1264,nsrdb/16265,train
3,0,1265,nsrdb/16265,train
3,0,1266,nsrdb/16265,train
3,0,1267,nsrdb/16265,train
3,0,1268,nsrdb/16265,train
3,0,1269,nsrdb/16265,train
3,0,1270,nsrdb/17052,train
3,0,1271,nsrdb/17052,train
3,0,1272,nsrdb/17052,train
3,0,1273,nsrdb/17052,train
3,0,1274,nsrdb/17052,train
3,0,1275,nsrdb/17052,train
3,0,1276,nsrdb/17052,train
3,0,1277,nsrdb/17052,train
3,0,1278,nsrdb/17052,train
3,0,1279,nsrdb/17052,train
3,0,1280,nsrdb/17453,train
3,0,1281,nsrdb/17453,train
3,0,1282,nsrdb/17453,train
3,0,1283,nsrdb/17453,train
3,0,1284,nsrdb/17453,train
3,0,1285,nsrdb/17453,train
3,0,1286,nsrdb/17453,train
3,0,1287,nsrdb/17453,train
3,0,1288,nsrdb/17453,train
3,0,1289,nsrdb/17453,train
3,0,1300,nsrdb/18184,train
3,0,1301,nsrdb/18184,train
3,0,1302,nsrdb/18184,train
3,0,1303,nsrdb/18184,train
3,0,1304,nsrdb/18184,train
3,0,1305,nsrdb/18184,train
3,0,1306,nsrdb/18184,train
3,0,1307,nsrdb/18184,train
3,0,1308,nsrdb/18184,train
3,0,1309,nsrdb/18184,train
3,0,1310,nsrdb/19088,train
3,0,1311,nsrdb/19088,train
3,0,1312,nsrdb/19088,train
3,0,1313,nsrdb/19088,train
3,0,1314,nsrdb/19088,train
3,0,1315,nsrdb/19088,train
3,0,1316,nsrdb/19088,train
3,0,1317,nsrdb/19088,train
3,0,1318,nsrdb/19088,train
3,0,1319,nsrdb/19088,train
3,0,1320,nsrdb/19090,train
3,0,1321,nsrdb/19090,train
3,0,1322,nsrdb/19090,train
3,0,1323,nsrdb/19090,train
3,0,1324,nsrdb/19090,train
3,0,1325,nsrdb/19090,train
3,0,1326,nsrdb/19090,train
3,0,1327,nsrdb/19090,train
3,0,1328,nsrdb/19090,train
3,0,1329,nsrdb/19090,train
3,0,1360,nsrdb/16265,train
3,0,1361,nsrdb/16265,train
3,0,1362,nsrdb/16265,train
3,0,1363,nsrdb/16265,train
3,0,1364,nsrdb/16265,train
3,0,1365,nsrdb/16265,train
3,0,1366,nsrdb/16265,train
3,0,1367,nsrdb/16265,train
3,0,1368,nsrdb/16265,train
3,0,1369,nsrdb/16265,train
3,0,1400,nsrdb/16420,train
3,0,1401,nsrdb/16420,train
3,0,1402,nsrdb/16420,train
3,0,1403,nsrdb/16420,train
3,0,1404,nsrdb/16420,train
3,0,1405,nsrdb/16420,train
3,0,1406,nsrdb/16420,train
3,0,1407,nsrdb/16420,train
3,0,1408,nsrdb/16420,train
3,0,1409,nsrdb/16420,train
3,0,1420,nsrdb/16539,train
3,0,1421,nsrdb/16539,train
3,0,1422,nsrdb/16539,train
3,0,1423,nsrdb/16539,train
3,0,1424,nsrdb/16539,train
3,0,1425,nsrdb/16539,train
3,0,1426,nsrdb/16539,train
3,0,1427,nsrdb/16539,train
3,0,1428,nsrdb/16539,train
3,0,1429,nsrdb/16539,train
3,0,1440,nsrdb/16786,train
3,0,1441,nsrdb/16786,train
3,0,1442,nsrdb/16786,train
3,0,1443,nsrdb/16786,train
3,0,1444,nsrdb/16786,train
3,0,1445,nsrdb/16786,train
3,0,1446,nsrdb/16786,train
3,0,1447,nsrdb/16786,train
3,0,1448,nsrdb/16786,train
3,0,1449,nsrdb/16786,train
3,0,1460,nsrdb/17052,train
3,0,1461,nsrdb/17052,train
3,0,1462,nsrdb/17052,train
3,0,1463,nsrdb/17052,train
3,0,1464,nsrdb/17052,train
3,0,1465,nsrdb/17052,train
3,0,1466,nsrdb/17052,train
3,0,1467,nsrdb/17052,train
3,0,1468,nsrdb/17052,train
3,0,1469,nsrdb/17052,train
3,0,1470,nsrdb/17453,train
3,0,1471,nsrdb/17453,train
3,0,1472,nsrdb/17453,train
3,0,1473,nsrdb/17453,train
3,0,1474,nsrdb/17453,train
3,0,1475,nsrdb/17453,train
3,0,1476,nsrdb/17453,train
3,0,1477,nsrdb/17453,train
3,0,1478,nsrdb/17453,train
3,0,1479,nsrdb/17453,train
3,0,1500,nsrdb/18184,train
3,0,1501,nsrdb/18184,train
3,0,1502,nsrdb/18184,train
3,0,1503,nsrdb/18184,train
3,0,1504,nsrdb/18184,train
3,0,1505,nsrdb/18184,train
3,0,1506,nsrdb/18184,train
3,0,1507,nsrdb/18184,train
3,0,1508,nsrdb/18184,train
3,0,1509,nsrdb/18184,train
3,0,1510,nsrdb/19088,train
3,0,1511,nsrdb/19088,train
3,0,1512,nsrdb/19088,train
3,0,1513,nsrdb/19088,train
3,0,1514,nsrdb/19088,train
3,0,1515,nsrdb/19088,train
3,0,1516,nsrdb/19088,train
3,0,1517,nsrdb/19088,train
3,0,1518,nsrdb/19088,train
3,0,1519,nsrdb/19088,train
3,0,1520,nsrdb/19090,train
3,0,1521,nsrdb/19090,train
3,0,1522,nsrdb/19090,train
3,0,1523,nsrdb/19090,train
3,0,1524,nsrdb/19090,train
3,0,1525,nsrdb/19090,train
3,0,1526,nsrdb/19090,train
3,0,1527,nsrdb/19090,train
3,0,1528,nsrdb/19090,train
3,0,1529,nsrdb/19090,train
3,0,1560,nsrdb/16420,train
3,0,1561,nsrdb/16420,train
3,0,1562,nsrdb/16420,train
3,0,1563,nsrdb/16420,train
3,0,1564,nsrdb/16420,train
3,0,1565,nsrdb/16420,train
3,0,1566,nsrdb/16420,train
3,0,1567,nsrdb/16420,train
3,0,1568,nsrdb/16420,train
3,0,1569,nsrdb/16420,train
3,0,1580,nsrdb/16539,train
3,0,1581,nsrdb/16539,train
3,0,1582,nsrdb/16539,train
3,0,1583,nsrdb/16539,train
3,0,1584,nsrdb/16539,train
3,0,1585,nsrdb/16539,train
3,0,1586,nsrdb/16539,train
3,0,1587,nsrdb/16539,train
3,0,1588,nsrdb/16539,train
3,0,1589,nsrdb/16539,train
3,0,1600,nsrdb/16786,train
3,0,1601,nsrdb/16786,train
3,0,1602,nsrdb/16786,train
3,0,1603,nsrdb/16786,train
3,0,1604,nsrdb/16786,train
3,0,1605,nsrdb/16786,train
3,0,1606,nsrdb/16786,train
3,0,1607,nsrdb/16786,train
3,0,1608,nsrdb/16786,train
3,0,1609,nsrdb/16786,train
3,0,0,mitdb/100,validation
3,0,1,mitdb/100,validation
3,0,2,mitdb/100,validation
3,0,3,mitdb/100,validation
3,0,4,mitdb/100,validation
3,0,5,mitdb/100,validation
3,0,6,mitdb/100,validation
3,0,7,mitdb/100,validation
3,0,8,mitdb/100,validation
3,0,9,mitdb/100,validation
3,0,30,mitdb/112,validation
3,0,31,mitdb/112,validation
3,0,32,mitdb/112,validation
3,0,33,mitdb/112,validation
3,0,34,mitdb/112,validation
3,0,35,mitdb/112,validation
3,0,36,mitdb/112,validation
3,0,37,mitdb/112,validation
3,0,38,mitdb/112,validation
3,0,39,mitdb/112,validation
3,0,140,mitdb/123,validation
3,0,141,mitdb/123,validation
3,0,142,mitdb/123,validation
3,0,143,mitdb/123,validation
3,0,144,mitdb/123,validation
3,0,145,mitdb/123,validation
3,0,146,mitdb/123,validation
3,0,147,mitdb/123,validation
3,0,148,mitdb/123,validation
3,0,149,mitdb/123,validation
3,0,190,mitdb/203,validation
3,0,191,mitdb/203,validation
3,0,192,mitdb/203,validation
3,0,193,mitdb/203,validation
3,0,194,mitdb/203,validation
3,0,195,mitdb/203,validation
3,0,196,mitdb/203,validation
3,0,197,mitdb/203,validation
3,0,198,mitdb/203,validation
3,0,199,mitdb/203,validation
3,0,210,mitdb/207,validation
3,0,211,mitdb/207,validation
3,0,212,mitdb/207,validation
3,0,213,mitdb/207,validation
3,0,214,mitdb/207,validation
3,0,215,mitdb/207,validation
3,0,216,mitdb/207,validation
3,0,217,mitdb/207,validation
3,0,218,mitdb/207,validation
3,0,219,mitdb/207,validation
3,0,240,mitdb/209,validation
3,0,241,mitdb/209,validation
3,0,242,mitdb/209,validation
3,0,243,mitdb/209,validation
3,0,244,mitdb/209,validation
3,0,245,mitdb/209,validation
3,0,246,mitdb/209,validation
3,0,247,mitdb/209,validation
3,0,248,mitdb/209,validation
3,0,249,mitdb/209,validation
3,0,270,mitdb/213,validation
3,0,271,mitdb/213,validation
3,0,272,mitdb/213,validation
3,0,273,mitdb/213,validation
3,0,274,mitdb/213,validation
3,0,275,mitdb/213,validation
3,0,276,mitdb/213,validation
3,0,277,mitdb/213,validation
3,0,278,mitdb/213,validation
3,0,279,mitdb/213,validation
3,0,280,mitdb/214,validation
3,0,281,mitdb/214,validation
3,0,282,mitdb/214,validation
3,0,283,mitdb/214,validation
3,0,284,mitdb/214,validation
3,0,285,mitdb/214,validation
3,0,286,mitdb/214,validation
3,0,287,mitdb/214,validation
3,0,288,mitdb/214,validation
3,0,289,mitdb/214,validation
3,0,300,mitdb/217,validation
3,0,301,mitdb/217,validation
3,0,302,mitdb/217,validation
3,0,303,mitdb/217,validation
3,0,304,mitdb/217,validation
3,0,305,mitdb/217,validation
3,0,306,mitdb/217,validation
3,0,307,mitdb/217,validation
3,0,308,mitdb/217,validation
3,0,309,mitdb/217,validation
3,0,340,mitdb/221,validation
3,0,341,mitdb/221,validation
3,0,342,mitdb/221,validation
3,0,343,mitdb/221,validation
3,0,344,mitdb/221,validation
3,0,345,mitdb/221,validation
3,0,346,mitdb/221,validation
3,0,347,mitdb/221,validation
3,0,348,mitdb/221,validation
3,0,349,mitdb/221,validation
3,0,350,mitdb/222,validation
3,0,351,mitdb/222,validation
3,0,352,mitdb/222,validation
3,0,353,mitdb/222,validation
3,0,354,mitdb/222,validation
3,0,355,mitdb/222,validation
3,0,356,mitdb/222,validation
3,0,357,mitdb/222,validation
3,0,358,mitdb/222,validation
3,0,359,mitdb/222,validation
3,0,410,mitdb/233,validation
3,0,411,mitdb/233,validation
3,0,412,mitdb/233,validation
3,0,413,mitdb/233,validation
3,0,414,mitdb/233,validation
3,0,415,mitdb/233,validation
3,0,416,mitdb/233,validation
3,0,417,mitdb/233,validation
3,0,418,mitdb/233,validation
3,0,419,mitdb/233,validation
3,0,430,mitdb/100,validation
3,0,431,mitdb/100,validation
3,0,432,mitdb/100,validation
3,0,433,mitdb/100,validation
3,0,434,mitdb/100,validation
3,0,435,mitdb/100,validation
3,0,436,mitdb/100,validation
3,0,437,mitdb/100,validation
3,0,438,mitdb/100,validation
3,0,439,mitdb/100,validation
3,0,510,mitdb/107,validation
3,0,511,mitdb/107,validation
3,0,512,mitdb/107,validation
3,0,513,mitdb/107,validation
3,0,514,mitdb/107,validation
3,0,515,mitdb/107,validation
3,0,516,mitdb/107,validation
3,0,517,mitdb/107,validation
3,0,518,mitdb/107,validation
3,0,519,mitdb/107,validation
3,0,560,mitdb/112,validation
3,0,561,mitdb/112,validation
3,0,562,mitdb/112,validation
3,0,563,mitdb/112,validation
3,0,564,mitdb/112,validation
3,0,565,mitdb/112,validation
3,0,566,mitdb/112,validation
3,0,567,mitdb/112,validation
3,0,568,mitdb/112,validation
3,0,569,mitdb/112,validation
3,0,670,mitdb/123,validation
3,0,671,mitdb/123,validation
3,0,672,mitdb/123,validation
3,0,673,mitdb/123,validation
3,0,674,mitdb/123,validation
3,0,675,mitdb/123,validation
3,0,676,mitdb/123,validation
3,0,677,mitdb/123,validation
3,0,678,mitdb/123,validation
3,0,679,mitdb/123,validation
3,0,720,mitdb/203,validation
3,0,721,mitdb/203,validation
3,0,722,mitdb/203,validation
3,0,723,mitdb/203,validation
3,0,724,mitdb/203,validation
3,0,725,mitdb/203,validation
3,0,726,mitdb/203,validation
3,0,727,mitdb/203,validation
3,0,728,mitdb/203,validation
3,0,729,mitdb/203,validation
3,0,740,mitdb/207,validation
3,0,741,mitdb/207,validation
3,0,742,mitdb/207,validation
3,0,743,mitdb/207,validation
3,0,744,mitdb/207,validation
3,0,745,mitdb/207,validation
3,0,746,mitdb/207,validation
3,0,747,mitdb/207,validation
3,0,748,mitdb/207,validation
3,0,749,mitdb/207,validation
3,0,760,mitdb/209,validation
3,0,761,mitdb/209,validation
3,0,762,mitdb/209,validation
3,0,763,mitdb/209,validation
3,0,764,mitdb/209,validation
3,0,765,mitdb/209,validation
3,0,766,mitdb/209,validation
3,0,767,mitdb/209,validation
3,0,768,mitdb/209,validation
3,0,769,mitdb/209,validation
3,0,770,mitdb/107,validation
3,0,771,mitdb/107,validation
3,0,772,mitdb/107,validation
3,0,773,mitdb/107,validation
3,0,774,mitdb/107,validation
3,0,775,mitdb/107,validation
3,0,776,mitdb/107,validation
3,0,777,mitdb/107,validation
3,0,778,mitdb/107,validation
3,0,779,mitdb/107,validation
3,0,800,mitdb/213,validation
3,0,801,mitdb/213,validation
3,0,802,mitdb/213,validation
3,0,803,mitdb/213,validation
3,0,804,mitdb/213,validation
3,0,805,mitdb/213,validation
3,0,806,mitdb/213,validation
3,0,807,mitdb/213,validation
3,0,808,mitdb/213,validation
3,0,809,mitdb/213,validation
3,0,810,mitdb/214,validation
3,0,811,mitdb/214,validation
3,0,812,mitdb/214,validation
3,0,813,mitdb/214,validation
3,0,814,mitdb/214,validation
3,0,815,mitdb/214,validation
3,0,816,mitdb/214,validation
3,0,817,mitdb/214,validation
3,0,818,mitdb/214,validation
3,0,819,mitdb/214,validation
3,0,830,mitdb/217,validation
3,0,831,mitdb/217,validation
3,0,832,mitdb/217,validation
3,0,833,mitdb/217,validation
3,0,834,mitdb/217,validation
3,0,835,mitdb/217,validation
3,0,836,mitdb/217,validation
3,0,837,mitdb/217,validation
3,0,838,mitdb/217,validation
3,0,839,mitdb/217,validation
3,0,860,mitdb/221,validation
3,0,861,mitdb/221,validation
3,0,862,mitdb/221,validation
3,0,863,mitdb/221,validation
3,0,864,mitdb/221,validation
3,0,865,mitdb/221,validation
3,0,866,mitdb/221,validation
3,0,867,mitdb/221,validation
3,0,868,mitdb/221,validation
3,0,869,mitdb/221,validation
3,0,870,mitdb/222,validation
3,0,871,mitdb/222,validation
3,0,872,mitdb/222,validation
3,0,873,mitdb/222,validation
3,0,874,mitdb/222,validation
3,0,875,mitdb/222,validation
3,0,876,mitdb/222,validation
3,0,877,mitdb/222,validation
3,0,878,mitdb/222,validation
3,0,879,mitdb/222,validation
3,0,940,mitdb/233,validation
3,0,941,mitdb/233,validation
3,0,942,mitdb/233,validation
3,0,943,mitdb/233,validation
3,0,944,mitdb/233,validation
3,0,945,mitdb/233,validation
3,0,946,mitdb/233,validation
3,0,947,mitdb/233,validation
3,0,948,mitdb/233,validation
3,0,949,mitdb/233,validation
3,0,980,chfdb/chf11,validation
3,0,981,chfdb/chf11,validation
3,0,982,chfdb/chf11,validation
3,0,983,chfdb/chf11,validation
3,0,984,chfdb/chf11,validation
3,0,985,chfdb/chf11,validation
3,0,986,chfdb/chf11,validation
3,0,987,chfdb/chf11,validation
3,0,988,chfdb/chf11,validation
3,0,989,chfdb/chf11,validation
3,0,990,chfdb/chf12,validation
3,0,991,chfdb/chf12,validation
3,0,992,chfdb/chf12,validation
3,0,993,chfdb/chf12,validation
3,0,994,chfdb/chf12,validation
3,0,995,chfdb/chf12,validation
3,0,996,chfdb/chf12,validation
3,0,997,chfdb/chf12,validation
3,0,998,chfdb/chf12,validation
3,0,999,chfdb/chf12,validation
3,0,1040,chfdb/chf02,validation
3,0,1041,chfdb/chf02,validation
3,0,1042,chfdb/chf02,validation
3,0,1043,chfdb/chf02,validation
3,0,1044,chfdb/chf02,validation
3,0,1045,chfdb/chf02,validation
3,0,1046,chfdb/chf02,validation
3,0,1047,chfdb/chf02,validation
3,0,1048,chfdb/chf02,validation
3,0,1049,chfdb/chf02,validation
3,0,1050,chfdb/chf03,validation
3,0,1051,chfdb/chf03,validation
3,0,1052,chfdb/chf03,validation
3,0,1053,chfdb/chf03,validation
3,0,1054,chfdb/chf03,validation
3,0,1055,chfdb/chf03,validation
3,0,1056,chfdb/chf03,validation
3,0,1057,chfdb/chf03,validation
3,0,1058,chfdb/chf03,validation
3,0,1059,chfdb/chf03,validation
3,0,1070,chfdb/chf02,validation
3,0,1071,chfdb/chf02,validation
3,0,1072,chfdb/chf02,validation
3,0,1073,chfdb/chf02,validation
3,0,1074,chfdb/chf02,validation
3,0,1075,chfdb/chf02,validation
3,0,1076,chfdb/chf02,validation
3,0,1077,chfdb/chf02,validation
3,0,1078,chfdb/chf02,validation
3,0,1079,chfdb/chf02,validation
3,0,1140,chfdb/chf11,validation
3,0,1141,chfdb/chf11,validation
3,0,1142,chfdb/chf11,validation
3,0,1143,chfdb/chf11,validation
3,0,1144,chfdb/chf11,validation
3,0,1145,chfdb/chf11,validation
3,0,1146,chfdb/chf11,validation
3,0,1147,chfdb/chf11,validation
3,0,1148,chfdb/chf11,validation
3,0,1149,chfdb/chf11,validation
3,0,1150,chfdb/chf12,validation
3,0,1151,chfdb/chf12,validation
3,0,1152,chfdb/chf12,validation
3,0,1153,chfdb/chf12,validation
3,0,1154,chfdb/chf12,validation
3,0,1155,chfdb/chf12,validation
3,0,1156,chfdb/chf12,validation
3,0,1157,chfdb/chf12,validation
3,0,1158,chfdb/chf12,validation
3,0,1159,chfdb/chf12,validation
3,0,1180,chfdb/chf03,validation
3,0,1181,chfdb/chf03,validation
3,0,1182,chfdb/chf03,validation
3,0,1183,chfdb/chf03,validation
3,0,1184,chfdb/chf03,validation
3,0,1185,chfdb/chf03,validation
3,0,1186,chfdb/chf03,validation
3,0,1187,chfdb/chf03,validation
3,0,1188,chfdb/chf03,validation
3,0,1189,chfdb/chf03,validation
3,0,1290,nsrdb/18177,validation
3,0,1291,nsrdb/18177,validation
3,0,1292,nsrdb/18177,validation
3,0,1293,nsrdb/18177,validation
3,0,1294,nsrdb/18177,validation
3,0,1295,nsrdb/18177,validation
3,0,1296,nsrdb/18177,validation
3,0,1297,nsrdb/18177,validation
3,0,1298,nsrdb/18177,validation
3,0,1299,nsrdb/18177,validation
3,0,1330,nsrdb/19093,validation
3,0,1331,nsrdb/19093,validation
3,0,1332,nsrdb/19093,validation
3,0,1333,nsrdb/19093,validation
3,0,1334,nsrdb/19093,validation
3,0,1335,nsrdb/19093,validation
3,0,1336,nsrdb/19093,validation
3,0,1337,nsrdb/19093,validation
3,0,1338,nsrdb/19093,validation
3,0,1339,nsrdb/19093,validation
3,0,1340,nsrdb/19140,validation
3,0,1341,nsrdb/19140,validation
3,0,1342,nsrdb/19140,validation
3,0,1343,nsrdb/19140,validation
3,0,1344,nsrdb/19140,validation
3,0,1345,nsrdb/19140,validation
3,0,1346,nsrdb/19140,validation
3,0,1347,nsrdb/19140,validation
3,0,1348,nsrdb/19140,validation
3,0,1349,nsrdb/19140,validation
3,0,1350,nsrdb/19830,validation
3,0,1351,nsrdb/19830,validation
3,0,1352,nsrdb/19830,validation
3,0,1353,nsrdb/19830,validation
3,0,1354,nsrdb/19830,validation
3,0,1355,nsrdb/19830,validation
3,0,1356,nsrdb/19830,validation
3,0,1357,nsrdb/19830,validation
3,0,1358,nsrdb/19830,validation
3,0,1359,nsrdb/19830,validation
3,0,1410,nsrdb/16483,validation
3,0,1411,nsrdb/16483,validation
3,0,1412,nsrdb/16483,validation
3,0,1413,nsrdb/16483,validation
3,0,1414,nsrdb/16483,validation
3,0,1415,nsrdb/16483,validation
3,0,1416,nsrdb/16483,validation
3,0,1417,nsrdb/16483,validation
3,0,1418,nsrdb/16483,validation
3,0,1419,nsrdb/16483,validation
3,0,1490,nsrdb/18177,validation
3,0,1491,nsrdb/18177,validation
3,0,1492,nsrdb/18177,validation
3,0,1493,nsrdb/18177,validation
3,0,1494,nsrdb/18177,validation
3,0,1495,nsrdb/18177,validation
3,0,1496,nsrdb/18177,validation
3,0,1497,nsrdb/18177,validation
3,0,1498,nsrdb/18177,validation
3,0,1499,nsrdb/18177,validation
3,0,1530,nsrdb/19093,validation
3,0,1531,nsrdb/19093,validation
3,0,1532,nsrdb/19093,validation
3,0,1533,nsrdb/19093,validation
3,0,1534,nsrdb/19093,validation
3,0,1535,nsrdb/19093,validation
3,0,1536,nsrdb/19093,validation
3,0,1537,nsrdb/19093,validation
3,0,1538,nsrdb/19093,validation
3,0,1539,nsrdb/19093,validation
3,0,1540,nsrdb/19140,validation
3,0,1541,nsrdb/19140,validation
3,0,1542,nsrdb/19140,validation
3,0,1543,nsrdb/19140,validation
3,0,1544,nsrdb/19140,validation
3,0,1545,nsrdb/19140,validation
3,0,1546,nsrdb/19140,validation
3,0,1547,nsrdb/19140,validation
3,0,1548,nsrdb/19140,validation
3,0,1549,nsrdb/19140,validation
3,0,1550,nsrdb/19830,validation
3,0,1551,nsrdb/19830,validation
3,0,1552,nsrdb/19830,validation
3,0,1553,nsrdb/19830,validation
3,0,1554,nsrdb/19830,validation
3,0,1555,nsrdb/19830,validation
3,0,1556,nsrdb/19830,validation
3,0,1557,nsrdb/19830,validation
3,0,1558,nsrdb/19830,validation
3,0,1559,nsrdb/19830,validation
3,0,1570,nsrdb/16483,validation
3,0,1571,nsrdb/16483,validation
3,0,1572,nsrdb/16483,validation
3,0,1573,nsrdb/16483,validation
3,0,1574,nsrdb/16483,validation
3,0,1575,nsrdb/16483,validation
3,0,1576,nsrdb/16483,validation
3,0,1577,nsrdb/16483,validation
3,0,1578,nsrdb/16483,validation
3,0,1579,nsrdb/16483,validation
3,0,70,mitdb/116,test
3,0,71,mitdb/116,test
3,0,72,mitdb/116,test
3,0,73,mitdb/116,test
3,0,74,mitdb/116,test
3,0,75,mitdb/116,test
3,0,76,mitdb/116,test
3,0,77,mitdb/116,test
3,0,78,mitdb/116,test
3,0,79,mitdb/116,test
3,0,130,mitdb/122,test
3,0,131,mitdb/122,test
3,0,132,mitdb/122,test
3,0,133,mitdb/122,test
3,0,134,mitdb/122,test
3,0,135,mitdb/122,test
3,0,136,mitdb/122,test
3,0,137,mitdb/122,test
3,0,138,mitdb/122,test
3,0,139,mitdb/122,test
3,0,160,mitdb/200,test
3,0,161,mitdb/200,test
3,0,162,mitdb/200,test
3,0,163,mitdb/200,test
3,0,164,mitdb/200,test
3,0,165,mitdb/200,test
3,0,166,mitdb/200,test
3,0,167,mitdb/200,test
3,0,168,mitdb/200,test
3,0,169,mitdb/200,test
3,0,260,mitdb/212,test
3,0,261,mitdb/212,test
3,0,262,mitdb/212,test
3,0,263,mitdb/212,test
3,0,264,mitdb/212,test
3,0,265,mitdb/212,test
3,0,266,mitdb/212,test
3,0,267,mitdb/212,test
3,0,268,mitdb/212,test
3,0,269,mitdb/212,test
3,0,320,mitdb/220,test
3,0,321,mitdb/220,test
3,0,322,mitdb/220,test
3,0,323,mitdb/220,test
3,0,324,mitdb/220,test
3,0,325,mitdb/220,test
3,0,326,mitdb/220,test
3,0,327,mitdb/220,test
3,0,328,mitdb/220,test
3,0,329,mitdb/220,test
3,0,370,mitdb/228,test
3,0,371,mitdb/228,test
3,0,372,mitdb/228,test
3,0,373,mitdb/228,test
3,0,374,mitdb/228,test
3,0,375,mitdb/228,test
3,0,376,mitdb/228,test
3,0,377,mitdb/228,test
3,0,378,mitdb/228,test
3,0,379,mitdb/228,test
3,0,380,mitdb/230,test
3,0,381,mitdb/230,test
3,0,382,mitdb/230,test
3,0,383,mitdb/230,test
3,0,384,mitdb/230,test
3,0,385,mitdb/230,test
3,0,386,mitdb/230,test
3,0,387,mitdb/230,test
3,0,388,mitdb/230,test
3,0,389,mitdb/230,test
3,0,420,mitdb/234,test
3,0,421,mitdb/234,test
3,0,422,mitdb/234,test
3,0,423,mitdb/234,test
3,0,424,mitdb/234,test
3,0,425,mitdb/234,test
3,0,426,mitdb/234,test
3,0,427,mitdb/234,test
3,0,428,mitdb/234,test
3,0,429,mitdb/234,test
3,0,490,mitdb/105,test
3,0,491,mitdb/105,test
3,0,492,mitdb/105,test
3,0,493,mitdb/105,test
3,0,494,mitdb/105,test
3,0,495,mitdb/105,test
3,0,496,mitdb/105,test
3,0,497,mitdb/105,test
3,0,498,mitdb/105,test
3,0,499,mitdb/105,test
3,0,550,mitdb/105,test
3,0,551,mitdb/105,test
3,0,552,mitdb/105,test
3,0,553,mitdb/105,test
3,0,554,mitdb/105,test
3,0,555,mitdb/105,test
3,0,556,mitdb/105,test
3,0,557,mitdb/105,test
3,0,558,mitdb/105,test
3,0,559,mitdb/105,test
3,0,600,mitdb/116,test
3,0,601,mitdb/116,test
3,0,602,mitdb/116,test
3,0,603,mitdb/116,test
3,0,604,mitdb/116,test
3,0,605,mitdb/116,test
3,0,606,mitdb/116,test
3,0,607,mitdb/116,test
3,0,608,mitdb/116,test
3,0,609,mitdb/116,test
3,0,650,mitdb/122,test
3,0,651,mitdb/122,test
3,0,652,mitdb/122,test
3,0,653,mitdb/122,test
3,0,654,mitdb/122,test
3,0,655,mitdb/122,test
3,0,656,mitdb/122,test
3,0,657,mitdb/122,test
3,0,658,mitdb/122,test
3,0,659,mitdb/122,test
3,0,690,mitdb/200,test
3,0,691,mitdb/200,test
3,0,692,mitdb/200,test
3,0,693,mitdb/200,test
3,0,694,mitdb/200,test
3,0,695,mitdb/200,test
3,0,696,mitdb/200,test
3,0,697,mitdb/200,test
3,0,698,mitdb/200,test
3,0,699,mitdb/200,test
3,0,790,mitdb/212,test
3,0,791,mitdb/212,test
3,0,792,mitdb/212,test
3,0,793,mitdb/212,test
3,0,794,mitdb/212,test
3,0,795,mitdb/212,test
3,0,796,mitdb/212,test
3,0,797,mitdb/212,test
3,0,798,mitdb/212,test
3,0,799,mitdb/212,test
3,0,850,mitdb/220,test
3,0,851,mitdb/220,test
3,0,852,mitdb/220,test
3,0,853,mitdb/220,test
3,0,854,mitdb/220,test
3,0,855,mitdb/220,test
3,0,856,mitdb/220,test
3,0,857,mitdb/220,test
3,0,858,mitdb/220,test
3,0,859,mitdb/220,test
3,0,900,mitdb/228,test
3,0,901,mitdb/228,test
3,0,902,mitdb/228,test
3,0,903,mitdb/228,test
3,0,904,mitdb/228,test
3,0,905,mitdb/228,test
3,0,906,mitdb/228,test
3,0,907,mitdb/228,test
3,0,908,mitdb/228,test
3,0,909,mitdb/228,test
3,0,910,mitdb/230,test
3,0,911,mitdb/230,test
3,0,912,mitdb/230,test
3,0,913,mitdb/230,test
3,0,914,mitdb/230,test
3,0,915,mitdb/230,test
3,0,916,mitdb/230,test
3,0,917,mitdb/230,test
3,0,918,mitdb/230,test
3,0,919,mitdb/230,test
3,0,950,mitdb/234,test
3,0,951,mitdb/234,test
3,0,952,mitdb/234,test
3,0,953,mitdb/234,test
3,0,954,mitdb/234,test
3,0,955,mitdb/234,test
3,0,956,mitdb/234,test
3,0,957,mitdb/234,test
3,0,958,mitdb/234,test
3,0,959,mitdb/234,test
3,0,1020,chfdb/chf15,test
3,0,1021,chfdb/chf15,test
3,0,1022,chfdb/chf15,test
3,0,1023,chfdb/chf15,test
3,0,1024,chfdb/chf15,test
3,0,1025,chfdb/chf15,test
3,0,1026,chfdb/chf15,test
3,0,1027,chfdb/chf15,test
3,0,1028,chfdb/chf15,test
3,0,1029,chfdb/chf15,test
3,0,1090,chfdb/chf06,test
3,0,1091,chfdb/chf06,test
3,0,1092,chfdb/chf06,test
3,0,1093,chfdb/chf06,test
3,0,1094,chfdb/chf06,test
3,0,1095,chfdb/chf06,test
3,0,1096,chfdb/chf06,test
3,0,1097,chfdb/chf06,test
3,0,1098,chfdb/chf06,test
3,0,1099,chfdb/chf06,test
3,0,1100,chfdb/chf07,test
3,0,1101,chfdb/chf07,test
3,0,1102,chfdb/chf07,test
3,0,1103,chfdb/chf07,test
3,0,1104,chfdb/chf07,test
3,0,1105,chfdb/chf07,test
3,0,1106,chfdb/chf07,test
3,0,1107,chfdb/chf07,test
3,0,1108,chfdb/chf07,test
3,0,1109,chfdb/chf07,test
3,0,1190,chfdb/chf15,test
3,0,1191,chfdb/chf15,test
3,0,1192,chfdb/chf15,test
3,0,1193,chfdb/chf15,test
3,0,1194,chfdb/chf15,test
3,0,1195,chfdb/chf15,test
3,0,1196,chfdb/chf15,test
3,0,1197,chfdb/chf15,test
3,0,1198,chfdb/chf15,test
3,0,1199,chfdb/chf15,test
3,0,1220,chfdb/chf06,test
3,0,1221,chfdb/chf06,test
3,0,1222,chfdb/chf06,test
3,0,1223,chfdb/chf06,test
3,0,1224,chfdb/chf06,test
3,0,1225,chfdb/chf06,test
3,0,1226,chfdb/chf06,test
3,0,1227,chfdb/chf06,test
3,0,1228,chfdb/chf06,test
3,0,1229,chfdb/chf06,test
3,0,1230,chfdb/chf07,test
3,0,1231,chfdb/chf07,test
3,0,1232,chfdb/chf07,test
3,0,1233,chfdb/chf07,test
3,0,1234,chfdb/chf07,test
3,0,1235,chfdb/chf07,test
3,0,1236,chfdb/chf07,test
3,0,1237,chfdb/chf07,test
3,0,1238,chfdb/chf07,test
3,0,1239,chfdb/chf07,test
3,0,1370,nsrdb/16272,test
3,0,1371,nsrdb/16272,test
3,0,1372,nsrdb/16272,test
3,0,1373,nsrdb/16272,test
3,0,1374,nsrdb/16272,test
3,0,1375,nsrdb/16272,test
3,0,1376,nsrdb/16272,test
3,0,1377,nsrdb/16272,test
3,0,1378,nsrdb/16272,test
3,0,1379,nsrdb/16272,test
3,0,1380,nsrdb/16272,test
3,0,1381,nsrdb/16272,test
3,0,1382,nsrdb/16272,test
3,0,1383,nsrdb/16272,test
3,0,1384,nsrdb/16272,test
3,0,1385,nsrdb/16272,test
3,0,1386,nsrdb/16272,test
3,0,1387,nsrdb/16272,test
3,0,1388,nsrdb/16272,test
3,0,1389,nsrdb/16272,test
3,0,1390,nsrdb/16273,test
3,0,1391,nsrdb/16273,test
3,0,1392,nsrdb/16273,test
3,0,1393,nsrdb/16273,test
3,0,1394,nsrdb/16273,test
3,0,1395,nsrdb/16273,test
3,0,1396,nsrdb/16273,test
3,0,1397,nsrdb/16273,test
3,0,1398,nsrdb/16273,test
3,0,1399,nsrdb/16273,test
3,0,1430,nsrdb/16773,test
3,0,1431,nsrdb/16773,test
3,0,1432,nsrdb/16773,test
3,0,1433,nsrdb/16773,test
3,0,1434,nsrdb/16773,test
3,0,1435,nsrdb/16773,test
3,0,1436,nsrdb/16773,test
3,0,1437,nsrdb/16773,test
3,0,1438,nsrdb/16773,test
3,0,1439,nsrdb/16773,test
3,0,1450,nsrdb/16795,test
3,0,1451,nsrdb/16795,test
3,0,1452,nsrdb/16795,test
3,0,1453,nsrdb/16795,test
3,0,1454,nsrdb/16795,test
3,0,1455,nsrdb/16795,test
3,0,1456,nsrdb/16795,test
3,0,1457,nsrdb/16795,test
3,0,1458,nsrdb/16795,test
3,0,1459,nsrdb/16795,test
3,0,1480,nsrdb/16273,test
3,0,1481,nsrdb/16273,test
3,0,1482,nsrdb/16273,test
3,0,1483,nsrdb/16273,test
3,0,1484,nsrdb/16273,test
3,0,1485,nsrdb/16273,test
3,0,1486,nsrdb/16273,test
3,0,1487,nsrdb/16273,test
3,0,1488,nsrdb/16273,test
3,0,1489,nsrdb/16273,test
3,0,1590,nsrdb/16773,test
3,0,1591,nsrdb/16773,test
3,0,1592,nsrdb/16773,test
3,0,1593,nsrdb/16773,test
3,0,1594,nsrdb/16773,test
3,0,1595,nsrdb/16773,test
3,0,1596,nsrdb/16773,test
3,0,1597,nsrdb/16773,test
3,0,1598,nsrdb/16773,test
3,0,1599,nsrdb/16773,test
3,0,1610,nsrdb/16795,test
3,0,1611,nsrdb/16795,test
3,0,1612,nsrdb/16795,test
3,0,1613,nsrdb/16795,test
3,0,1614,nsrdb/16795,test
3,0,1615,nsrdb/16795,test
3,0,1616,nsrdb/16795,test
3,0,1617,nsrdb/16795,test
3,0,1618,nsrdb/16795,test
3,0,1619,nsrdb/16795,test
3,1,0,mitdb/100,train
3,1,1,mitdb/100,train
3,1,2,mitdb/100,train
3,1,3,mitdb/100,train
3,1,4,mitdb/100,train
3,1,5,mitdb/100,train
3,1,6,mitdb/100,train
3,1,7,mitdb/100,train
3,1,8,mitdb/100,train
3,1,9,mitdb/100,train
3,1,30,mitdb/112,train
3,1,31,mitdb/112,train
3,1,32,mitdb/112,train
3,1,33,mitdb/112,train
3,1,34,mitdb/112,train
3,1,35,mitdb/112,train
3,1,36,mitdb/112,train
3,1,37,mitdb/112,train
3,1,38,mitdb/112,train
3,1,39,mitdb/112,train
3,1,40,mitdb/113,train
3,1,41,mitdb/113,train
3,1,42,mitdb/113,train
3,1,43,mitdb/113,train
3,1,44,mitdb/113,train
3,1,45,mitdb/113,train
3,1,46,mitdb/113,train
3,1,47,mitdb/113,train
3,1,48,mitdb/113,train
3,1,49,mitdb/113,train
3,1,80,mitdb/117,train
3,1,81,mitdb/117,train
3,1,82,mitdb/117,train
3,1,83,mitdb/117,train
3,1,84,mitdb/117,train
3,1,85,mitdb/117,train
3,1,86,mitdb/117,train
3,1,87,mitdb/117,train
3,1,88,mitdb/117,train
3,1,89,mitdb/117,train
3,1,100,mitdb/119,train
3,1,101,mitdb/119,train
3,1,102,mitdb/119,train
3,1,103,mitdb/119,train
3,1,104,mitdb/119,train
3,1,105,mitdb/119,train
3,1,106,mitdb/119,train
3,1,107,mitdb/119,train
3,1,108,mitdb/119,train
3,1,109,mitdb/119,train
3,1,120,mitdb/121,train
3,1,121,mitdb/121,train
3,1,122,mitdb/121,train
3,1,123,mitdb/121,train
3,1,124,mitdb/121,train
3,1,125,mitdb/121,train
3,1,126,mitdb/121,train
3,1,127,mitdb/121,train
3,1,128,mitdb/121,train
3,1,129,mitdb/121,train
3,1,140,mitdb/123,train
3,1,141,mitdb/123,train
3,1,142,mitdb/123,train
3,1,143,mitdb/123,train
3,1,144,mitdb/123,train
3,1,145,mitdb/123,train
3,1,146,mitdb/123,train
3,1,147,mitdb/123,train
3,1,148,mitdb/123,train
3,1,149,mitdb/123,train
3,1,150,mitdb/124,train
3,1,151,mitdb/124,train
3,1,152,mitdb/124,train
3,1,153,mitdb/124,train
3,1,154,mitdb/124,train
3,1,155,mitdb/124,train
3,1,156,mitdb/124,train
3,1,157,mitdb/124,train
3,1,158,mitdb/124,train
3,1,159,mitdb/124,train
3,1,170,mitdb/201-202,train
3,1,171,mitdb/201-202,train
3,1,172,mitdb/201-202,train
3,1,173,mitdb/201-202,train
3,1,174,mitdb/201-202,train
3,1,175,mitdb/201-202,train
3,1,176,mitdb/201-202,train
3,1,177,mitdb/201-202,train
3,1,178,mitdb/201-202,train
3,1,179,mitdb/201-202,train
3,1,180,mitdb/201-202,train
3,1,181,mitdb/201-202,train
3,1,182,mitdb/201-202,train
3,1,183,mitdb/201-202,train
3,1,184,mitdb/201-202,train
3,1,185,mitdb/201-202,train
3,1,186,mitdb/201-202,train
3,1,187,mitdb/201-202,train
3,1,188,mitdb/201-202,train
3,1,189,mitdb/201-202,train
3,1,190,mitdb/203,train
3,1,191,mitdb/203,train
3,1,192,mitdb/203,train
3,1,193,mitdb/203,train
3,1,194,mitdb/203,train
3,1,195,mitdb/203,train
3,1,196,mitdb/203,train
3,1,197,mitdb/203,train
3,1,198,mitdb/203,train
3,1,199,mitdb/203,train
3,1,200,mitdb/205,train
3,1,201,mitdb/205,train
3,1,202,mitdb/205,train
3,1,203,mitdb/205,train
3,1,204,mitdb/205,train
3,1,205,mitdb/205,train
3,1,206,mitdb/205,train
3,1,207,mitdb/205,train
3,1,208,mitdb/205,train
3,1,209,mitdb/205,train
3,1,210,mitdb/207,train
3,1,211,mitdb/207,train
3,1,212,mitdb/207,train
3,1,213,mitdb/207,train
3,1,214,mitdb/207,train
3,1,215,mitdb/207,train
3,1,216,mitdb/207,train
3,1,217,mitdb/207,train
3,1,218,mitdb/207,train
3,1,219,mitdb/207,train
3,1,220,mitdb/102,train
3,1,221,mitdb/102,train
3,1,222,mitdb/102,train
3,1,223,mitdb/102,train
3,1,224,mitdb/102,train
3,1,225,mitdb/102,train
3,1,226,mitdb/102,train
3,1,227,mitdb/102,train
3,1,228,mitdb/102,train
3,1,229,mitdb/102,train
3,1,240,mitdb/209,train
3,1,241,mitdb/209,train
3,1,242,mitdb/209,train
3,1,243,mitdb/209,train
3,1,244,mitdb/209,train
3,1,245,mitdb/209,train
3,1,246,mitdb/209,train
3,1,247,mitdb/209,train
3,1,248,mitdb/209,train
3,1,249,mitdb/209,train
3,1,250,mitdb/210,train
3,1,251,mitdb/210,train
3,1,252,mitdb/210,train
3,1,253,mitdb/210,train
3,1,254,mitdb/210,train
3,1,255,mitdb/210,train
3,1,256,mitdb/210,train
3,1,257,mitdb/210,train
3,1,258,mitdb/210,train
3,1,259,mitdb/210,train
3,1,270,mitdb/213,train
3,1,271,mitdb/213,train
3,1,272,mitdb/213,train
3,1,273,mitdb/213,train
3,1,274,mitdb/213,train
3,1,275,mitdb/213,train
3,1,276,mitdb/213,train
3,1,277,mitdb/213,train
3,1,278,mitdb/213,train
3,1,279,mitdb/213,train
3,1,280,mitdb/214,train
3,1,281,mitdb/214,train
3,1,282,mitdb/214,train
3,1,283,mitdb/214,train
3,1,284,mitdb/214,train
3,1,285,mitdb/214,train
3,1,286,mitdb/214,train
3,1,287,mitdb/214,train
3,1,288,mitdb/214,train
3,1,289,mitdb/214,train
3,1,300,mitdb/217,train
3,1,301,mitdb/217,train
3,1,302,mitdb/217,train
3,1,303,mitdb/217,train
3,1,304,mitdb/217,train
3,1,305,mitdb/217,train
3,1,306,mitdb/217,train
3,1,307,mitdb/217,train
3,1,308,mitdb/217,train
3,1,309,mitdb/217,train
3,1,330,mitdb/103,train
3,1,331,mitdb/103,train
3,1,332,mitdb/103,train
3,1,333,mitdb/103,train
3,1,334,mitdb/103,train
3,1,335,mitdb/103,train
3,1,336,mitdb/103,train
3,1,337,mitdb/103,train
3,1,338,mitdb/103,train
3,1,339,mitdb/103,train
3,1,340,mitdb/221,train
3,1,341,mitdb/221,train
3,1,342,mitdb/221,train
3,1,343,mitdb/221,train
3,1,344,mitdb/221,train
3,1,345,mitdb/221,train
3,1,346,mitdb/221,train
3,1,347,mitdb/221,train
3,1,348,mitdb/221,train
3,1,349,mitdb/221,train
3,1,350,mitdb/222,train
3,1,351,mitdb/222,train
3,1,352,mitdb/222,train
3,1,353,mitdb/222,train
3,1,354,mitdb/222,train
3,1,355,mitdb/222,train
3,1,356,mitdb/222,train
3,1,357,mitdb/222,train
3,1,358,mitdb/222,train
3,1,359,mitdb/222,train
3,1,390,mitdb/231,train
3,1,391,mitdb/231,train
3,1,392,mitdb/231,train
3,1,393,mitdb/231,train
3,1,394,mitdb/231,train
3,1,395,mitdb/231,train
3,1,396,mitdb/231,train
3,1,397,mitdb/231,train
3,1,398,mitdb/231,train
3,1,399,mitdb/231,train
3,1,410,mitdb/233,train
3,1,411,mitdb/233,train
3,1,412,mitdb/233,train
3,1,413,mitdb/233,train
3,1,414,mitdb/233,train
3,1,415,mitdb/233,train
3,1,416,mitdb/233,train
3,1,417,mitdb/233,train
3,1,418,mitdb/233,train
3,1,419,mitdb/233,train
3,1,430,mitdb/100,train
3,1,431,mitdb/100,train
3,1,432,mitdb/100,train
3,1,433,mitdb/100,train
3,1,434,mitdb/100,train
3,1,435,mitdb/100,train
3,1,436,mitdb/100,train
3,1,437,mitdb/100,train
3,1,438,mitdb/100,train
3,1,439,mitdb/100,train
3,1,460,mitdb/102,train
3,1,461,mitdb/102,train
3,1,462,mitdb/102,train
3,1,463,mitdb/102,train
3,1,464,mitdb/102,train
3,1,465,mitdb/102,train
3,1,466,mitdb/102,train
3,1,467,mitdb/102,train
3,1,468,mitdb/102,train
3,1,469,mitdb/102,train
3,1,470,mitdb/103,train
3,1,471,mitdb/103,train
3,1,472,mitdb/103,train
3,1,473,mitdb/103,train
3,1,474,mitdb/103,train
3,1,475,mitdb/103,train
3,1,476,mitdb/103,train
3,1,477,mitdb/103,train
3,1,478,mitdb/103,train
3,1,479,mitdb/103,train
3,1,510,mitdb/107,train
3,1,511,mitdb/107,train
3,1,512,mitdb/107,train
3,1,513,mitdb/107,train
3,1,514,mitdb/107,train
3,1,515,mitdb/107,train
3,1,516,mitdb/107,train
3,1,517,mitdb/107,train
3,1,518,mitdb/107,train
3,1,519,mitdb/107,train
3,1,520,mitdb/108,train
3,1,521,mitdb/108,train
3,1,522,mitdb/108,train
3,1,523,mitdb/108,train
3,1,524,mitdb/108,train
3,1,525,mitdb/108,train
3,1,526,mitdb/108,train
3,1,527,mitdb/108,train
3,1,528,mitdb/108,train
3,1,529,mitdb/108,train
3,1,560,mitdb/112,train
3,1,561,mitdb/112,train
3,1,562,mitdb/112,train
3,1,563,mitdb/112,train
3,1,564,mitdb/112,train
3,1,565,mitdb/112,train
3,1,566,mitdb/112,train
3,1,567,mitdb/112,train
3,1,568,mitdb/112,train
3,1,569,mitdb/112,train
3,1,570,mitdb/113,train
3,1,571,mitdb/113,train
3,1,572,mitdb/113,train
3,1,573,mitdb/113,train
3,1,574,mitdb/113,train
3,1,575,mitdb/113,train
3,1,576,mitdb/113,train
3,1,577,mitdb/113,train
3,1,578,mitdb/113,train
3,1,579,mitdb/113,train
3,1,610,mitdb/117,train
3,1,611,mitdb/117,train
3,1,612,mitdb/117,train
3,1,613,mitdb/117,train
3,1,614,mitdb/117,train
3,1,615,mitdb/117,train
3,1,616,mitdb/117,train
3,1,617,mitdb/117,train
3,1,618,mitdb/117,train
3,1,619,mitdb/117,train
3,1,630,mitdb/119,train
3,1,631,mitdb/119,train
3,1,632,mitdb/119,train
3,1,633,mitdb/119,train
3,1,634,mitdb/119,train
3,1,635,mitdb/119,train
3,1,636,mitdb/119,train
3,1,637,mitdb/119,train
3,1,638,mitdb/119,train
3,1,639,mitdb/119,train
3,1,640,mitdb/121,train
3,1,641,mitdb/121,train
3,1,642,mitdb/121,train
3,1,643,mitdb/121,train
3,1,644,mitdb/121,train
3,1,645,mitdb/121,train
3,1,646,mitdb/121,train
3,1,647,mitdb/121,train
3,1,648,mitdb/121,train
3,1,649,mitdb/121,train
3,1,670,mitdb/123,train
3,1,671,mitdb/123,train
3,1,672,mitdb/123,train
3,1,673,mitdb/123,train
3,1,674,mitdb/123,train
3,1,675,mitdb/123,train
3,1,676,mitdb/123,train
3,1,677,mitdb/123,train
3,1,678,mitdb/123,train
3,1,679,mitdb/123,train
3,1,680,mitdb/124,train
3,1,681,mitdb/124,train
3,1,682,mitdb/124,train
3,1,683,mitdb/124,train
3,1,684,mitdb/124,train
3,1,685,mitdb/124,train
3,1,686,mitdb/124,train
3,1,687,mitdb/124,train
3,1,688,mitdb/124,train
3,1,689,mitdb/124,train
3,1,700,mitdb/201-202,train
3,1,701,mitdb/201-202,train
3,1,702,mitdb/201-202,train
3,1,703,mitdb/201-202,train
3,1,704,mitdb/201-202,train
3,1,705,mitdb/201-202,train
3,1,706,mitdb/201-202,train
3,1,707,mitdb/201-202,train
3,1,708,mitdb/201-202,train
3,1,709,mitdb/201-202,train
3,1,710,mitdb/201-202,train
3,1,711,mitdb/201-202,train
3,1,712,mitdb/201-202,train
3,1,713,mitdb/201-202,train
3,1,714,mitdb/201-202,train
3,1,715,mitdb/201-202,train
3,1,716,mitdb/201-202,train
3,1,717,mitdb/201-202,train
3,1,718,mitdb/201-202,train
3,1,719,mitdb/201-202,train
3,1,720,mitdb/203,train
3,1,721,mitdb/203,train
3,1,722,mitdb/203,train
3,1,723,mitdb/203,train
3,1,724,mitdb/203,train
3,1,725,mitdb/203,train
3,1,726,mitdb/203,train
3,1,727,mitdb/203,train
3,1,728,mitdb/203,train
3,1,729,mitdb/203,train
3,1,730,mitdb/205,train
3,1,731,mitdb/205,train
3,1,732,mitdb/205,train
3,1,733,mitdb/205,train
3,1,734,mitdb/205,train
3,1,735,mitdb/205,train
3,1,736,mitdb/205,train
3,1,737,mitdb/205,train
3,1,738,mitdb/205,train
3,1,739,mitdb/205,train
3,1,740,mitdb/207,train
3,1,741,mitdb/207,train
3,1,742,mitdb/207,train
3,1,743,mitdb/207,train
3,1,744,mitdb/207,train
3,1,745,mitdb/207,train
3,1,746,mitdb/207,train
3,1,747,mitdb/207,train
3,1,748,mitdb/207,train
3,1,749,mitdb/207,train
3,1,760,mitdb/209,train
3,1,761,mitdb/209,train
3,1,762,mitdb/209,train
3,1,763,mitdb/209,train
3,1,764,mitdb/209,train
3,1,765,mitdb/209,train
3,1,766,mitdb/209,train
3,1,767,mitdb/209,train
3,1,768,mitdb/209,train
3,1,769,mitdb/209,train
3,1,770,mitdb/107,train
3,1,771,mitdb/107,train
3,1,772,mitdb/107,train
3,1,773,mitdb/107,train
3,1,774,mitdb/107,train
3,1,775,mitdb/107,train
3,1,776,mitdb/107,train
3,1,777,mitdb/107,train
3,1,778,mitdb/107,train
3,1,779,mitdb/107,train
3,1,780,mitdb/210,train
3,1,781,mitdb/210,train
3,1,782,mitdb/210,train
3,1,783,mitdb/210,train
3,1,784,mitdb/210,train
3,1,785,mitdb/210,train
3,1,786,mitdb/210,train
3,1,787,mitdb/210,train
3,1,788,mitdb/210,train
3,1,789,mitdb/210,train
3,1,800,mitdb/213,train
3,1,801,mitdb/213,train
3,1,802,mitdb/213,train
3,1,803,mitdb/213,train
3,1,804,mitdb/213,train
3,1,805,mitdb/213,train
3,1,806,mitdb/213,train
3,1,807,mitdb/213,train
3,1,808,mitdb/213,train
3,1,809,mitdb/213,train
3,1,810,mitdb/214,train
3,1,811,mitdb/214,train
3,1,812,mitdb/214,train
3,1,813,mitdb/214,train
3,1,814,mitdb/214,train
3,1,815,mitdb/214,train
3,1,816,mitdb/214,train
3,1,817,mitdb/214,train
3,1,818,mitdb/214,train
3,1,819,mitdb/214,train
3,1,830,mitdb/217,train
3,1,831,mitdb/217,train
3,1,832,mitdb/217,train
3,1,833,mitdb/217,train
3,1,834,mitdb/217,train
3,1,835,mitdb/217,train
3,1,836,mitdb/217,train
3,1,837,mitdb/217,train
3,1,838,mitdb/217,train
3,1,839,mitdb/217,train
3,1,860,mitdb/221,train
3,1,861,mitdb/221,train
3,1,862,mitdb/221,train
3,1,863,mitdb/221,train
3,1,864,mitdb/221,train
3,1,865,mitdb/221,train
3,1,866,mitdb/221,train
3,1,867,mitdb/221,train
3,1,868,mitdb/221,train
3,1,869,mitdb/221,train
3,1,870,mitdb/222,train
3,1,871,mitdb/222,train
3,1,872,mitdb/222,train
3,1,873,mitdb/222,train
3,1,874,mitdb/222,train
3,1,875,mitdb/222,train
3,1,876,mitdb/222,train
3,1,877,mitdb/222,train
3,1,878,mitdb/222,train
3,1,879,mitdb/222,train
3,1,880,mitdb/108,train
3,1,881,mitdb/108,train
3,1,882,mitdb/108,train
3,1,883,mitdb/108,train
3,1,884,mitdb/108,train
3,1,885,mitdb/108,train
3,1,886,mitdb/108,train
3,1,887,mitdb/108,train
3,1,888,mitdb/108,train
3,1,889,mitdb/108,train
3,1,920,mitdb/231,train
3,1,921,mitdb/231,train
3,1,922,mitdb/231,train
3,1,923,mitdb/231,train
3,1,924,mitdb/231,train
3,1,925,mitdb/231,train
3,1,926,mitdb/231,train
3,1,927,mitdb/231,train
3,1,928,mitdb/231,train
3,1,929,mitdb/231,train
3,1,940,mitdb/233,train
3,1,941,mitdb/233,train
3,1,942,mitdb/233,train
3,1,943,mitdb/233,train
3,1,944,mitdb/233,train
3,1,945,mitdb/233,train
3,1,946,mitdb/233,train
3,1,947,mitdb/233,train
3,1,948,mitdb/233,train
3,1,949,mitdb/233,train
3,1,970,chfdb/chf10,train
3,1,971,chfdb/chf10,train
3,1,972,chfdb/chf10,train
3,1,973,chfdb/chf10,train
3,1,974,chfdb/chf10,train
3,1,975,chfdb/chf10,train
3,1,976,chfdb/chf10,train
3,1,977,chfdb/chf10,train
3,1,978,chfdb/chf10,train
3,1,979,chfdb/chf10,train
3,1,980,chfdb/chf11,train
3,1,981,chfdb/chf11,train
3,1,982,chfdb/chf11,train
3,1,983,chfdb/chf11,train
3,1,984,chfdb/chf11,train
3,1,985,chfdb/chf11,train
3,1,986,chfdb/chf11,train
3,1,987,chfdb/chf11,train
3,1,988,chfdb/chf11,train
3,1,989,chfdb/chf11,train
3,1,990,chfdb/chf12,train
3,1,991,chfdb/chf12,train
3,1,992,chfdb/chf12,train
3,1,993,chfdb/chf12,train
3,1,994,chfdb/chf12,train
3,1,995,chfdb/chf12,train
3,1,996,chfdb/chf12,train
3,1,997,chfdb/chf12,train
3,1,998,chfdb/chf12,train
3,1,999,chfdb/chf12,train
3,1,1000,chfdb/chf13,train
3,1,1001,chfdb/chf13,train
3,1,1002,chfdb/chf13,train
3,1,1003,chfdb/chf13,train
3,1,1004,chfdb/chf13,train
3,1,1005,chfdb/chf13,train
3,1,1006,chfdb/chf13,train
3,1,1007,chfdb/chf13,train
3,1,1008,chfdb/chf13,train
3,1,1009,chfdb/chf13,train
3,1,1010,chfdb/chf14,train
3,1,1011,chfdb/chf14,train
3,1,1012,chfdb/chf14,train
3,1,1013,chfdb/chf14,train
3,1,1014,chfdb/chf14,train
3,1,1015,chfdb/chf14,train
3,1,1016,chfdb/chf14,train
3,1,1017,chfdb/chf14,train
3,1,1018,chfdb/chf14,train
3,1,1019,chfdb/chf14,train
3,1,1040,chfdb/chf02,train
3,1,1041,chfdb/chf02,train
3,1,1042,chfdb/chf02,train
3,1,1043,chfdb/chf02,train
3,1,1044,chfdb/chf02,train
3,1,1045,chfdb/chf02,train
3,1,1046,chfdb/chf02,train
3,1,1047,chfdb/chf02,train
3,1,1048,chfdb/chf02,train
3,1,1049,chfdb/chf02,train
3,1,1050,chfdb/chf03,train
3,1,1051,chfdb/chf03,train
3,1,1052,chfdb/chf03,train
3,1,1053,chfdb/chf03,train
3,1,1054,chfdb/chf03,train
3,1,1055,chfdb/chf03,train
3,1,1056,chfdb/chf03,train
3,1,1057,chfdb/chf03,train
3,1,1058,chfdb/chf03,train
3,1,1059,chfdb/chf03,train
3,1,1070,chfdb/chf02,train
3,1,1071,chfdb/chf02,train
3,1,1072,chfdb/chf02,train
3,1,1073,chfdb/chf02,train
3,1,1074,chfdb/chf02,train
3,1,1075,chfdb/chf02,train
3,1,1076,chfdb/chf02,train
3,1,1077,chfdb/chf02,train
3,1,1078,chfdb/chf02,train
3,1,1079,chfdb/chf02,train
3,1,1080,chfdb/chf05,train
3,1,1081,chfdb/chf05,train
3,1,1082,chfdb/chf05,train
3,1,1083,chfdb/chf05,train
3,1,1084,chfdb/chf05,train
3,1,1085,chfdb/chf05,train
3,1,1086,chfdb/chf05,train
3,1,1087,chfdb/chf05,train
3,1,1088,chfdb/chf05,train
3,1,1089,chfdb/chf05,train
3,1,1130,chfdb/chf10,train
3,1,1131,chfdb/chf10,train
3,1,1132,chfdb/chf10,train
3,1,1133,chfdb/chf10,train
3,1,1134,chfdb/chf10,train
3,1,1135,chfdb/chf10,train
3,1,1136,chfdb/chf10,train
3,1,1137,chfdb/chf10,train
3,1,1138,chfdb/chf10,train
3,1,1139,chfdb/chf10,train
3,1,1140,chfdb/chf11,train
3,1,1141,chfdb/chf11,train
3,1,1142,chfdb/chf11,train
3,1,1143,chfdb/chf11,train
3,1,1144,chfdb/chf11,train
3,1,1145,chfdb/chf11,train
3,1,1146,chfdb/chf11,train
3,1,1147,chfdb/chf11,train
3,1,1148,chfdb/chf11,train
3,1,1149,chfdb/chf11,train
3,1,1150,chfdb/chf12,train
3,1,1151,chfdb/chf12,train
3,1,1152,chfdb/chf12,train
3,1,1153,chfdb/chf12,train
3,1,1154,chfdb/chf12,train
3,1,1155,chfdb/chf12,train
3,1,1156,chfdb/chf12,train
3,1,1157,chfdb/chf12,train
3,1,1158,chfdb/chf12,train
3,1,1159,chfdb/chf12,train
3,1,1160,chfdb/chf13,train
3,1,1161,chfdb/chf13,train
3,1,1162,chfdb/chf13,train
3,1,1163,chfdb/chf13,train
3,1,1164,chfdb/chf13,train
3,1,1165,chfdb/chf13,train
3,1,1166,chfdb/chf13,train
3,1,1167,chfdb/chf13,train
3,1,1168,chfdb/chf13,train
3,1,1169,chfdb/chf13,train
3,1,1170,chfdb/chf14,train
3,1,1171,chfdb/chf14,train
3,1,1172,chfdb/chf14,train
3,1,1173,chfdb/chf14,train
3,1,1174,chfdb/chf14,train
3,1,1175,chfdb/chf14,train
3,1,1176,chfdb/chf14,train
3,1,1177,chfdb/chf14,train
3,1,1178,chfdb/chf14,train
3,1,1179,chfdb/chf14,train
3,1,1180,chfdb/chf03,train
3,1,1181,chfdb/chf03,train
3,1,1182,chfdb/chf03,train
3,1,1183,chfdb/chf03,train
3,1,1184,chfdb/chf03,train
3,1,1185,chfdb/chf03,train
3,1,1186,chfdb/chf03,train
3,1,1187,chfdb/chf03,train
3,1,1188,chfdb/chf03,train
3,1,1189,chfdb/chf03,train
3,1,1210,chfdb/chf05,train
3,1,1211,chfdb/chf05,train
3,1,1212,chfdb/chf05,train
3,1,1213,chfdb/chf05,train
3,1,1214,chfdb/chf05,train
3,1,1215,chfdb/chf05,train
3,1,1216,chfdb/chf05,train
3,1,1217,chfdb/chf05,train
3,1,1218,chfdb/chf05,train
3,1,1219,chfdb/chf05,train
3,1,1280,nsrdb/17453,train
3,1,1281,nsrdb/17453,train
3,1,1282,nsrdb/17453,train
3,1,1283,nsrdb/17453,train
3,1,1284,nsrdb/17453,train
3,1,1285,nsrdb/17453,train
3,1,1286,nsrdb/17453,train
3,1,1287,nsrdb/17453,train
3,1,1288,nsrdb/17453,train
3,1,1289,nsrdb/17453,train
3,1,1290,nsrdb/18177,train
3,1,1291,nsrdb/18177,train
3,1,1292,nsrdb/18177,train
3,1,1293,nsrdb/18177,train
3,1,1294,nsrdb/18177,train
3,1,1295,nsrdb/18177,train
3,1,1296,nsrdb/18177,train
3,1,1297,nsrdb/18177,train
3,1,1298,nsrdb/18177,train
3,1,1299,nsrdb/18177,train
3,1,1300,nsrdb/18184,train
3,1,1301,nsrdb/18184,train
3,1,1302,nsrdb/18184,train
3,1,1303,nsrdb/18184,train
3,1,1304,nsrdb/18184,train
3,1,1305,nsrdb/18184,train
3,1,1306,nsrdb/18184,train
3,1,1307,nsrdb/18184,train
3,1,1308,nsrdb/18184,train
3,1,1309,nsrdb/18184,train
3,1,1330,nsrdb/19093,train
3,1,1331,nsrdb/19093,train
3,1,1332,nsrdb/19093,train
3,1,1333,nsrdb/19093,train
3,1,1334,nsrdb/19093,train
3,1,1335,nsrdb/19093,train
3,1,1336,nsrdb/19093,train
3,1,1337,nsrdb/19093,train
3,1,1338,nsrdb/19093,train
3,1,1339,nsrdb/19093,train
3,1,1340,nsrdb/19140,train
3,1,1341,nsrdb/19140,train
3,1,1342,nsrdb/19140,train
3,1,1343,nsrdb/19140,train
3,1,1344,nsrdb/19140,train
3,1,1345,nsrdb/19140,train
3,1,1346,nsrdb/19140,train
3,1,1347,nsrdb/19140,train
3,1,1348,nsrdb/19140,train
3,1,1349,nsrdb/19140,train
3,1,1350,nsrdb/19830,train
3,1,1351,nsrdb/19830,train
3,1,1352,nsrdb/19830,train
3,1,1353,nsrdb/19830,train
3,1,1354,nsrdb/19830,train
3,1,1355,nsrdb/19830,train
3,1,1356,nsrdb/19830,train
3,1,1357,nsrdb/19830,train
3,1,1358,nsrdb/19830,train
3,1,1359,nsrdb/19830,train
3,1,1400,nsrdb/16420,train
3,1,1401,nsrdb/16420,train
3,1,1402,nsrdb/16420,train
3,1,1403,nsrdb/16420,train
3,1,1404,nsrdb/16420,train
3,1,1405,nsrdb/16420,train
3,1,1406,nsrdb/16420,train
3,1,1407,nsrdb/16420,train
3,1,1408,nsrdb/16420,train
3,1,1409,nsrdb/16420,train
3,1,1410,nsrdb/16483,train
3,1,1411,nsrdb/16483,train
3,1,1412,nsrdb/16483,train
3,1,1413,nsrdb/16483,train
3,1,1414,nsrdb/16483,train
3,1,1415,nsrdb/16483,train
3,1,1416,nsrdb/16483,train
3,1,1417,nsrdb/16483,train
3,1,1418,nsrdb/16483,train
3,1,1419,nsrdb/16483,train
3,1,1420,nsrdb/16539,train
3,1,1421,nsrdb/16539,train
3,1,1422,nsrdb/16539,train
3,1,1423,nsrdb/16539,train
3,1,1424,nsrdb/16539,train
3,1,1425,nsrdb/16539,train
3,1,1426,nsrdb/16539,train
3,1,1427,nsrdb/16539,train
3,1,1428,nsrdb/16539,train
3,1,1429,nsrdb/16539,train
3,1,1440,nsrdb/16786,train
3,1,1441,nsrdb/16786,train
3,1,1442,nsrdb/16786,train
3,1,1443,nsrdb/16786,train
3,1,1444,nsrdb/16786,train
3,1,1445,nsrdb/16786,train
3,1,1446,nsrdb/16786,train
3,1,1447,nsrdb/16786,train
3,1,1448,nsrdb/16786,train
3,1,1449,nsrdb/16786,train
3,1,1470,nsrdb/17453,train
3,1,1471,nsrdb/17453,train
3,1,1472,nsrdb/17453,train
3,1,1473,nsrdb/17453,train
3,1,1474,nsrdb/17453,train
3,1,1475,nsrdb/17453,train
3,1,1476,nsrdb/17453,train
3,1,1477,nsrdb/17453,train
3,1,1478,nsrdb/17453,train
3,1,1479,nsrdb/17453,train
3,1,1490,nsrdb/18177,train
3,1,1491,nsrdb/18177,train
3,1,1492,nsrdb/18177,train
3,1,1493,nsrdb/18177,train
3,1,1494,nsrdb/18177,train
3,1,1495,nsrdb/18177,train
3,1,1496,nsrdb/18177,train
3,1,1497,nsrdb/18177,train
3,1,1498,nsrdb/18177,train
3,1,1499,nsrdb/18177,train
3,1,1500,nsrdb/18184,train
3,1,1501,nsrdb/18184,train
3,1,1502,nsrdb/18184,train
3,1,1503,nsrdb/18184,train
3,1,1504,nsrdb/18184,train
3,1,1505,nsrdb/18184,train
3,1,1506,nsrdb/18184,train
3,1,1507,nsrdb/18184,train
3,1,1508,nsrdb/18184,train
3,1,1509,nsrdb/18184,train
3,1,1530,nsrdb/19093,train
3,1,1531,nsrdb/19093,train
3,1,1532,nsrdb/19093,train
3,1,1533,nsrdb/19093,train
3,1,1534,nsrdb/19093,train
3,1,1535,nsrdb/19093,train
3,1,1536,nsrdb/19093,train
3,1,1537,nsrdb/19093,train
3,1,1538,nsrdb/19093,train
3,1,1539,nsrdb/19093,train
3,1,1540,nsrdb/19140,train
3,1,1541,nsrdb/19140,train
3,1,1542,nsrdb/19140,train
3,1,1543,nsrdb/19140,train
3,1,1544,nsrdb/19140,train
3,1,1545,nsrdb/19140,train
3,1,1546,nsrdb/19140,train
3,1,1547,nsrdb/19140,train
3,1,1548,nsrdb/19140,train
3,1,1549,nsrdb/19140,train
3,1,1550,nsrdb/19830,train
3,1,1551,nsrdb/19830,train
3,1,1552,nsrdb/19830,train
3,1,1553,nsrdb/19830,train
3,1,1554,nsrdb/19830,train
3,1,1555,nsrdb/19830,train
3,1,1556,nsrdb/19830,train
3,1,1557,nsrdb/19830,train
3,1,1558,nsrdb/19830,train
3,1,1559,nsrdb/19830,train
3,1,1560,nsrdb/16420,train
3,1,1561,nsrdb/16420,train
3,1,1562,nsrdb/16420,train
3,1,1563,nsrdb/16420,train
3,1,1564,nsrdb/16420,train
3,1,1565,nsrdb/16420,train
3,1,1566,nsrdb/16420,train
3,1,1567,nsrdb/16420,train
3,1,1568,nsrdb/16420,train
3,1,1569,nsrdb/16420,train
3,1,1570,nsrdb/16483,train
3,1,1571,nsrdb/16483,train
3,1,1572,nsrdb/16483,train
3,1,1573,nsrdb/16483,train
3,1,1574,nsrdb/16483,train
3,1,1575,nsrdb/16483,train
3,1,1576,nsrdb/16483,train
3,1,1577,nsrdb/16483,train
3,1,1578,nsrdb/16483,train
3,1,1579,nsrdb/16483,train
3,1,1580,nsrdb/16539,train
3,1,1581,nsrdb/16539,train
3,1,1582,nsrdb/16539,train
3,1,1583,nsrdb/16539,train
3,1,1584,nsrdb/16539,train
3,1,1585,nsrdb/16539,train
3,1,1586,nsrdb/16539,train
3,1,1587,nsrdb/16539,train
3,1,1588,nsrdb/16539,train
3,1,1589,nsrdb/16539,train
3,1,1600,nsrdb/16786,train
3,1,1601,nsrdb/16786,train
3,1,1602,nsrdb/16786,train
3,1,1603,nsrdb/16786,train
3,1,1604,nsrdb/16786,train
3,1,1605,nsrdb/16786,train
3,1,1606,nsrdb/16786,train
3,1,1607,nsrdb/16786,train
3,1,1608,nsrdb/16786,train
3,1,1609,nsrdb/16786,train
3,1,10,mitdb/109,validation
3,1,11,mitdb/109,validation
3,1,12,mitdb/109,validation
3,1,13,mitdb/109,validation
3,1,14,mitdb/109,validation
3,1,15,mitdb/109,validation
3,1,16,mitdb/109,validation
3,1,17,mitdb/109,validation
3,1,18,mitdb/109,validation
3,1,19,mitdb/109,validation
3,1,20,mitdb/111,validation
3,1,21,mitdb/111,validation
3,1,22,mitdb/111,validation
3,1,23,mitdb/111,validation
3,1,24,mitdb/111,validation
3,1,25,mitdb/111,validation
3,1,26,mitdb/111,validation
3,1,27,mitdb/111,validation
3,1,28,mitdb/111,validation
3,1,29,mitdb/111,validation
3,1,50,mitdb/114,validation
3,1,51,mitdb/114,validation
3,1,52,mitdb/114,validation
3,1,53,mitdb/114,validation
3,1,54,mitdb/114,validation
3,1,55,mitdb/114,validation
3,1,56,mitdb/114,validation
3,1,57,mitdb/114,validation
3,1,58,mitdb/114,validation
3,1,59,mitdb/114,validation
3,1,60,mitdb/115,validation
3,1,61,mitdb/115,validation
3,1,62,mitdb/115,validation
3,1,63,mitdb/115,validation
3,1,64,mitdb/115,validation
3,1,65,mitdb/115,validation
3,1,66,mitdb/115,validation
3,1,67,mitdb/115,validation
3,1,68,mitdb/115,validation
3,1,69,mitdb/115,validation
3,1,90,mitdb/118,validation
3,1,91,mitdb/118,validation
3,1,92,mitdb/118,validation
3,1,93,mitdb/118,validation
3,1,94,mitdb/118,validation
3,1,95,mitdb/118,validation
3,1,96,mitdb/118,validation
3,1,97,mitdb/118,validation
3,1,98,mitdb/118,validation
3,1,99,mitdb/118,validation
3,1,110,mitdb/101,validation
3,1,111,mitdb/101,validation
3,1,112,mitdb/101,validation
3,1,113,mitdb/101,validation
3,1,114,mitdb/101,validation
3,1,115,mitdb/101,validation
3,1,116,mitdb/101,validation
3,1,117,mitdb/101,validation
3,1,118,mitdb/101,validation
3,1,119,mitdb/101,validation
3,1,230,mitdb/208,validation
3,1,231,mitdb/208,validation
3,1,232,mitdb/208,validation
3,1,233,mitdb/208,validation
3,1,234,mitdb/208,validation
3,1,235,mitdb/208,validation
3,1,236,mitdb/208,validation
3,1,237,mitdb/208,validation
3,1,238,mitdb/208,validation
3,1,239,mitdb/208,validation
3,1,290,mitdb/215,validation
3,1,291,mitdb/215,validation
3,1,292,mitdb/215,validation
3,1,293,mitdb/215,validation
3,1,294,mitdb/215,validation
3,1,295,mitdb/215,validation
3,1,296,mitdb/215,validation
3,1,297,mitdb/215,validation
3,1,298,mitdb/215,validation
3,1,299,mitdb/215,validation
3,1,310,mitdb/219,validation
3,1,311,mitdb/219,validation
3,1,312,mitdb/219,validation
3,1,313,mitdb/219,validation
3,1,314,mitdb/219,validation
3,1,315,mitdb/219,validation
3,1,316,mitdb/219,validation
3,1,317,mitdb/219,validation
3,1,318,mitdb/219,validation
3,1,319,mitdb/219,validation
3,1,360,mitdb/223,validation
3,1,361,mitdb/223,validation
3,1,362,mitdb/223,validation
3,1,363,mitdb/223,validation
3,1,364,mitdb/223,validation
3,1,365,mitdb/223,validation
3,1,366,mitdb/223,validation
3,1,367,mitdb/223,validation
3,1,368,mitdb/223,validation
3,1,369,mitdb/223,validation
3,1,400,mitdb/232,validation
3,1,401,mitdb/232,validation
3,1,402,mitdb/232,validation
3,1,403,mitdb/232,validation
3,1,404,mitdb/232,validation
3,1,405,mitdb/232,validation
3,1,406,mitdb/232,validation
3,1,407,mitdb/232,validation
3,1,408,mitdb/232,validation
3,1,409,mitdb/232,validation
3,1,440,mitdb/104,validation
3,1,441,mitdb/104,validation
3,1,442,mitdb/104,validation
3,1,443,mitdb/104,validation
3,1,444,mitdb/104,validation
3,1,445,mitdb/104,validation
3,1,446,mitdb/104,validation
3,1,447,mitdb/104,validation
3,1,448,mitdb/104,validation
3,1,449,mitdb/104,validation
3,1,450,mitdb/101,validation
3,1,451,mitdb/101,validation
3,1,452,mitdb/101,validation
3,1,453,mitdb/101,validation
3,1,454,mitdb/101,validation
3,1,455,mitdb/101,validation
3,1,456,mitdb/101,validation
3,1,457,mitdb/101,validation
3,1,458,mitdb/101,validation
3,1,459,mitdb/101,validation
3,1,480,mitdb/104,validation
3,1,481,mitdb/104,validation
3,1,482,mitdb/104,validation
3,1,483,mitdb/104,validation
3,1,484,mitdb/104,validation
3,1,485,mitdb/104,validation
3,1,486,mitdb/104,validation
3,1,487,mitdb/104,validation
3,1,488,mitdb/104,validation
3,1,489,mitdb/104,validation
3,1,500,mitdb/106,validation
3,1,501,mitdb/106,validation
3,1,502,mitdb/106,validation
3,1,503,mitdb/106,validation
3,1,504,mitdb/106,validation
3,1,505,mitdb/106,validation
3,1,506,mitdb/106,validation
3,1,507,mitdb/106,validation
3,1,508,mitdb/106,validation
3,1,509,mitdb/106,validation
3,1,530,mitdb/109,validation
3,1,531,mitdb/109,validation
3,1,532,mitdb/109,validation
3,1,533,mitdb/109,validation
3,1,534,mitdb/109,validation
3,1,535,mitdb/109,validation
3,1,536,mitdb/109,validation
3,1,537,mitdb/109,validation
3,1,538,mitdb/109,validation
3,1,539,mitdb/109,validation
3,1,540,mitdb/111,validation
3,1,541,mitdb/111,validation
3,1,542,mitdb/111,validation
3,1,543,mitdb/111,validation
3,1,544,mitdb/111,validation
3,1,545,mitdb/111,validation
3,1,546,mitdb/111,validation
3,1,547,mitdb/111,validation
3,1,548,mitdb/111,validation
3,1,549,mitdb/111,validation
3,1,580,mitdb/114,validation
3,1,581,mitdb/114,validation
3,1,582,mitdb/114,validation
3,1,583,mitdb/114,validation
3,1,584,mitdb/114,validation
3,1,585,mitdb/114,validation
3,1,586,mitdb/114,validation
3,1,587,mitdb/114,validation
3,1,588,mitdb/114,validation
3,1,589,mitdb/114,validation
3,1,590,mitdb/115,validation
3,1,591,mitdb/115,validation
3,1,592,mitdb/115,validation
3,1,593,mitdb/115,validation
3,1,594,mitdb/115,validation
3,1,595,mitdb/115,validation
3,1,596,mitdb/115,validation
3,1,597,mitdb/115,validation
3,1,598,mitdb/115,validation
3,1,599,mitdb/115,validation
3,1,620,mitdb/118,validation
3,1,621,mitdb/118,validation
3,1,622,mitdb/118,validation
3,1,623,mitdb/118,validation
3,1,624,mitdb/118,validation
3,1,625,mitdb/118,validation
3,1,626,mitdb/118,validation
3,1,627,mitdb/118,validation
3,1,628,mitdb/118,validation
3,1,629,mitdb/118,validation
3,1,660,mitdb/106,validation
3,1,661,mitdb/106,validation
3,1,662,mitdb/106,validation
3,1,663,mitdb/106,validation
3,1,664,mitdb/106,validation
3,1,665,mitdb/106,validation
3,1,666,mitdb/106,validation
3,1,667,mitdb/106,validation
3,1,668,mitdb/106,validation
3,1,669,mitdb/106,validation
3,1,750,mitdb/208,validation
3,1,751,mitdb/208,validation
3,1,752,mitdb/208,validation
3,1,753,mitdb/208,validation
3,1,754,mitdb/208,validation
3,1,755,mitdb/208,validation
3,1,756,mitdb/208,validation
3,1,757,mitdb/208,validation
3,1,758,mitdb/208,validation
3,1,759,mitdb/208,validation
3,1,820,mitdb/215,validation
3,1,821,mitdb/215,validation
3,1,822,mitdb/215,validation
3,1,823,mitdb/215,validation
3,1,824,mitdb/215,validation
3,1,825,mitdb/215,validation
3,1,826,mitdb/215,validation
3,1,827,mitdb/215,validation
3,1,828,mitdb/215,validation
3,1,829,mitdb/215,validation
3,1,840,mitdb/219,validation
3,1,841,mitdb/219,validation
3,1,842,mitdb/219,validation
3,1,843,mitdb/219,validation
3,1,844,mitdb/219,validation
3,1,845,mitdb/219,validation
3,1,846,mitdb/219,validation
3,1,847,mitdb/219,validation
3,1,848,mitdb/219,validation
3,1,849,mitdb/219,validation
3,1,890,mitdb/223,validation
3,1,891,mitdb/223,validation
3,1,892,mitdb/223,validation
3,1,893,mitdb/223,validation
3,1,894,mitdb/223,validation
3,1,895,mitdb/223,validation
3,1,896,mitdb/223,validation
3,1,897,mitdb/223,validation
3,1,898,mitdb/223,validation
3,1,899,mitdb/223,validation
3,1,930,mitdb/232,validation
3,1,931,mitdb/232,validation
3,1,932,mitdb/232,validation
3,1,933,mitdb/232,validation
3,1,934,mitdb/232,validation
3,1,935,mitdb/232,validation
3,1,936,mitdb/232,validation
3,1,937,mitdb/232,validation
3,1,938,mitdb/232,validation
3,1,939,mitdb/232,validation
3,1,960,chfdb/chf01,validation
3,1,961,chfdb/chf01,validation
3,1,962,chfdb/chf01,validation
3,1,963,chfdb/chf01,validation
3,1,964,chfdb/chf01,validation
3,1,965,chfdb/chf01,validation
3,1,966,chfdb/chf01,validation
3,1,967,chfdb/chf01,validation
3,1,968,chfdb/chf01,validation
3,1,969,chfdb/chf01,validation
3,1,1030,chfdb/chf01,validation
3,1,1031,chfdb/chf01,validation
3,1,1032,chfdb/chf01,validation
3,1,1033,chfdb/chf01,validation
3,1,1034,chfdb/chf01,validation
3,1,1035,chfdb/chf01,validation
3,1,1036,chfdb/chf01,validation
3,1,1037,chfdb/chf01,validation
3,1,1038,chfdb/chf01,validation
3,1,1039,chfdb/chf01,validation
3,1,1060,chfdb/chf04,validation
3,1,1061,chfdb/chf04,validation
3,1,1062,chfdb/chf04,validation
3,1,1063,chfdb/chf04,validation
3,1,1064,chfdb/chf04,validation
3,1,1065,chfdb/chf04,validation
3,1,1066,chfdb/chf04,validation
3,1,1067,chfdb/chf04,validation
3,1,1068,chfdb/chf04,validation
3,1,1069,chfdb/chf04,validation
3,1,1110,chfdb/chf08,validation
3,1,1111,chfdb/chf08,validation
3,1,1112,chfdb/chf08,validation
3,1,1113,chfdb/chf08,validation
3,1,1114,chfdb/chf08,validation
3,1,1115,chfdb/chf08,validation
3,1,1116,chfdb/chf08,validation
3,1,1117,chfdb/chf08,validation
3,1,1118,chfdb/chf08,validation
3,1,1119,chfdb/chf08,validation
3,1,1120,chfdb/chf09,validation
3,1,1121,chfdb/chf09,validation
3,1,1122,chfdb/chf09,validation
3,1,1123,chfdb/chf09,validation
3,1,1124,chfdb/chf09,validation
3,1,1125,chfdb/chf09,validation
3,1,1126,chfdb/chf09,validation
3,1,1127,chfdb/chf09,validation
3,1,1128,chfdb/chf09,validation
3,1,1129,chfdb/chf09,validation
3,1,1200,chfdb/chf04,validation
3,1,1201,chfdb/chf04,validation
3,1,1202,chfdb/chf04,validation
3,1,1203,chfdb/chf04,validation
3,1,1204,chfdb/chf04,validation
3,1,1205,chfdb/chf04,validation
3,1,1206,chfdb/chf04,validation
3,1,1207,chfdb/chf04,validation
3,1,1208,chfdb/chf04,validation
3,1,1209,chfdb/chf04,validation
3,1,1240,chfdb/chf08,validation
3,1,1241,chfdb/chf08,validation
3,1,1242,chfdb/chf08,validation
3,1,1243,chfdb/chf08,validation
3,1,1244,chfdb/chf08,validation
3,1,1245,chfdb/chf08,validation
3,1,1246,chfdb/chf08,validation
3,1,1247,chfdb/chf08,validation
3,1,1248,chfdb/chf08,validation
3,1,1249,chfdb/chf08,validation
3,1,1250,chfdb/chf09,validation
3,1,1251,chfdb/chf09,validation
3,1,1252,chfdb/chf09,validation
3,1,1253,chfdb/chf09,validation
3,1,1254,chfdb/chf09,validation
3,1,1255,chfdb/chf09,validation
3,1,1256,chfdb/chf09,validation
3,1,1257,chfdb/chf09,validation
3,1,1258,chfdb/chf09,validation
3,1,1259,chfdb/chf09,validation
3,1,1260,nsrdb/16265,validation
3,1,1261,nsrdb/16265,validation
3,1,1262,nsrdb/16265,validation
3,1,1263,nsrdb/16265,validation
3,1,1264,nsrdb/16265,validation
3,1,1265,nsrdb/16265,validation
3,1,1266,nsrdb/16265,validation
3,1,1267,nsrdb/16265,validation
3,1,1268,nsrdb/16265,validation
3,1,1269,nsrdb/16265,validation
3,1,1270,nsrdb/17052,validation
3,1,1271,nsrdb/17052,validation
3,1,1272,nsrdb/17052,validation
3,1,1273,nsrdb/17052,validation
3,1,1274,nsrdb/17052,validation
3,1,1275,nsrdb/17052,validation
3,1,1276,nsrdb/17052,validation
3,1,1277,nsrdb/17052,validation
3,1,1278,nsrdb/17052,validation
3,1,1279,nsrdb/17052,validation
3,1,1310,nsrdb/19088,validation
3,1,1311,nsrdb/19088,validation
3,1,1312,nsrdb/19088,validation
3,1,1313,nsrdb/19088,validation
3,1,1314,nsrdb/19088,validation
3,1,1315,nsrdb/19088,validation
3,1,1316,nsrdb/19088,validation
3,1,1317,nsrdb/19088,validation
3,1,1318,nsrdb/19088,validation
3,1,1319,nsrdb/19088,validation
3,1,1320,nsrdb/19090,validation
3,1,1321,nsrdb/19090,validation
3,1,1322,nsrdb/19090,validation
3,1,1323,nsrdb/19090,validation
3,1,1324,nsrdb/19090,validation
3,1,1325,nsrdb/19090,validation
3,1,1326,nsrdb/19090,validation
3,1,1327,nsrdb/19090,validation
3,1,1328,nsrdb/19090,validation
3,1,1329,nsrdb/19090,validation
3,1,1360,nsrdb/16265,validation
3,1,1361,nsrdb/16265,validation
3,1,1362,nsrdb/16265,validation
3,1,1363,nsrdb/16265,validation
3,1,1364,nsrdb/16265,validation
3,1,1365,nsrdb/16265,validation
3,1,1366,nsrdb/16265,validation
3,1,1367,nsrdb/16265,validation
3,1,1368,nsrdb/16265,validation
3,1,1369,nsrdb/16265,validation
3,1,1460,nsrdb/17052,validation
3,1,1461,nsrdb/17052,validation
3,1,1462,nsrdb/17052,validation
3,1,1463,nsrdb/17052,validation
3,1,1464,nsrdb/17052,validation
3,1,1465,nsrdb/17052,validation
3,1,1466,nsrdb/17052,validation
3,1,1467,nsrdb/17052,validation
3,1,1468,nsrdb/17052,validation
3,1,1469,nsrdb/17052,validation
3,1,1510,nsrdb/19088,validation
3,1,1511,nsrdb/19088,validation
3,1,1512,nsrdb/19088,validation
3,1,1513,nsrdb/19088,validation
3,1,1514,nsrdb/19088,validation
3,1,1515,nsrdb/19088,validation
3,1,1516,nsrdb/19088,validation
3,1,1517,nsrdb/19088,validation
3,1,1518,nsrdb/19088,validation
3,1,1519,nsrdb/19088,validation
3,1,1520,nsrdb/19090,validation
3,1,1521,nsrdb/19090,validation
3,1,1522,nsrdb/19090,validation
3,1,1523,nsrdb/19090,validation
3,1,1524,nsrdb/19090,validation
3,1,1525,nsrdb/19090,validation
3,1,1526,nsrdb/19090,validation
3,1,1527,nsrdb/19090,validation
3,1,1528,nsrdb/19090,validation
3,1,1529,nsrdb/19090,validation
3,1,70,mitdb/116,test
3,1,71,mitdb/116,test
3,1,72,mitdb/116,test
3,1,73,mitdb/116,test
3,1,74,mitdb/116,test
3,1,75,mitdb/116,test
3,1,76,mitdb/116,test
3,1,77,mitdb/116,test
3,1,78,mitdb/116,test
3,1,79,mitdb/116,test
3,1,130,mitdb/122,test
3,1,131,mitdb/122,test
3,1,132,mitdb/122,test
3,1,133,mitdb/122,test
3,1,134,mitdb/122,test
3,1,135,mitdb/122,test
3,1,136,mitdb/122,test
3,1,137,mitdb/122,test
3,1,138,mitdb/122,test
3,1,139,mitdb/122,test
3,1,160,mitdb/200,test
3,1,161,mitdb/200,test
3,1,162,mitdb/200,test
3,1,163,mitdb/200,test
3,1,164,mitdb/200,test
3,1,165,mitdb/200,test
3,1,166,mitdb/200,test
3,1,167,mitdb/200,test
3,1,168,mitdb/200,test
3,1,169,mitdb/200,test
3,1,260,mitdb/212,test
3,1,261,mitdb/212,test
3,1,262,mitdb/212,test
3,1,263,mitdb/212,test
3,1,264,mitdb/212,test
3,1,265,mitdb/212,test
3,1,266,mitdb/212,test
3,1,267,mitdb/212,test
3,1,268,mitdb/212,test
3,1,269,mitdb/212,test
3,1,320,mitdb/220,test
3,1,321,mitdb/220,test
3,1,322,mitdb/220,test
3,1,323,mitdb/220,test
3,1,324,mitdb/220,test
3,1,325,mitdb/220,test
3,1,326,mitdb/220,test
3,1,327,mitdb/220,test
3,1,328,mitdb/220,test
3,1,329,mitdb/220,test
3,1,370,mitdb/228,test
3,1,371,mitdb/228,test
3,1,372,mitdb/228,test
3,1,373,mitdb/228,test
3,1,374,mitdb/228,test
3,1,375,mitdb/228,test
3,1,376,mitdb/228,test
3,1,377,mitdb/228,test
3,1,378,mitdb/228,test
3,1,379,mitdb/228,test
3,1,380,mitdb/230,test
3,1,381,mitdb/230,test
3,1,382,mitdb/230,test
3,1,383,mitdb/230,test
3,1,384,mitdb/230,test
3,1,385,mitdb/230,test
3,1,386,mitdb/230,test
3,1,387,mitdb/230,test
3,1,388,mitdb/230,test
3,1,389,mitdb/230,test
3,1,420,mitdb/234,test
3,1,421,mitdb/234,test
3,1,422,mitdb/234,test
3,1,423,mitdb/234,test
3,1,424,mitdb/234,test
3,1,425,mitdb/234,test
3,1,426,mitdb/234,test
3,1,427,mitdb/234,test
3,1,428,mitdb/234,test
3,1,429,mitdb/234,test
3,1,490,mitdb/105,test
3,1,491,mitdb/105,test
3,1,492,mitdb/105,test
3,1,493,mitdb/105,test
3,1,494,mitdb/105,test
3,1,495,mitdb/105,test
3,1,496,mitdb/105,test
3,1,497,mitdb/105,test
3,1,498,mitdb/105,test
3,1,499,mitdb/105,test
3,1,550,mitdb/105,test
3,1,551,mitdb/105,test
3,1,552,mitdb/105,test
3,1,553,mitdb/105,test
3,1,554,mitdb/105,test
3,1,555,mitdb/105,test
3,1,556,mitdb/105,test
3,1,557,mitdb/105,test
3,1,558,mitdb/105,test
3,1,559,mitdb/105,test
3,1,600,mitdb/116,test
3,1,601,mitdb/116,test
3,1,602,mitdb/116,test
3,1,603,mitdb/116,test
3,1,604,mitdb/116,test
3,1,605,mitdb/116,test
3,1,606,mitdb/116,test
3,1,607,mitdb/116,test
3,1,608,mitdb/116,test
3,1,609,mitdb/116,test
3,1,650,mitdb/122,test
3,1,651,mitdb/122,test
3,1,652,mitdb/122,test
3,1,653,mitdb/122,test
3,1,654,mitdb/122,test
3,1,655,mitdb/122,test
3,1,656,mitdb/122,test
3,1,657,mitdb/122,test
3,1,658,mitdb/122,test
3,1,659,mitdb/122,test
3,1,690,mitdb/200,test
3,1,691,mitdb/200,test
3,1,692,mitdb/200,test
3,1,693,mitdb/200,test
3,1,694,mitdb/200,test
3,1,695,mitdb/200,test
3,1,696,mitdb/200,test
3,1,697,mitdb/200,test
3,1,698,mitdb/200,test
3,1,699,mitdb/200,test
3,1,790,mitdb/212,test
3,1,791,mitdb/212,test
3,1,792,mitdb/212,test
3,1,793,mitdb/212,test
3,1,794,mitdb/212,test
3,1,795,mitdb/212,test
3,1,796,mitdb/212,test
3,1,797,mitdb/212,test
3,1,798,mitdb/212,test
3,1,799,mitdb/212,test
3,1,850,mitdb/220,test
3,1,851,mitdb/220,test
3,1,852,mitdb/220,test
3,1,853,mitdb/220,test
3,1,854,mitdb/220,test
3,1,855,mitdb/220,test
3,1,856,mitdb/220,test
3,1,857,mitdb/220,test
3,1,858,mitdb/220,test
3,1,859,mitdb/220,test
3,1,900,mitdb/228,test
3,1,901,mitdb/228,test
3,1,902,mitdb/228,test
3,1,903,mitdb/228,test
3,1,904,mitdb/228,test
3,1,905,mitdb/228,test
3,1,906,mitdb/228,test
3,1,907,mitdb/228,test
3,1,908,mitdb/228,test
3,1,909,mitdb/228,test
3,1,910,mitdb/230,test
3,1,911,mitdb/230,test
3,1,912,mitdb/230,test
3,1,913,mitdb/230,test
3,1,914,mitdb/230,test
3,1,915,mitdb/230,test
3,1,916,mitdb/230,test
3,1,917,mitdb/230,test
3,1,918,mitdb/230,test
3,1,919,mitdb/230,test
3,1,950,mitdb/234,test
3,1,951,mitdb/234,test
3,1,952,mitdb/234,test
3,1,953,mitdb/234,test
3,1,954,mitdb/234,test
3,1,955,mitdb/234,test
3,1,956,mitdb/234,test
3,1,957,mitdb/234,test
3,1,958,mitdb/234,test
3,1,959,mitdb/234,test
3,1,1020,chfdb/chf15,test
3,1,1021,chfdb/chf15,test
3,1,1022,chfdb/chf15,test
3,1,1023,chfdb/chf15,test
3,1,1024,chfdb/chf15,test
3,1,1025,chfdb/chf15,test
3,1,1026,chfdb/chf15,test
3,1,1027,chfdb/chf15,test
3,1,1028,chfdb/chf15,test
3,1,1029,chfdb/chf15,test
3,1,1090,chfdb/chf06,test
3,1,1091,chfdb/chf06,test
3,1,1092,chfdb/chf06,test
3,1,1093,chfdb/chf06,test
3,1,1094,chfdb/chf06,test
3,1,1095,chfdb/chf06,test
3,1,1096,chfdb/chf06,test
3,1,1097,chfdb/chf06,test
3,1,1098,chfdb/chf06,test
3,1,1099,chfdb/chf06,test
3,1,1100,chfdb/chf07,test
3,1,1101,chfdb/chf07,test
3,1,1102,chfdb/chf07,test
3,1,1103,chfdb/chf07,test
3,1,1104,chfdb/chf07,test
3,1,1105,chfdb/chf07,test
3,1,1106,chfdb/chf07,test
3,1,1107,chfdb/chf07,test
3,1,1108,chfdb/chf07,test
3,1,1109,chfdb/chf07,test
3,1,1190,chfdb/chf15,test
3,1,1191,chfdb/chf15,test
3,1,1192,chfdb/chf15,test
3,1,1193,chfdb/chf15,test
3,1,1194,chfdb/chf15,test
3,1,1195,chfdb/chf15,test
3,1,1196,chfdb/chf15,test
3,1,1197,chfdb/chf15,test
3,1,1198,chfdb/chf15,test
3,1,1199,chfdb/chf15,test
3,1,1220,chfdb/chf06,test
3,1,1221,chfdb/chf06,test
3,1,1222,chfdb/chf06,test
3,1,1223,chfdb/chf06,test
3,1,1224,chfdb/chf06,test
3,1,1225,chfdb/chf06,test
3,1,1226,chfdb/chf06,test
3,1,1227,chfdb/chf06,test
3,1,1228,chfdb/chf06,test
3,1,1229,chfdb/chf06,test
3,1,1230,chfdb/chf07,test
3,1,1231,chfdb/chf07,test
3,1,1232,chfdb/chf07,test
3,1,1233,chfdb/chf07,test
3,1,1234,chfdb/chf07,test
3,1,1235,chfdb/chf07,test
3,1,1236,chfdb/chf07,test
3,1,1237,chfdb/chf07,test
3,1,1238,chfdb/chf07,test
3,1,1239,chfdb/chf07,test
3,1,1370,nsrdb/16272,test
3,1,1371,nsrdb/16272,test
3,1,1372,nsrdb/16272,test
3,1,1373,nsrdb/16272,test
3,1,1374,nsrdb/16272,test
3,1,1375,nsrdb/16272,test
3,1,1376,nsrdb/16272,test
3,1,1377,nsrdb/16272,test
3,1,1378,nsrdb/16272,test
3,1,1379,nsrdb/16272,test
3,1,1380,nsrdb/16272,test
3,1,1381,nsrdb/16272,test
3,1,1382,nsrdb/16272,test
3,1,1383,nsrdb/16272,test
3,1,1384,nsrdb/16272,test
3,1,1385,nsrdb/16272,test
3,1,1386,nsrdb/16272,test
3,1,1387,nsrdb/16272,test
3,1,1388,nsrdb/16272,test
3,1,1389,nsrdb/16272,test
3,1,1390,nsrdb/16273,test
3,1,1391,nsrdb/16273,test
3,1,1392,nsrdb/16273,test
3,1,1393,nsrdb/16273,test
3,1,1394,nsrdb/16273,test
3,1,1395,nsrdb/16273,test
3,1,1396,nsrdb/16273,test
3,1,1397,nsrdb/16273,test
3,1,1398,nsrdb/16273,test
3,1,1399,nsrdb/16273,test
3,1,1430,nsrdb/16773,test
3,1,1431,nsrdb/16773,test
3,1,1432,nsrdb/16773,test
3,1,1433,nsrdb/16773,test
3,1,1434,nsrdb/16773,test
3,1,1435,nsrdb/16773,test
3,1,1436,nsrdb/16773,test
3,1,1437,nsrdb/16773,test
3,1,1438,nsrdb/16773,test
3,1,1439,nsrdb/16773,test
3,1,1450,nsrdb/16795,test
3,1,1451,nsrdb/16795,test
3,1,1452,nsrdb/16795,test
3,1,1453,nsrdb/16795,test
3,1,1454,nsrdb/16795,test
3,1,1455,nsrdb/16795,test
3,1,1456,nsrdb/16795,test
3,1,1457,nsrdb/16795,test
3,1,1458,nsrdb/16795,test
3,1,1459,nsrdb/16795,test
3,1,1480,nsrdb/16273,test
3,1,1481,nsrdb/16273,test
3,1,1482,nsrdb/16273,test
3,1,1483,nsrdb/16273,test
3,1,1484,nsrdb/16273,test
3,1,1485,nsrdb/16273,test
3,1,1486,nsrdb/16273,test
3,1,1487,nsrdb/16273,test
3,1,1488,nsrdb/16273,test
3,1,1489,nsrdb/16273,test
3,1,1590,nsrdb/16773,test
3,1,1591,nsrdb/16773,test
3,1,1592,nsrdb/16773,test
3,1,1593,nsrdb/16773,test
3,1,1594,nsrdb/16773,test
3,1,1595,nsrdb/16773,test
3,1,1596,nsrdb/16773,test
3,1,1597,nsrdb/16773,test
3,1,1598,nsrdb/16773,test
3,1,1599,nsrdb/16773,test
3,1,1610,nsrdb/16795,test
3,1,1611,nsrdb/16795,test
3,1,1612,nsrdb/16795,test
3,1,1613,nsrdb/16795,test
3,1,1614,nsrdb/16795,test
3,1,1615,nsrdb/16795,test
3,1,1616,nsrdb/16795,test
3,1,1617,nsrdb/16795,test
3,1,1618,nsrdb/16795,test
3,1,1619,nsrdb/16795,test
3,2,0,mitdb/100,train
3,2,1,mitdb/100,train
3,2,2,mitdb/100,train
3,2,3,mitdb/100,train
3,2,4,mitdb/100,train
3,2,5,mitdb/100,train
3,2,6,mitdb/100,train
3,2,7,mitdb/100,train
3,2,8,mitdb/100,train
3,2,9,mitdb/100,train
3,2,10,mitdb/109,train
3,2,11,mitdb/109,train
3,2,12,mitdb/109,train
3,2,13,mitdb/109,train
3,2,14,mitdb/109,train
3,2,15,mitdb/109,train
3,2,16,mitdb/109,train
3,2,17,mitdb/109,train
3,2,18,mitdb/109,train
3,2,19,mitdb/109,train
3,2,20,mitdb/111,train
3,2,21,mitdb/111,train
3,2,22,mitdb/111,train
3,2,23,mitdb/111,train
3,2,24,mitdb/111,train
3,2,25,mitdb/111,train
3,2,26,mitdb/111,train
3,2,27,mitdb/111,train
3,2,28,mitdb/111,train
3,2,29,mitdb/111,train
3,2,30,mitdb/112,train
3,2,31,mitdb/112,train
3,2,32,mitdb/112,train
3,2,33,mitdb/112,train
3,2,34,mitdb/112,train
3,2,35,mitdb/112,train
3,2,36,mitdb/112,train
3,2,37,mitdb/112,train
3,2,38,mitdb/112,train
3,2,39,mitdb/112,train
3,2,50,mitdb/114,train
3,2,51,mitdb/114,train
3,2,52,mitdb/114,train
3,2,53,mitdb/114,train
3,2,54,mitdb/114,train
3,2,55,mitdb/114,train
3,2,56,mitdb/114,train
3,2,57,mitdb/114,train
3,2,58,mitdb/114,train
3,2,59,mitdb/114,train
3,2,60,mitdb/115,train
3,2,61,mitdb/115,train
3,2,62,mitdb/115,train
3,2,63,mitdb/115,train
3,2,64,mitdb/115,train
3,2,65,mitdb/115,train
3,2,66,mitdb/115,train
3,2,67,mitdb/115,train
3,2,68,mitdb/115,train
3,2,69,mitdb/115,train
3,2,90,mitdb/118,train
3,2,91,mitdb/118,train
3,2,92,mitdb/118,train
3,2,93,mitdb/118,train
3,2,94,mitdb/118,train
3,2,95,mitdb/118,train
3,2,96,mitdb/118,train
3,2,97,mitdb/118,train
3,2,98,mitdb/118,train
3,2,99,mitdb/118,train
3,2,110,mitdb/101,train
3,2,111,mitdb/101,train
3,2,112,mitdb/101,train
3,2,113,mitdb/101,train
3,2,114,mitdb/101,train
3,2,115,mitdb/101,train
3,2,116,mitdb/101,train
3,2,117,mitdb/101,train
3,2,118,mitdb/101,train
3,2,119,mitdb/101,train
3,2,140,mitdb/123,train
3,2,141,mitdb/123,train
3,2,142,mitdb/123,train
3,2,143,mitdb/123,train
3,2,144,mitdb/123,train
3,2,145,mitdb/123,train
3,2,146,mitdb/123,train
3,2,147,mitdb/123,train
3,2,148,mitdb/123,train
3,2,149,mitdb/123,train
3,2,190,mitdb/203,train
3,2,191,mitdb/203,train
3,2,192,mitdb/203,train
3,2,193,mitdb/203,train
3,2,194,mitdb/203,train
3,2,195,mitdb/203,train
3,2,196,mitdb/203,train
3,2,197,mitdb/203,train
3,2,198,mitdb/203,train
3,2,199,mitdb/203,train
3,2,210,mitdb/207,train
3,2,211,mitdb/207,train
3,2,212,mitdb/207,train
3,2,213,mitdb/207,train
3,2,214,mitdb/207,train
3,2,215,mitdb/207,train
3,2,216,mitdb/207,train
3,2,217,mitdb/207,train
3,2,218,mitdb/207,train
3,2,219,mitdb/207,train
3,2,230,mitdb/208,train
3,2,231,mitdb/208,train
3,2,232,mitdb/208,train
3,2,233,mitdb/208,train
3,2,234,mitdb/208,train
3,2,235,mitdb/208,train
3,2,236,mitdb/208,train
3,2,237,mitdb/208,train
3,2,238,mitdb/208,train
3,2,239,mitdb/208,train
3,2,240,mitdb/209,train
3,2,241,mitdb/209,train
3,2,242,mitdb/209,train
3,2,243,mitdb/209,train
3,2,244,mitdb/209,train
3,2,245,mitdb/209,train
3,2,246,mitdb/209,train
3,2,247,mitdb/209,train
3,2,248,mitdb/209,train
3,2,249,mitdb/209,train
3,2,270,mitdb/213,train
3,2,271,mitdb/213,train
3,2,272,mitdb/213,train
3,2,273,mitdb/213,train
3,2,274,mitdb/213,train
3,2,275,mitdb/213,train
3,2,276,mitdb/213,train
3,2,277,mitdb/213,train
3,2,278,mitdb/213,train
3,2,279,mitdb/213,train
3,2,280,mitdb/214,train
3,2,281,mitdb/214,train
3,2,282,mitdb/214,train
3,2,283,mitdb/214,train
3,2,284,mitdb/214,train
3,2,285,mitdb/214,train
3,2,286,mitdb/214,train
3,2,287,mitdb/214,train
3,2,288,mitdb/214,train
3,2,289,mitdb/214,train
3,2,290,mitdb/215,train
3,2,291,mitdb/215,train
3,2,292,mitdb/215,train
3,2,293,mitdb/215,train
3,2,294,mitdb/215,train
3,2,295,mitdb/215,train
3,2,296,mitdb/215,train
3,2,297,mitdb/215,train
3,2,298,mitdb/215,train
3,2,299,mitdb/215,train
3,2,300,mitdb/217,train
3,2,301,mitdb/217,train
3,2,302,mitdb/217,train
3,2,303,mitdb/217,train
3,2,304,mitdb/217,train
3,2,305,mitdb/217,train
3,2,306,mitdb/217,train
3,2,307,mitdb/217,train
3,2,308,mitdb/217,train
3,2,309,mitdb/217,train
3,2,310,mitdb/219,train
3,2,311,mitdb/219,train
3,2,312,mitdb/219,train
3,2,313,mitdb/219,train
3,2,314,mitdb/219,train
3,2,315,mitdb/219,train
3,2,316,mitdb/219,train
3,2,317,mitdb/219,train
3,2,318,mitdb/219,train
3,2,319,mitdb/219,train
3,2,340,mitdb/221,train
3,2,341,mitdb/221,train
3,2,342,mitdb/221,train
3,2,343,mitdb/221,train
3,2,344,mitdb/221,train
3,2,345,mitdb/221,train
3,2,346,mitdb/221,train
3,2,347,mitdb/221,train
3,2,348,mitdb/221,train
3,2,349,mitdb/221,train
3,2,350,mitdb/222,train
3,2,351,mitdb/222,train
3,2,352,mitdb/222,train
3,2,353,mitdb/222,train
3,2,354,mitdb/222,train
3,2,355,mitdb/222,train
3,2,356,mitdb/222,train
3,2,357,mitdb/222,train
3,2,358,mitdb/222,train
3,2,359,mitdb/222,train
3,2,360,mitdb/223,train
3,2,361,mitdb/223,train
3,2,362,mitdb/223,train
3,2,363,mitdb/223,train
3,2,364,mitdb/223,train
3,2,365,mitdb/223,train
3,2,366,mitdb/223,train
3,2,367,mitdb/223,train
3,2,368,mitdb/223,train
3,2,369,mitdb/223,train
3,2,400,mitdb/232,train
3,2,401,mitdb/232,train
3,2,402,mitdb/232,train
3,2,403,mitdb/232,train
3,2,404,mitdb/232,train
3,2,405,mitdb/232,train
3,2,406,mitdb/232,train
3,2,407,mitdb/232,train
3,2,408,mitdb/232,train
3,2,409,mitdb/232,train
3,2,410,mitdb/233,train
3,2,411,mitdb/233,train
3,2,412,mitdb/233,train
3,2,413,mitdb/233,train
3,2,414,mitdb/233,train
3,2,415,mitdb/233,train
3,2,416,mitdb/233,train
3,2,417,mitdb/233,train
3,2,418,mitdb/233,train
3,2,419,mitdb/233,train
3,2,430,mitdb/100,train
3,2,431,mitdb/100,train
3,2,432,mitdb/100,train
3,2,433,mitdb/100,train
3,2,434,mitdb/100,train
3,2,435,mitdb/100,train
3,2,436,mitdb/100,train
3,2,437,mitdb/100,train
3,2,438,mitdb/100,train
3,2,439,mitdb/100,train
3,2,440,mitdb/104,train
3,2,441,mitdb/104,train
3,2,442,mitdb/104,train
3,2,443,mitdb/104,train
3,2,444,mitdb/104,train
3,2,445,mitdb/104,train
3,2,446,mitdb/104,train
3,2,447,mitdb/104,train
3,2,448,mitdb/104,train
3,2,449,mitdb/104,train
3,2,450,mitdb/101,train
3,2,451,mitdb/101,train
3,2,452,mitdb/101,train
3,2,453,mitdb/101,train
3,2,454,mitdb/101,train
3,2,455,mitdb/101,train
3,2,456,mitdb/101,train
3,2,457,mitdb/101,train
3,2,458,mitdb/101,train
3,2,459,mitdb/101,train
3,2,480,mitdb/104,train
3,2,481,mitdb/104,train
3,2,482,mitdb/104,train
3,2,483,mitdb/104,train
3,2,484,mitdb/104,train
3,2,485,mitdb/104,train
3,2,486,mitdb/104,train
3,2,487,mitdb/104,train
3,2,488,mitdb/104,train
3,2,489,mitdb/104,train
3,2,500,mitdb/106,train
3,2,501,mitdb/106,train
3,2,502,mitdb/106,train
3,2,503,mitdb/106,train
3,2,504,mitdb/106,train
3,2,505,mitdb/106,train
3,2,506,mitdb/106,train
3,2,507,mitdb/106,train
3,2,508,mitdb/106,train
3,2,509,mitdb/106,train
3,2,510,mitdb/107,train
3,2,511,mitdb/107,train
3,2,512,mitdb/107,train
3,2,513,mitdb/107,train
3,2,514,mitdb/107,train
3,2,515,mitdb/107,train
3,2,516,mitdb/107,train
3,2,517,mitdb/107,train
3,2,518,mitdb/107,train
3,2,519,mitdb/107,train
3,2,530,mitdb/109,train
3,2,531,mitdb/109,train
3,2,532,mitdb/109,train
3,2,533,mitdb/109,train
3,2,534,mitdb/109,train
3,2,535,mitdb/109,train
3,2,536,mitdb/109,train
3,2,537,mitdb/109,train
3,2,538,mitdb/109,train
3,2,539,mitdb/109,train
3,2,540,mitdb/111,train
3,2,541,mitdb/111,train
3,2,542,mitdb/111,train
3,2,543,mitdb/111,train
3,2,544,mitdb/111,train
3,2,545,mitdb/111,train
3,2,546,mitdb/111,train
3,2,547,mitdb/111,train
3,2,548,mitdb/111,train
3,2,549,mitdb/111,train
3,2,560,mitdb/112,train
3,2,561,mitdb/112,train
3,2,562,mitdb/112,train
3,2,563,mitdb/112,train
3,2,564,mitdb/112,train
3,2,565,mitdb/112,train
3,2,566,mitdb/112,train
3,2,567,mitdb/112,train
3,2,568,mitdb/112,train
3,2,569,mitdb/112,train
3,2,580,mitdb/114,train
3,2,581,mitdb/114,train
3,2,582,mitdb/114,train
3,2,583,mitdb/114,train
3,2,584,mitdb/114,train
3,2,585,mitdb/114,train
3,2,586,mitdb/114,train
3,2,587,mitdb/114,train
3,2,588,mitdb/114,train
3,2,589,mitdb/114,train
3,2,590,mitdb/115,train
3,2,591,mitdb/115,train
3,2,592,mitdb/115,train
3,2,593,mitdb/115,train
3,2,594,mitdb/115,train
3,2,595,mitdb/115,train
3,2,596,mitdb/115,train
3,2,597,mitdb/115,train
3,2,598,mitdb/115,train
3,2,599,mitdb/115,train
3,2,620,mitdb/118,train
3,2,621,mitdb/118,train
3,2,622,mitdb/118,train
3,2,623,mitdb/118,train
3,2,624,mitdb/118,train
3,2,625,mitdb/118,train
3,2,626,mitdb/118,train
3,2,627,mitdb/118,train
3,2,628,mitdb/118,train
3,2,629,mitdb/118,train
3,2,660,mitdb/106,train
3,2,661,mitdb/106,train
3,2,662,mitdb/106,train
3,2,663,mitdb/106,train
3,2,664,mitdb/106,train
3,2,665,mitdb/106,train
3,2,666,mitdb/106,train
3,2,667,mitdb/106,train
3,2,668,mitdb/106,train
3,2,669,mitdb/106,train
3,2,670,mitdb/123,train
3,2,671,mitdb/123,train
3,2,672,mitdb/123,train
3,2,673,mitdb/123,train
3,2,674,mitdb/123,train
3,2,675,mitdb/123,train
3,2,676,mitdb/123,train
3,2,677,mitdb/123,train
3,2,678,mitdb/123,train
3,2,679,mitdb/123,train
3,2,720,mitdb/203,train
3,2,721,mitdb/203,train
3,2,722,mitdb/203,train
3,2,723,mitdb/203,train
3,2,724,mitdb/203,train
3,2,725,mitdb/203,train
3,2,726,mitdb/203,train
3,2,727,mitdb/203,train
3,2,728,mitdb/203,train
3,2,729,mitdb/203,train
3,2,740,mitdb/207,train
3,2,741,mitdb/207,train
3,2,742,mitdb/207,train
3,2,743,mitdb/207,train
3,2,744,mitdb/207,train
3,2,745,mitdb/207,train
3,2,746,mitdb/207,train
3,2,747,mitdb/207,train
3,2,748,mitdb/207,train
3,2,749,mitdb/207,train
3,2,750,mitdb/208,train
3,2,751,mitdb/208,train
3,2,752,mitdb/208,train
3,2,753,mitdb/208,train
3,2,754,mitdb/208,train
3,2,755,mitdb/208,train
3,2,756,mitdb/208,train
3,2,757,mitdb/208,train
3,2,758,mitdb/208,train
3,2,759,mitdb/208,train
3,2,760,mitdb/209,train
3,2,761,mitdb/209,train
3,2,762,mitdb/209,train
3,2,763,mitdb/209,train
3,2,764,mitdb/209,train
3,2,765,mitdb/209,train
3,2,766,mitdb/209,train
3,2,767,mitdb/209,train
3,2,768,mitdb/209,train
3,2,769,mitdb/209,train
3,2,770,mitdb/107,train
3,2,771,mitdb/107,train
3,2,772,mitdb/107,train
3,2,773,mitdb/107,train
3,2,774,mitdb/107,train
3,2,775,mitdb/107,train
3,2,776,mitdb/107,train
3,2,777,mitdb/107,train
3,2,778,mitdb/107,train
3,2,779,mitdb/107,train
3,2,800,mitdb/213,train
3,2,801,mitdb/213,train
3,2,802,mitdb/213,train
3,2,803,mitdb/213,train
3,2,804,mitdb/213,train
3,2,805,mitdb/213,train
3,2,806,mitdb/213,train
3,2,807,mitdb/213,train
3,2,808,mitdb/213,train
3,2,809,mitdb/213,train
3,2,810,mitdb/214,train
3,2,811,mitdb/214,train
3,2,812,mitdb/214,train
3,2,813,mitdb/214,train
3,2,814,mitdb/214,train
3,2,815,mitdb/214,train
3,2,816,mitdb/214,train
3,2,817,mitdb/214,train
3,2,818,mitdb/214,train
3,2,819,mitdb/214,train
3,2,820,mitdb/215,train
3,2,821,mitdb/215,train
3,2,822,mitdb/215,train
3,2,823,mitdb/215,train
3,2,824,mitdb/215,train
3,2,825,mitdb/215,train
3,2,826,mitdb/215,train
3,2,827,mitdb/215,train
3,2,828,mitdb/215,train
3,2,829,mitdb/215,train
3,2,830,mitdb/217,train
3,2,831,mitdb/217,train
3,2,832,mitdb/217,train
3,2,833,mitdb/217,train
3,2,834,mitdb/217,train
3,2,835,mitdb/217,train
3,2,836,mitdb/217,train
3,2,837,mitdb/217,train
3,2,838,mitdb/217,train
3,2,839,mitdb/217,train
3,2,840,mitdb/219,train
3,2,841,mitdb/219,train
3,2,842,mitdb/219,train
3,2,843,mitdb/219,train
3,2,844,mitdb/219,train
3,2,845,mitdb/219,train
3,2,846,mitdb/219,train
3,2,847,mitdb/219,train
3,2,848,mitdb/219,train
3,2,849,mitdb/219,train
3,2,860,mitdb/221,train
3,2,861,mitdb/221,train
3,2,862,mitdb/221,train
3,2,863,mitdb/221,train
3,2,864,mitdb/221,train
3,2,865,mitdb/221,train
3,2,866,mitdb/221,train
3,2,867,mitdb/221,train
3,2,868,mitdb/221,train
3,2,869,mitdb/221,train
3,2,870,mitdb/222,train
3,2,871,mitdb/222,train
3,2,872,mitdb/222,train
3,2,873,mitdb/222,train
3,2,874,mitdb/222,train
3,2,875,mitdb/222,train
3,2,876,mitdb/222,train
3,2,877,mitdb/222,train
3,2,878,mitdb/222,train
3,2,879,mitdb/222,train
3,2,890,mitdb/223,train
3,2,891,mitdb/223,train
3,2,892,mitdb/223,train
3,2,893,mitdb/223,train
3,2,894,mitdb/223,train
3,2,895,mitdb/223,train
3,2,896,mitdb/223,train
3,2,897,mitdb/223,train
3,2,898,mitdb/223,train
3,2,899,mitdb/223,train
3,2,930,mitdb/232,train
3,2,931,mitdb/232,train
3,2,932,mitdb/232,train
3,2,933,mitdb/232,train
3,2,934,mitdb/232,train
3,2,935,mitdb/232,train
3,2,936,mitdb/232,train
3,2,937,mitdb/232,train
3,2,938,mitdb/232,train
3,2,939,mitdb/232,train
3,2,940,mitdb/233,train
3,2,941,mitdb/233,train
3,2,942,mitdb/233,train
3,2,943,mitdb/233,train
3,2,944,mitdb/233,train
3,2,945,mitdb/233,train
3,2,946,mitdb/233,train
3,2,947,mitdb/233,train
3,2,948,mitdb/233,train
3,2,949,mitdb/233,train
3,2,960,chfdb/chf01,train
3,2,961,chfdb/chf01,train
3,2,962,chfdb/chf01,train
3,2,963,chfdb/chf01,train
3,2,964,chfdb/chf01,train
3,2,965,chfdb/chf01,train
3,2,966,chfdb/chf01,train
3,2,967,chfdb/chf01,train
3,2,968,chfdb/chf01,train
3,2,969,chfdb/chf01,train
3,2,980,chfdb/chf11,train
3,2,981,chfdb/chf11,train
3,2,982,chfdb/chf11,train
3,2,983,chfdb/chf11,train
3,2,984,chfdb/chf11,train
3,2,985,chfdb/chf11,train
3,2,986,chfdb/chf11,train
3,2,987,chfdb/chf11,train
3,2,988,chfdb/chf11,train
3,2,989,chfdb/chf11,train
3,2,990,chfdb/chf12,train
3,2,991,chfdb/chf12,train
3,2,992,chfdb/chf12,train
3,2,993,chfdb/chf12,train
3,2,994,chfdb/chf12,train
3,2,995,chfdb/chf12,train
3,2,996,chfdb/chf12,train
3,2,997,chfdb/chf12,train
3,2,998,chfdb/chf12,train
3,2,999,chfdb/chf12,train
3,2,1030,chfdb/chf01,train
3,2,1031,chfdb/chf01,train
3,2,1032,chfdb/chf01,train
3,2,1033,chfdb/chf01,train
3,2,1034,chfdb/chf01,train
3,2,1035,chfdb/chf01,train
3,2,1036,chfdb/chf01,train
3,2,1037,chfdb/chf01,train
3,2,1038,chfdb/chf01,train
3,2,1039,chfdb/chf01,train
3,2,1040,chfdb/chf02,train
3,2,1041,chfdb/chf02,train
3,2,1042,chfdb/chf02,train
3,2,1043,chfdb/chf02,train
3,2,1044,chfdb/chf02,train
3,2,1045,chfdb/chf02,train
3,2,1046,chfdb/chf02,train
3,2,1047,chfdb/chf02,train
3,2,1048,chfdb/chf02,train
3,2,1049,chfdb/chf02,train
3,2,1050,chfdb/chf03,train
3,2,1051,chfdb/chf03,train
3,2,1052,chfdb/chf03,train
3,2,1053,chfdb/chf03,train
3,2,1054,chfdb/chf03,train
3,2,1055,chfdb/chf03,train
3,2,1056,chfdb/chf03,train
3,2,1057,chfdb/chf03,train
3,2,1058,chfdb/chf03,train
3,2,1059,chfdb/chf03,train
3,2,1060,chfdb/chf04,train
3,2,1061,chfdb/chf04,train
3,2,1062,chfdb/chf04,train
3,2,1063,chfdb/chf04,train
3,2,1064,chfdb/chf04,train
3,2,1065,chfdb/chf04,train
3,2,1066,chfdb/chf04,train
3,2,1067,chfdb/chf04,train
3,2,1068,chfdb/chf04,train
3,2,1069,chfdb/chf04,train
3,2,1070,chfdb/chf02,train
3,2,1071,chfdb/chf02,train
3,2,1072,chfdb/chf02,train
3,2,1073,chfdb/chf02,train
3,2,1074,chfdb/chf02,train
3,2,1075,chfdb/chf02,train
3,2,1076,chfdb/chf02,train
3,2,1077,chfdb/chf02,train
3,2,1078,chfdb/chf02,train
3,2,1079,chfdb/chf02,train
3,2,1110,chfdb/chf08,train
3,2,1111,chfdb/chf08,train
3,2,1112,chfdb/chf08,train
3,2,1113,chfdb/chf08,train
3,2,1114,chfdb/chf08,train
3,2,1115,chfdb/chf08,train
3,2,1116,chfdb/chf08,train
3,2,1117,chfdb/chf08,train
3,2,1118,chfdb/chf08,train
3,2,1119,chfdb/chf08,train
3,2,1120,chfdb/chf09,train
3,2,1121,chfdb/chf09,train
3,2,1122,chfdb/chf09,train
3,2,1123,chfdb/chf09,train
3,2,1124,chfdb/chf09,train
3,2,1125,chfdb/chf09,train
3,2,1126,chfdb/chf09,train
3,2,1127,chfdb/chf09,train
3,2,1128,chfdb/chf09,train
3,2,1129,chfdb/chf09,train
3,2,1140,chfdb/chf11,train
3,2,1141,chfdb/chf11,train
3,2,1142,chfdb/chf11,train
3,2,1143,chfdb/chf11,train
3,2,1144,chfdb/chf11,train
3,2,1145,chfdb/chf11,train
3,2,1146,chfdb/chf11,train
3,2,1147,chfdb/chf11,train
3,2,1148,chfdb/chf11,train
3,2,1149,chfdb/chf11,train
3,2,1150,chfdb/chf12,train
3,2,1151,chfdb/chf12,train
3,2,1152,chfdb/chf12,train
3,2,1153,chfdb/chf12,train
3,2,1154,chfdb/chf12,train
3,2,1155,chfdb/chf12,train
3,2,1156,chfdb/chf12,train
3,2,1157,chfdb/chf12,train
3,2,1158,chfdb/chf12,train
3,2,1159,chfdb/chf12,train
3,2,1180,chfdb/chf03,train
3,2,1181,chfdb/chf03,train
3,2,1182,chfdb/chf03,train
3,2,1183,chfdb/chf03,train
3,2,1184,chfdb/chf03,train
3,2,1185,chfdb/chf03,train
3,2,1186,chfdb/chf03,train
3,2,1187,chfdb/chf03,train
3,2,1188,chfdb/chf03,train
3,2,1189,chfdb/chf03,train
3,2,1200,chfdb/chf04,train
3,2,1201,chfdb/chf04,train
3,2,1202,chfdb/chf04,train
3,2,1203,chfdb/chf04,train
3,2,1204,chfdb/chf04,train
3,2,1205,chfdb/chf04,train
3,2,1206,chfdb/chf04,train
3,2,1207,chfdb/chf04,train
3,2,1208,chfdb/chf04,train
3,2,1209,chfdb/chf04,train
3,2,1240,chfdb/chf08,train
3,2,1241,chfdb/chf08,train
3,2,1242,chfdb/chf08,train
3,2,1243,chfdb/chf08,train
3,2,1244,chfdb/chf08,train
3,2,1245,chfdb/chf08,train
3,2,1246,chfdb/chf08,train
3,2,1247,chfdb/chf08,train
3,2,1248,chfdb/chf08,train
3,2,1249,chfdb/chf08,train
3,2,1250,chfdb/chf09,train
3,2,1251,chfdb/chf09,train
3,2,1252,chfdb/chf09,train
3,2,1253,chfdb/chf09,train
3,2,1254,chfdb/chf09,train
3,2,1255,chfdb/chf09,train
3,2,1256,chfdb/chf09,train
3,2,1257,chfdb/chf09,train
3,2,1258,chfdb/chf09,train
3,2,1259,chfdb/chf09,train
3,2,1260,nsrdb/16265,train
3,2,1261,nsrdb/16265,train
3,2,1262,nsrdb/16265,train
3,2,1263,nsrdb/16265,train
3,2,1264,nsrdb/16265,train
3,2,1265,nsrdb/16265,train
3,2,1266,nsrdb/16265,train
3,2,1267,nsrdb/16265,train
3,2,1268,nsrdb/16265,train
3,2,1269,nsrdb/16265,train
3,2,1270,nsrdb/17052,train
3,2,1271,nsrdb/17052,train
3,2,1272,nsrdb/17052,train
3,2,1273,nsrdb/17052,train
3,2,1274,nsrdb/17052,train
3,2,1275,nsrdb/17052,train
3,2,1276,nsrdb/17052,train
3,2,1277,nsrdb/17052,train
3,2,1278,nsrdb/17052,train
3,2,1279,nsrdb/17052,train
3,2,1290,nsrdb/18177,train
3,2,1291,nsrdb/18177,train
3,2,1292,nsrdb/18177,train
3,2,1293,nsrdb/18177,train
3,2,1294,nsrdb/18177,train
3,2,1295,nsrdb/18177,train
3,2,1296,nsrdb/18177,train
3,2,1297,nsrdb/18177,train
3,2,1298,nsrdb/18177,train
3,2,1299,nsrdb/18177,train
3,2,1310,nsrdb/19088,train
3,2,1311,nsrdb/19088,train
3,2,1312,nsrdb/19088,train
3,2,1313,nsrdb/19088,train
3,2,1314,nsrdb/19088,train
3,2,1315,nsrdb/19088,train
3,2,1316,nsrdb/19088,train
3,2,1317,nsrdb/19088,train
3,2,1318,nsrdb/19088,train
3,2,1319,nsrdb/19088,train
3,2,1320,nsrdb/19090,train
3,2,1321,nsrdb/19090,train
3,2,1322,nsrdb/19090,train
3,2,1323,nsrdb/19090,train
3,2,1324,nsrdb/19090,train
3,2,1325,nsrdb/19090,train
3,2,1326,nsrdb/19090,train
3,2,1327,nsrdb/19090,train
3,2,1328,nsrdb/19090,train
3,2,1329,nsrdb/19090,train
3,2,1330,nsrdb/19093,train
3,2,1331,nsrdb/19093,train
3,2,1332,nsrdb/19093,train
3,2,1333,nsrdb/19093,train
3,2,1334,nsrdb/19093,train
3,2,1335,nsrdb/19093,train
3,2,1336,nsrdb/19093,train
3,2,1337,nsrdb/19093,train
3,2,1338,nsrdb/19093,train
3,2,1339,nsrdb/19093,train
3,2,1340,nsrdb/19140,train
3,2,1341,nsrdb/19140,train
3,2,1342,nsrdb/19140,train
3,2,1343,nsrdb/19140,train
3,2,1344,nsrdb/19140,train
3,2,1345,nsrdb/19140,train
3,2,1346,nsrdb/19140,train
3,2,1347,nsrdb/19140,train
3,2,1348,nsrdb/19140,train
3,2,1349,nsrdb/19140,train
3,2,1350,nsrdb/19830,train
3,2,1351,nsrdb/19830,train
3,2,1352,nsrdb/19830,train
3,2,1353,nsrdb/19830,train
3,2,1354,nsrdb/19830,train
3,2,1355,nsrdb/19830,train
3,2,1356,nsrdb/19830,train
3,2,1357,nsrdb/19830,train
3,2,1358,nsrdb/19830,train
3,2,1359,nsrdb/19830,train
3,2,1360,nsrdb/16265,train
3,2,1361,nsrdb/16265,train
3,2,1362,nsrdb/16265,train
3,2,1363,nsrdb/16265,train
3,2,1364,nsrdb/16265,train
3,2,1365,nsrdb/16265,train
3,2,1366,nsrdb/16265,train
3,2,1367,nsrdb/16265,train
3,2,1368,nsrdb/16265,train
3,2,1369,nsrdb/16265,train
3,2,1410,nsrdb/16483,train
3,2,1411,nsrdb/16483,train
3,2,1412,nsrdb/16483,train
3,2,1413,nsrdb/16483,train
3,2,1414,nsrdb/16483,train
3,2,1415,nsrdb/16483,train
3,2,1416,nsrdb/16483,train
3,2,1417,nsrdb/16483,train
3,2,1418,nsrdb/16483,train
3,2,1419,nsrdb/16483,train
3,2,1460,nsrdb/17052,train
3,2,1461,nsrdb/17052,train
3,2,1462,nsrdb/17052,train
3,2,1463,nsrdb/17052,train
3,2,1464,nsrdb/17052,train
3,2,1465,nsrdb/17052,train
3,2,1466,nsrdb/17052,train
3,2,1467,nsrdb/17052,train
3,2,1468,nsrdb/17052,train
3,2,1469,nsrdb/17052,train
3,2,1490,nsrdb/18177,train
3,2,1491,nsrdb/18177,train
3,2,1492,nsrdb/18177,train
3,2,1493,nsrdb/18177,train
3,2,1494,nsrdb/18177,train
3,2,1495,nsrdb/18177,train
3,2,1496,nsrdb/18177,train
3,2,1497,nsrdb/18177,train
3,2,1498,nsrdb/18177,train
3,2,1499,nsrdb/18177,train
3,2,1510,nsrdb/19088,train
3,2,1511,nsrdb/19088,train
3,2,1512,nsrdb/19088,train
3,2,1513,nsrdb/19088,train
3,2,1514,nsrdb/19088,train
3,2,1515,nsrdb/19088,train
3,2,1516,nsrdb/19088,train
3,2,1517,nsrdb/19088,train
3,2,1518,nsrdb/19088,train
3,2,1519,nsrdb/19088,train
3,2,1520,nsrdb/19090,train
3,2,1521,nsrdb/19090,train
3,2,1522,nsrdb/19090,train
3,2,1523,nsrdb/19090,train
3,2,1524,nsrdb/19090,train
3,2,1525,nsrdb/19090,train
3,2,1526,nsrdb/19090,train
3,2,1527,nsrdb/19090,train
3,2,1528,nsrdb/19090,train
3,2,1529,nsrdb/19090,train
3,2,1530,nsrdb/19093,train
3,2,1531,nsrdb/19093,train
3,2,1532,nsrdb/19093,train
3,2,1533,nsrdb/19093,train
3,2,1534,nsrdb/19093,train
3,2,1535,nsrdb/19093,train
3,2,1536,nsrdb/19093,train
3,2,1537,nsrdb/19093,train
3,2,1538,nsrdb/19093,train
3,2,1539,nsrdb/19093,train
3,2,1540,nsrdb/19140,train
3,2,1541,nsrdb/19140,train
3,2,1542,nsrdb/19140,train
3,2,1543,nsrdb/19140,train
3,2,1544,nsrdb/19140,train
3,2,1545,nsrdb/19140,train
3,2,1546,nsrdb/19140,train
3,2,1547,nsrdb/19140,train
3,2,1548,nsrdb/19140,train
3,2,1549,nsrdb/19140,train
3,2,1550,nsrdb/19830,train
3,2,1551,nsrdb/19830,train
3,2,1552,nsrdb/19830,train
3,2,1553,nsrdb/19830,train
3,2,1554,nsrdb/19830,train
3,2,1555,nsrdb/19830,train
3,2,1556,nsrdb/19830,train
3,2,1557,nsrdb/19830,train
3,2,1558,nsrdb/19830,train
3,2,1559,nsrdb/19830,train
3,2,1570,nsrdb/16483,train
3,2,1571,nsrdb/16483,train
3,2,1572,nsrdb/16483,train
3,2,1573,nsrdb/16483,train
3,2,1574,nsrdb/16483,train
3,2,1575,nsrdb/16483,train
3,2,1576,nsrdb/16483,train
3,2,1577,nsrdb/16483,train
3,2,1578,nsrdb/16483,train
3,2,1579,nsrdb/16483,train
3,2,40,mitdb/113,validation
3,2,41,mitdb/113,validation
3,2,42,mitdb/113,validation
3,2,43,mitdb/113,validation
3,2,44,mitdb/113,validation
3,2,45,mitdb/113,validation
3,2,46,mitdb/113,validation
3,2,47,mitdb/113,validation
3,2,48,mitdb/113,validation
3,2,49,mitdb/113,validation
3,2,80,mitdb/117,validation
3,2,81,mitdb/117,validation
3,2,82,mitdb/117,validation
3,2,83,mitdb/117,validation
3,2,84,mitdb/117,validation
3,2,85,mitdb/117,validation
3,2,86,mitdb/117,validation
3,2,87,mitdb/117,validation
3,2,88,mitdb/117,validation
3,2,89,mitdb/117,validation
3,2,100,mitdb/119,validation
3,2,101,mitdb/119,validation
3,2,102,mitdb/119,validation
3,2,103,mitdb/119,validation
3,2,104,mitdb/119,validation
3,2,105,mitdb/119,validation
3,2,106,mitdb/119,validation
3,2,107,mitdb/119,validation
3,2,108,mitdb/119,validation
3,2,109,mitdb/119,validation
3,2,120,mitdb/121,validation
3,2,121,mitdb/121,validation
3,2,122,mitdb/121,validation
3,2,123,mitdb/121,validation
3,2,124,mitdb/121,validation
3,2,125,mitdb/121,validation
3,2,126,mitdb/121,validation
3,2,127,mitdb/121,validation
3,2,128,mitdb/121,validation
3,2,129,mitdb/121,validation
3,2,150,mitdb/124,validation
3,2,151,mitdb/124,validation
3,2,152,mitdb/124,validation
3,2,153,mitdb/124,validation
3,2,154,mitdb/124,validation
3,2,155,mitdb/124,validation
3,2,156,mitdb/124,validation
3,2,157,mitdb/124,validation
3,2,158,mitdb/124,validation
3,2,159,mitdb/124,validation
3,2,170,mitdb/201-202,validation
3,2,171,mitdb/201-202,validation
3,2,172,mitdb/201-202,validation
3,2,173,mitdb/201-202,validation
3,2,174,mitdb/201-202,validation
3,2,175,mitdb/201-202,validation
3,2,176,mitdb/201-202,validation
3,2,177,mitdb/201-202,validation
3,2,178,mitdb/201-202,validation
3,2,179,mitdb/201-202,validation
3,2,180,mitdb/201-202,validation
3,2,181,mitdb/201-202,validation
3,2,182,mitdb/201-202,validation
3,2,183,mitdb/201-202,validation
3,2,184,mitdb/201-202,validation
3,2,185,mitdb/201-202,validation
3,2,186,mitdb/201-202,validation
3,2,187,mitdb/201-202,validation
3,2,188,mitdb/201-202,validation
3,2,189,mitdb/201-202,validation
3,2,200,mitdb/205,validation
3,2,201,mitdb/205,validation
3,2,202,mitdb/205,validation
3,2,203,mitdb/205,validation
3,2,204,mitdb/205,validation
3,2,205,mitdb/205,validation
3,2,206,mitdb/205,validation
3,2,207,mitdb/205,validation
3,2,208,mitdb/205,validation
3,2,209,mitdb/205,validation
3,2,220,mitdb/102,validation
3,2,221,mitdb/102,validation
3,2,222,mitdb/102,validation
3,2,223,mitdb/102,validation
3,2,224,mitdb/102,validation
3,2,225,mitdb/102,validation
3,2,226,mitdb/102,validation
3,2,227,mitdb/102,validation
3,2,228,mitdb/102,validation
3,2,229,mitdb/102,validation
3,2,250,mitdb/210,validation
3,2,251,mitdb/210,validation
3,2,252,mitdb/210,validation
3,2,253,mitdb/210,validation
3,2,254,mitdb/210,validation
3,2,255,mitdb/210,validation
3,2,256,mitdb/210,validation
3,2,257,mitdb/210,validation
3,2,258,mitdb/210,validation
3,2,259,mitdb/210,validation
3,2,330,mitdb/103,validation
3,2,331,mitdb/103,validation
3,2,332,mitdb/103,validation
3,2,333,mitdb/103,validation
3,2,334,mitdb/103,validation
3,2,335,mitdb/103,validation
3,2,336,mitdb/103,validation
3,2,337,mitdb/103,validation
3,2,338,mitdb/103,validation
3,2,339,mitdb/103,validation
3,2,390,mitdb/231,validation
3,2,391,mitdb/231,validation
3,2,392,mitdb/231,validation
3,2,393,mitdb/231,validation
3,2,394,mitdb/231,validation
3,2,395,mitdb/231,validation
3,2,396,mitdb/231,validation
3,2,397,mitdb/231,validation
3,2,398,mitdb/231,validation
3,2,399,mitdb/231,validation
3,2,460,mitdb/102,validation
3,2,461,mitdb/102,validation
3,2,462,mitdb/102,validation
3,2,463,mitdb/102,validation
3,2,464,mitdb/102,validation
3,2,465,mitdb/102,validation
3,2,466,mitdb/102,validation
3,2,467,mitdb/102,validation
3,2,468,mitdb/102,validation
3,2,469,mitdb/102,validation
3,2,470,mitdb/103,validation
3,2,471,mitdb/103,validation
3,2,472,mitdb/103,validation
3,2,473,mitdb/103,validation
3,2,474,mitdb/103,validation
3,2,475,mitdb/103,validation
3,2,476,mitdb/103,validation
3,2,477,mitdb/103,validation
3,2,478,mitdb/103,validation
3,2,479,mitdb/103,validation
3,2,520,mitdb/108,validation
3,2,521,mitdb/108,validation
3,2,522,mitdb/108,validation
3,2,523,mitdb/108,validation
3,2,524,mitdb/108,validation
3,2,525,mitdb/108,validation
3,2,526,mitdb/108,validation
3,2,527,mitdb/108,validation
3,2,528,mitdb/108,validation
3,2,529,mitdb/108,validation
3,2,570,mitdb/113,validation
3,2,571,mitdb/113,validation
3,2,572,mitdb/113,validation
3,2,573,mitdb/113,validation
3,2,574,mitdb/113,validation
3,2,575,mitdb/113,validation
3,2,576,mitdb/113,validation
3,2,577,mitdb/113,validation
3,2,578,mitdb/113,validation
3,2,579,mitdb/113,validation
3,2,610,mitdb/117,validation
3,2,611,mitdb/117,validation
3,2,612,mitdb/117,validation
3,2,613,mitdb/117,validation
3,2,614,mitdb/117,validation
3,2,615,mitdb/117,validation
3,2,616,mitdb/117,validation
3,2,617,mitdb/117,validation
3,2,618,mitdb/117,validation
3,2,619,mitdb/117,validation
3,2,630,mitdb/119,validation
3,2,631,mitdb/119,validation
3,2,632,mitdb/119,validation
3,2,633,mitdb/119,validation
3,2,634,mitdb/119,validation
3,2,635,mitdb/119,validation
3,2,636,mitdb/119,validation
3,2,637,mitdb/119,validation
3,2,638,mitdb/119,validation
3,2,639,mitdb/119,validation
3,2,640,mitdb/121,validation
3,2,641,mitdb/121,validation
3,2,642,mitdb/121,validation
3,2,643,mitdb/121,validation
3,2,644,mitdb/121,validation
3,2,645,mitdb/121,validation
3,2,646,mitdb/121,validation
3,2,647,mitdb/121,validation
3,2,648,mitdb/121,validation
3,2,649,mitdb/121,validation
3,2,680,mitdb/124,validation
3,2,681,mitdb/124,validation
3,2,682,mitdb/124,validation
3,2,683,mitdb/124,validation
3,2,684,mitdb/124,validation
3,2,685,mitdb/124,validation
3,2,686,mitdb/124,validation
3,2,687,mitdb/124,validation
3,2,688,mitdb/124,validation
3,2,689,mitdb/124,validation
3,2,700,mitdb/201-202,validation
3,2,701,mitdb/201-202,validation
3,2,702,mitdb/201-202,validation
3,2,703,mitdb/201-202,validation
3,2,704,mitdb/201-202,validation
3,2,705,mitdb/201-202,validation
3,2,706,mitdb/201-202,validation
3,2,707,mitdb/201-202,validation
3,2,708,mitdb/201-202,validation
3,2,709,mitdb/201-202,validation
3,2,710,mitdb/201-202,validation
3,2,711,mitdb/201-202,validation
3,2,712,mitdb/201-202,validation
3,2,713,mitdb/201-202,validation
3,2,714,mitdb/201-202,validation
3,2,715,mitdb/201-202,validation
3,2,716,mitdb/201-202,validation
3,2,717,mitdb/201-202,validation
3,2,718,mitdb/201-202,validation
3,2,719,mitdb/201-202,validation
3,2,730,mitdb/205,validation
3,2,731,mitdb/205,validation
3,2,732,mitdb/205,validation
3,2,733,mitdb/205,validation
3,2,734,mitdb/205,validation
3,2,735,mitdb/205,validation
3,2,736,mitdb/205,validation
3,2,737,mitdb/205,validation
3,2,738,mitdb/205,validation
3,2,739,mitdb/205,validation
3,2,780,mitdb/210,validation
3,2,781,mitdb/210,validation
3,2,782,mitdb/210,validation
3,2,783,mitdb/210,validation
3,2,784,mitdb/210,validation
3,2,785,mitdb/210,validation
3,2,786,mitdb/210,validation
3,2,787,mitdb/210,validation
3,2,788,mitdb/210,validation
3,2,789,mitdb/210,validation
3,2,880,mitdb/108,validation
3,2,881,mitdb/108,validation
3,2,882,mitdb/108,validation
3,2,883,mitdb/108,validation
3,2,884,mitdb/108,validation
3,2,885,mitdb/108,validation
3,2,886,mitdb/108,validation
3,2,887,mitdb/108,validation
3,2,888,mitdb/108,validation
3,2,889,mitdb/108,validation
3,2,920,mitdb/231,validation
3,2,921,mitdb/231,validation
3,2,922,mitdb/231,validation
3,2,923,mitdb/231,validation
3,2,924,mitdb/231,validation
3,2,925,mitdb/231,validation
3,2,926,mitdb/231,validation
3,2,927,mitdb/231,validation
3,2,928,mitdb/231,validation
3,2,929,mitdb/231,validation
3,2,970,chfdb/chf10,validation
3,2,971,chfdb/chf10,validation
3,2,972,chfdb/chf10,validation
3,2,973,chfdb/chf10,validation
3,2,974,chfdb/chf10,validation
3,2,975,chfdb/chf10,validation
3,2,976,chfdb/chf10,validation
3,2,977,chfdb/chf10,validation
3,2,978,chfdb/chf10,validation
3,2,979,chfdb/chf10,validation
3,2,1000,chfdb/chf13,validation
3,2,1001,chfdb/chf13,validation
3,2,1002,chfdb/chf13,validation
3,2,1003,chfdb/chf13,validation
3,2,1004,chfdb/chf13,validation
3,2,1005,chfdb/chf13,validation
3,2,1006,chfdb/chf13,validation
3,2,1007,chfdb/chf13,validation
3,2,1008,chfdb/chf13,validation
3,2,1009,chfdb/chf13,validation
3,2,1010,chfdb/chf14,validation
3,2,1011,chfdb/chf14,validation
3,2,1012,chfdb/chf14,validation
3,2,1013,chfdb/chf14,validation
3,2,1014,chfdb/chf14,validation
3,2,1015,chfdb/chf14,validation
3,2,1016,chfdb/chf14,validation
3,2,1017,chfdb/chf14,validation
3,2,1018,chfdb/chf14,validation
3,2,1019,chfdb/chf14,validation
3,2,1080,chfdb/chf05,validation
3,2,1081,chfdb/chf05,validation
3,2,1082,chfdb/chf05,validation
3,2,1083,chfdb/chf05,validation
3,2,1084,chfdb/chf05,validation
3,2,1085,chfdb/chf05,validation
3,2,1086,chfdb/chf05,validation
3,2,1087,chfdb/chf05,validation
3,2,1088,chfdb/chf05,validation
3,2,1089,chfdb/chf05,validation
3,2,1130,chfdb/chf10,validation
3,2,1131,chfdb/chf10,validation
3,2,1132,chfdb/chf10,validation
3,2,1133,chfdb/chf10,validation
3,2,1134,chfdb/chf10,validation
3,2,1135,chfdb/chf10,validation
3,2,1136,chfdb/chf10,validation
3,2,1137,chfdb/chf10,validation
3,2,1138,chfdb/chf10,validation
3,2,1139,chfdb/chf10,validation
3,2,1160,chfdb/chf13,validation
3,2,1161,chfdb/chf13,validation
3,2,1162,chfdb/chf13,validation
3,2,1163,chfdb/chf13,validation
3,2,1164,chfdb/chf13,validation
3,2,1165,chfdb/chf13,validation
3,2,1166,chfdb/chf13,validation
3,2,1167,chfdb/chf13,validation
3,2,1168,chfdb/chf13,validation
3,2,1169,chfdb/chf13,validation
3,2,1170,chfdb/chf14,validation
3,2,1171,chfdb/chf14,validation
3,2,1172,chfdb/chf14,validation
3,2,1173,chfdb/chf14,validation
3,2,1174,chfdb/chf14,validation
3,2,1175,chfdb/chf14,validation
3,2,1176,chfdb/chf14,validation
3,2,1177,chfdb/chf14,validation
3,2,1178,chfdb/chf14,validation
3,2,1179,chfdb/chf14,validation
3,2,1210,chfdb/chf05,validation
3,2,1211,chfdb/chf05,validation
3,2,1212,chfdb/chf05,validation
3,2,1213,chfdb/chf05,validation
3,2,1214,chfdb/chf05,validation
3,2,1215,chfdb/chf05,validation
3,2,1216,chfdb/chf05,validation
3,2,1217,chfdb/chf05,validation
3,2,1218,chfdb/chf05,validation
3,2,1219,chfdb/chf05,validation
3,2,1280,nsrdb/17453,validation
3,2,1281,nsrdb/17453,validation
3,2,1282,nsrdb/17453,validation
3,2,1283,nsrdb/17453,validation
3,2,1284,nsrdb/17453,validation
3,2,1285,nsrdb/17453,validation
3,2,1286,nsrdb/17453,validation
3,2,1287,nsrdb/17453,validation
3,2,1288,nsrdb/17453,validation
3,2,1289,nsrdb/17453,validation
3,2,1300,nsrdb/18184,validation
3,2,1301,nsrdb/18184,validation
3,2,1302,nsrdb/18184,validation
3,2,1303,nsrdb/18184,validation
3,2,1304,nsrdb/18184,validation
3,2,1305,nsrdb/18184,validation
3,2,1306,nsrdb/18184,validation
3,2,1307,nsrdb/18184,validation
3,2,1308,nsrdb/18184,validation
3,2,1309,nsrdb/18184,validation
3,2,1400,nsrdb/16420,validation
3,2,1401,nsrdb/16420,validation
3,2,1402,nsrdb/16420,validation
3,2,1403,nsrdb/16420,validation
3,2,1404,nsrdb/16420,validation
3,2,1405,nsrdb/16420,validation
3,2,1406,nsrdb/16420,validation
3,2,1407,nsrdb/16420,validation
3,2,1408,nsrdb/16420,validation
3,2,1409,nsrdb/16420,validation
3,2,1420,nsrdb/16539,validation
3,2,1421,nsrdb/16539,validation
3,2,1422,nsrdb/16539,validation
3,2,1423,nsrdb/16539,validation
3,2,1424,nsrdb/16539,validation
3,2,1425,nsrdb/16539,validation
3,2,1426,nsrdb/16539,validation
3,2,1427,nsrdb/16539,validation
3,2,1428,nsrdb/16539,validation
3,2,1429,nsrdb/16539,validation
3,2,1440,nsrdb/16786,validation
3,2,1441,nsrdb/16786,validation
3,2,1442,nsrdb/16786,validation
3,2,1443,nsrdb/16786,validation
3,2,1444,nsrdb/16786,validation
3,2,1445,nsrdb/16786,validation
3,2,1446,nsrdb/16786,validation
3,2,1447,nsrdb/16786,validation
3,2,1448,nsrdb/16786,validation
3,2,1449,nsrdb/16786,validation
3,2,1470,nsrdb/17453,validation
3,2,1471,nsrdb/17453,validation
3,2,1472,nsrdb/17453,validation
3,2,1473,nsrdb/17453,validation
3,2,1474,nsrdb/17453,validation
3,2,1475,nsrdb/17453,validation
3,2,1476,nsrdb/17453,validation
3,2,1477,nsrdb/17453,validation
3,2,1478,nsrdb/17453,validation
3,2,1479,nsrdb/17453,validation
3,2,1500,nsrdb/18184,validation
3,2,1501,nsrdb/18184,validation
3,2,1502,nsrdb/18184,validation
3,2,1503,nsrdb/18184,validation
3,2,1504,nsrdb/18184,validation
3,2,1505,nsrdb/18184,validation
3,2,1506,nsrdb/18184,validation
3,2,1507,nsrdb/18184,validation
3,2,1508,nsrdb/18184,validation
3,2,1509,nsrdb/18184,validation
3,2,1560,nsrdb/16420,validation
3,2,1561,nsrdb/16420,validation
3,2,1562,nsrdb/16420,validation
3,2,1563,nsrdb/16420,validation
3,2,1564,nsrdb/16420,validation
3,2,1565,nsrdb/16420,validation
3,2,1566,nsrdb/16420,validation
3,2,1567,nsrdb/16420,validation
3,2,1568,nsrdb/16420,validation
3,2,1569,nsrdb/16420,validation
3,2,1580,nsrdb/16539,validation
3,2,1581,nsrdb/16539,validation
3,2,1582,nsrdb/16539,validation
3,2,1583,nsrdb/16539,validation
3,2,1584,nsrdb/16539,validation
3,2,1585,nsrdb/16539,validation
3,2,1586,nsrdb/16539,validation
3,2,1587,nsrdb/16539,validation
3,2,1588,nsrdb/16539,validation
3,2,1589,nsrdb/16539,validation
3,2,1600,nsrdb/16786,validation
3,2,1601,nsrdb/16786,validation
3,2,1602,nsrdb/16786,validation
3,2,1603,nsrdb/16786,validation
3,2,1604,nsrdb/16786,validation
3,2,1605,nsrdb/16786,validation
3,2,1606,nsrdb/16786,validation
3,2,1607,nsrdb/16786,validation
3,2,1608,nsrdb/16786,validation
3,2,1609,nsrdb/16786,validation
3,2,70,mitdb/116,test
3,2,71,mitdb/116,test
3,2,72,mitdb/116,test
3,2,73,mitdb/116,test
3,2,74,mitdb/116,test
3,2,75,mitdb/116,test
3,2,76,mitdb/116,test
3,2,77,mitdb/116,test
3,2,78,mitdb/116,test
3,2,79,mitdb/116,test
3,2,130,mitdb/122,test
3,2,131,mitdb/122,test
3,2,132,mitdb/122,test
3,2,133,mitdb/122,test
3,2,134,mitdb/122,test
3,2,135,mitdb/122,test
3,2,136,mitdb/122,test
3,2,137,mitdb/122,test
3,2,138,mitdb/122,test
3,2,139,mitdb/122,test
3,2,160,mitdb/200,test
3,2,161,mitdb/200,test
3,2,162,mitdb/200,test
3,2,163,mitdb/200,test
3,2,164,mitdb/200,test
3,2,165,mitdb/200,test
3,2,166,mitdb/200,test
3,2,167,mitdb/200,test
3,2,168,mitdb/200,test
3,2,169,mitdb/200,test
3,2,260,mitdb/212,test
3,2,261,mitdb/212,test
3,2,262,mitdb/212,test
3,2,263,mitdb/212,test
3,2,264,mitdb/212,test
3,2,265,mitdb/212,test
3,2,266,mitdb/212,test
3,2,267,mitdb/212,test
3,2,268,mitdb/212,test
3,2,269,mitdb/212,test
3,2,320,mitdb/220,test
3,2,321,mitdb/220,test
3,2,322,mitdb/220,test
3,2,323,mitdb/220,test
3,2,324,mitdb/220,test
3,2,325,mitdb/220,test
3,2,326,mitdb/220,test
3,2,327,mitdb/220,test
3,2,328,mitdb/220,test
3,2,329,mitdb/220,test
3,2,370,mitdb/228,test
3,2,371,mitdb/228,test
3,2,372,mitdb/228,test
3,2,373,mitdb/228,test
3,2,374,mitdb/228,test
3,2,375,mitdb/228,test
3,2,376,mitdb/228,test
3,2,377,mitdb/228,test
3,2,378,mitdb/228,test
3,2,379,mitdb/228,test
3,2,380,mitdb/230,test
3,2,381,mitdb/230,test
3,2,382,mitdb/230,test
3,2,383,mitdb/230,test
3,2,384,mitdb/230,test
3,2,385,mitdb/230,test
3,2,386,mitdb/230,test
3,2,387,mitdb/230,test
3,2,388,mitdb/230,test
3,2,389,mitdb/230,test
3,2,420,mitdb/234,test
3,2,421,mitdb/234,test
3,2,422,mitdb/234,test
3,2,423,mitdb/234,test
3,2,424,mitdb/234,test
3,2,425,mitdb/234,test
3,2,426,mitdb/234,test
3,2,427,mitdb/234,test
3,2,428,mitdb/234,test
3,2,429,mitdb/234,test
3,2,490,mitdb/105,test
3,2,491,mitdb/105,test
3,2,492,mitdb/105,test
3,2,493,mitdb/105,test
3,2,494,mitdb/105,test
3,2,495,mitdb/105,test
3,2,496,mitdb/105,test
3,2,497,mitdb/105,test
3,2,498,mitdb/105,test
3,2,499,mitdb/105,test
3,2,550,mitdb/105,test
3,2,551,mitdb/105,test
3,2,552,mitdb/105,test
3,2,553,mitdb/105,test
3,2,554,mitdb/105,test
3,2,555,mitdb/105,test
3,2,556,mitdb/105,test
3,2,557,mitdb/105,test
3,2,558,mitdb/105,test
3,2,559,mitdb/105,test
3,2,600,mitdb/116,test
3,2,601,mitdb/116,test
3,2,602,mitdb/116,test
3,2,603,mitdb/116,test
3,2,604,mitdb/116,test
3,2,605,mitdb/116,test
3,2,606,mitdb/116,test
3,2,607,mitdb/116,test
3,2,608,mitdb/116,test
3,2,609,mitdb/116,test
3,2,650,mitdb/122,test
3,2,651,mitdb/122,test
3,2,652,mitdb/122,test
3,2,653,mitdb/122,test
3,2,654,mitdb/122,test
3,2,655,mitdb/122,test
3,2,656,mitdb/122,test
3,2,657,mitdb/122,test
3,2,658,mitdb/122,test
3,2,659,mitdb/122,test
3,2,690,mitdb/200,test
3,2,691,mitdb/200,test
3,2,692,mitdb/200,test
3,2,693,mitdb/200,test
3,2,694,mitdb/200,test
3,2,695,mitdb/200,test
3,2,696,mitdb/200,test
3,2,697,mitdb/200,test
3,2,698,mitdb/200,test
3,2,699,mitdb/200,test
3,2,790,mitdb/212,test
3,2,791,mitdb/212,test
3,2,792,mitdb/212,test
3,2,793,mitdb/212,test
3,2,794,mitdb/212,test
3,2,795,mitdb/212,test
3,2,796,mitdb/212,test
3,2,797,mitdb/212,test
3,2,798,mitdb/212,test
3,2,799,mitdb/212,test
3,2,850,mitdb/220,test
3,2,851,mitdb/220,test
3,2,852,mitdb/220,test
3,2,853,mitdb/220,test
3,2,854,mitdb/220,test
3,2,855,mitdb/220,test
3,2,856,mitdb/220,test
3,2,857,mitdb/220,test
3,2,858,mitdb/220,test
3,2,859,mitdb/220,test
3,2,900,mitdb/228,test
3,2,901,mitdb/228,test
3,2,902,mitdb/228,test
3,2,903,mitdb/228,test
3,2,904,mitdb/228,test
3,2,905,mitdb/228,test
3,2,906,mitdb/228,test
3,2,907,mitdb/228,test
3,2,908,mitdb/228,test
3,2,909,mitdb/228,test
3,2,910,mitdb/230,test
3,2,911,mitdb/230,test
3,2,912,mitdb/230,test
3,2,913,mitdb/230,test
3,2,914,mitdb/230,test
3,2,915,mitdb/230,test
3,2,916,mitdb/230,test
3,2,917,mitdb/230,test
3,2,918,mitdb/230,test
3,2,919,mitdb/230,test
3,2,950,mitdb/234,test
3,2,951,mitdb/234,test
3,2,952,mitdb/234,test
3,2,953,mitdb/234,test
3,2,954,mitdb/234,test
3,2,955,mitdb/234,test
3,2,956,mitdb/234,test
3,2,957,mitdb/234,test
3,2,958,mitdb/234,test
3,2,959,mitdb/234,test
3,2,1020,chfdb/chf15,test
3,2,1021,chfdb/chf15,test
3,2,1022,chfdb/chf15,test
3,2,1023,chfdb/chf15,test
3,2,1024,chfdb/chf15,test
3,2,1025,chfdb/chf15,test
3,2,1026,chfdb/chf15,test
3,2,1027,chfdb/chf15,test
3,2,1028,chfdb/chf15,test
3,2,1029,chfdb/chf15,test
3,2,1090,chfdb/chf06,test
3,2,1091,chfdb/chf06,test
3,2,1092,chfdb/chf06,test
3,2,1093,chfdb/chf06,test
3,2,1094,chfdb/chf06,test
3,2,1095,chfdb/chf06,test
3,2,1096,chfdb/chf06,test
3,2,1097,chfdb/chf06,test
3,2,1098,chfdb/chf06,test
3,2,1099,chfdb/chf06,test
3,2,1100,chfdb/chf07,test
3,2,1101,chfdb/chf07,test
3,2,1102,chfdb/chf07,test
3,2,1103,chfdb/chf07,test
3,2,1104,chfdb/chf07,test
3,2,1105,chfdb/chf07,test
3,2,1106,chfdb/chf07,test
3,2,1107,chfdb/chf07,test
3,2,1108,chfdb/chf07,test
3,2,1109,chfdb/chf07,test
3,2,1190,chfdb/chf15,test
3,2,1191,chfdb/chf15,test
3,2,1192,chfdb/chf15,test
3,2,1193,chfdb/chf15,test
3,2,1194,chfdb/chf15,test
3,2,1195,chfdb/chf15,test
3,2,1196,chfdb/chf15,test
3,2,1197,chfdb/chf15,test
3,2,1198,chfdb/chf15,test
3,2,1199,chfdb/chf15,test
3,2,1220,chfdb/chf06,test
3,2,1221,chfdb/chf06,test
3,2,1222,chfdb/chf06,test
3,2,1223,chfdb/chf06,test
3,2,1224,chfdb/chf06,test
3,2,1225,chfdb/chf06,test
3,2,1226,chfdb/chf06,test
3,2,1227,chfdb/chf06,test
3,2,1228,chfdb/chf06,test
3,2,1229,chfdb/chf06,test
3,2,1230,chfdb/chf07,test
3,2,1231,chfdb/chf07,test
3,2,1232,chfdb/chf07,test
3,2,1233,chfdb/chf07,test
3,2,1234,chfdb/chf07,test
3,2,1235,chfdb/chf07,test
3,2,1236,chfdb/chf07,test
3,2,1237,chfdb/chf07,test
3,2,1238,chfdb/chf07,test
3,2,1239,chfdb/chf07,test
3,2,1370,nsrdb/16272,test
3,2,1371,nsrdb/16272,test
3,2,1372,nsrdb/16272,test
3,2,1373,nsrdb/16272,test
3,2,1374,nsrdb/16272,test
3,2,1375,nsrdb/16272,test
3,2,1376,nsrdb/16272,test
3,2,1377,nsrdb/16272,test
3,2,1378,nsrdb/16272,test
3,2,1379,nsrdb/16272,test
3,2,1380,nsrdb/16272,test
3,2,1381,nsrdb/16272,test
3,2,1382,nsrdb/16272,test
3,2,1383,nsrdb/16272,test
3,2,1384,nsrdb/16272,test
3,2,1385,nsrdb/16272,test
3,2,1386,nsrdb/16272,test
3,2,1387,nsrdb/16272,test
3,2,1388,nsrdb/16272,test
3,2,1389,nsrdb/16272,test
3,2,1390,nsrdb/16273,test
3,2,1391,nsrdb/16273,test
3,2,1392,nsrdb/16273,test
3,2,1393,nsrdb/16273,test
3,2,1394,nsrdb/16273,test
3,2,1395,nsrdb/16273,test
3,2,1396,nsrdb/16273,test
3,2,1397,nsrdb/16273,test
3,2,1398,nsrdb/16273,test
3,2,1399,nsrdb/16273,test
3,2,1430,nsrdb/16773,test
3,2,1431,nsrdb/16773,test
3,2,1432,nsrdb/16773,test
3,2,1433,nsrdb/16773,test
3,2,1434,nsrdb/16773,test
3,2,1435,nsrdb/16773,test
3,2,1436,nsrdb/16773,test
3,2,1437,nsrdb/16773,test
3,2,1438,nsrdb/16773,test
3,2,1439,nsrdb/16773,test
3,2,1450,nsrdb/16795,test
3,2,1451,nsrdb/16795,test
3,2,1452,nsrdb/16795,test
3,2,1453,nsrdb/16795,test
3,2,1454,nsrdb/16795,test
3,2,1455,nsrdb/16795,test
3,2,1456,nsrdb/16795,test
3,2,1457,nsrdb/16795,test
3,2,1458,nsrdb/16795,test
3,2,1459,nsrdb/16795,test
3,2,1480,nsrdb/16273,test
3,2,1481,nsrdb/16273,test
3,2,1482,nsrdb/16273,test
3,2,1483,nsrdb/16273,test
3,2,1484,nsrdb/16273,test
3,2,1485,nsrdb/16273,test
3,2,1486,nsrdb/16273,test
3,2,1487,nsrdb/16273,test
3,2,1488,nsrdb/16273,test
3,2,1489,nsrdb/16273,test
3,2,1590,nsrdb/16773,test
3,2,1591,nsrdb/16773,test
3,2,1592,nsrdb/16773,test
3,2,1593,nsrdb/16773,test
3,2,1594,nsrdb/16773,test
3,2,1595,nsrdb/16773,test
3,2,1596,nsrdb/16773,test
3,2,1597,nsrdb/16773,test
3,2,1598,nsrdb/16773,test
3,2,1599,nsrdb/16773,test
3,2,1610,nsrdb/16795,test
3,2,1611,nsrdb/16795,test
3,2,1612,nsrdb/16795,test
3,2,1613,nsrdb/16795,test
3,2,1614,nsrdb/16795,test
3,2,1615,nsrdb/16795,test
3,2,1616,nsrdb/16795,test
3,2,1617,nsrdb/16795,test
3,2,1618,nsrdb/16795,test
3,2,1619,nsrdb/16795,test
4,0,0,mitdb/100,train
4,0,1,mitdb/100,train
4,0,2,mitdb/100,train
4,0,3,mitdb/100,train
4,0,4,mitdb/100,train
4,0,5,mitdb/100,train
4,0,6,mitdb/100,train
4,0,7,mitdb/100,train
4,0,8,mitdb/100,train
4,0,9,mitdb/100,train
4,0,30,mitdb/112,train
4,0,31,mitdb/112,train
4,0,32,mitdb/112,train
4,0,33,mitdb/112,train
4,0,34,mitdb/112,train
4,0,35,mitdb/112,train
4,0,36,mitdb/112,train
4,0,37,mitdb/112,train
4,0,38,mitdb/112,train
4,0,39,mitdb/112,train
4,0,40,mitdb/113,train
4,0,41,mitdb/113,train
4,0,42,mitdb/113,train
4,0,43,mitdb/113,train
4,0,44,mitdb/113,train
4,0,45,mitdb/113,train
4,0,46,mitdb/113,train
4,0,47,mitdb/113,train
4,0,48,mitdb/113,train
4,0,49,mitdb/113,train
4,0,60,mitdb/115,train
4,0,61,mitdb/115,train
4,0,62,mitdb/115,train
4,0,63,mitdb/115,train
4,0,64,mitdb/115,train
4,0,65,mitdb/115,train
4,0,66,mitdb/115,train
4,0,67,mitdb/115,train
4,0,68,mitdb/115,train
4,0,69,mitdb/115,train
4,0,70,mitdb/116,train
4,0,71,mitdb/116,train
4,0,72,mitdb/116,train
4,0,73,mitdb/116,train
4,0,74,mitdb/116,train
4,0,75,mitdb/116,train
4,0,76,mitdb/116,train
4,0,77,mitdb/116,train
4,0,78,mitdb/116,train
4,0,79,mitdb/116,train
4,0,80,mitdb/117,train
4,0,81,mitdb/117,train
4,0,82,mitdb/117,train
4,0,83,mitdb/117,train
4,0,84,mitdb/117,train
4,0,85,mitdb/117,train
4,0,86,mitdb/117,train
4,0,87,mitdb/117,train
4,0,88,mitdb/117,train
4,0,89,mitdb/117,train
4,0,110,mitdb/101,train
4,0,111,mitdb/101,train
4,0,112,mitdb/101,train
4,0,113,mitdb/101,train
4,0,114,mitdb/101,train
4,0,115,mitdb/101,train
4,0,116,mitdb/101,train
4,0,117,mitdb/101,train
4,0,118,mitdb/101,train
4,0,119,mitdb/101,train
4,0,130,mitdb/122,train
4,0,131,mitdb/122,train
4,0,132,mitdb/122,train
4,0,133,mitdb/122,train
4,0,134,mitdb/122,train
4,0,135,mitdb/122,train
4,0,136,mitdb/122,train
4,0,137,mitdb/122,train
4,0,138,mitdb/122,train
4,0,139,mitdb/122,train
4,0,150,mitdb/124,train
4,0,151,mitdb/124,train
4,0,152,mitdb/124,train
4,0,153,mitdb/124,train
4,0,154,mitdb/124,train
4,0,155,mitdb/124,train
4,0,156,mitdb/124,train
4,0,157,mitdb/124,train
4,0,158,mitdb/124,train
4,0,159,mitdb/124,train
4,0,160,mitdb/200,train
4,0,161,mitdb/200,train
4,0,162,mitdb/200,train
4,0,163,mitdb/200,train
4,0,164,mitdb/200,train
4,0,165,mitdb/200,train
4,0,166,mitdb/200,train
4,0,167,mitdb/200,train
4,0,168,mitdb/200,train
4,0,169,mitdb/200,train
4,0,190,mitdb/203,train
4,0,191,mitdb/203,train
4,0,192,mitdb/203,train
4,0,193,mitdb/203,train
4,0,194,mitdb/203,train
4,0,195,mitdb/203,train
4,0,196,mitdb/203,train
4,0,197,mitdb/203,train
4,0,198,mitdb/203,train
4,0,199,mitdb/203,train
4,0,210,mitdb/207,train
4,0,211,mitdb/207,train
4,0,212,mitdb/207,train
4,0,213,mitdb/207,train
4,0,214,mitdb/207,train
4,0,215,mitdb/207,train
4,0,216,mitdb/207,train
4,0,217,mitdb/207,train
4,0,218,mitdb/207,train
4,0,219,mitdb/207,train
4,0,220,mitdb/102,train
4,0,221,mitdb/102,train
4,0,222,mitdb/102,train
4,0,223,mitdb/102,train
4,0,224,mitdb/102,train
4,0,225,mitdb/102,train
4,0,226,mitdb/102,train
4,0,227,mitdb/102,train
4,0,228,mitdb/102,train
4,0,229,mitdb/102,train
4,0,230,mitdb/208,train
4,0,231,mitdb/208,train
4,0,232,mitdb/208,train
4,0,233,mitdb/208,train
4,0,234,mitdb/208,train
4,0,235,mitdb/208,train
4,0,236,mitdb/208,train
4,0,237,mitdb/208,train
4,0,238,mitdb/208,train
4,0,239,mitdb/208,train
4,0,240,mitdb/209,train
4,0,241,mitdb/209,train
4,0,242,mitdb/209,train
4,0,243,mitdb/209,train
4,0,244,mitdb/209,train
4,0,245,mitdb/209,train
4,0,246,mitdb/209,train
4,0,247,mitdb/209,train
4,0,248,mitdb/209,train
4,0,249,mitdb/209,train
4,0,280,mitdb/214,train
4,0,281,mitdb/214,train
4,0,282,mitdb/214,train
4,0,283,mitdb/214,train
4,0,284,mitdb/214,train
4,0,285,mitdb/214,train
4,0,286,mitdb/214,train
4,0,287,mitdb/214,train
4,0,288,mitdb/214,train
4,0,289,mitdb/214,train
4,0,290,mitdb/215,train
4,0,291,mitdb/215,train
4,0,292,mitdb/215,train
4,0,293,mitdb/215,train
4,0,294,mitdb/215,train
4,0,295,mitdb/215,train
4,0,296,mitdb/215,train
4,0,297,mitdb/215,train
4,0,298,mitdb/215,train
4,0,299,mitdb/215,train
4,0,320,mitdb/220,train
4,0,321,mitdb/220,train
4,0,322,mitdb/220,train
4,0,323,mitdb/220,train
4,0,324,mitdb/220,train
4,0,325,mitdb/220,train
4,0,326,mitdb/220,train
4,0,327,mitdb/220,train
4,0,328,mitdb/220,train
4,0,329,mitdb/220,train
4,0,340,mitdb/221,train
4,0,341,mitdb/221,train
4,0,342,mitdb/221,train
4,0,343,mitdb/221,train
4,0,344,mitdb/221,train
4,0,345,mitdb/221,train
4,0,346,mitdb/221,train
4,0,347,mitdb/221,train
4,0,348,mitdb/221,train
4,0,349,mitdb/221,train
4,0,350,mitdb/222,train
4,0,351,mitdb/222,train
4,0,352,mitdb/222,train
4,0,353,mitdb/222,train
4,0,354,mitdb/222,train
4,0,355,mitdb/222,train
4,0,356,mitdb/222,train
4,0,357,mitdb/222,train
4,0,358,mitdb/222,train
4,0,359,mitdb/222,train
4,0,360,mitdb/223,train
4,0,361,mitdb/223,train
4,0,362,mitdb/223,train
4,0,363,mitdb/223,train
4,0,364,mitdb/223,train
4,0,365,mitdb/223,train
4,0,366,mitdb/223,train
4,0,367,mitdb/223,train
4,0,368,mitdb/223,train
4,0,369,mitdb/223,train
4,0,370,mitdb/228,train
4,0,371,mitdb/228,train
4,0,372,mitdb/228,train
4,0,373,mitdb/228,train
4,0,374,mitdb/228,train
4,0,375,mitdb/228,train
4,0,376,mitdb/228,train
4,0,377,mitdb/228,train
4,0,378,mitdb/228,train
4,0,379,mitdb/228,train
4,0,380,mitdb/230,train
4,0,381,mitdb/230,train
4,0,382,mitdb/230,train
4,0,383,mitdb/230,train
4,0,384,mitdb/230,train
4,0,385,mitdb/230,train
4,0,386,mitdb/230,train
4,0,387,mitdb/230,train
4,0,388,mitdb/230,train
4,0,389,mitdb/230,train
4,0,390,mitdb/231,train
4,0,391,mitdb/231,train
4,0,392,mitdb/231,train
4,0,393,mitdb/231,train
4,0,394,mitdb/231,train
4,0,395,mitdb/231,train
4,0,396,mitdb/231,train
4,0,397,mitdb/231,train
4,0,398,mitdb/231,train
4,0,399,mitdb/231,train
4,0,410,mitdb/233,train
4,0,411,mitdb/233,train
4,0,412,mitdb/233,train
4,0,413,mitdb/233,train
4,0,414,mitdb/233,train
4,0,415,mitdb/233,train
4,0,416,mitdb/233,train
4,0,417,mitdb/233,train
4,0,418,mitdb/233,train
4,0,419,mitdb/233,train
4,0,420,mitdb/234,train
4,0,421,mitdb/234,train
4,0,422,mitdb/234,train
4,0,423,mitdb/234,train
4,0,424,mitdb/234,train
4,0,425,mitdb/234,train
4,0,426,mitdb/234,train
4,0,427,mitdb/234,train
4,0,428,mitdb/234,train
4,0,429,mitdb/234,train
4,0,430,mitdb/100,train
4,0,431,mitdb/100,train
4,0,432,mitdb/100,train
4,0,433,mitdb/100,train
4,0,434,mitdb/100,train
4,0,435,mitdb/100,train
4,0,436,mitdb/100,train
4,0,437,mitdb/100,train
4,0,438,mitdb/100,train
4,0,439,mitdb/100,train
4,0,450,mitdb/101,train
4,0,451,mitdb/101,train
4,0,452,mitdb/101,train
4,0,453,mitdb/101,train
4,0,454,mitdb/101,train
4,0,455,mitdb/101,train
4,0,456,mitdb/101,train
4,0,457,mitdb/101,train
4,0,458,mitdb/101,train
4,0,459,mitdb/101,train
4,0,460,mitdb/102,train
4,0,461,mitdb/102,train
4,0,462,mitdb/102,train
4,0,463,mitdb/102,train
4,0,464,mitdb/102,train
4,0,465,mitdb/102,train
4,0,466,mitdb/102,train
4,0,467,mitdb/102,train
4,0,468,mitdb/102,train
4,0,469,mitdb/102,train
4,0,560,mitdb/112,train
4,0,561,mitdb/112,train
4,0,562,mitdb/112,train
4,0,563,mitdb/112,train
4,0,564,mitdb/112,train
4,0,565,mitdb/112,train
4,0,566,mitdb/112,train
4,0,567,mitdb/112,train
4,0,568,mitdb/112,train
4,0,569,mitdb/112,train
4,0,570,mitdb/113,train
4,0,571,mitdb/113,train
4,0,572,mitdb/113,train
4,0,573,mitdb/113,train
4,0,574,mitdb/113,train
4,0,575,mitdb/113,train
4,0,576,mitdb/113,train
4,0,577,mitdb/113,train
4,0,578,mitdb/113,train
4,0,579,mitdb/113,train
4,0,590,mitdb/115,train
4,0,591,mitdb/115,train
4,0,592,mitdb/115,train
4,0,593,mitdb/115,train
4,0,594,mitdb/115,train
4,0,595,mitdb/115,train
4,0,596,mitdb/115,train
4,0,597,mitdb/115,train
4,0,598,mitdb/115,train
4,0,599,mitdb/115,train
4,0,600,mitdb/116,train
4,0,601,mitdb/116,train
4,0,602,mitdb/116,train
4,0,603,mitdb/116,train
4,0,604,mitdb/116,train
4,0,605,mitdb/116,train
4,0,606,mitdb/116,train
4,0,607,mitdb/116,train
4,0,608,mitdb/116,train
4,0,609,mitdb/116,train
4,0,610,mitdb/117,train
4,0,611,mitdb/117,train
4,0,612,mitdb/117,train
4,0,613,mitdb/117,train
4,0,614,mitdb/117,train
4,0,615,mitdb/117,train
4,0,616,mitdb/117,train
4,0,617,mitdb/117,train
4,0,618,mitdb/117,train
4,0,619,mitdb/117,train
4,0,650,mitdb/122,train
4,0,651,mitdb/122,train
4,0,652,mitdb/122,train
4,0,653,mitdb/122,train
4,0,654,mitdb/122,train
4,0,655,mitdb/122,train
4,0,656,mitdb/122,train
4,0,657,mitdb/122,train
4,0,658,mitdb/122,train
4,0,659,mitdb/122,train
4,0,680,mitdb/124,train
4,0,681,mitdb/124,train
4,0,682,mitdb/124,train
4,0,683,mitdb/124,train
4,0,684,mitdb/124,train
4,0,685,mitdb/124,train
4,0,686,mitdb/124,train
4,0,687,mitdb/124,train
4,0,688,mitdb/124,train
4,0,689,mitdb/124,train
4,0,690,mitdb/200,train
4,0,691,mitdb/200,train
4,0,692,mitdb/200,train
4,0,693,mitdb/200,train
4,0,694,mitdb/200,train
4,0,695,mitdb/200,train
4,0,696,mitdb/200,train
4,0,697,mitdb/200,train
4,0,698,mitdb/200,train
4,0,699,mitdb/200,train
4,0,720,mitdb/203,train
4,0,721,mitdb/203,train
4,0,722,mitdb/203,train
4,0,723,mitdb/203,train
4,0,724,mitdb/203,train
4,0,725,mitdb/203,train
4,0,726,mitdb/203,train
4,0,727,mitdb/203,train
4,0,728,mitdb/203,train
4,0,729,mitdb/203,train
4,0,740,mitdb/207,train
4,0,741,mitdb/207,train
4,0,742,mitdb/207,train
4,0,743,mitdb/207,train
4,0,744,mitdb/207,train
4,0,745,mitdb/207,train
4,0,746,mitdb/207,train
4,0,747,mitdb/207,train
4,0,748,mitdb/207,train
4,0,749,mitdb/207,train
4,0,750,mitdb/208,train
4,0,751,mitdb/208,train
4,0,752,mitdb/208,train
4,0,753,mitdb/208,train
4,0,754,mitdb/208,train
4,0,755,mitdb/208,train
4,0,756,mitdb/208,train
4,0,757,mitdb/208,train
4,0,758,mitdb/208,train
4,0,759,mitdb/208,train
4,0,760,mitdb/209,train
4,0,761,mitdb/209,train
4,0,762,mitdb/209,train
4,0,763,mitdb/209,train
4,0,764,mitdb/209,train
4,0,765,mitdb/209,train
4,0,766,mitdb/209,train
4,0,767,mitdb/209,train
4,0,768,mitdb/209,train
4,0,769,mitdb/209,train
4,0,810,mitdb/214,train
4,0,811,mitdb/214,train
4,0,812,mitdb/214,train
4,0,813,mitdb/214,train
4,0,814,mitdb/214,train
4,0,815,mitdb/214,train
4,0,816,mitdb/214,train
4,0,817,mitdb/214,train
4,0,818,mitdb/214,train
4,0,819,mitdb/214,train
4,0,820,mitdb/215,train
4,0,821,mitdb/215,train
4,0,822,mitdb/215,train
4,0,823,mitdb/215,train
4,0,824,mitdb/215,train
4,0,825,mitdb/215,train
4,0,826,mitdb/215,train
4,0,827,mitdb/215,train
4,0,828,mitdb/215,train
4,0,829,mitdb/215,train
4,0,850,mitdb/220,train
4,0,851,mitdb/220,train
4,0,852,mitdb/220,train
4,0,853,mitdb/220,train
4,0,854,mitdb/220,train
4,0,855,mitdb/220,train
4,0,856,mitdb/220,train
4,0,857,mitdb/220,train
4,0,858,mitdb/220,train
4,0,859,mitdb/220,train
4,0,860,mitdb/221,train
4,0,861,mitdb/221,train
4,0,862,mitdb/221,train
4,0,863,mitdb/221,train
4,0,864,mitdb/221,train
4,0,865,mitdb/221,train
4,0,866,mitdb/221,train
4,0,867,mitdb/221,train
4,0,868,mitdb/221,train
4,0,869,mitdb/221,train
4,0,870,mitdb/222,train
4,0,871,mitdb/222,train
4,0,872,mitdb/222,train
4,0,873,mitdb/222,train
4,0,874,mitdb/222,train
4,0,875,mitdb/222,train
4,0,876,mitdb/222,train
4,0,877,mitdb/222,train
4,0,878,mitdb/222,train
4,0,879,mitdb/222,train
4,0,890,mitdb/223,train
4,0,891,mitdb/223,train
4,0,892,mitdb/223,train
4,0,893,mitdb/223,train
4,0,894,mitdb/223,train
4,0,895,mitdb/223,train
4,0,896,mitdb/223,train
4,0,897,mitdb/223,train
4,0,898,mitdb/223,train
4,0,899,mitdb/223,train
4,0,900,mitdb/228,train
4,0,901,mitdb/228,train
4,0,902,mitdb/228,train
4,0,903,mitdb/228,train
4,0,904,mitdb/228,train
4,0,905,mitdb/228,train
4,0,906,mitdb/228,train
4,0,907,mitdb/228,train
4,0,908,mitdb/228,train
4,0,909,mitdb/228,train
4,0,910,mitdb/230,train
4,0,911,mitdb/230,train
4,0,912,mitdb/230,train
4,0,913,mitdb/230,train
4,0,914,mitdb/230,train
4,0,915,mitdb/230,train
4,0,916,mitdb/230,train
4,0,917,mitdb/230,train
4,0,918,mitdb/230,train
4,0,919,mitdb/230,train
4,0,920,mitdb/231,train
4,0,921,mitdb/231,train
4,0,922,mitdb/231,train
4,0,923,mitdb/231,train
4,0,924,mitdb/231,train
4,0,925,mitdb/231,train
4,0,926,mitdb/231,train
4,0,927,mitdb/231,train
4,0,928,mitdb/231,train
4,0,929,mitdb/231,train
4,0,940,mitdb/233,train
4,0,941,mitdb/233,train
4,0,942,mitdb/233,train
4,0,943,mitdb/233,train
4,0,944,mitdb/233,train
4,0,945,mitdb/233,train
4,0,946,mitdb/233,train
4,0,947,mitdb/233,train
4,0,948,mitdb/233,train
4,0,949,mitdb/233,train
4,0,950,mitdb/234,train
4,0,951,mitdb/234,train
4,0,952,mitdb/234,train
4,0,953,mitdb/234,train
4,0,954,mitdb/234,train
4,0,955,mitdb/234,train
4,0,956,mitdb/234,train
4,0,957,mitdb/234,train
4,0,958,mitdb/234,train
4,0,959,mitdb/234,train
4,0,960,chfdb/chf01,train
4,0,961,chfdb/chf01,train
4,0,962,chfdb/chf01,train
4,0,963,chfdb/chf01,train
4,0,964,chfdb/chf01,train
4,0,965,chfdb/chf01,train
4,0,966,chfdb/chf01,train
4,0,967,chfdb/chf01,train
4,0,968,chfdb/chf01,train
4,0,969,chfdb/chf01,train
4,0,970,chfdb/chf10,train
4,0,971,chfdb/chf10,train
4,0,972,chfdb/chf10,train
4,0,973,chfdb/chf10,train
4,0,974,chfdb/chf10,train
4,0,975,chfdb/chf10,train
4,0,976,chfdb/chf10,train
4,0,977,chfdb/chf10,train
4,0,978,chfdb/chf10,train
4,0,979,chfdb/chf10,train
4,0,980,chfdb/chf11,train
4,0,981,chfdb/chf11,train
4,0,982,chfdb/chf11,train
4,0,983,chfdb/chf11,train
4,0,984,chfdb/chf11,train
4,0,985,chfdb/chf11,train
4,0,986,chfdb/chf11,train
4,0,987,chfdb/chf11,train
4,0,988,chfdb/chf11,train
4,0,989,chfdb/chf11,train
4,0,1000,chfdb/chf13,train
4,0,1001,chfdb/chf13,train
4,0,1002,chfdb/chf13,train
4,0,1003,chfdb/chf13,train
4,0,1004,chfdb/chf13,train
4,0,1005,chfdb/chf13,train
4,0,1006,chfdb/chf13,train
4,0,1007,chfdb/chf13,train
4,0,1008,chfdb/chf13,train
4,0,1009,chfdb/chf13,train
4,0,1010,chfdb/chf14,train
4,0,1011,chfdb/chf14,train
4,0,1012,chfdb/chf14,train
4,0,1013,chfdb/chf14,train
4,0,1014,chfdb/chf14,train
4,0,1015,chfdb/chf14,train
4,0,1016,chfdb/chf14,train
4,0,1017,chfdb/chf14,train
4,0,1018,chfdb/chf14,train
4,0,1019,chfdb/chf14,train
4,0,1030,chfdb/chf01,train
4,0,1031,chfdb/chf01,train
4,0,1032,chfdb/chf01,train
4,0,1033,chfdb/chf01,train
4,0,1034,chfdb/chf01,train
4,0,1035,chfdb/chf01,train
4,0,1036,chfdb/chf01,train
4,0,1037,chfdb/chf01,train
4,0,1038,chfdb/chf01,train
4,0,1039,chfdb/chf01,train
4,0,1060,chfdb/chf04,train
4,0,1061,chfdb/chf04,train
4,0,1062,chfdb/chf04,train
4,0,1063,chfdb/chf04,train
4,0,1064,chfdb/chf04,train
4,0,1065,chfdb/chf04,train
4,0,1066,chfdb/chf04,train
4,0,1067,chfdb/chf04,train
4,0,1068,chfdb/chf04,train
4,0,1069,chfdb/chf04,train
4,0,1100,chfdb/chf07,train
4,0,1101,chfdb/chf07,train
4,0,1102,chfdb/chf07,train
4,0,1103,chfdb/chf07,train
4,0,1104,chfdb/chf07,train
4,0,1105,chfdb/chf07,train
4,0,1106,chfdb/chf07,train
4,0,1107,chfdb/chf07,train
4,0,1108,chfdb/chf07,train
4,0,1109,chfdb/chf07,train
4,0,1110,chfdb/chf08,train
4,0,1111,chfdb/chf08,train
4,0,1112,chfdb/chf08,train
4,0,1113,chfdb/chf08,train
4,0,1114,chfdb/chf08,train
4,0,1115,chfdb/chf08,train
4,0,1116,chfdb/chf08,train
4,0,1117,chfdb/chf08,train
4,0,1118,chfdb/chf08,train
4,0,1119,chfdb/chf08,train
4,0,1130,chfdb/chf10,train
4,0,1131,chfdb/chf10,train
4,0,1132,chfdb/chf10,train
4,0,1133,chfdb/chf10,train
4,0,1134,chfdb/chf10,train
4,0,1135,chfdb/chf10,train
4,0,1136,chfdb/chf10,train
4,0,1137,chfdb/chf10,train
4,0,1138,chfdb/chf10,train
4,0,1139,chfdb/chf10,train
4,0,1140,chfdb/chf11,train
4,0,1141,chfdb/chf11,train
4,0,1142,chfdb/chf11,train
4,0,1143,chfdb/chf11,train
4,0,1144,chfdb/chf11,train
4,0,1145,chfdb/chf11,train
4,0,1146,chfdb/chf11,train
4,0,1147,chfdb/chf11,train
4,0,1148,chfdb/chf11,train
4,0,1149,chfdb/chf11,train
4,0,1160,chfdb/chf13,train
4,0,1161,chfdb/chf13,train
4,0,1162,chfdb/chf13,train
4,0,1163,chfdb/chf13,train
4,0,1164,chfdb/chf13,train
4,0,1165,chfdb/chf13,train
4,0,1166,chfdb/chf13,train
4,0,1167,chfdb/chf13,train
4,0,1168,chfdb/chf13,train
4,0,1169,chfdb/chf13,train
4,0,1170,chfdb/chf14,train
4,0,1171,chfdb/chf14,train
4,0,1172,chfdb/chf14,train
4,0,1173,chfdb/chf14,train
4,0,1174,chfdb/chf14,train
4,0,1175,chfdb/chf14,train
4,0,1176,chfdb/chf14,train
4,0,1177,chfdb/chf14,train
4,0,1178,chfdb/chf14,train
4,0,1179,chfdb/chf14,train
4,0,1200,chfdb/chf04,train
4,0,1201,chfdb/chf04,train
4,0,1202,chfdb/chf04,train
4,0,1203,chfdb/chf04,train
4,0,1204,chfdb/chf04,train
4,0,1205,chfdb/chf04,train
4,0,1206,chfdb/chf04,train
4,0,1207,chfdb/chf04,train
4,0,1208,chfdb/chf04,train
4,0,1209,chfdb/chf04,train
4,0,1230,chfdb/chf07,train
4,0,1231,chfdb/chf07,train
4,0,1232,chfdb/chf07,train
4,0,1233,chfdb/chf07,train
4,0,1234,chfdb/chf07,train
4,0,1235,chfdb/chf07,train
4,0,1236,chfdb/chf07,train
4,0,1237,chfdb/chf07,train
4,0,1238,chfdb/chf07,train
4,0,1239,chfdb/chf07,train
4,0,1240,chfdb/chf08,train
4,0,1241,chfdb/chf08,train
4,0,1242,chfdb/chf08,train
4,0,1243,chfdb/chf08,train
4,0,1244,chfdb/chf08,train
4,0,1245,chfdb/chf08,train
4,0,1246,chfdb/chf08,train
4,0,1247,chfdb/chf08,train
4,0,1248,chfdb/chf08,train
4,0,1249,chfdb/chf08,train
4,0,1260,nsrdb/16265,train
4,0,1261,nsrdb/16265,train
4,0,1262,nsrdb/16265,train
4,0,1263,nsrdb/16265,train
4,0,1264,nsrdb/16265,train
4,0,1265,nsrdb/16265,train
4,0,1266,nsrdb/16265,train
4,0,1267,nsrdb/16265,train
4,0,1268,nsrdb/16265,train
4,0,1269,nsrdb/16265,train
4,0,1270,nsrdb/17052,train
4,0,1271,nsrdb/17052,train
4,0,1272,nsrdb/17052,train
4,0,1273,nsrdb/17052,train
4,0,1274,nsrdb/17052,train
4,0,1275,nsrdb/17052,train
4,0,1276,nsrdb/17052,train
4,0,1277,nsrdb/17052,train
4,0,1278,nsrdb/17052,train
4,0,1279,nsrdb/17052,train
4,0,1290,nsrdb/18177,train
4,0,1291,nsrdb/18177,train
4,0,1292,nsrdb/18177,train
4,0,1293,nsrdb/18177,train
4,0,1294,nsrdb/18177,train
4,0,1295,nsrdb/18177,train
4,0,1296,nsrdb/18177,train
4,0,1297,nsrdb/18177,train
4,0,1298,nsrdb/18177,train
4,0,1299,nsrdb/18177,train
4,0,1300,nsrdb/18184,train
4,0,1301,nsrdb/18184,train
4,0,1302,nsrdb/18184,train
4,0,1303,nsrdb/18184,train
4,0,1304,nsrdb/18184,train
4,0,1305,nsrdb/18184,train
4,0,1306,nsrdb/18184,train
4,0,1307,nsrdb/18184,train
4,0,1308,nsrdb/18184,train
4,0,1309,nsrdb/18184,train
4,0,1310,nsrdb/19088,train
4,0,1311,nsrdb/19088,train
4,0,1312,nsrdb/19088,train
4,0,1313,nsrdb/19088,train
4,0,1314,nsrdb/19088,train
4,0,1315,nsrdb/19088,train
4,0,1316,nsrdb/19088,train
4,0,1317,nsrdb/19088,train
4,0,1318,nsrdb/19088,train
4,0,1319,nsrdb/19088,train
4,0,1320,nsrdb/19090,train
4,0,1321,nsrdb/19090,train
4,0,1322,nsrdb/19090,train
4,0,1323,nsrdb/19090,train
4,0,1324,nsrdb/19090,train
4,0,1325,nsrdb/19090,train
4,0,1326,nsrdb/19090,train
4,0,1327,nsrdb/19090,train
4,0,1328,nsrdb/19090,train
4,0,1329,nsrdb/19090,train
4,0,1360,nsrdb/16265,train
4,0,1361,nsrdb/16265,train
4,0,1362,nsrdb/16265,train
4,0,1363,nsrdb/16265,train
4,0,1364,nsrdb/16265,train
4,0,1365,nsrdb/16265,train
4,0,1366,nsrdb/16265,train
4,0,1367,nsrdb/16265,train
4,0,1368,nsrdb/16265,train
4,0,1369,nsrdb/16265,train
4,0,1370,nsrdb/16272,train
4,0,1371,nsrdb/16272,train
4,0,1372,nsrdb/16272,train
4,0,1373,nsrdb/16272,train
4,0,1374,nsrdb/16272,train
4,0,1375,nsrdb/16272,train
4,0,1376,nsrdb/16272,train
4,0,1377,nsrdb/16272,train
4,0,1378,nsrdb/16272,train
4,0,1379,nsrdb/16272,train
4,0,1380,nsrdb/16272,train
4,0,1381,nsrdb/16272,train
4,0,1382,nsrdb/16272,train
4,0,1383,nsrdb/16272,train
4,0,1384,nsrdb/16272,train
4,0,1385,nsrdb/16272,train
4,0,1386,nsrdb/16272,train
4,0,1387,nsrdb/16272,train
4,0,1388,nsrdb/16272,train
4,0,1389,nsrdb/16272,train
4,0,1390,nsrdb/16273,train
4,0,1391,nsrdb/16273,train
4,0,1392,nsrdb/16273,train
4,0,1393,nsrdb/16273,train
4,0,1394,nsrdb/16273,train
4,0,1395,nsrdb/16273,train
4,0,1396,nsrdb/16273,train
4,0,1397,nsrdb/16273,train
4,0,1398,nsrdb/16273,train
4,0,1399,nsrdb/16273,train
4,0,1410,nsrdb/16483,train
4,0,1411,nsrdb/16483,train
4,0,1412,nsrdb/16483,train
4,0,1413,nsrdb/16483,train
4,0,1414,nsrdb/16483,train
4,0,1415,nsrdb/16483,train
4,0,1416,nsrdb/16483,train
4,0,1417,nsrdb/16483,train
4,0,1418,nsrdb/16483,train
4,0,1419,nsrdb/16483,train
4,0,1420,nsrdb/16539,train
4,0,1421,nsrdb/16539,train
4,0,1422,nsrdb/16539,train
4,0,1423,nsrdb/16539,train
4,0,1424,nsrdb/16539,train
4,0,1425,nsrdb/16539,train
4,0,1426,nsrdb/16539,train
4,0,1427,nsrdb/16539,train
4,0,1428,nsrdb/16539,train
4,0,1429,nsrdb/16539,train
4,0,1460,nsrdb/17052,train
4,0,1461,nsrdb/17052,train
4,0,1462,nsrdb/17052,train
4,0,1463,nsrdb/17052,train
4,0,1464,nsrdb/17052,train
4,0,1465,nsrdb/17052,train
4,0,1466,nsrdb/17052,train
4,0,1467,nsrdb/17052,train
4,0,1468,nsrdb/17052,train
4,0,1469,nsrdb/17052,train
4,0,1480,nsrdb/16273,train
4,0,1481,nsrdb/16273,train
4,0,1482,nsrdb/16273,train
4,0,1483,nsrdb/16273,train
4,0,1484,nsrdb/16273,train
4,0,1485,nsrdb/16273,train
4,0,1486,nsrdb/16273,train
4,0,1487,nsrdb/16273,train
4,0,1488,nsrdb/16273,train
4,0,1489,nsrdb/16273,train
4,0,1490,nsrdb/18177,train
4,0,1491,nsrdb/18177,train
4,0,1492,nsrdb/18177,train
4,0,1493,nsrdb/18177,train
4,0,1494,nsrdb/18177,train
4,0,1495,nsrdb/18177,train
4,0,1496,nsrdb/18177,train
4,0,1497,nsrdb/18177,train
4,0,1498,nsrdb/18177,train
4,0,1499,nsrdb/18177,train
4,0,1500,nsrdb/18184,train
4,0,1501,nsrdb/18184,train
4,0,1502,nsrdb/18184,train
4,0,1503,nsrdb/18184,train
4,0,1504,nsrdb/18184,train
4,0,1505,nsrdb/18184,train
4,0,1506,nsrdb/18184,train
4,0,1507,nsrdb/18184,train
4,0,1508,nsrdb/18184,train
4,0,1509,nsrdb/18184,train
4,0,1510,nsrdb/19088,train
4,0,1511,nsrdb/19088,train
4,0,1512,nsrdb/19088,train
4,0,1513,nsrdb/19088,train
4,0,1514,nsrdb/19088,train
4,0,1515,nsrdb/19088,train
4,0,1516,nsrdb/19088,train
4,0,1517,nsrdb/19088,train
4,0,1518,nsrdb/19088,train
4,0,1519,nsrdb/19088,train
4,0,1520,nsrdb/19090,train
4,0,1521,nsrdb/19090,train
4,0,1522,nsrdb/19090,train
4,0,1523,nsrdb/19090,train
4,0,1524,nsrdb/19090,train
4,0,1525,nsrdb/19090,train
4,0,1526,nsrdb/19090,train
4,0,1527,nsrdb/19090,train
4,0,1528,nsrdb/19090,train
4,0,1529,nsrdb/19090,train
4,0,1570,nsrdb/16483,train
4,0,1571,nsrdb/16483,train
4,0,1572,nsrdb/16483,train
4,0,1573,nsrdb/16483,train
4,0,1574,nsrdb/16483,train
4,0,1575,nsrdb/16483,train
4,0,1576,nsrdb/16483,train
4,0,1577,nsrdb/16483,train
4,0,1578,nsrdb/16483,train
4,0,1579,nsrdb/16483,train
4,0,1580,nsrdb/16539,train
4,0,1581,nsrdb/16539,train
4,0,1582,nsrdb/16539,train
4,0,1583,nsrdb/16539,train
4,0,1584,nsrdb/16539,train
4,0,1585,nsrdb/16539,train
4,0,1586,nsrdb/16539,train
4,0,1587,nsrdb/16539,train
4,0,1588,nsrdb/16539,train
4,0,1589,nsrdb/16539,train
4,0,10,mitdb/109,validation
4,0,11,mitdb/109,validation
4,0,12,mitdb/109,validation
4,0,13,mitdb/109,validation
4,0,14,mitdb/109,validation
4,0,15,mitdb/109,validation
4,0,16,mitdb/109,validation
4,0,17,mitdb/109,validation
4,0,18,mitdb/109,validation
4,0,19,mitdb/109,validation
4,0,20,mitdb/111,validation
4,0,21,mitdb/111,validation
4,0,22,mitdb/111,validation
4,0,23,mitdb/111,validation
4,0,24,mitdb/111,validation
4,0,25,mitdb/111,validation
4,0,26,mitdb/111,validation
4,0,27,mitdb/111,validation
4,0,28,mitdb/111,validation
4,0,29,mitdb/111,validation
4,0,50,mitdb/114,validation
4,0,51,mitdb/114,validation
4,0,52,mitdb/114,validation
4,0,53,mitdb/114,validation
4,0,54,mitdb/114,validation
4,0,55,mitdb/114,validation
4,0,56,mitdb/114,validation
4,0,57,mitdb/114,validation
4,0,58,mitdb/114,validation
4,0,59,mitdb/114,validation
4,0,90,mitdb/118,validation
4,0,91,mitdb/118,validation
4,0,92,mitdb/118,validation
4,0,93,mitdb/118,validation
4,0,94,mitdb/118,validation
4,0,95,mitdb/118,validation
4,0,96,mitdb/118,validation
4,0,97,mitdb/118,validation
4,0,98,mitdb/118,validation
4,0,99,mitdb/118,validation
4,0,170,mitdb/201-202,validation
4,0,171,mitdb/201-202,validation
4,0,172,mitdb/201-202,validation
4,0,173,mitdb/201-202,validation
4,0,174,mitdb/201-202,validation
4,0,175,mitdb/201-202,validation
4,0,176,mitdb/201-202,validation
4,0,177,mitdb/201-202,validation
4,0,178,mitdb/201-202,validation
4,0,179,mitdb/201-202,validation
4,0,180,mitdb/201-202,validation
4,0,181,mitdb/201-202,validation
4,0,182,mitdb/201-202,validation
4,0,183,mitdb/201-202,validation
4,0,184,mitdb/201-202,validation
4,0,185,mitdb/201-202,validation
4,0,186,mitdb/201-202,validation
4,0,187,mitdb/201-202,validation
4,0,188,mitdb/201-202,validation
4,0,189,mitdb/201-202,validation
4,0,260,mitdb/212,validation
4,0,261,mitdb/212,validation
4,0,262,mitdb/212,validation
4,0,263,mitdb/212,validation
4,0,264,mitdb/212,validation
4,0,265,mitdb/212,validation
4,0,266,mitdb/212,validation
4,0,267,mitdb/212,validation
4,0,268,mitdb/212,validation
4,0,269,mitdb/212,validation
4,0,300,mitdb/217,validation
4,0,301,mitdb/217,validation
4,0,302,mitdb/217,validation
4,0,303,mitdb/217,validation
4,0,304,mitdb/217,validation
4,0,305,mitdb/217,validation
4,0,306,mitdb/217,validation
4,0,307,mitdb/217,validation
4,0,308,mitdb/217,validation
4,0,309,mitdb/217,validation
4,0,310,mitdb/219,validation
4,0,311,mitdb/219,validation
4,0,312,mitdb/219,validation
4,0,313,mitdb/219,validation
4,0,314,mitdb/219,validation
4,0,315,mitdb/219,validation
4,0,316,mitdb/219,validation
4,0,317,mitdb/219,validation
4,0,318,mitdb/219,validation
4,0,319,mitdb/219,validation
4,0,490,mitdb/105,validation
4,0,491,mitdb/105,validation
4,0,492,mitdb/105,validation
4,0,493,mitdb/105,validation
4,0,494,mitdb/105,validation
4,0,495,mitdb/105,validation
4,0,496,mitdb/105,validation
4,0,497,mitdb/105,validation
4,0,498,mitdb/105,validation
4,0,499,mitdb/105,validation
4,0,500,mitdb/106,validation
4,0,501,mitdb/106,validation
4,0,502,mitdb/106,validation
4,0,503,mitdb/106,validation
4,0,504,mitdb/106,validation
4,0,505,mitdb/106,validation
4,0,506,mitdb/106,validation
4,0,507,mitdb/106,validation
4,0,508,mitdb/106,validation
4,0,509,mitdb/106,validation
4,0,510,mitdb/107,validation
4,0,511,mitdb/107,validation
4,0,512,mitdb/107,validation
4,0,513,mitdb/107,validation
4,0,514,mitdb/107,validation
4,0,515,mitdb/107,validation
4,0,516,mitdb/107,validation
4,0,517,mitdb/107,validation
4,0,518,mitdb/107,validation
4,0,519,mitdb/107,validation
4,0,530,mitdb/109,validation
4,0,531,mitdb/109,validation
4,0,532,mitdb/109,validation
4,0,533,mitdb/109,validation
4,0,534,mitdb/109,validation
4,0,535,mitdb/109,validation
4,0,536,mitdb/109,validation
4,0,537,mitdb/109,validation
4,0,538,mitdb/109,validation
4,0,539,mitdb/109,validation
4,0,540,mitdb/111,validation
4,0,541,mitdb/111,validation
4,0,542,mitdb/111,validation
4,0,543,mitdb/111,validation
4,0,544,mitdb/111,validation
4,0,545,mitdb/111,validation
4,0,546,mitdb/111,validation
4,0,547,mitdb/111,validation
4,0,548,mitdb/111,validation
4,0,549,mitdb/111,validation
4,0,550,mitdb/105,validation
4,0,551,mitdb/105,validation
4,0,552,mitdb/105,validation
4,0,553,mitdb/105,validation
4,0,554,mitdb/105,validation
4,0,555,mitdb/105,validation
4,0,556,mitdb/105,validation
4,0,557,mitdb/105,validation
4,0,558,mitdb/105,validation
4,0,559,mitdb/105,validation
4,0,580,mitdb/114,validation
4,0,581,mitdb/114,validation
4,0,582,mitdb/114,validation
4,0,583,mitdb/114,validation
4,0,584,mitdb/114,validation
4,0,585,mitdb/114,validation
4,0,586,mitdb/114,validation
4,0,587,mitdb/114,validation
4,0,588,mitdb/114,validation
4,0,589,mitdb/114,validation
4,0,620,mitdb/118,validation
4,0,621,mitdb/118,validation
4,0,622,mitdb/118,validation
4,0,623,mitdb/118,validation
4,0,624,mitdb/118,validation
4,0,625,mitdb/118,validation
4,0,626,mitdb/118,validation
4,0,627,mitdb/118,validation
4,0,628,mitdb/118,validation
4,0,629,mitdb/118,validation
4,0,660,mitdb/106,validation
4,0,661,mitdb/106,validation
4,0,662,mitdb/106,validation
4,0,663,mitdb/106,validation
4,0,664,mitdb/106,validation
4,0,665,mitdb/106,validation
4,0,666,mitdb/106,validation
4,0,667,mitdb/106,validation
4,0,668,mitdb/106,validation
4,0,669,mitdb/106,validation
4,0,700,mitdb/201-202,validation
4,0,701,mitdb/201-202,validation
4,0,702,mitdb/201-202,validation
4,0,703,mitdb/201-202,validation
4,0,704,mitdb/201-202,validation
4,0,705,mitdb/201-202,validation
4,0,706,mitdb/201-202,validation
4,0,707,mitdb/201-202,validation
4,0,708,mitdb/201-202,validation
4,0,709,mitdb/201-202,validation
4,0,710,mitdb/201-202,validation
4,0,711,mitdb/201-202,validation
4,0,712,mitdb/201-202,validation
4,0,713,mitdb/201-202,validation
4,0,714,mitdb/201-202,validation
4,0,715,mitdb/201-202,validation
4,0,716,mitdb/201-202,validation
4,0,717,mitdb/201-202,validation
4,0,718,mitdb/201-202,validation
4,0,719,mitdb/201-202,validation
4,0,770,mitdb/107,validation
4,0,771,mitdb/107,validation
4,0,772,mitdb/107,validation
4,0,773,mitdb/107,validation
4,0,774,mitdb/107,validation
4,0,775,mitdb/107,validation
4,0,776,mitdb/107,validation
4,0,777,mitdb/107,validation
4,0,778,mitdb/107,validation
4,0,779,mitdb/107,validation
4,0,790,mitdb/212,validation
4,0,791,mitdb/212,validation
4,0,792,mitdb/212,validation
4,0,793,mitdb/212,validation
4,0,794,mitdb/212,validation
4,0,795,mitdb/212,validation
4,0,796,mitdb/212,validation
4,0,797,mitdb/212,validation
4,0,798,mitdb/212,validation
4,0,799,mitdb/212,validation
4,0,830,mitdb/217,validation
4,0,831,mitdb/217,validation
4,0,832,mitdb/217,validation
4,0,833,mitdb/217,validation
4,0,834,mitdb/217,validation
4,0,835,mitdb/217,validation
4,0,836,mitdb/217,validation
4,0,837,mitdb/217,validation
4,0,838,mitdb/217,validation
4,0,839,mitdb/217,validation
4,0,840,mitdb/219,validation
4,0,841,mitdb/219,validation
4,0,842,mitdb/219,validation
4,0,843,mitdb/219,validation
4,0,844,mitdb/219,validation
4,0,845,mitdb/219,validation
4,0,846,mitdb/219,validation
4,0,847,mitdb/219,validation
4,0,848,mitdb/219,validation
4,0,849,mitdb/219,validation
4,0,990,chfdb/chf12,validation
4,0,991,chfdb/chf12,validation
4,0,992,chfdb/chf12,validation
4,0,993,chfdb/chf12,validation
4,0,994,chfdb/chf12,validation
4,0,995,chfdb/chf12,validation
4,0,996,chfdb/chf12,validation
4,0,997,chfdb/chf12,validation
4,0,998,chfdb/chf12,validation
4,0,999,chfdb/chf12,validation
4,0,1020,chfdb/chf15,validation
4,0,1021,chfdb/chf15,validation
4,0,1022,chfdb/chf15,validation
4,0,1023,chfdb/chf15,validation
4,0,1024,chfdb/chf15,validation
4,0,1025,chfdb/chf15,validation
4,0,1026,chfdb/chf15,validation
4,0,1027,chfdb/chf15,validation
4,0,1028,chfdb/chf15,validation
4,0,1029,chfdb/chf15,validation
4,0,1080,chfdb/chf05,validation
4,0,1081,chfdb/chf05,validation
4,0,1082,chfdb/chf05,validation
4,0,1083,chfdb/chf05,validation
4,0,1084,chfdb/chf05,validation
4,0,1085,chfdb/chf05,validation
4,0,1086,chfdb/chf05,validation
4,0,1087,chfdb/chf05,validation
4,0,1088,chfdb/chf05,validation
4,0,1089,chfdb/chf05,validation
4,0,1090,chfdb/chf06,validation
4,0,1091,chfdb/chf06,validation
4,0,1092,chfdb/chf06,validation
4,0,1093,chfdb/chf06,validation
4,0,1094,chfdb/chf06,validation
4,0,1095,chfdb/chf06,validation
4,0,1096,chfdb/chf06,validation
4,0,1097,chfdb/chf06,validation
4,0,1098,chfdb/chf06,validation
4,0,1099,chfdb/chf06,validation
4,0,1150,chfdb/chf12,validation
4,0,1151,chfdb/chf12,validation
4,0,1152,chfdb/chf12,validation
4,0,1153,chfdb/chf12,validation
4,0,1154,chfdb/chf12,validation
4,0,1155,chfdb/chf12,validation
4,0,1156,chfdb/chf12,validation
4,0,1157,chfdb/chf12,validation
4,0,1158,chfdb/chf12,validation
4,0,1159,chfdb/chf12,validation
4,0,1190,chfdb/chf15,validation
4,0,1191,chfdb/chf15,validation
4,0,1192,chfdb/chf15,validation
4,0,1193,chfdb/chf15,validation
4,0,1194,chfdb/chf15,validation
4,0,1195,chfdb/chf15,validation
4,0,1196,chfdb/chf15,validation
4,0,1197,chfdb/chf15,validation
4,0,1198,chfdb/chf15,validation
4,0,1199,chfdb/chf15,validation
4,0,1210,chfdb/chf05,validation
4,0,1211,chfdb/chf05,validation
4,0,1212,chfdb/chf05,validation
4,0,1213,chfdb/chf05,validation
4,0,1214,chfdb/chf05,validation
4,0,1215,chfdb/chf05,validation
4,0,1216,chfdb/chf05,validation
4,0,1217,chfdb/chf05,validation
4,0,1218,chfdb/chf05,validation
4,0,1219,chfdb/chf05,validation
4,0,1220,chfdb/chf06,validation
4,0,1221,chfdb/chf06,validation
4,0,1222,chfdb/chf06,validation
4,0,1223,chfdb/chf06,validation
4,0,1224,chfdb/chf06,validation
4,0,1225,chfdb/chf06,validation
4,0,1226,chfdb/chf06,validation
4,0,1227,chfdb/chf06,validation
4,0,1228,chfdb/chf06,validation
4,0,1229,chfdb/chf06,validation
4,0,1340,nsrdb/19140,validation
4,0,1341,nsrdb/19140,validation
4,0,1342,nsrdb/19140,validation
4,0,1343,nsrdb/19140,validation
4,0,1344,nsrdb/19140,validation
4,0,1345,nsrdb/19140,validation
4,0,1346,nsrdb/19140,validation
4,0,1347,nsrdb/19140,validation
4,0,1348,nsrdb/19140,validation
4,0,1349,nsrdb/19140,validation
4,0,1350,nsrdb/19830,validation
4,0,1351,nsrdb/19830,validation
4,0,1352,nsrdb/19830,validation
4,0,1353,nsrdb/19830,validation
4,0,1354,nsrdb/19830,validation
4,0,1355,nsrdb/19830,validation
4,0,1356,nsrdb/19830,validation
4,0,1357,nsrdb/19830,validation
4,0,1358,nsrdb/19830,validation
4,0,1359,nsrdb/19830,validation
4,0,1430,nsrdb/16773,validation
4,0,1431,nsrdb/16773,validation
4,0,1432,nsrdb/16773,validation
4,0,1433,nsrdb/16773,validation
4,0,1434,nsrdb/16773,validation
4,0,1435,nsrdb/16773,validation
4,0,1436,nsrdb/16773,validation
4,0,1437,nsrdb/16773,validation
4,0,1438,nsrdb/16773,validation
4,0,1439,nsrdb/16773,validation
4,0,1440,nsrdb/16786,validation
4,0,1441,nsrdb/16786,validation
4,0,1442,nsrdb/16786,validation
4,0,1443,nsrdb/16786,validation
4,0,1444,nsrdb/16786,validation
4,0,1445,nsrdb/16786,validation
4,0,1446,nsrdb/16786,validation
4,0,1447,nsrdb/16786,validation
4,0,1448,nsrdb/16786,validation
4,0,1449,nsrdb/16786,validation
4,0,1450,nsrdb/16795,validation
4,0,1451,nsrdb/16795,validation
4,0,1452,nsrdb/16795,validation
4,0,1453,nsrdb/16795,validation
4,0,1454,nsrdb/16795,validation
4,0,1455,nsrdb/16795,validation
4,0,1456,nsrdb/16795,validation
4,0,1457,nsrdb/16795,validation
4,0,1458,nsrdb/16795,validation
4,0,1459,nsrdb/16795,validation
4,0,1540,nsrdb/19140,validation
4,0,1541,nsrdb/19140,validation
4,0,1542,nsrdb/19140,validation
4,0,1543,nsrdb/19140,validation
4,0,1544,nsrdb/19140,validation
4,0,1545,nsrdb/19140,validation
4,0,1546,nsrdb/19140,validation
4,0,1547,nsrdb/19140,validation
4,0,1548,nsrdb/19140,validation
4,0,1549,nsrdb/19140,validation
4,0,1550,nsrdb/19830,validation
4,0,1551,nsrdb/19830,validation
4,0,1552,nsrdb/19830,validation
4,0,1553,nsrdb/19830,validation
4,0,1554,nsrdb/19830,validation
4,0,1555,nsrdb/19830,validation
4,0,1556,nsrdb/19830,validation
4,0,1557,nsrdb/19830,validation
4,0,1558,nsrdb/19830,validation
4,0,1559,nsrdb/19830,validation
4,0,1590,nsrdb/16773,validation
4,0,1591,nsrdb/16773,validation
4,0,1592,nsrdb/16773,validation
4,0,1593,nsrdb/16773,validation
4,0,1594,nsrdb/16773,validation
4,0,1595,nsrdb/16773,validation
4,0,1596,nsrdb/16773,validation
4,0,1597,nsrdb/16773,validation
4,0,1598,nsrdb/16773,validation
4,0,1599,nsrdb/16773,validation
4,0,1600,nsrdb/16786,validation
4,0,1601,nsrdb/16786,validation
4,0,1602,nsrdb/16786,validation
4,0,1603,nsrdb/16786,validation
4,0,1604,nsrdb/16786,validation
4,0,1605,nsrdb/16786,validation
4,0,1606,nsrdb/16786,validation
4,0,1607,nsrdb/16786,validation
4,0,1608,nsrdb/16786,validation
4,0,1609,nsrdb/16786,validation
4,0,1610,nsrdb/16795,validation
4,0,1611,nsrdb/16795,validation
4,0,1612,nsrdb/16795,validation
4,0,1613,nsrdb/16795,validation
4,0,1614,nsrdb/16795,validation
4,0,1615,nsrdb/16795,validation
4,0,1616,nsrdb/16795,validation
4,0,1617,nsrdb/16795,validation
4,0,1618,nsrdb/16795,validation
4,0,1619,nsrdb/16795,validation
4,0,100,mitdb/119,test
4,0,101,mitdb/119,test
4,0,102,mitdb/119,test
4,0,103,mitdb/119,test
4,0,104,mitdb/119,test
4,0,105,mitdb/119,test
4,0,106,mitdb/119,test
4,0,107,mitdb/119,test
4,0,108,mitdb/119,test
4,0,109,mitdb/119,test
4,0,120,mitdb/121,test
4,0,121,mitdb/121,test
4,0,122,mitdb/121,test
4,0,123,mitdb/121,test
4,0,124,mitdb/121,test
4,0,125,mitdb/121,test
4,0,126,mitdb/121,test
4,0,127,mitdb/121,test
4,0,128,mitdb/121,test
4,0,129,mitdb/121,test
4,0,140,mitdb/123,test
4,0,141,mitdb/123,test
4,0,142,mitdb/123,test
4,0,143,mitdb/123,test
4,0,144,mitdb/123,test
4,0,145,mitdb/123,test
4,0,146,mitdb/123,test
4,0,147,mitdb/123,test
4,0,148,mitdb/123,test
4,0,149,mitdb/123,test
4,0,200,mitdb/205,test
4,0,201,mitdb/205,test
4,0,202,mitdb/205,test
4,0,203,mitdb/205,test
4,0,204,mitdb/205,test
4,0,205,mitdb/205,test
4,0,206,mitdb/205,test
4,0,207,mitdb/205,test
4,0,208,mitdb/205,test
4,0,209,mitdb/205,test
4,0,250,mitdb/210,test
4,0,251,mitdb/210,test
4,0,252,mitdb/210,test
4,0,253,mitdb/210,test
4,0,254,mitdb/210,test
4,0,255,mitdb/210,test
4,0,256,mitdb/210,test
4,0,257,mitdb/210,test
4,0,258,mitdb/210,test
4,0,259,mitdb/210,test
4,0,270,mitdb/213,test
4,0,271,mitdb/213,test
4,0,272,mitdb/213,test
4,0,273,mitdb/213,test
4,0,274,mitdb/213,test
4,0,275,mitdb/213,test
4,0,276,mitdb/213,test
4,0,277,mitdb/213,test
4,0,278,mitdb/213,test
4,0,279,mitdb/213,test
4,0,330,mitdb/103,test
4,0,331,mitdb/103,test
4,0,332,mitdb/103,test
4,0,333,mitdb/103,test
4,0,334,mitdb/103,test
4,0,335,mitdb/103,test
4,0,336,mitdb/103,test
4,0,337,mitdb/103,test
4,0,338,mitdb/103,test
4,0,339,mitdb/103,test
4,0,400,mitdb/232,test
4,0,401,mitdb/232,test
4,0,402,mitdb/232,test
4,0,403,mitdb/232,test
4,0,404,mitdb/232,test
4,0,405,mitdb/232,test
4,0,406,mitdb/232,test
4,0,407,mitdb/232,test
4,0,408,mitdb/232,test
4,0,409,mitdb/232,test
4,0,440,mitdb/104,test
4,0,441,mitdb/104,test
4,0,442,mitdb/104,test
4,0,443,mitdb/104,test
4,0,444,mitdb/104,test
4,0,445,mitdb/104,test
4,0,446,mitdb/104,test
4,0,447,mitdb/104,test
4,0,448,mitdb/104,test
4,0,449,mitdb/104,test
4,0,470,mitdb/103,test
4,0,471,mitdb/103,test
4,0,472,mitdb/103,test
4,0,473,mitdb/103,test
4,0,474,mitdb/103,test
4,0,475,mitdb/103,test
4,0,476,mitdb/103,test
4,0,477,mitdb/103,test
4,0,478,mitdb/103,test
4,0,479,mitdb/103,test
4,0,480,mitdb/104,test
4,0,481,mitdb/104,test
4,0,482,mitdb/104,test
4,0,483,mitdb/104,test
4,0,484,mitdb/104,test
4,0,485,mitdb/104,test
4,0,486,mitdb/104,test
4,0,487,mitdb/104,test
4,0,488,mitdb/104,test
4,0,489,mitdb/104,test
4,0,520,mitdb/108,test
4,0,521,mitdb/108,test
4,0,522,mitdb/108,test
4,0,523,mitdb/108,test
4,0,524,mitdb/108,test
4,0,525,mitdb/108,test
4,0,526,mitdb/108,test
4,0,527,mitdb/108,test
4,0,528,mitdb/108,test
4,0,529,mitdb/108,test
4,0,630,mitdb/119,test
4,0,631,mitdb/119,test
4,0,632,mitdb/119,test
4,0,633,mitdb/119,test
4,0,634,mitdb/119,test
4,0,635,mitdb/119,test
4,0,636,mitdb/119,test
4,0,637,mitdb/119,test
4,0,638,mitdb/119,test
4,0,639,mitdb/119,test
4,0,640,mitdb/121,test
4,0,641,mitdb/121,test
4,0,642,mitdb/121,test
4,0,643,mitdb/121,test
4,0,644,mitdb/121,test
4,0,645,mitdb/121,test
4,0,646,mitdb/121,test
4,0,647,mitdb/121,test
4,0,648,mitdb/121,test
4,0,649,mitdb/121,test
4,0,670,mitdb/123,test
4,0,671,mitdb/123,test
4,0,672,mitdb/123,test
4,0,673,mitdb/123,test
4,0,674,mitdb/123,test
4,0,675,mitdb/123,test
4,0,676,mitdb/123,test
4,0,677,mitdb/123,test
4,0,678,mitdb/123,test
4,0,679,mitdb/123,test
4,0,730,mitdb/205,test
4,0,731,mitdb/205,test
4,0,732,mitdb/205,test
4,0,733,mitdb/205,test
4,0,734,mitdb/205,test
4,0,735,mitdb/205,test
4,0,736,mitdb/205,test
4,0,737,mitdb/205,test
4,0,738,mitdb/205,test
4,0,739,mitdb/205,test
4,0,780,mitdb/210,test
4,0,781,mitdb/210,test
4,0,782,mitdb/210,test
4,0,783,mitdb/210,test
4,0,784,mitdb/210,test
4,0,785,mitdb/210,test
4,0,786,mitdb/210,test
4,0,787,mitdb/210,test
4,0,788,mitdb/210,test
4,0,789,mitdb/210,test
4,0,800,mitdb/213,test
4,0,801,mitdb/213,test
4,0,802,mitdb/213,test
4,0,803,mitdb/213,test
4,0,804,mitdb/213,test
4,0,805,mitdb/213,test
4,0,806,mitdb/213,test
4,0,807,mitdb/213,test
4,0,808,mitdb/213,test
4,0,809,mitdb/213,test
4,0,880,mitdb/108,test
4,0,881,mitdb/108,test
4,0,882,mitdb/108,test
4,0,883,mitdb/108,test
4,0,884,mitdb/108,test
4,0,885,mitdb/108,test
4,0,886,mitdb/108,test
4,0,887,mitdb/108,test
4,0,888,mitdb/108,test
4,0,889,mitdb/108,test
4,0,930,mitdb/232,test
4,0,931,mitdb/232,test
4,0,932,mitdb/232,test
4,0,933,mitdb/232,test
4,0,934,mitdb/232,test
4,0,935,mitdb/232,test
4,0,936,mitdb/232,test
4,0,937,mitdb/232,test
4,0,938,mitdb/232,test
4,0,939,mitdb/232,test
4,0,1040,chfdb/chf02,test
4,0,1041,chfdb/chf02,test
4,0,1042,chfdb/chf02,test
4,0,1043,chfdb/chf02,test
4,0,1044,chfdb/chf02,test
4,0,1045,chfdb/chf02,test
4,0,1046,chfdb/chf02,test
4,0,1047,chfdb/chf02,test
4,0,1048,chfdb/chf02,test
4,0,1049,chfdb/chf02,test
4,0,1050,chfdb/chf03,test
4,0,1051,chfdb/chf03,test
4,0,1052,chfdb/chf03,test
4,0,1053,chfdb/chf03,test
4,0,1054,chfdb/chf03,test
4,0,1055,chfdb/chf03,test
4,0,1056,chfdb/chf03,test
4,0,1057,chfdb/chf03,test
4,0,1058,chfdb/chf03,test
4,0,1059,chfdb/chf03,test
4,0,1070,chfdb/chf02,test
4,0,1071,chfdb/chf02,test
4,0,1072,chfdb/chf02,test
4,0,1073,chfdb/chf02,test
4,0,1074,chfdb/chf02,test
4,0,1075,chfdb/chf02,test
4,0,1076,chfdb/chf02,test
4,0,1077,chfdb/chf02,test
4,0,1078,chfdb/chf02,test
4,0,1079,chfdb/chf02,test
4,0,1120,chfdb/chf09,test
4,0,1121,chfdb/chf09,test
4,0,1122,chfdb/chf09,test
4,0,1123,chfdb/chf09,test
4,0,1124,chfdb/chf09,test
4,0,1125,chfdb/chf09,test
4,0,1126,chfdb/chf09,test
4,0,1127,chfdb/chf09,test
4,0,1128,chfdb/chf09,test
4,0,1129,chfdb/chf09,test
4,0,1180,chfdb/chf03,test
4,0,1181,chfdb/chf03,test
4,0,1182,chfdb/chf03,test
4,0,1183,chfdb/chf03,test
4,0,1184,chfdb/chf03,test
4,0,1185,chfdb/chf03,test
4,0,1186,chfdb/chf03,test
4,0,1187,chfdb/chf03,test
4,0,1188,chfdb/chf03,test
4,0,1189,chfdb/chf03,test
4,0,1250,chfdb/chf09,test
4,0,1251,chfdb/chf09,test
4,0,1252,chfdb/chf09,test
4,0,1253,chfdb/chf09,test
4,0,1254,chfdb/chf09,test
4,0,1255,chfdb/chf09,test
4,0,1256,chfdb/chf09,test
4,0,1257,chfdb/chf09,test
4,0,1258,chfdb/chf09,test
4,0,1259,chfdb/chf09,test
4,0,1280,nsrdb/17453,test
4,0,1281,nsrdb/17453,test
4,0,1282,nsrdb/17453,test
4,0,1283,nsrdb/17453,test
4,0,1284,nsrdb/17453,test
4,0,1285,nsrdb/17453,test
4,0,1286,nsrdb/17453,test
4,0,1287,nsrdb/17453,test
4,0,1288,nsrdb/17453,test
4,0,1289,nsrdb/17453,test
4,0,1330,nsrdb/19093,test
4,0,1331,nsrdb/19093,test
4,0,1332,nsrdb/19093,test
4,0,1333,nsrdb/19093,test
4,0,1334,nsrdb/19093,test
4,0,1335,nsrdb/19093,test
4,0,1336,nsrdb/19093,test
4,0,1337,nsrdb/19093,test
4,0,1338,nsrdb/19093,test
4,0,1339,nsrdb/19093,test
4,0,1400,nsrdb/16420,test
4,0,1401,nsrdb/16420,test
4,0,1402,nsrdb/16420,test
4,0,1403,nsrdb/16420,test
4,0,1404,nsrdb/16420,test
4,0,1405,nsrdb/16420,test
4,0,1406,nsrdb/16420,test
4,0,1407,nsrdb/16420,test
4,0,1408,nsrdb/16420,test
4,0,1409,nsrdb/16420,test
4,0,1470,nsrdb/17453,test
4,0,1471,nsrdb/17453,test
4,0,1472,nsrdb/17453,test
4,0,1473,nsrdb/17453,test
4,0,1474,nsrdb/17453,test
4,0,1475,nsrdb/17453,test
4,0,1476,nsrdb/17453,test
4,0,1477,nsrdb/17453,test
4,0,1478,nsrdb/17453,test
4,0,1479,nsrdb/17453,test
4,0,1530,nsrdb/19093,test
4,0,1531,nsrdb/19093,test
4,0,1532,nsrdb/19093,test
4,0,1533,nsrdb/19093,test
4,0,1534,nsrdb/19093,test
4,0,1535,nsrdb/19093,test
4,0,1536,nsrdb/19093,test
4,0,1537,nsrdb/19093,test
4,0,1538,nsrdb/19093,test
4,0,1539,nsrdb/19093,test
4,0,1560,nsrdb/16420,test
4,0,1561,nsrdb/16420,test
4,0,1562,nsrdb/16420,test
4,0,1563,nsrdb/16420,test
4,0,1564,nsrdb/16420,test
4,0,1565,nsrdb/16420,test
4,0,1566,nsrdb/16420,test
4,0,1567,nsrdb/16420,test
4,0,1568,nsrdb/16420,test
4,0,1569,nsrdb/16420,test
4,1,10,mitdb/109,train
4,1,11,mitdb/109,train
4,1,12,mitdb/109,train
4,1,13,mitdb/109,train
4,1,14,mitdb/109,train
4,1,15,mitdb/109,train
4,1,16,mitdb/109,train
4,1,17,mitdb/109,train
4,1,18,mitdb/109,train
4,1,19,mitdb/109,train
4,1,20,mitdb/111,train
4,1,21,mitdb/111,train
4,1,22,mitdb/111,train
4,1,23,mitdb/111,train
4,1,24,mitdb/111,train
4,1,25,mitdb/111,train
4,1,26,mitdb/111,train
4,1,27,mitdb/111,train
4,1,28,mitdb/111,train
4,1,29,mitdb/111,train
4,1,50,mitdb/114,train
4,1,51,mitdb/114,train
4,1,52,mitdb/114,train
4,1,53,mitdb/114,train
4,1,54,mitdb/114,train
4,1,55,mitdb/114,train
4,1,56,mitdb/114,train
4,1,57,mitdb/114,train
4,1,58,mitdb/114,train
4,1,59,mitdb/114,train
4,1,70,mitdb/116,train
4,1,71,mitdb/116,train
4,1,72,mitdb/116,train
4,1,73,mitdb/116,train
4,1,74,mitdb/116,train
4,1,75,mitdb/116,train
4,1,76,mitdb/116,train
4,1,77,mitdb/116,train
4,1,78,mitdb/116,train
4,1,79,mitdb/116,train
4,1,80,mitdb/117,train
4,1,81,mitdb/117,train
4,1,82,mitdb/117,train
4,1,83,mitdb/117,train
4,1,84,mitdb/117,train
4,1,85,mitdb/117,train
4,1,86,mitdb/117,train
4,1,87,mitdb/117,train
4,1,88,mitdb/117,train
4,1,89,mitdb/117,train
4,1,90,mitdb/118,train
4,1,91,mitdb/118,train
4,1,92,mitdb/118,train
4,1,93,mitdb/118,train
4,1,94,mitdb/118,train
4,1,95,mitdb/118,train
4,1,96,mitdb/118,train
4,1,97,mitdb/118,train
4,1,98,mitdb/118,train
4,1,99,mitdb/118,train
4,1,130,mitdb/122,train
4,1,131,mitdb/122,train
4,1,132,mitdb/122,train
4,1,133,mitdb/122,train
4,1,134,mitdb/122,train
4,1,135,mitdb/122,train
4,1,136,mitdb/122,train
4,1,137,mitdb/122,train
4,1,138,mitdb/122,train
4,1,139,mitdb/122,train
4,1,150,mitdb/124,train
4,1,151,mitdb/124,train
4,1,152,mitdb/124,train
4,1,153,mitdb/124,train
4,1,154,mitdb/124,train
4,1,155,mitdb/124,train
4,1,156,mitdb/124,train
4,1,157,mitdb/124,train
4,1,158,mitdb/124,train
4,1,159,mitdb/124,train
4,1,160,mitdb/200,train
4,1,161,mitdb/200,train
4,1,162,mitdb/200,train
4,1,163,mitdb/200,train
4,1,164,mitdb/200,train
4,1,165,mitdb/200,train
4,1,166,mitdb/200,train
4,1,167,mitdb/200,train
4,1,168,mitdb/200,train
4,1,169,mitdb/200,train
4,1,170,mitdb/201-202,train
4,1,171,mitdb/201-202,train
4,1,172,mitdb/201-202,train
4,1,173,mitdb/201-202,train
4,1,174,mitdb/201-202,train
4,1,175,mitdb/201-202,train
4,1,176,mitdb/201-202,train
4,1,177,mitdb/201-202,train
4,1,178,mitdb/201-202,train
4,1,179,mitdb/201-202,train
4,1,180,mitdb/201-202,train
4,1,181,mitdb/201-202,train
4,1,182,mitdb/201-202,train
4,1,183,mitdb/201-202,train
4,1,184,mitdb/201-202,train
4,1,185,mitdb/201-202,train
4,1,186,mitdb/201-202,train
4,1,187,mitdb/201-202,train
4,1,188,mitdb/201-202,train
4,1,189,mitdb/201-202,train
4,1,210,mitdb/207,train
4,1,211,mitdb/207,train
4,1,212,mitdb/207,train
4,1,213,mitdb/207,train
4,1,214,mitdb/207,train
4,1,215,mitdb/207,train
4,1,216,mitdb/207,train
4,1,217,mitdb/207,train
4,1,218,mitdb/207,train
4,1,219,mitdb/207,train
4,1,230,mitdb/208,train
4,1,231,mitdb/208,train
4,1,232,mitdb/208,train
4,1,233,mitdb/208,train
4,1,234,mitdb/208,train
4,1,235,mitdb/208,train
4,1,236,mitdb/208,train
4,1,237,mitdb/208,train
4,1,238,mitdb/208,train
4,1,239,mitdb/208,train
4,1,240,mitdb/209,train
4,1,241,mitdb/209,train
4,1,242,mitdb/209,train
4,1,243,mitdb/209,train
4,1,244,mitdb/209,train
4,1,245,mitdb/209,train
4,1,246,mitdb/209,train
4,1,247,mitdb/209,train
4,1,248,mitdb/209,train
4,1,249,mitdb/209,train
4,1,260,mitdb/212,train
4,1,261,mitdb/212,train
4,1,262,mitdb/212,train
4,1,263,mitdb/212,train
4,1,264,mitdb/212,train
4,1,265,mitdb/212,train
4,1,266,mitdb/212,train
4,1,267,mitdb/212,train
4,1,268,mitdb/212,train
4,1,269,mitdb/212,train
4,1,290,mitdb/215,train
4,1,291,mitdb/215,train
4,1,292,mitdb/215,train
4,1,293,mitdb/215,train
4,1,294,mitdb/215,train
4,1,295,mitdb/215,train
4,1,296,mitdb/215,train
4,1,297,mitdb/215,train
4,1,298,mitdb/215,train
4,1,299,mitdb/215,train
4,1,300,mitdb/217,train
4,1,301,mitdb/217,train
4,1,302,mitdb/217,train
4,1,303,mitdb/217,train
4,1,304,mitdb/217,train
4,1,305,mitdb/217,train
4,1,306,mitdb/217,train
4,1,307,mitdb/217,train
4,1,308,mitdb/217,train
4,1,309,mitdb/217,train
4,1,310,mitdb/219,train
4,1,311,mitdb/219,train
4,1,312,mitdb/219,train
4,1,313,mitdb/219,train
4,1,314,mitdb/219,train
4,1,315,mitdb/219,train
4,1,316,mitdb/219,train
4,1,317,mitdb/219,train
4,1,318,mitdb/219,train
4,1,319,mitdb/219,train
4,1,350,mitdb/222,train
4,1,351,mitdb/222,train
4,1,352,mitdb/222,train
4,1,353,mitdb/222,train
4,1,354,mitdb/222,train
4,1,355,mitdb/222,train
4,1,356,mitdb/222,train
4,1,357,mitdb/222,train
4,1,358,mitdb/222,train
4,1,359,mitdb/222,train
4,1,380,mitdb/230,train
4,1,381,mitdb/230,train
4,1,382,mitdb/230,train
4,1,383,mitdb/230,train
4,1,384,mitdb/230,train
4,1,385,mitdb/230,train
4,1,386,mitdb/230,train
4,1,387,mitdb/230,train
4,1,388,mitdb/230,train
4,1,389,mitdb/230,train
4,1,410,mitdb/233,train
4,1,411,mitdb/233,train
4,1,412,mitdb/233,train
4,1,413,mitdb/233,train
4,1,414,mitdb/233,train
4,1,415,mitdb/233,train
4,1,416,mitdb/233,train
4,1,417,mitdb/233,train
4,1,418,mitdb/233,train
4,1,419,mitdb/233,train
4,1,420,mitdb/234,train
4,1,421,mitdb/234,train
4,1,422,mitdb/234,train
4,1,423,mitdb/234,train
4,1,424,mitdb/234,train
4,1,425,mitdb/234,train
4,1,426,mitdb/234,train
4,1,427,mitdb/234,train
4,1,428,mitdb/234,train
4,1,429,mitdb/234,train
4,1,490,mitdb/105,train
4,1,491,mitdb/105,train
4,1,492,mitdb/105,train
4,1,493,mitdb/105,train
4,1,494,mitdb/105,train
4,1,495,mitdb/105,train
4,1,496,mitdb/105,train
4,1,497,mitdb/105,train
4,1,498,mitdb/105,train
4,1,499,mitdb/105,train
4,1,500,mitdb/106,train
4,1,501,mitdb/106,train
4,1,502,mitdb/106,train
4,1,503,mitdb/106,train
4,1,504,mitdb/106,train
4,1,505,mitdb/106,train
4,1,506,mitdb/106,train
4,1,507,mitdb/106,train
4,1,508,mitdb/106,train
4,1,509,mitdb/106,train
4,1,510,mitdb/107,train
4,1,511,mitdb/107,train
4,1,512,mitdb/107,train
4,1,513,mitdb/107,train
4,1,514,mitdb/107,train
4,1,515,mitdb/107,train
4,1,516,mitdb/107,train
4,1,517,mitdb/107,train
4,1,518,mitdb/107,train
4,1,519,mitdb/107,train
4,1,530,mitdb/109,train
4,1,531,mitdb/109,train
4,1,532,mitdb/109,train
4,1,533,mitdb/109,train
4,1,534,mitdb/109,train
4,1,535,mitdb/109,train
4,1,536,mitdb/109,train
4,1,537,mitdb/109,train
4,1,538,mitdb/109,train
4,1,539,mitdb/109,train
4,1,540,mitdb/111,train
4,1,541,mitdb/111,train
4,1,542,mitdb/111,train
4,1,543,mitdb/111,train
4,1,544,mitdb/111,train
4,1,545,mitdb/111,train
4,1,546,mitdb/111,train
4,1,547,mitdb/111,train
4,1,548,mitdb/111,train
4,1,549,mitdb/111,train
4,1,550,mitdb/105,train
4,1,551,mitdb/105,train
4,1,552,mitdb/105,train
4,1,553,mitdb/105,train
4,1,554,mitdb/105,train
4,1,555,mitdb/105,train
4,1,556,mitdb/105,train
4,1,557,mitdb/105,train
4,1,558,mitdb/105,train
4,1,559,mitdb/105,train
4,1,580,mitdb/114,train
4,1,581,mitdb/114,train
4,1,582,mitdb/114,train
4,1,583,mitdb/114,train
4,1,584,mitdb/114,train
4,1,585,mitdb/114,train
4,1,586,mitdb/114,train
4,1,587,mitdb/114,train
4,1,588,mitdb/114,train
4,1,589,mitdb/114,train
4,1,600,mitdb/116,train
4,1,601,mitdb/116,train
4,1,602,mitdb/116,train
4,1,603,mitdb/116,train
4,1,604,mitdb/116,train
4,1,605,mitdb/116,train
4,1,606,mitdb/116,train
4,1,607,mitdb/116,train
4,1,608,mitdb/116,train
4,1,609,mitdb/116,train
4,1,610,mitdb/117,train
4,1,611,mitdb/117,train
4,1,612,mitdb/117,train
4,1,613,mitdb/117,train
4,1,614,mitdb/117,train
4,1,615,mitdb/117,train
4,1,616,mitdb/117,train
4,1,617,mitdb/117,train
4,1,618,mitdb/117,train
4,1,619,mitdb/117,train
4,1,620,mitdb/118,train
4,1,621,mitdb/118,train
4,1,622,mitdb/118,train
4,1,623,mitdb/118,train
4,1,624,mitdb/118,train
4,1,625,mitdb/118,train
4,1,626,mitdb/118,train
4,1,627,mitdb/118,train
4,1,628,mitdb/118,train
4,1,629,mitdb/118,train
4,1,650,mitdb/122,train
4,1,651,mitdb/122,train
4,1,652,mitdb/122,train
4,1,653,mitdb/122,train
4,1,654,mitdb/122,train
4,1,655,mitdb/122,train
4,1,656,mitdb/122,train
4,1,657,mitdb/122,train
4,1,658,mitdb/122,train
4,1,659,mitdb/122,train
4,1,660,mitdb/106,train
4,1,661,mitdb/106,train
4,1,662,mitdb/106,train
4,1,663,mitdb/106,train
4,1,664,mitdb/106,train
4,1,665,mitdb/106,train
4,1,666,mitdb/106,train
4,1,667,mitdb/106,train
4,1,668,mitdb/106,train
4,1,669,mitdb/106,train
4,1,680,mitdb/124,train
4,1,681,mitdb/124,train
4,1,682,mitdb/124,train
4,1,683,mitdb/124,train
4,1,684,mitdb/124,train
4,1,685,mitdb/124,train
4,1,686,mitdb/124,train
4,1,687,mitdb/124,train
4,1,688,mitdb/124,train
4,1,689,mitdb/124,train
4,1,690,mitdb/200,train
4,1,691,mitdb/200,train
4,1,692,mitdb/200,train
4,1,693,mitdb/200,train
4,1,694,mitdb/200,train
4,1,695,mitdb/200,train
4,1,696,mitdb/200,train
4,1,697,mitdb/200,train
4,1,698,mitdb/200,train
4,1,699,mitdb/200,train
4,1,700,mitdb/201-202,train
4,1,701,mitdb/201-202,train
4,1,702,mitdb/201-202,train
4,1,703,mitdb/201-202,train
4,1,704,mitdb/201-202,train
4,1,705,mitdb/201-202,train
4,1,706,mitdb/201-202,train
4,1,707,mitdb/201-202,train
4,1,708,mitdb/201-202,train
4,1,709,mitdb/201-202,train
4,1,710,mitdb/201-202,train
4,1,711,mitdb/201-202,train
4,1,712,mitdb/201-202,train
4,1,713,mitdb/201-202,train
4,1,714,mitdb/201-202,train
4,1,715,mitdb/201-202,train
4,1,716,mitdb/201-202,train
4,1,717,mitdb/201-202,train
4,1,718,mitdb/201-202,train
4,1,719,mitdb/201-202,train
4,1,740,mitdb/207,train
4,1,741,mitdb/207,train
4,1,742,mitdb/207,train
4,1,743,mitdb/207,train
4,1,744,mitdb/207,train
4,1,745,mitdb/207,train
4,1,746,mitdb/207,train
4,1,747,mitdb/207,train
4,1,748,mitdb/207,train
4,1,749,mitdb/207,train
4,1,750,mitdb/208,train
4,1,751,mitdb/208,train
4,1,752,mitdb/208,train
4,1,753,mitdb/208,train
4,1,754,mitdb/208,train
4,1,755,mitdb/208,train
4,1,756,mitdb/208,train
4,1,757,mitdb/208,train
4,1,758,mitdb/208,train
4,1,759,mitdb/208,train
4,1,760,mitdb/209,train
4,1,761,mitdb/209,train
4,1,762,mitdb/209,train
4,1,763,mitdb/209,train
4,1,764,mitdb/209,train
4,1,765,mitdb/209,train
4,1,766,mitdb/209,train
4,1,767,mitdb/209,train
4,1,768,mitdb/209,train
4,1,769,mitdb/209,train
4,1,770,mitdb/107,train
4,1,771,mitdb/107,train
4,1,772,mitdb/107,train
4,1,773,mitdb/107,train
4,1,774,mitdb/107,train
4,1,775,mitdb/107,train
4,1,776,mitdb/107,train
4,1,777,mitdb/107,train
4,1,778,mitdb/107,train
4,1,779,mitdb/107,train
4,1,790,mitdb/212,train
4,1,791,mitdb/212,train
4,1,792,mitdb/212,train
4,1,793,mitdb/212,train
4,1,794,mitdb/212,train
4,1,795,mitdb/212,train
4,1,796,mitdb/212,train
4,1,797,mitdb/212,train
4,1,798,mitdb/212,train
4,1,799,mitdb/212,train
4,1,820,mitdb/215,train
4,1,821,mitdb/215,train
4,1,822,mitdb/215,train
4,1,823,mitdb/215,train
4,1,824,mitdb/215,train
4,1,825,mitdb/215,train
4,1,826,mitdb/215,train
4,1,827,mitdb/215,train
4,1,828,mitdb/215,train
4,1,829,mitdb/215,train
4,1,830,mitdb/217,train
4,1,831,mitdb/217,train
4,1,832,mitdb/217,train
4,1,833,mitdb/217,train
4,1,834,mitdb/217,train
4,1,835,mitdb/217,train
4,1,836,mitdb/217,train
4,1,837,mitdb/217,train
4,1,838,mitdb/217,train
4,1,839,mitdb/217,train
4,1,840,mitdb/219,train
4,1,841,mitdb/219,train
4,1,842,mitdb/219,train
4,1,843,mitdb/219,train
4,1,844,mitdb/219,train
4,1,845,mitdb/219,train
4,1,846,mitdb/219,train
4,1,847,mitdb/219,train
4,1,848,mitdb/219,train
4,1,849,mitdb/219,train
4,1,870,mitdb/222,train
4,1,871,mitdb/222,train
4,1,872,mitdb/222,train
4,1,873,mitdb/222,train
4,1,874,mitdb/222,train
4,1,875,mitdb/222,train
4,1,876,mitdb/222,train
4,1,877,mitdb/222,train
4,1,878,mitdb/222,train
4,1,879,mitdb/222,train
4,1,910,mitdb/230,train
4,1,911,mitdb/230,train
4,1,912,mitdb/230,train
4,1,913,mitdb/230,train
4,1,914,mitdb/230,train
4,1,915,mitdb/230,train
4,1,916,mitdb/230,train
4,1,917,mitdb/230,train
4,1,918,mitdb/230,train
4,1,919,mitdb/230,train
4,1,940,mitdb/233,train
4,1,941,mitdb/233,train
4,1,942,mitdb/233,train
4,1,943,mitdb/233,train
4,1,944,mitdb/233,train
4,1,945,mitdb/233,train
4,1,946,mitdb/233,train
4,1,947,mitdb/233,train
4,1,948,mitdb/233,train
4,1,949,mitdb/233,train
4,1,950,mitdb/234,train
4,1,951,mitdb/234,train
4,1,952,mitdb/234,train
4,1,953,mitdb/234,train
4,1,954,mitdb/234,train
4,1,955,mitdb/234,train
4,1,956,mitdb/234,train
4,1,957,mitdb/234,train
4,1,958,mitdb/234,train
4,1,959,mitdb/234,train
4,1,970,chfdb/chf10,train
4,1,971,chfdb/chf10,train
4,1,972,chfdb/chf10,train
4,1,973,chfdb/chf10,train
4,1,974,chfdb/chf10,train
4,1,975,chfdb/chf10,train
4,1,976,chfdb/chf10,train
4,1,977,chfdb/chf10,train
4,1,978,chfdb/chf10,train
4,1,979,chfdb/chf10,train
4,1,990,chfdb/chf12,train
4,1,991,chfdb/chf12,train
4,1,992,chfdb/chf12,train
4,1,993,chfdb/chf12,train
4,1,994,chfdb/chf12,train
4,1,995,chfdb/chf12,train
4,1,996,chfdb/chf12,train
4,1,997,chfdb/chf12,train
4,1,998,chfdb/chf12,train
4,1,999,chfdb/chf12,train
4,1,1000,chfdb/chf13,train
4,1,1001,chfdb/chf13,train
4,1,1002,chfdb/chf13,train
4,1,1003,chfdb/chf13,train
4,1,1004,chfdb/chf13,train
4,1,1005,chfdb/chf13,train
4,1,1006,chfdb/chf13,train
4,1,1007,chfdb/chf13,train
4,1,1008,chfdb/chf13,train
4,1,1009,chfdb/chf13,train
4,1,1020,chfdb/chf15,train
4,1,1021,chfdb/chf15,train
4,1,1022,chfdb/chf15,train
4,1,1023,chfdb/chf15,train
4,1,1024,chfdb/chf15,train
4,1,1025,chfdb/chf15,train
4,1,1026,chfdb/chf15,train
4,1,1027,chfdb/chf15,train
4,1,1028,chfdb/chf15,train
4,1,1029,chfdb/chf15,train
4,1,1080,chfdb/chf05,train
4,1,1081,chfdb/chf05,train
4,1,1082,chfdb/chf05,train
4,1,1083,chfdb/chf05,train
4,1,1084,chfdb/chf05,train
4,1,1085,chfdb/chf05,train
4,1,1086,chfdb/chf05,train
4,1,1087,chfdb/chf05,train
4,1,1088,chfdb/chf05,train
4,1,1089,chfdb/chf05,train
4,1,1090,chfdb/chf06,train
4,1,1091,chfdb/chf06,train
4,1,1092,chfdb/chf06,train
4,1,1093,chfdb/chf06,train
4,1,1094,chfdb/chf06,train
4,1,1095,chfdb/chf06,train
4,1,1096,chfdb/chf06,train
4,1,1097,chfdb/chf06,train
4,1,1098,chfdb/chf06,train
4,1,1099,chfdb/chf06,train
4,1,1100,chfdb/chf07,train
4,1,1101,chfdb/chf07,train
4,1,1102,chfdb/chf07,train
4,1,1103,chfdb/chf07,train
4,1,1104,chfdb/chf07,train
4,1,1105,chfdb/chf07,train
4,1,1106,chfdb/chf07,train
4,1,1107,chfdb/chf07,train
4,1,1108,chfdb/chf07,train
4,1,1109,chfdb/chf07,train
4,1,1110,chfdb/chf08,train
4,1,1111,chfdb/chf08,train
4,1,1112,chfdb/chf08,train
4,1,1113,chfdb/chf08,train
4,1,1114,chfdb/chf08,train
4,1,1115,chfdb/chf08,train
4,1,1116,chfdb/chf08,train
4,1,1117,chfdb/chf08,train
4,1,1118,chfdb/chf08,train
4,1,1119,chfdb/chf08,train
4,1,1130,chfdb/chf10,train
4,1,1131,chfdb/chf10,train
4,1,1132,chfdb/chf10,train
4,1,1133,chfdb/chf10,train
4,1,1134,chfdb/chf10,train
4,1,1135,chfdb/chf10,train
4,1,1136,chfdb/chf10,train
4,1,1137,chfdb/chf10,train
4,1,1138,chfdb/chf10,train
4,1,1139,chfdb/chf10,train
4,1,1150,chfdb/chf12,train
4,1,1151,chfdb/chf12,train
4,1,1152,chfdb/chf12,train
4,1,1153,chfdb/chf12,train
4,1,1154,chfdb/chf12,train
4,1,1155,chfdb/chf12,train
4,1,1156,chfdb/chf12,train
4,1,1157,chfdb/chf12,train
4,1,1158,chfdb/chf12,train
4,1,1159,chfdb/chf12,train
4,1,1160,chfdb/chf13,train
4,1,1161,chfdb/chf13,train
4,1,1162,chfdb/chf13,train
4,1,1163,chfdb/chf13,train
4,1,1164,chfdb/chf13,train
4,1,1165,chfdb/chf13,train
4,1,1166,chfdb/chf13,train
4,1,1167,chfdb/chf13,train
4,1,1168,chfdb/chf13,train
4,1,1169,chfdb/chf13,train
4,1,1190,chfdb/chf15,train
4,1,1191,chfdb/chf15,train
4,1,1192,chfdb/chf15,train
4,1,1193,chfdb/chf15,train
4,1,1194,chfdb/chf15,train
4,1,1195,chfdb/chf15,train
4,1,1196,chfdb/chf15,train
4,1,1197,chfdb/chf15,train
4,1,1198,chfdb/chf15,train
4,1,1199,chfdb/chf15,train
4,1,1210,chfdb/chf05,train
4,1,1211,chfdb/chf05,train
4,1,1212,chfdb/chf05,train
4,1,1213,chfdb/chf05,train
4,1,1214,chfdb/chf05,train
4,1,1215,chfdb/chf05,train
4,1,1216,chfdb/chf05,train
4,1,1217,chfdb/chf05,train
4,1,1218,chfdb/chf05,train
4,1,1219,chfdb/chf05,train
4,1,1220,chfdb/chf06,train
4,1,1221,chfdb/chf06,train
4,1,1222,chfdb/chf06,train
4,1,1223,chfdb/chf06,train
4,1,1224,chfdb/chf06,train
4,1,1225,chfdb/chf06,train
4,1,1226,chfdb/chf06,train
4,1,1227,chfdb/chf06,train
4,1,1228,chfdb/chf06,train
4,1,1229,chfdb/chf06,train
4,1,1230,chfdb/chf07,train
4,1,1231,chfdb/chf07,train
4,1,1232,chfdb/chf07,train
4,1,1233,chfdb/chf07,train
4,1,1234,chfdb/chf07,train
4,1,1235,chfdb/chf07,train
4,1,1236,chfdb/chf07,train
4,1,1237,chfdb/chf07,train
4,1,1238,chfdb/chf07,train
4,1,1239,chfdb/chf07,train
4,1,1240,chfdb/chf08,train
4,1,1241,chfdb/chf08,train
4,1,1242,chfdb/chf08,train
4,1,1243,chfdb/chf08,train
4,1,1244,chfdb/chf08,train
4,1,1245,chfdb/chf08,train
4,1,1246,chfdb/chf08,train
4,1,1247,chfdb/chf08,train
4,1,1248,chfdb/chf08,train
4,1,1249,chfdb/chf08,train
4,1,1270,nsrdb/17052,train
4,1,1271,nsrdb/17052,train
4,1,1272,nsrdb/17052,train
4,1,1273,nsrdb/17052,train
4,1,1274,nsrdb/17052,train
4,1,1275,nsrdb/17052,train
4,1,1276,nsrdb/17052,train
4,1,1277,nsrdb/17052,train
4,1,1278,nsrdb/17052,train
4,1,1279,nsrdb/17052,train
4,1,1290,nsrdb/18177,train
4,1,1291,nsrdb/18177,train
4,1,1292,nsrdb/18177,train
4,1,1293,nsrdb/18177,train
4,1,1294,nsrdb/18177,train
4,1,1295,nsrdb/18177,train
4,1,1296,nsrdb/18177,train
4,1,1297,nsrdb/18177,train
4,1,1298,nsrdb/18177,train
4,1,1299,nsrdb/18177,train
4,1,1310,nsrdb/19088,train
4,1,1311,nsrdb/19088,train
4,1,1312,nsrdb/19088,train
4,1,1313,nsrdb/19088,train
4,1,1314,nsrdb/19088,train
4,1,1315,nsrdb/19088,train
4,1,1316,nsrdb/19088,train
4,1,1317,nsrdb/19088,train
4,1,1318,nsrdb/19088,train
4,1,1319,nsrdb/19088,train
4,1,1320,nsrdb/19090,train
4,1,1321,nsrdb/19090,train
4,1,1322,nsrdb/19090,train
4,1,1323,nsrdb/19090,train
4,1,1324,nsrdb/19090,train
4,1,1325,nsrdb/19090,train
4,1,1326,nsrdb/19090,train
4,1,1327,nsrdb/19090,train
4,1,1328,nsrdb/19090,train
4,1,1329,nsrdb/19090,train
4,1,1340,nsrdb/19140,train
4,1,1341,nsrdb/19140,train
4,1,1342,nsrdb/19140,train
4,1,1343,nsrdb/19140,train
4,1,1344,nsrdb/19140,train
4,1,1345,nsrdb/19140,train
4,1,1346,nsrdb/19140,train
4,1,1347,nsrdb/19140,train
4,1,1348,nsrdb/19140,train
4,1,1349,nsrdb/19140,train
4,1,1350,nsrdb/19830,train
4,1,1351,nsrdb/19830,train
4,1,1352,nsrdb/19830,train
4,1,1353,nsrdb/19830,train
4,1,1354,nsrdb/19830,train
4,1,1355,nsrdb/19830,train
4,1,1356,nsrdb/19830,train
4,1,1357,nsrdb/19830,train
4,1,1358,nsrdb/19830,train
4,1,1359,nsrdb/19830,train
4,1,1410,nsrdb/16483,train
4,1,1411,nsrdb/16483,train
4,1,1412,nsrdb/16483,train
4,1,1413,nsrdb/16483,train
4,1,1414,nsrdb/16483,train
4,1,1415,nsrdb/16483,train
4,1,1416,nsrdb/16483,train
4,1,1417,nsrdb/16483,train
4,1,1418,nsrdb/16483,train
4,1,1419,nsrdb/16483,train
4,1,1430,nsrdb/16773,train
4,1,1431,nsrdb/16773,train
4,1,1432,nsrdb/16773,train
4,1,1433,nsrdb/16773,train
4,1,1434,nsrdb/16773,train
4,1,1435,nsrdb/16773,train
4,1,1436,nsrdb/16773,train
4,1,1437,nsrdb/16773,train
4,1,1438,nsrdb/16773,train
4,1,1439,nsrdb/16773,train
4,1,1440,nsrdb/16786,train
4,1,1441,nsrdb/16786,train
4,1,1442,nsrdb/16786,train
4,1,1443,nsrdb/16786,train
4,1,1444,nsrdb/16786,train
4,1,1445,nsrdb/16786,train
4,1,1446,nsrdb/16786,train
4,1,1447,nsrdb/16786,train
4,1,1448,nsrdb/16786,train
4,1,1449,nsrdb/16786,train
4,1,1450,nsrdb/16795,train
4,1,1451,nsrdb/16795,train
4,1,1452,nsrdb/16795,train
4,1,1453,nsrdb/16795,train
4,1,1454,nsrdb/16795,train
4,1,1455,nsrdb/16795,train
4,1,1456,nsrdb/16795,train
4,1,1457,nsrdb/16795,train
4,1,1458,nsrdb/16795,train
4,1,1459,nsrdb/16795,train
4,1,1460,nsrdb/17052,train
4,1,1461,nsrdb/17052,train
4,1,1462,nsrdb/17052,train
4,1,1463,nsrdb/17052,train
4,1,1464,nsrdb/17052,train
4,1,1465,nsrdb/17052,train
4,1,1466,nsrdb/17052,train
4,1,1467,nsrdb/17052,train
4,1,1468,nsrdb/17052,train
4,1,1469,nsrdb/17052,train
4,1,1490,nsrdb/18177,train
4,1,1491,nsrdb/18177,train
4,1,1492,nsrdb/18177,train
4,1,1493,nsrdb/18177,train
4,1,1494,nsrdb/18177,train
4,1,1495,nsrdb/18177,train
4,1,1496,nsrdb/18177,train
4,1,1497,nsrdb/18177,train
4,1,1498,nsrdb/18177,train
4,1,1499,nsrdb/18177,train
4,1,1510,nsrdb/19088,train
4,1,1511,nsrdb/19088,train
4,1,1512,nsrdb/19088,train
4,1,1513,nsrdb/19088,train
4,1,1514,nsrdb/19088,train
4,1,1515,nsrdb/19088,train
4,1,1516,nsrdb/19088,train
4,1,1517,nsrdb/19088,train
4,1,1518,nsrdb/19088,train
4,1,1519,nsrdb/19088,train
4,1,1520,nsrdb/19090,train
4,1,1521,nsrdb/19090,train
4,1,1522,nsrdb/19090,train
4,1,1523,nsrdb/19090,train
4,1,1524,nsrdb/19090,train
4,1,1525,nsrdb/19090,train
4,1,1526,nsrdb/19090,train
4,1,1527,nsrdb/19090,train
4,1,1528,nsrdb/19090,train
4,1,1529,nsrdb/19090,train
4,1,1540,nsrdb/19140,train
4,1,1541,nsrdb/19140,train
4,1,1542,nsrdb/19140,train
4,1,1543,nsrdb/19140,train
4,1,1544,nsrdb/19140,train
4,1,1545,nsrdb/19140,train
4,1,1546,nsrdb/19140,train
4,1,1547,nsrdb/19140,train
4,1,1548,nsrdb/19140,train
4,1,1549,nsrdb/19140,train
4,1,1550,nsrdb/19830,train
4,1,1551,nsrdb/19830,train
4,1,1552,nsrdb/19830,train
4,1,1553,nsrdb/19830,train
4,1,1554,nsrdb/19830,train
4,1,1555,nsrdb/19830,train
4,1,1556,nsrdb/19830,train
4,1,1557,nsrdb/19830,train
4,1,1558,nsrdb/19830,train
4,1,1559,nsrdb/19830,train
4,1,1570,nsrdb/16483,train
4,1,1571,nsrdb/16483,train
4,1,1572,nsrdb/16483,train
4,1,1573,nsrdb/16483,train
4,1,1574,nsrdb/16483,train
4,1,1575,nsrdb/16483,train
4,1,1576,nsrdb/16483,train
4,1,1577,nsrdb/16483,train
4,1,1578,nsrdb/16483,train
4,1,1579,nsrdb/16483,train
4,1,1590,nsrdb/16773,train
4,1,1591,nsrdb/16773,train
4,1,1592,nsrdb/16773,train
4,1,1593,nsrdb/16773,train
4,1,1594,nsrdb/16773,train
4,1,1595,nsrdb/16773,train
4,1,1596,nsrdb/16773,train
4,1,1597,nsrdb/16773,train
4,1,1598,nsrdb/16773,train
4,1,1599,nsrdb/16773,train
4,1,1600,nsrdb/16786,train
4,1,1601,nsrdb/16786,train
4,1,1602,nsrdb/16786,train
4,1,1603,nsrdb/16786,train
4,1,1604,nsrdb/16786,train
4,1,1605,nsrdb/16786,train
4,1,1606,nsrdb/16786,train
4,1,1607,nsrdb/16786,train
4,1,1608,nsrdb/16786,train
4,1,1609,nsrdb/16786,train
4,1,1610,nsrdb/16795,train
4,1,1611,nsrdb/16795,train
4,1,1612,nsrdb/16795,train
4,1,1613,nsrdb/16795,train
4,1,1614,nsrdb/16795,train
4,1,1615,nsrdb/16795,train
4,1,1616,nsrdb/16795,train
4,1,1617,nsrdb/16795,train
4,1,1618,nsrdb/16795,train
4,1,1619,nsrdb/16795,train
4,1,0,mitdb/100,validation
4,1,1,mitdb/100,validation
4,1,2,mitdb/100,validation
4,1,3,mitdb/100,validation
4,1,4,mitdb/100,validation
4,1,5,mitdb/100,validation
4,1,6,mitdb/100,validation
4,1,7,mitdb/100,validation
4,1,8,mitdb/100,validation
4,1,9,mitdb/100,validation
4,1,30,mitdb/112,validation
4,1,31,mitdb/112,validation
4,1,32,mitdb/112,validation
4,1,33,mitdb/112,validation
4,1,34,mitdb/112,validation
4,1,35,mitdb/112,validation
4,1,36,mitdb/112,validation
4,1,37,mitdb/112,validation
4,1,38,mitdb/112,validation
4,1,39,mitdb/112,validation
4,1,40,mitdb/113,validation
4,1,41,mitdb/113,validation
4,1,42,mitdb/113,validation
4,1,43,mitdb/113,validation
4,1,44,mitdb/113,validation
4,1,45,mitdb/113,validation
4,1,46,mitdb/113,validation
4,1,47,mitdb/113,validation
4,1,48,mitdb/113,validation
4,1,49,mitdb/113,validation
4,1,60,mitdb/115,validation
4,1,61,mitdb/115,validation
4,1,62,mitdb/115,validation
4,1,63,mitdb/115,validation
4,1,64,mitdb/115,validation
4,1,65,mitdb/115,validation
4,1,66,mitdb/115,validation
4,1,67,mitdb/115,validation
4,1,68,mitdb/115,validation
4,1,69,mitdb/115,validation
4,1,110,mitdb/101,validation
4,1,111,mitdb/101,validation
4,1,112,mitdb/101,validation
4,1,113,mitdb/101,validation
4,1,114,mitdb/101,validation
4,1,115,mitdb/101,validation
4,1,116,mitdb/101,validation
4,1,117,mitdb/101,validation
4,1,118,mitdb/101,validation
4,1,119,mitdb/101,validation
4,1,190,mitdb/203,validation
4,1,191,mitdb/203,validation
4,1,192,mitdb/203,validation
4,1,193,mitdb/203,validation
4,1,194,mitdb/203,validation
4,1,195,mitdb/203,validation
4,1,196,mitdb/203,validation
4,1,197,mitdb/203,validation
4,1,198,mitdb/203,validation
4,1,199,mitdb/203,validation
4,1,220,mitdb/102,validation
4,1,221,mitdb/102,validation
4,1,222,mitdb/102,validation
4,1,223,mitdb/102,validation
4,1,224,mitdb/102,validation
4,1,225,mitdb/102,validation
4,1,226,mitdb/102,validation
4,1,227,mitdb/102,validation
4,1,228,mitdb/102,validation
4,1,229,mitdb/102,validation
4,1,280,mitdb/214,validation
4,1,281,mitdb/214,validation
4,1,282,mitdb/214,validation
4,1,283,mitdb/214,validation
4,1,284,mitdb/214,validation
4,1,285,mitdb/214,validation
4,1,286,mitdb/214,validation
4,1,287,mitdb/214,validation
4,1,288,mitdb/214,validation
4,1,289,mitdb/214,validation
4,1,320,mitdb/220,validation
4,1,321,mitdb/220,validation
4,1,322,mitdb/220,validation
4,1,323,mitdb/220,validation
4,1,324,mitdb/220,validation
4,1,325,mitdb/220,validation
4,1,326,mitdb/220,validation
4,1,327,mitdb/220,validation
4,1,328,mitdb/220,validation
4,1,329,mitdb/220,validation
4,1,340,mitdb/221,validation
4,1,341,mitdb/221,validation
4,1,342,mitdb/221,validation
4,1,343,mitdb/221,validation
4,1,344,mitdb/221,validation
4,1,345,mitdb/221,validation
4,1,346,mitdb/221,validation
4,1,347,mitdb/221,validation
4,1,348,mitdb/221,validation
4,1,349,mitdb/221,validation
4,1,360,mitdb/223,validation
4,1,361,mitdb/223,validation
4,1,362,mitdb/223,validation
4,1,363,mitdb/223,validation
4,1,364,mitdb/223,validation
4,1,365,mitdb/223,validation
4,1,366,mitdb/223,validation
4,1,367,mitdb/223,validation
4,1,368,mitdb/223,validation
4,1,369,mitdb/223,validation
4,1,370,mitdb/228,validation
4,1,371,mitdb/228,validation
4,1,372,mitdb/228,validation
4,1,373,mitdb/228,validation
4,1,374,mitdb/228,validation
4,1,375,mitdb/228,validation
4,1,376,mitdb/228,validation
4,1,377,mitdb/228,validation
4,1,378,mitdb/228,validation
4,1,379,mitdb/228,validation
4,1,390,mitdb/231,validation
4,1,391,mitdb/231,validation
4,1,392,mitdb/231,validation
4,1,393,mitdb/231,validation
4,1,394,mitdb/231,validation
4,1,395,mitdb/231,validation
4,1,396,mitdb/231,validation
4,1,397,mitdb/231,validation
4,1,398,mitdb/231,validation
4,1,399,mitdb/231,validation
4,1,430,mitdb/100,validation
4,1,431,mitdb/100,validation
4,1,432,mitdb/100,validation
4,1,433,mitdb/100,validation
4,1,434,mitdb/100,validation
4,1,435,mitdb/100,validation
4,1,436,mitdb/100,validation
4,1,437,mitdb/100,validation
4,1,438,mitdb/100,validation
4,1,439,mitdb/100,validation
4,1,450,mitdb/101,validation
4,1,451,mitdb/101,validation
4,1,452,mitdb/101,validation
4,1,453,mitdb/101,validation
4,1,454,mitdb/101,validation
4,1,455,mitdb/101,validation
4,1,456,mitdb/101,validation
4,1,457,mitdb/101,validation
4,1,458,mitdb/101,validation
4,1,459,mitdb/101,validation
4,1,460,mitdb/102,validation
4,1,461,mitdb/102,validation
4,1,462,mitdb/102,validation
4,1,463,mitdb/102,validation
4,1,464,mitdb/102,validation
4,1,465,mitdb/102,validation
4,1,466,mitdb/102,validation
4,1,467,mitdb/102,validation
4,1,468,mitdb/102,validation
4,1,469,mitdb/102,validation
4,1,560,mitdb/112,validation
4,1,561,mitdb/112,validation
4,1,562,mitdb/112,validation
4,1,563,mitdb/112,validation
4,1,564,mitdb/112,validation
4,1,565,mitdb/112,validation
4,1,566,mitdb/112,validation
4,1,567,mitdb/112,validation
4,1,568,mitdb/112,validation
4,1,569,mitdb/112,validation
4,1,570,mitdb/113,validation
4,1,571,mitdb/113,validation
4,1,572,mitdb/113,validation
4,1,573,mitdb/113,validation
4,1,574,mitdb/113,validation
4,1,575,mitdb/113,validation
4,1,576,mitdb/113,validation
4,1,577,mitdb/113,validation
4,1,578,mitdb/113,validation
4,1,579,mitdb/113,validation
4,1,590,mitdb/115,validation
4,1,591,mitdb/115,validation
4,1,592,mitdb/115,validation
4,1,593,mitdb/115,validation
4,1,594,mitdb/115,validation
4,1,595,mitdb/115,validation
4,1,596,mitdb/115,validation
4,1,597,mitdb/115,validation
4,1,598,mitdb/115,validation
4,1,599,mitdb/115,validation
4,1,720,mitdb/203,validation
4,1,721,mitdb/203,validation
4,1,722,mitdb/203,validation
4,1,723,mitdb/203,validation
4,1,724,mitdb/203,validation
4,1,725,mitdb/203,validation
4,1,726,mitdb/203,validation
4,1,727,mitdb/203,validation
4,1,728,mitdb/203,validation
4,1,729,mitdb/203,validation
4,1,810,mitdb/214,validation
4,1,811,mitdb/214,validation
4,1,812,mitdb/214,validation
4,1,813,mitdb/214,validation
4,1,814,mitdb/214,validation
4,1,815,mitdb/214,validation
4,1,816,mitdb/214,validation
4,1,817,mitdb/214,validation
4,1,818,mitdb/214,validation
4,1,819,mitdb/214,validation
4,1,850,mitdb/220,validation
4,1,851,mitdb/220,validation
4,1,852,mitdb/220,validation
4,1,853,mitdb/220,validation
4,1,854,mitdb/220,validation
4,1,855,mitdb/220,validation
4,1,856,mitdb/220,validation
4,1,857,mitdb/220,validation
4,1,858,mitdb/220,validation
4,1,859,mitdb/220,validation
4,1,860,mitdb/221,validation
4,1,861,mitdb/221,validation
4,1,862,mitdb/221,validation
4,1,863,mitdb/221,validation
4,1,864,mitdb/221,validation
4,1,865,mitdb/221,validation
4,1,866,mitdb/221,validation
4,1,867,mitdb/221,validation
4,1,868,mitdb/221,validation
4,1,869,mitdb/221,validation
4,1,890,mitdb/223,validation
4,1,891,mitdb/223,validation
4,1,892,mitdb/223,validation
4,1,893,mitdb/223,validation
4,1,894,mitdb/223,validation
4,1,895,mitdb/223,validation
4,1,896,mitdb/223,validation
4,1,897,mitdb/223,validation
4,1,898,mitdb/223,validation
4,1,899,mitdb/223,validation
4,1,900,mitdb/228,validation
4,1,901,mitdb/228,validation
4,1,902,mitdb/228,validation
4,1,903,mitdb/228,validation
4,1,904,mitdb/228,validation
4,1,905,mitdb/228,validation
4,1,906,mitdb/228,validation
4,1,907,mitdb/228,validation
4,1,908,mitdb/228,validation
4,1,909,mitdb/228,validation
4,1,920,mitdb/231,validation
4,1,921,mitdb/231,validation
4,1,922,mitdb/231,validation
4,1,923,mitdb/231,validation
4,1,924,mitdb/231,validation
4,1,925,mitdb/231,validation
4,1,926,mitdb/231,validation
4,1,927,mitdb/231,validation
4,1,928,mitdb/231,validation
4,1,929,mitdb/231,validation
4,1,960,chfdb/chf01,validation
4,1,961,chfdb/chf01,validation
4,1,962,chfdb/chf01,validation
4,1,963,chfdb/chf01,validation
4,1,964,chfdb/chf01,validation
4,1,965,chfdb/chf01,validation
4,1,966,chfdb/chf01,validation
4,1,967,chfdb/chf01,validation
4,1,968,chfdb/chf01,validation
4,1,969,chfdb/chf01,validation
4,1,980,chfdb/chf11,validation
4,1,981,chfdb/chf11,validation
4,1,982,chfdb/chf11,validation
4,1,983,chfdb/chf11,validation
4,1,984,chfdb/chf11,validation
4,1,985,chfdb/chf11,validation
4,1,986,chfdb/chf11,validation
4,1,987,chfdb/chf11,validation
4,1,988,chfdb/chf11,validation
4,1,989,chfdb/chf11,validation
4,1,1010,chfdb/chf14,validation
4,1,1011,chfdb/chf14,validation
4,1,1012,chfdb/chf14,validation
4,1,1013,chfdb/chf14,validation
4,1,1014,chfdb/chf14,validation
4,1,1015,chfdb/chf14,validation
4,1,1016,chfdb/chf14,validation
4,1,1017,chfdb/chf14,validation
4,1,1018,chfdb/chf14,validation
4,1,1019,chfdb/chf14,validation
4,1,1030,chfdb/chf01,validation
4,1,1031,chfdb/chf01,validation
4,1,1032,chfdb/chf01,validation
4,1,1033,chfdb/chf01,validation
4,1,1034,chfdb/chf01,validation
4,1,1035,chfdb/chf01,validation
4,1,1036,chfdb/chf01,validation
4,1,1037,chfdb/chf01,validation
4,1,1038,chfdb/chf01,validation
4,1,1039,chfdb/chf01,validation
4,1,1060,chfdb/chf04,validation
4,1,1061,chfdb/chf04,validation
4,1,1062,chfdb/chf04,validation
4,1,1063,chfdb/chf04,validation
4,1,1064,chfdb/chf04,validation
4,1,1065,chfdb/chf04,validation
4,1,1066,chfdb/chf04,validation
4,1,1067,chfdb/chf04,validation
4,1,1068,chfdb/chf04,validation
4,1,1069,chfdb/chf04,validation
4,1,1140,chfdb/chf11,validation
4,1,1141,chfdb/chf11,validation
4,1,1142,chfdb/chf11,validation
4,1,1143,chfdb/chf11,validation
4,1,1144,chfdb/chf11,validation
4,1,1145,chfdb/chf11,validation
4,1,1146,chfdb/chf11,validation
4,1,1147,chfdb/chf11,validation
4,1,1148,chfdb/chf11,validation
4,1,1149,chfdb/chf11,validation
4,1,1170,chfdb/chf14,validation
4,1,1171,chfdb/chf14,validation
4,1,1172,chfdb/chf14,validation
4,1,1173,chfdb/chf14,validation
4,1,1174,chfdb/chf14,validation
4,1,1175,chfdb/chf14,validation
4,1,1176,chfdb/chf14,validation
4,1,1177,chfdb/chf14,validation
4,1,1178,chfdb/chf14,validation
4,1,1179,chfdb/chf14,validation
4,1,1200,chfdb/chf04,validation
4,1,1201,chfdb/chf04,validation
4,1,1202,chfdb/chf04,validation
4,1,1203,chfdb/chf04,validation
4,1,1204,chfdb/chf04,validation
4,1,1205,chfdb/chf04,validation
4,1,1206,chfdb/chf04,validation
4,1,1207,chfdb/chf04,validation
4,1,1208,chfdb/chf04,validation
4,1,1209,chfdb/chf04,validation
4,1,1260,nsrdb/16265,validation
4,1,1261,nsrdb/16265,validation
4,1,1262,nsrdb/16265,validation
4,1,1263,nsrdb/16265,validation
4,1,1264,nsrdb/16265,validation
4,1,1265,nsrdb/16265,validation
4,1,1266,nsrdb/16265,validation
4,1,1267,nsrdb/16265,validation
4,1,1268,nsrdb/16265,validation
4,1,1269,nsrdb/16265,validation
4,1,1300,nsrdb/18184,validation
4,1,1301,nsrdb/18184,validation
4,1,1302,nsrdb/18184,validation
4,1,1303,nsrdb/18184,validation
4,1,1304,nsrdb/18184,validation
4,1,1305,nsrdb/18184,validation
4,1,1306,nsrdb/18184,validation
4,1,1307,nsrdb/18184,validation
4,1,1308,nsrdb/18184,validation
4,1,1309,nsrdb/18184,validation
4,1,1360,nsrdb/16265,validation
4,1,1361,nsrdb/16265,validation
4,1,1362,nsrdb/16265,validation
4,1,1363,nsrdb/16265,validation
4,1,1364,nsrdb/16265,validation
4,1,1365,nsrdb/16265,validation
4,1,1366,nsrdb/16265,validation
4,1,1367,nsrdb/16265,validation
4,1,1368,nsrdb/16265,validation
4,1,1369,nsrdb/16265,validation
4,1,1370,nsrdb/16272,validation
4,1,1371,nsrdb/16272,validation
4,1,1372,nsrdb/16272,validation
4,1,1373,nsrdb/16272,validation
4,1,1374,nsrdb/16272,validation
4,1,1375,nsrdb/16272,validation
4,1,1376,nsrdb/16272,validation
4,1,1377,nsrdb/16272,validation
4,1,1378,nsrdb/16272,validation
4,1,1379,nsrdb/16272,validation
4,1,1380,nsrdb/16272,validation
4,1,1381,nsrdb/16272,validation
4,1,1382,nsrdb/16272,validation
4,1,1383,nsrdb/16272,validation
4,1,1384,nsrdb/16272,validation
4,1,1385,nsrdb/16272,validation
4,1,1386,nsrdb/16272,validation
4,1,1387,nsrdb/16272,validation
4,1,1388,nsrdb/16272,validation
4,1,1389,nsrdb/16272,validation
4,1,1390,nsrdb/16273,validation
4,1,1391,nsrdb/16273,validation
4,1,1392,nsrdb/16273,validation
4,1,1393,nsrdb/16273,validation
4,1,1394,nsrdb/16273,validation
4,1,1395,nsrdb/16273,validation
4,1,1396,nsrdb/16273,validation
4,1,1397,nsrdb/16273,validation
4,1,1398,nsrdb/16273,validation
4,1,1399,nsrdb/16273,validation
4,1,1420,nsrdb/16539,validation
4,1,1421,nsrdb/16539,validation
4,1,1422,nsrdb/16539,validation
4,1,1423,nsrdb/16539,validation
4,1,1424,nsrdb/16539,validation
4,1,1425,nsrdb/16539,validation
4,1,1426,nsrdb/16539,validation
4,1,1427,nsrdb/16539,validation
4,1,1428,nsrdb/16539,validation
4,1,1429,nsrdb/16539,validation
4,1,1480,nsrdb/16273,validation
4,1,1481,nsrdb/16273,validation
4,1,1482,nsrdb/16273,validation
4,1,1483,nsrdb/16273,validation
4,1,1484,nsrdb/16273,validation
4,1,1485,nsrdb/16273,validation
4,1,1486,nsrdb/16273,validation
4,1,1487,nsrdb/16273,validation
4,1,1488,nsrdb/16273,validation
4,1,1489,nsrdb/16273,validation
4,1,1500,nsrdb/18184,validation
4,1,1501,nsrdb/18184,validation
4,1,1502,nsrdb/18184,validation
4,1,1503,nsrdb/18184,validation
4,1,1504,nsrdb/18184,validation
4,1,1505,nsrdb/18184,validation
4,1,1506,nsrdb/18184,validation
4,1,1507,nsrdb/18184,validation
4,1,1508,nsrdb/18184,validation
4,1,1509,nsrdb/18184,validation
4,1,1580,nsrdb/16539,validation
4,1,1581,nsrdb/16539,validation
4,1,1582,nsrdb/16539,validation
4,1,1583,nsrdb/16539,validation
4,1,1584,nsrdb/16539,validation
4,1,1585,nsrdb/16539,validation
4,1,1586,nsrdb/16539,validation
4,1,1587,nsrdb/16539,validation
4,1,1588,nsrdb/16539,validation
4,1,1589,nsrdb/16539,validation
4,1,100,mitdb/119,test
4,1,101,mitdb/119,test
4,1,102,mitdb/119,test
4,1,103,mitdb/119,test
4,1,104,mitdb/119,test
4,1,105,mitdb/119,test
4,1,106,mitdb/119,test
4,1,107,mitdb/119,test
4,1,108,mitdb/119,test
4,1,109,mitdb/119,test
4,1,120,mitdb/121,test
4,1,121,mitdb/121,test
4,1,122,mitdb/121,test
4,1,123,mitdb/121,test
4,1,124,mitdb/121,test
4,1,125,mitdb/121,test
4,1,126,mitdb/121,test
4,1,127,mitdb/121,test
4,1,128,mitdb/121,test
4,1,129,mitdb/121,test
4,1,140,mitdb/123,test
4,1,141,mitdb/123,test
4,1,142,mitdb/123,test
4,1,143,mitdb/123,test
4,1,144,mitdb/123,test
4,1,145,mitdb/123,test
4,1,146,mitdb/123,test
4,1,147,mitdb/123,test
4,1,148,mitdb/123,test
4,1,149,mitdb/123,test
4,1,200,mitdb/205,test
4,1,201,mitdb/205,test
4,1,202,mitdb/205,test
4,1,203,mitdb/205,test
4,1,204,mitdb/205,test
4,1,205,mitdb/205,test
4,1,206,mitdb/205,test
4,1,207,mitdb/205,test
4,1,208,mitdb/205,test
4,1,209,mitdb/205,test
4,1,250,mitdb/210,test
4,1,251,mitdb/210,test
4,1,252,mitdb/210,test
4,1,253,mitdb/210,test
4,1,254,mitdb/210,test
4,1,255,mitdb/210,test
4,1,256,mitdb/210,test
4,1,257,mitdb/210,test
4,1,258,mitdb/210,test
4,1,259,mitdb/210,test
4,1,270,mitdb/213,test
4,1,271,mitdb/213,test
4,1,272,mitdb/213,test
4,1,273,mitdb/213,test
4,1,274,mitdb/213,test
4,1,275,mitdb/213,test
4,1,276,mitdb/213,test
4,1,277,mitdb/213,test
4,1,278,mitdb/213,test
4,1,279,mitdb/213,test
4,1,330,mitdb/103,test
4,1,331,mitdb/103,test
4,1,332,mitdb/103,test
4,1,333,mitdb/103,test
4,1,334,mitdb/103,test
4,1,335,mitdb/103,test
4,1,336,mitdb/103,test
4,1,337,mitdb/103,test
4,1,338,mitdb/103,test
4,1,339,mitdb/103,test
4,1,400,mitdb/232,test
4,1,401,mitdb/232,test
4,1,402,mitdb/232,test
4,1,403,mitdb/232,test
4,1,404,mitdb/232,test
4,1,405,mitdb/232,test
4,1,406,mitdb/232,test
4,1,407,mitdb/232,test
4,1,408,mitdb/232,test
4,1,409,mitdb/232,test
4,1,440,mitdb/104,test
4,1,441,mitdb/104,test
4,1,442,mitdb/104,test
4,1,443,mitdb/104,test
4,1,444,mitdb/104,test
4,1,445,mitdb/104,test
4,1,446,mitdb/104,test
4,1,447,mitdb/104,test
4,1,448,mitdb/104,test
4,1,449,mitdb/104,test
4,1,470,mitdb/103,test
4,1,471,mitdb/103,test
4,1,472,mitdb/103,test
4,1,473,mitdb/103,test
4,1,474,mitdb/103,test
4,1,475,mitdb/103,test
4,1,476,mitdb/103,test
4,1,477,mitdb/103,test
4,1,478,mitdb/103,test
4,1,479,mitdb/103,test
4,1,480,mitdb/104,test
4,1,481,mitdb/104,test
4,1,482,mitdb/104,test
4,1,483,mitdb/104,test
4,1,484,mitdb/104,test
4,1,485,mitdb/104,test
4,1,486,mitdb/104,test
4,1,487,mitdb/104,test
4,1,488,mitdb/104,test
4,1,489,mitdb/104,test
4,1,520,mitdb/108,test
4,1,521,mitdb/108,test
4,1,522,mitdb/108,test
4,1,523,mitdb/108,test
4,1,524,mitdb/108,test
4,1,525,mitdb/108,test
4,1,526,mitdb/108,test
4,1,527,mitdb/108,test
4,1,528,mitdb/108,test
4,1,529,mitdb/108,test
4,1,630,mitdb/119,test
4,1,631,mitdb/119,test
4,1,632,mitdb/119,test
4,1,633,mitdb/119,test
4,1,634,mitdb/119,test
4,1,635,mitdb/119,test
4,1,636,mitdb/119,test
4,1,637,mitdb/119,test
4,1,638,mitdb/119,test
4,1,639,mitdb/119,test
4,1,640,mitdb/121,test
4,1,641,mitdb/121,test
4,1,642,mitdb/121,test
4,1,643,mitdb/121,test
4,1,644,mitdb/121,test
4,1,645,mitdb/121,test
4,1,646,mitdb/121,test
4,1,647,mitdb/121,test
4,1,648,mitdb/121,test
4,1,649,mitdb/121,test
4,1,670,mitdb/123,test
4,1,671,mitdb/123,test
4,1,672,mitdb/123,test
4,1,673,mitdb/123,test
4,1,674,mitdb/123,test
4,1,675,mitdb/123,test
4,1,676,mitdb/123,test
4,1,677,mitdb/123,test
4,1,678,mitdb/123,test
4,1,679,mitdb/123,test
4,1,730,mitdb/205,test
4,1,731,mitdb/205,test
4,1,732,mitdb/205,test
4,1,733,mitdb/205,test
4,1,734,mitdb/205,test
4,1,735,mitdb/205,test
4,1,736,mitdb/205,test
4,1,737,mitdb/205,test
4,1,738,mitdb/205,test
4,1,739,mitdb/205,test
4,1,780,mitdb/210,test
4,1,781,mitdb/210,test
4,1,782,mitdb/210,test
4,1,783,mitdb/210,test
4,1,784,mitdb/210,test
4,1,785,mitdb/210,test
4,1,786,mitdb/210,test
4,1,787,mitdb/210,test
4,1,788,mitdb/210,test
4,1,789,mitdb/210,test
4,1,800,mitdb/213,test
4,1,801,mitdb/213,test
4,1,802,mitdb/213,test
4,1,803,mitdb/213,test
4,1,804,mitdb/213,test
4,1,805,mitdb/213,test
4,1,806,mitdb/213,test
4,1,807,mitdb/213,test
4,1,808,mitdb/213,test
4,1,809,mitdb/213,test
4,1,880,mitdb/108,test
4,1,881,mitdb/108,test
4,1,882,mitdb/108,test
4,1,883,mitdb/108,test
4,1,884,mitdb/108,test
4,1,885,mitdb/108,test
4,1,886,mitdb/108,test
4,1,887,mitdb/108,test
4,1,888,mitdb/108,test
4,1,889,mitdb/108,test
4,1,930,mitdb/232,test
4,1,931,mitdb/232,test
4,1,932,mitdb/232,test
4,1,933,mitdb/232,test
4,1,934,mitdb/232,test
4,1,935,mitdb/232,test
4,1,936,mitdb/232,test
4,1,937,mitdb/232,test
4,1,938,mitdb/232,test
4,1,939,mitdb/232,test
4,1,1040,chfdb/chf02,test
4,1,1041,chfdb/chf02,test
4,1,1042,chfdb/chf02,test
4,1,1043,chfdb/chf02,test
4,1,1044,chfdb/chf02,test
4,1,1045,chfdb/chf02,test
4,1,1046,chfdb/chf02,test
4,1,1047,chfdb/chf02,test
4,1,1048,chfdb/chf02,test
4,1,1049,chfdb/chf02,test
4,1,1050,chfdb/chf03,test
4,1,1051,chfdb/chf03,test
4,1,1052,chfdb/chf03,test
4,1,1053,chfdb/chf03,test
4,1,1054,chfdb/chf03,test
4,1,1055,chfdb/chf03,test
4,1,1056,chfdb/chf03,test
4,1,1057,chfdb/chf03,test
4,1,1058,chfdb/chf03,test
4,1,1059,chfdb/chf03,test
4,1,1070,chfdb/chf02,test
4,1,1071,chfdb/chf02,test
4,1,1072,chfdb/chf02,test
4,1,1073,chfdb/chf02,test
4,1,1074,chfdb/chf02,test
4,1,1075,chfdb/chf02,test
4,1,1076,chfdb/chf02,test
4,1,1077,chfdb/chf02,test
4,1,1078,chfdb/chf02,test
4,1,1079,chfdb/chf02,test
4,1,1120,chfdb/chf09,test
4,1,1121,chfdb/chf09,test
4,1,1122,chfdb/chf09,test
4,1,1123,chfdb/chf09,test
4,1,1124,chfdb/chf09,test
4,1,1125,chfdb/chf09,test
4,1,1126,chfdb/chf09,test
4,1,1127,chfdb/chf09,test
4,1,1128,chfdb/chf09,test
4,1,1129,chfdb/chf09,test
4,1,1180,chfdb/chf03,test
4,1,1181,chfdb/chf03,test
4,1,1182,chfdb/chf03,test
4,1,1183,chfdb/chf03,test
4,1,1184,chfdb/chf03,test
4,1,1185,chfdb/chf03,test
4,1,1186,chfdb/chf03,test
4,1,1187,chfdb/chf03,test
4,1,1188,chfdb/chf03,test
4,1,1189,chfdb/chf03,test
4,1,1250,chfdb/chf09,test
4,1,1251,chfdb/chf09,test
4,1,1252,chfdb/chf09,test
4,1,1253,chfdb/chf09,test
4,1,1254,chfdb/chf09,test
4,1,1255,chfdb/chf09,test
4,1,1256,chfdb/chf09,test
4,1,1257,chfdb/chf09,test
4,1,1258,chfdb/chf09,test
4,1,1259,chfdb/chf09,test
4,1,1280,nsrdb/17453,test
4,1,1281,nsrdb/17453,test
4,1,1282,nsrdb/17453,test
4,1,1283,nsrdb/17453,test
4,1,1284,nsrdb/17453,test
4,1,1285,nsrdb/17453,test
4,1,1286,nsrdb/17453,test
4,1,1287,nsrdb/17453,test
4,1,1288,nsrdb/17453,test
4,1,1289,nsrdb/17453,test
4,1,1330,nsrdb/19093,test
4,1,1331,nsrdb/19093,test
4,1,1332,nsrdb/19093,test
4,1,1333,nsrdb/19093,test
4,1,1334,nsrdb/19093,test
4,1,1335,nsrdb/19093,test
4,1,1336,nsrdb/19093,test
4,1,1337,nsrdb/19093,test
4,1,1338,nsrdb/19093,test
4,1,1339,nsrdb/19093,test
4,1,1400,nsrdb/16420,test
4,1,1401,nsrdb/16420,test
4,1,1402,nsrdb/16420,test
4,1,1403,nsrdb/16420,test
4,1,1404,nsrdb/16420,test
4,1,1405,nsrdb/16420,test
4,1,1406,nsrdb/16420,test
4,1,1407,nsrdb/16420,test
4,1,1408,nsrdb/16420,test
4,1,1409,nsrdb/16420,test
4,1,1470,nsrdb/17453,test
4,1,1471,nsrdb/17453,test
4,1,1472,nsrdb/17453,test
4,1,1473,nsrdb/17453,test
4,1,1474,nsrdb/17453,test
4,1,1475,nsrdb/17453,test
4,1,1476,nsrdb/17453,test
4,1,1477,nsrdb/17453,test
4,1,1478,nsrdb/17453,test
4,1,1479,nsrdb/17453,test
4,1,1530,nsrdb/19093,test
4,1,1531,nsrdb/19093,test
4,1,1532,nsrdb/19093,test
4,1,1533,nsrdb/19093,test
4,1,1534,nsrdb/19093,test
4,1,1535,nsrdb/19093,test
4,1,1536,nsrdb/19093,test
4,1,1537,nsrdb/19093,test
4,1,1538,nsrdb/19093,test
4,1,1539,nsrdb/19093,test
4,1,1560,nsrdb/16420,test
4,1,1561,nsrdb/16420,test
4,1,1562,nsrdb/16420,test
4,1,1563,nsrdb/16420,test
4,1,1564,nsrdb/16420,test
4,1,1565,nsrdb/16420,test
4,1,1566,nsrdb/16420,test
4,1,1567,nsrdb/16420,test
4,1,1568,nsrdb/16420,test
4,1,1569,nsrdb/16420,test
4,2,0,mitdb/100,train
4,2,1,mitdb/100,train
4,2,2,mitdb/100,train
4,2,3,mitdb/100,train
4,2,4,mitdb/100,train
4,2,5,mitdb/100,train
4,2,6,mitdb/100,train
4,2,7,mitdb/100,train
4,2,8,mitdb/100,train
4,2,9,mitdb/100,train
4,2,10,mitdb/109,train
4,2,11,mitdb/109,train
4,2,12,mitdb/109,train
4,2,13,mitdb/109,train
4,2,14,mitdb/109,train
4,2,15,mitdb/109,train
4,2,16,mitdb/109,train
4,2,17,mitdb/109,train
4,2,18,mitdb/109,train
4,2,19,mitdb/109,train
4,2,20,mitdb/111,train
4,2,21,mitdb/111,train
4,2,22,mitdb/111,train
4,2,23,mitdb/111,train
4,2,24,mitdb/111,train
4,2,25,mitdb/111,train
4,2,26,mitdb/111,train
4,2,27,mitdb/111,train
4,2,28,mitdb/111,train
4,2,29,mitdb/111,train
4,2,30,mitdb/112,train
4,2,31,mitdb/112,train
4,2,32,mitdb/112,train
4,2,33,mitdb/112,train
4,2,34,mitdb/112,train
4,2,35,mitdb/112,train
4,2,36,mitdb/112,train
4,2,37,mitdb/112,train
4,2,38,mitdb/112,train
4,2,39,mitdb/112,train
4,2,40,mitdb/113,train
4,2,41,mitdb/113,train
4,2,42,mitdb/113,train
4,2,43,mitdb/113,train
4,2,44,mitdb/113,train
4,2,45,mitdb/113,train
4,2,46,mitdb/113,train
4,2,47,mitdb/113,train
4,2,48,mitdb/113,train
4,2,49,mitdb/113,train
4,2,50,mitdb/114,train
4,2,51,mitdb/114,train
4,2,52,mitdb/114,train
4,2,53,mitdb/114,train
4,2,54,mitdb/114,train
4,2,55,mitdb/114,train
4,2,56,mitdb/114,train
4,2,57,mitdb/114,train
4,2,58,mitdb/114,train
4,2,59,mitdb/114,train
4,2,60,mitdb/115,train
4,2,61,mitdb/115,train
4,2,62,mitdb/115,train
4,2,63,mitdb/115,train
4,2,64,mitdb/115,train
4,2,65,mitdb/115,train
4,2,66,mitdb/115,train
4,2,67,mitdb/115,train
4,2,68,mitdb/115,train
4,2,69,mitdb/115,train
4,2,90,mitdb/118,train
4,2,91,mitdb/118,train
4,2,92,mitdb/118,train
4,2,93,mitdb/118,train
4,2,94,mitdb/118,train
4,2,95,mitdb/118,train
4,2,96,mitdb/118,train
4,2,97,mitdb/118,train
4,2,98,mitdb/118,train
4,2,99,mitdb/118,train
4,2,110,mitdb/101,train
4,2,111,mitdb/101,train
4,2,112,mitdb/101,train
4,2,113,mitdb/101,train
4,2,114,mitdb/101,train
4,2,115,mitdb/101,train
4,2,116,mitdb/101,train
4,2,117,mitdb/101,train
4,2,118,mitdb/101,train
4,2,119,mitdb/101,train
4,2,170,mitdb/201-202,train
4,2,171,mitdb/201-202,train
4,2,172,mitdb/201-202,train
4,2,173,mitdb/201-202,train
4,2,174,mitdb/201-202,train
4,2,175,mitdb/201-202,train
4,2,176,mitdb/201-202,train
4,2,177,mitdb/201-202,train
4,2,178,mitdb/201-202,train
4,2,179,mitdb/201-202,train
4,2,180,mitdb/201-202,train
4,2,181,mitdb/201-202,train
4,2,182,mitdb/201-202,train
4,2,183,mitdb/201-202,train
4,2,184,mitdb/201-202,train
4,2,185,mitdb/201-202,train
4,2,186,mitdb/201-202,train
4,2,187,mitdb/201-202,train
4,2,188,mitdb/201-202,train
4,2,189,mitdb/201-202,train
4,2,190,mitdb/203,train
4,2,191,mitdb/203,train
4,2,192,mitdb/203,train
4,2,193,mitdb/203,train
4,2,194,mitdb/203,train
4,2,195,mitdb/203,train
4,2,196,mitdb/203,train
4,2,197,mitdb/203,train
4,2,198,mitdb/203,train
4,2,199,mitdb/203,train
4,2,220,mitdb/102,train
4,2,221,mitdb/102,train
4,2,222,mitdb/102,train
4,2,223,mitdb/102,train
4,2,224,mitdb/102,train
4,2,225,mitdb/102,train
4,2,226,mitdb/102,train
4,2,227,mitdb/102,train
4,2,228,mitdb/102,train
4,2,229,mitdb/102,train
4,2,260,mitdb/212,train
4,2,261,mitdb/212,train
4,2,262,mitdb/212,train
4,2,263,mitdb/212,train
4,2,264,mitdb/212,train
4,2,265,mitdb/212,train
4,2,266,mitdb/212,train
4,2,267,mitdb/212,train
4,2,268,mitdb/212,train
4,2,269,mitdb/212,train
4,2,280,mitdb/214,train
4,2,281,mitdb/214,train
4,2,282,mitdb/214,train
4,2,283,mitdb/214,train
4,2,284,mitdb/214,train
4,2,285,mitdb/214,train
4,2,286,mitdb/214,train
4,2,287,mitdb/214,train
4,2,288,mitdb/214,train
4,2,289,mitdb/214,train
4,2,300,mitdb/217,train
4,2,301,mitdb/217,train
4,2,302,mitdb/217,train
4,2,303,mitdb/217,train
4,2,304,mitdb/217,train
4,2,305,mitdb/217,train
4,2,306,mitdb/217,train
4,2,307,mitdb/217,train
4,2,308,mitdb/217,train
4,2,309,mitdb/217,train
4,2,310,mitdb/219,train
4,2,311,mitdb/219,train
4,2,312,mitdb/219,train
4,2,313,mitdb/219,train
4,2,314,mitdb/219,train
4,2,315,mitdb/219,train
4,2,316,mitdb/219,train
4,2,317,mitdb/219,train
4,2,318,mitdb/219,train
4,2,319,mitdb/219,train
4,2,320,mitdb/220,train
4,2,321,mitdb/220,train
4,2,322,mitdb/220,train
4,2,323,mitdb/220,train
4,2,324,mitdb/220,train
4,2,325,mitdb/220,train
4,2,326,mitdb/220,train
4,2,327,mitdb/220,train
4,2,328,mitdb/220,train
4,2,329,mitdb/220,train
4,2,340,mitdb/221,train
4,2,341,mitdb/221,train
4,2,342,mitdb/221,train
4,2,343,mitdb/221,train
4,2,344,mitdb/221,train
4,2,345,mitdb/221,train
4,2,346,mitdb/221,train
4,2,347,mitdb/221,train
4,2,348,mitdb/221,train
4,2,349,mitdb/221,train
4,2,360,mitdb/223,train
4,2,361,mitdb/223,train
4,2,362,mitdb/223,train
4,2,363,mitdb/223,train
4,2,364,mitdb/223,train
4,2,365,mitdb/223,train
4,2,366,mitdb/223,train
4,2,367,mitdb/223,train
4,2,368,mitdb/223,train
4,2,369,mitdb/223,train
4,2,370,mitdb/228,train
4,2,371,mitdb/228,train
4,2,372,mitdb/228,train
4,2,373,mitdb/228,train
4,2,374,mitdb/228,train
4,2,375,mitdb/228,train
4,2,376,mitdb/228,train
4,2,377,mitdb/228,train
4,2,378,mitdb/228,train
4,2,379,mitdb/228,train
4,2,390,mitdb/231,train
4,2,391,mitdb/231,train
4,2,392,mitdb/231,train
4,2,393,mitdb/231,train
4,2,394,mitdb/231,train
4,2,395,mitdb/231,train
4,2,396,mitdb/231,train
4,2,397,mitdb/231,train
4,2,398,mitdb/231,train
4,2,399,mitdb/231,train
4,2,430,mitdb/100,train
4,2,431,mitdb/100,train
4,2,432,mitdb/100,train
4,2,433,mitdb/100,train
4,2,434,mitdb/100,train
4,2,435,mitdb/100,train
4,2,436,mitdb/100,train
4,2,437,mitdb/100,train
4,2,438,mitdb/100,train
4,2,439,mitdb/100,train
4,2,450,mitdb/101,train
4,2,451,mitdb/101,train
4,2,452,mitdb/101,train
4,2,453,mitdb/101,train
4,2,454,mitdb/101,train
4,2,455,mitdb/101,train
4,2,456,mitdb/101,train
4,2,457,mitdb/101,train
4,2,458,mitdb/101,train
4,2,459,mitdb/101,train
4,2,460,mitdb/102,train
4,2,461,mitdb/102,train
4,2,462,mitdb/102,train
4,2,463,mitdb/102,train
4,2,464,mitdb/102,train
4,2,465,mitdb/102,train
4,2,466,mitdb/102,train
4,2,467,mitdb/102,train
4,2,468,mitdb/102,train
4,2,469,mitdb/102,train
4,2,490,mitdb/105,train
4,2,491,mitdb/105,train
4,2,492,mitdb/105,train
4,2,493,mitdb/105,train
4,2,494,mitdb/105,train
4,2,495,mitdb/105,train
4,2,496,mitdb/105,train
4,2,497,mitdb/105,train
4,2,498,mitdb/105,train
4,2,499,mitdb/105,train
4,2,500,mitdb/106,train
4,2,501,mitdb/106,train
4,2,502,mitdb/106,train
4,2,503,mitdb/106,train
4,2,504,mitdb/106,train
4,2,505,mitdb/106,train
4,2,506,mitdb/106,train
4,2,507,mitdb/106,train
4,2,508,mitdb/106,train
4,2,509,mitdb/106,train
4,2,510,mitdb/107,train
4,2,511,mitdb/107,train
4,2,512,mitdb/107,train
4,2,513,mitdb/107,train
4,2,514,mitdb/107,train
4,2,515,mitdb/107,train
4,2,516,mitdb/107,train
4,2,517,mitdb/107,train
4,2,518,mitdb/107,train
4,2,519,mitdb/107,train
4,2,530,mitdb/109,train
4,2,531,mitdb/109,train
4,2,532,mitdb/109,train
4,2,533,mitdb/109,train
4,2,534,mitdb/109,train
4,2,535,mitdb/109,train
4,2,536,mitdb/109,train
4,2,537,mitdb/109,train
4,2,538,mitdb/109,train
4,2,539,mitdb/109,train
4,2,540,mitdb/111,train
4,2,541,mitdb/111,train
4,2,542,mitdb/111,train
4,2,543,mitdb/111,train
4,2,544,mitdb/111,train
4,2,545,mitdb/111,train
4,2,546,mitdb/111,train
4,2,547,mitdb/111,train
4,2,548,mitdb/111,train
4,2,549,mitdb/111,train
4,2,550,mitdb/105,train
4,2,551,mitdb/105,train
4,2,552,mitdb/105,train
4,2,553,mitdb/105,train
4,2,554,mitdb/105,train
4,2,555,mitdb/105,train
4,2,556,mitdb/105,train
4,2,557,mitdb/105,train
4,2,558,mitdb/105,train
4,2,559,mitdb/105,train
4,2,560,mitdb/112,train
4,2,561,mitdb/112,train
4,2,562,mitdb/112,train
4,2,563,mitdb/112,train
4,2,564,mitdb/112,train
4,2,565,mitdb/112,train
4,2,566,mitdb/112,train
4,2,567,mitdb/112,train
4,2,568,mitdb/112,train
4,2,569,mitdb/112,train
4,2,570,mitdb/113,train
4,2,571,mitdb/113,train
4,2,572,mitdb/113,train
4,2,573,mitdb/113,train
4,2,574,mitdb/113,train
4,2,575,mitdb/113,train
4,2,576,mitdb/113,train
4,2,577,mitdb/113,train
4,2,578,mitdb/113,train
4,2,579,mitdb/113,train
4,2,580,mitdb/114,train
4,2,581,mitdb/114,train
4,2,582,mitdb/114,train
4,2,583,mitdb/114,train
4,2,584,mitdb/114,train
4,2,585,mitdb/114,train
4,2,586,mitdb/114,train
4,2,587,mitdb/114,train
4,2,588,mitdb/114,train
4,2,589,mitdb/114,train
4,2,590,mitdb/115,train
4,2,591,mitdb/115,train
4,2,592,mitdb/115,train
4,2,593,mitdb/115,train
4,2,594,mitdb/115,train
4,2,595,mitdb/115,train
4,2,596,mitdb/115,train
4,2,597,mitdb/115,train
4,2,598,mitdb/115,train
4,2,599,mitdb/115,train
4,2,620,mitdb/118,train
4,2,621,mitdb/118,train
4,2,622,mitdb/118,train
4,2,623,mitdb/118,train
4,2,624,mitdb/118,train
4,2,625,mitdb/118,train
4,2,626,mitdb/118,train
4,2,627,mitdb/118,train
4,2,628,mitdb/118,train
4,2,629,mitdb/118,train
4,2,660,mitdb/106,train
4,2,661,mitdb/106,train
4,2,662,mitdb/106,train
4,2,663,mitdb/106,train
4,2,664,mitdb/106,train
4,2,665,mitdb/106,train
4,2,666,mitdb/106,train
4,2,667,mitdb/106,train
4,2,668,mitdb/106,train
4,2,669,mitdb/106,train
4,2,700,mitdb/201-202,train
4,2,701,mitdb/201-202,train
4,2,702,mitdb/201-202,train
4,2,703,mitdb/201-202,train
4,2,704,mitdb/201-202,train
4,2,705,mitdb/201-202,train
4,2,706,mitdb/201-202,train
4,2,707,mitdb/201-202,train
4,2,708,mitdb/201-202,train
4,2,709,mitdb/201-202,train
4,2,710,mitdb/201-202,train
4,2,711,mitdb/201-202,train
4,2,712,mitdb/201-202,train
4,2,713,mitdb/201-202,train
4,2,714,mitdb/201-202,train
4,2,715,mitdb/201-202,train
4,2,716,mitdb/201-202,train
4,2,717,mitdb/201-202,train
4,2,718,mitdb/201-202,train
4,2,719,mitdb/201-202,train
4,2,720,mitdb/203,train
4,2,721,mitdb/203,train
4,2,722,mitdb/203,train
4,2,723,mitdb/203,train
4,2,724,mitdb/203,train
4,2,725,mitdb/203,train
4,2,726,mitdb/203,train
4,2,727,mitdb/203,train
4,2,728,mitdb/203,train
4,2,729,mitdb/203,train
4,2,770,mitdb/107,train
4,2,771,mitdb/107,train
4,2,772,mitdb/107,train
4,2,773,mitdb/107,train
4,2,774,mitdb/107,train
4,2,775,mitdb/107,train
4,2,776,mitdb/107,train
4,2,777,mitdb/107,train
4,2,778,mitdb/107,train
4,2,779,mitdb/107,train
4,2,790,mitdb/212,train
4,2,791,mitdb/212,train
4,2,792,mitdb/212,train
4,2,793,mitdb/212,train
4,2,794,mitdb/212,train
4,2,795,mitdb/212,train
4,2,796,mitdb/212,train
4,2,797,mitdb/212,train
4,2,798,mitdb/212,train
4,2,799,mitdb/212,train
4,2,810,mitdb/214,train
4,2,811,mitdb/214,train
4,2,812,mitdb/214,train
4,2,813,mitdb/214,train
4,2,814,mitdb/214,train
4,2,815,mitdb/214,train
4,2,816,mitdb/214,train
4,2,817,mitdb/214,train
4,2,818,mitdb/214,train
4,2,819,mitdb/214,train
4,2,830,mitdb/217,train
4,2,831,mitdb/217,train
4,2,832,mitdb/217,train
4,2,833,mitdb/217,train
4,2,834,mitdb/217,train
4,2,835,mitdb/217,train
4,2,836,mitdb/217,train
4,2,837,mitdb/217,train
4,2,838,mitdb/217,train
4,2,839,mitdb/217,train
4,2,840,mitdb/219,train
4,2,841,mitdb/219,train
4,2,842,mitdb/219,train
4,2,843,mitdb/219,train
4,2,844,mitdb/219,train
4,2,845,mitdb/219,train
4,2,846,mitdb/219,train
4,2,847,mitdb/219,train
4,2,848,mitdb/219,train
4,2,849,mitdb/219,train
4,2,850,mitdb/220,train
4,2,851,mitdb/220,train
4,2,852,mitdb/220,train
4,2,853,mitdb/220,train
4,2,854,mitdb/220,train
4,2,855,mitdb/220,train
4,2,856,mitdb/220,train
4,2,857,mitdb/220,train
4,2,858,mitdb/220,train
4,2,859,mitdb/220,train
4,2,860,mitdb/221,train
4,2,861,mitdb/221,train
4,2,862,mitdb/221,train
4,2,863,mitdb/221,train
4,2,864,mitdb/221,train
4,2,865,mitdb/221,train
4,2,866,mitdb/221,train
4,2,867,mitdb/221,train
4,2,868,mitdb/221,train
4,2,869,mitdb/221,train
4,2,890,mitdb/223,train
4,2,891,mitdb/223,train
4,2,892,mitdb/223,train
4,2,893,mitdb/223,train
4,2,894,mitdb/223,train
4,2,895,mitdb/223,train
4,2,896,mitdb/223,train
4,2,897,mitdb/223,train
4,2,898,mitdb/223,train
4,2,899,mitdb/223,train
4,2,900,mitdb/228,train
4,2,901,mitdb/228,train
4,2,902,mitdb/228,train
4,2,903,mitdb/228,train
4,2,904,mitdb/228,train
4,2,905,mitdb/228,train
4,2,906,mitdb/228,train
4,2,907,mitdb/228,train
4,2,908,mitdb/228,train
4,2,909,mitdb/228,train
4,2,920,mitdb/231,train
4,2,921,mitdb/231,train
4,2,922,mitdb/231,train
4,2,923,mitdb/231,train
4,2,924,mitdb/231,train
4,2,925,mitdb/231,train
4,2,926,mitdb/231,train
4,2,927,mitdb/231,train
4,2,928,mitdb/231,train
4,2,929,mitdb/231,train
4,2,960,chfdb/chf01,train
4,2,961,chfdb/chf01,train
4,2,962,chfdb/chf01,train
4,2,963,chfdb/chf01,train
4,2,964,chfdb/chf01,train
4,2,965,chfdb/chf01,train
4,2,966,chfdb/chf01,train
4,2,967,chfdb/chf01,train
4,2,968,chfdb/chf01,train
4,2,969,chfdb/chf01,train
4,2,980,chfdb/chf11,train
4,2,981,chfdb/chf11,train
4,2,982,chfdb/chf11,train
4,2,983,chfdb/chf11,train
4,2,984,chfdb/chf11,train
4,2,985,chfdb/chf11,train
4,2,986,chfdb/chf11,train
4,2,987,chfdb/chf11,train
4,2,988,chfdb/chf11,train
4,2,989,chfdb/chf11,train
4,2,990,chfdb/chf12,train
4,2,991,chfdb/chf12,train
4,2,992,chfdb/chf12,train
4,2,993,chfdb/chf12,train
4,2,994,chfdb/chf12,train
4,2,995,chfdb/chf12,train
4,2,996,chfdb/chf12,train
4,2,997,chfdb/chf12,train
4,2,998,chfdb/chf12,train
4,2,999,chfdb/chf12,train
4,2,1010,chfdb/chf14,train
4,2,1011,chfdb/chf14,train
4,2,1012,chfdb/chf14,train
4,2,1013,chfdb/chf14,train
4,2,1014,chfdb/chf14,train
4,2,1015,chfdb/chf14,train
4,2,1016,chfdb/chf14,train
4,2,1017,chfdb/chf14,train
4,2,1018,chfdb/chf14,train
4,2,1019,chfdb/chf14,train
4,2,1020,chfdb/chf15,train
4,2,1021,chfdb/chf15,train
4,2,1022,chfdb/chf15,train
4,2,1023,chfdb/chf15,train
4,2,1024,chfdb/chf15,train
4,2,1025,chfdb/chf15,train
4,2,1026,chfdb/chf15,train
4,2,1027,chfdb/chf15,train
4,2,1028,chfdb/chf15,train
4,2,1029,chfdb/chf15,train
4,2,1030,chfdb/chf01,train
4,2,1031,chfdb/chf01,train
4,2,1032,chfdb/chf01,train
4,2,1033,chfdb/chf01,train
4,2,1034,chfdb/chf01,train
4,2,1035,chfdb/chf01,train
4,2,1036,chfdb/chf01,train
4,2,1037,chfdb/chf01,train
4,2,1038,chfdb/chf01,train
4,2,1039,chfdb/chf01,train
4,2,1060,chfdb/chf04,train
4,2,1061,chfdb/chf04,train
4,2,1062,chfdb/chf04,train
4,2,1063,chfdb/chf04,train
4,2,1064,chfdb/chf04,train
4,2,1065,chfdb/chf04,train
4,2,1066,chfdb/chf04,train
4,2,1067,chfdb/chf04,train
4,2,1068,chfdb/chf04,train
4,2,1069,chfdb/chf04,train
4,2,1080,chfdb/chf05,train
4,2,1081,chfdb/chf05,train
4,2,1082,chfdb/chf05,train
4,2,1083,chfdb/chf05,train
4,2,1084,chfdb/chf05,train
4,2,1085,chfdb/chf05,train
4,2,1086,chfdb/chf05,train
4,2,1087,chfdb/chf05,train
4,2,1088,chfdb/chf05,train
4,2,1089,chfdb/chf05,train
4,2,1090,chfdb/chf06,train
4,2,1091,chfdb/chf06,train
4,2,1092,chfdb/chf06,train
4,2,1093,chfdb/chf06,train
4,2,1094,chfdb/chf06,train
4,2,1095,chfdb/chf06,train
4,2,1096,chfdb/chf06,train
4,2,1097,chfdb/chf06,train
4,2,1098,chfdb/chf06,train
4,2,1099,chfdb/chf06,train
4,2,1140,chfdb/chf11,train
4,2,1141,chfdb/chf11,train
4,2,1142,chfdb/chf11,train
4,2,1143,chfdb/chf11,train
4,2,1144,chfdb/chf11,train
4,2,1145,chfdb/chf11,train
4,2,1146,chfdb/chf11,train
4,2,1147,chfdb/chf11,train
4,2,1148,chfdb/chf11,train
4,2,1149,chfdb/chf11,train
4,2,1150,chfdb/chf12,train
4,2,1151,chfdb/chf12,train
4,2,1152,chfdb/chf12,train
4,2,1153,chfdb/chf12,train
4,2,1154,chfdb/chf12,train
4,2,1155,chfdb/chf12,train
4,2,1156,chfdb/chf12,train
4,2,1157,chfdb/chf12,train
4,2,1158,chfdb/chf12,train
4,2,1159,chfdb/chf12,train
4,2,1170,chfdb/chf14,train
4,2,1171,chfdb/chf14,train
4,2,1172,chfdb/chf14,train
4,2,1173,chfdb/chf14,train
4,2,1174,chfdb/chf14,train
4,2,1175,chfdb/chf14,train
4,2,1176,chfdb/chf14,train
4,2,1177,chfdb/chf14,train
4,2,1178,chfdb/chf14,train
4,2,1179,chfdb/chf14,train
4,2,1190,chfdb/chf15,train
4,2,1191,chfdb/chf15,train
4,2,1192,chfdb/chf15,train
4,2,1193,chfdb/chf15,train
4,2,1194,chfdb/chf15,train
4,2,1195,chfdb/chf15,train
4,2,1196,chfdb/chf15,train
4,2,1197,chfdb/chf15,train
4,2,1198,chfdb/chf15,train
4,2,1199,chfdb/chf15,train
4,2,1200,chfdb/chf04,train
4,2,1201,chfdb/chf04,train
4,2,1202,chfdb/chf04,train
4,2,1203,chfdb/chf04,train
4,2,1204,chfdb/chf04,train
4,2,1205,chfdb/chf04,train
4,2,1206,chfdb/chf04,train
4,2,1207,chfdb/chf04,train
4,2,1208,chfdb/chf04,train
4,2,1209,chfdb/chf04,train
4,2,1210,chfdb/chf05,train
4,2,1211,chfdb/chf05,train
4,2,1212,chfdb/chf05,train
4,2,1213,chfdb/chf05,train
4,2,1214,chfdb/chf05,train
4,2,1215,chfdb/chf05,train
4,2,1216,chfdb/chf05,train
4,2,1217,chfdb/chf05,train
4,2,1218,chfdb/chf05,train
4,2,1219,chfdb/chf05,train
4,2,1220,chfdb/chf06,train
4,2,1221,chfdb/chf06,train
4,2,1222,chfdb/chf06,train
4,2,1223,chfdb/chf06,train
4,2,1224,chfdb/chf06,train
4,2,1225,chfdb/chf06,train
4,2,1226,chfdb/chf06,train
4,2,1227,chfdb/chf06,train
4,2,1228,chfdb/chf06,train
4,2,1229,chfdb/chf06,train
4,2,1260,nsrdb/16265,train
4,2,1261,nsrdb/16265,train
4,2,1262,nsrdb/16265,train
4,2,1263,nsrdb/16265,train
4,2,1264,nsrdb/16265,train
4,2,1265,nsrdb/16265,train
4,2,1266,nsrdb/16265,train
4,2,1267,nsrdb/16265,train
4,2,1268,nsrdb/16265,train
4,2,1269,nsrdb/16265,train
4,2,1300,nsrdb/18184,train
4,2,1301,nsrdb/18184,train
4,2,1302,nsrdb/18184,train
4,2,1303,nsrdb/18184,train
4,2,1304,nsrdb/18184,train
4,2,1305,nsrdb/18184,train
4,2,1306,nsrdb/18184,train
4,2,1307,nsrdb/18184,train
4,2,1308,nsrdb/18184,train
4,2,1309,nsrdb/18184,train
4,2,1340,nsrdb/19140,train
4,2,1341,nsrdb/19140,train
4,2,1342,nsrdb/19140,train
4,2,1343,nsrdb/19140,train
4,2,1344,nsrdb/19140,train
4,2,1345,nsrdb/19140,train
4,2,1346,nsrdb/19140,train
4,2,1347,nsrdb/19140,train
4,2,1348,nsrdb/19140,train
4,2,1349,nsrdb/19140,train
4,2,1350,nsrdb/19830,train
4,2,1351,nsrdb/19830,train
4,2,1352,nsrdb/19830,train
4,2,1353,nsrdb/19830,train
4,2,1354,nsrdb/19830,train
4,2,1355,nsrdb/19830,train
4,2,1356,nsrdb/19830,train
4,2,1357,nsrdb/19830,train
4,2,1358,nsrdb/19830,train
4,2,1359,nsrdb/19830,train
4,2,1360,nsrdb/16265,train
4,2,1361,nsrdb/16265,train
4,2,1362,nsrdb/16265,train
4,2,1363,nsrdb/16265,train
4,2,1364,nsrdb/16265,train
4,2,1365,nsrdb/16265,train
4,2,1366,nsrdb/16265,train
4,2,1367,nsrdb/16265,train
4,2,1368,nsrdb/16265,train
4,2,1369,nsrdb/16265,train
4,2,1370,nsrdb/16272,train
4,2,1371,nsrdb/16272,train
4,2,1372,nsrdb/16272,train
4,2,1373,nsrdb/16272,train
4,2,1374,nsrdb/16272,train
4,2,1375,nsrdb/16272,train
4,2,1376,nsrdb/16272,train
4,2,1377,nsrdb/16272,train
4,2,1378,nsrdb/16272,train
4,2,1379,nsrdb/16272,train
4,2,1380,nsrdb/16272,train
4,2,1381,nsrdb/16272,train
4,2,1382,nsrdb/16272,train
4,2,1383,nsrdb/16272,train
4,2,1384,nsrdb/16272,train
4,2,1385,nsrdb/16272,train
4,2,1386,nsrdb/16272,train
4,2,1387,nsrdb/16272,train
4,2,1388,nsrdb/16272,train
4,2,1389,nsrdb/16272,train
4,2,1390,nsrdb/16273,train
4,2,1391,nsrdb/16273,train
4,2,1392,nsrdb/16273,train
4,2,1393,nsrdb/16273,train
4,2,1394,nsrdb/16273,train
4,2,1395,nsrdb/16273,train
4,2,1396,nsrdb/16273,train
4,2,1397,nsrdb/16273,train
4,2,1398,nsrdb/16273,train
4,2,1399,nsrdb/16273,train
4,2,1420,nsrdb/16539,train
4,2,1421,nsrdb/16539,train
4,2,1422,nsrdb/16539,train
4,2,1423,nsrdb/16539,train
4,2,1424,nsrdb/16539,train
4,2,1425,nsrdb/16539,train
4,2,1426,nsrdb/16539,train
4,2,1427,nsrdb/16539,train
4,2,1428,nsrdb/16539,train
4,2,1429,nsrdb/16539,train
4,2,1430,nsrdb/16773,train
4,2,1431,nsrdb/16773,train
4,2,1432,nsrdb/16773,train
4,2,1433,nsrdb/16773,train
4,2,1434,nsrdb/16773,train
4,2,1435,nsrdb/16773,train
4,2,1436,nsrdb/16773,train
4,2,1437,nsrdb/16773,train
4,2,1438,nsrdb/16773,train
4,2,1439,nsrdb/16773,train
4,2,1440,nsrdb/16786,train
4,2,1441,nsrdb/16786,train
4,2,1442,nsrdb/16786,train
4,2,1443,nsrdb/16786,train
4,2,1444,nsrdb/16786,train
4,2,1445,nsrdb/16786,train
4,2,1446,nsrdb/16786,train
4,2,1447,nsrdb/16786,train
4,2,1448,nsrdb/16786,train
4,2,1449,nsrdb/16786,train
4,2,1450,nsrdb/16795,train
4,2,1451,nsrdb/16795,train
4,2,1452,nsrdb/16795,train
4,2,1453,nsrdb/16795,train
4,2,1454,nsrdb/16795,train
4,2,1455,nsrdb/16795,train
4,2,1456,nsrdb/16795,train
4,2,1457,nsrdb/16795,train
4,2,1458,nsrdb/16795,train
4,2,1459,nsrdb/16795,train
4,2,1480,nsrdb/16273,train
4,2,1481,nsrdb/16273,train
4,2,1482,nsrdb/16273,train
4,2,1483,nsrdb/16273,train
4,2,1484,nsrdb/16273,train
4,2,1485,nsrdb/16273,train
4,2,1486,nsrdb/16273,train
4,2,1487,nsrdb/16273,train
4,2,1488,nsrdb/16273,train
4,2,1489,nsrdb/16273,train
4,2,1500,nsrdb/18184,train
4,2,1501,nsrdb/18184,train
4,2,1502,nsrdb/18184,train
4,2,1503,nsrdb/18184,train
4,2,1504,nsrdb/18184,train
4,2,1505,nsrdb/18184,train
4,2,1506,nsrdb/18184,train
4,2,1507,nsrdb/18184,train
4,2,1508,nsrdb/18184,train
4,2,1509,nsrdb/18184,train
4,2,1540,nsrdb/19140,train
4,2,1541,nsrdb/19140,train
4,2,1542,nsrdb/19140,train
4,2,1543,nsrdb/19140,train
4,2,1544,nsrdb/19140,train
4,2,1545,nsrdb/19140,train
4,2,1546,nsrdb/19140,train
4,2,1547,nsrdb/19140,train
4,2,1548,nsrdb/19140,train
4,2,1549,nsrdb/19140,train
4,2,1550,nsrdb/19830,train
4,2,1551,nsrdb/19830,train
4,2,1552,nsrdb/19830,train
4,2,1553,nsrdb/19830,train
4,2,1554,nsrdb/19830,train
4,2,1555,nsrdb/19830,train
4,2,1556,nsrdb/19830,train
4,2,1557,nsrdb/19830,train
4,2,1558,nsrdb/19830,train
4,2,1559,nsrdb/19830,train
4,2,1580,nsrdb/16539,train
4,2,1581,nsrdb/16539,train
4,2,1582,nsrdb/16539,train
4,2,1583,nsrdb/16539,train
4,2,1584,nsrdb/16539,train
4,2,1585,nsrdb/16539,train
4,2,1586,nsrdb/16539,train
4,2,1587,nsrdb/16539,train
4,2,1588,nsrdb/16539,train
4,2,1589,nsrdb/16539,train
4,2,1590,nsrdb/16773,train
4,2,1591,nsrdb/16773,train
4,2,1592,nsrdb/16773,train
4,2,1593,nsrdb/16773,train
4,2,1594,nsrdb/16773,train
4,2,1595,nsrdb/16773,train
4,2,1596,nsrdb/16773,train
4,2,1597,nsrdb/16773,train
4,2,1598,nsrdb/16773,train
4,2,1599,nsrdb/16773,train
4,2,1600,nsrdb/16786,train
4,2,1601,nsrdb/16786,train
4,2,1602,nsrdb/16786,train
4,2,1603,nsrdb/16786,train
4,2,1604,nsrdb/16786,train
4,2,1605,nsrdb/16786,train
4,2,1606,nsrdb/16786,train
4,2,1607,nsrdb/16786,train
4,2,1608,nsrdb/16786,train
4,2,1609,nsrdb/16786,train
4,2,1610,nsrdb/16795,train
4,2,1611,nsrdb/16795,train
4,2,1612,nsrdb/16795,train
4,2,1613,nsrdb/16795,train
4,2,1614,nsrdb/16795,train
4,2,1615,nsrdb/16795,train
4,2,1616,nsrdb/16795,train
4,2,1617,nsrdb/16795,train
4,2,1618,nsrdb/16795,train
4,2,1619,nsrdb/16795,train
4,2,70,mitdb/116,validation
4,2,71,mitdb/116,validation
4,2,72,mitdb/116,validation
4,2,73,mitdb/116,validation
4,2,74,mitdb/116,validation
4,2,75,mitdb/116,validation
4,2,76,mitdb/116,validation
4,2,77,mitdb/116,validation
4,2,78,mitdb/116,validation
4,2,79,mitdb/116,validation
4,2,80,mitdb/117,validation
4,2,81,mitdb/117,validation
4,2,82,mitdb/117,validation
4,2,83,mitdb/117,validation
4,2,84,mitdb/117,validation
4,2,85,mitdb/117,validation
4,2,86,mitdb/117,validation
4,2,87,mitdb/117,validation
4,2,88,mitdb/117,validation
4,2,89,mitdb/117,validation
4,2,130,mitdb/122,validation
4,2,131,mitdb/122,validation
4,2,132,mitdb/122,validation
4,2,133,mitdb/122,validation
4,2,134,mitdb/122,validation
4,2,135,mitdb/122,validation
4,2,136,mitdb/122,validation
4,2,137,mitdb/122,validation
4,2,138,mitdb/122,validation
4,2,139,mitdb/122,validation
4,2,150,mitdb/124,validation
4,2,151,mitdb/124,validation
4,2,152,mitdb/124,validation
4,2,153,mitdb/124,validation
4,2,154,mitdb/124,validation
4,2,155,mitdb/124,validation
4,2,156,mitdb/124,validation
4,2,157,mitdb/124,validation
4,2,158,mitdb/124,validation
4,2,159,mitdb/124,validation
4,2,160,mitdb/200,validation
4,2,161,mitdb/200,validation
4,2,162,mitdb/200,validation
4,2,163,mitdb/200,validation
4,2,164,mitdb/200,validation
4,2,165,mitdb/200,validation
4,2,166,mitdb/200,validation
4,2,167,mitdb/200,validation
4,2,168,mitdb/200,validation
4,2,169,mitdb/200,validation
4,2,210,mitdb/207,validation
4,2,211,mitdb/207,validation
4,2,212,mitdb/207,validation
4,2,213,mitdb/207,validation
4,2,214,mitdb/207,validation
4,2,215,mitdb/207,validation
4,2,216,mitdb/207,validation
4,2,217,mitdb/207,validation
4,2,218,mitdb/207,validation
4,2,219,mitdb/207,validation
4,2,230,mitdb/208,validation
4,2,231,mitdb/208,validation
4,2,232,mitdb/208,validation
4,2,233,mitdb/208,validation
4,2,234,mitdb/208,validation
4,2,235,mitdb/208,validation
4,2,236,mitdb/208,validation
4,2,237,mitdb/208,validation
4,2,238,mitdb/208,validation
4,2,239,mitdb/208,validation
4,2,240,mitdb/209,validation
4,2,241,mitdb/209,validation
4,2,242,mitdb/209,validation
4,2,243,mitdb/209,validation
4,2,244,mitdb/209,validation
4,2,245,mitdb/209,validation
4,2,246,mitdb/209,validation
4,2,247,mitdb/209,validation
4,2,248,mitdb/209,validation
4,2,249,mitdb/209,validation
4,2,290,mitdb/215,validation
4,2,291,mitdb/215,validation
4,2,292,mitdb/215,validation
4,2,293,mitdb/215,validation
4,2,294,mitdb/215,validation
4,2,295,mitdb/215,validation
4,2,296,mitdb/215,validation
4,2,297,mitdb/215,validation
4,2,298,mitdb/215,validation
4,2,299,mitdb/215,validation
4,2,350,mitdb/222,validation
4,2,351,mitdb/222,validation
4,2,352,mitdb/222,validation
4,2,353,mitdb/222,validation
4,2,354,mitdb/222,validation
4,2,355,mitdb/222,validation
4,2,356,mitdb/222,validation
4,2,357,mitdb/222,validation
4,2,358,mitdb/222,validation
4,2,359,mitdb/222,validation
4,2,380,mitdb/230,validation
4,2,381,mitdb/230,validation
4,2,382,mitdb/230,validation
4,2,383,mitdb/230,validation
4,2,384,mitdb/230,validation
4,2,385,mitdb/230,validation
4,2,386,mitdb/230,validation
4,2,387,mitdb/230,validation
4,2,388,mitdb/230,validation
4,2,389,mitdb/230,validation
4,2,410,mitdb/233,validation
4,2,411,mitdb/233,validation
4,2,412,mitdb/233,validation
4,2,413,mitdb/233,validation
4,2,414,mitdb/233,validation
4,2,415,mitdb/233,validation
4,2,416,mitdb/233,validation
4,2,417,mitdb/233,validation
4,2,418,mitdb/233,validation
4,2,419,mitdb/233,validation
4,2,420,mitdb/234,validation
4,2,421,mitdb/234,validation
4,2,422,mitdb/234,validation
4,2,423,mitdb/234,validation
4,2,424,mitdb/234,validation
4,2,425,mitdb/234,validation
4,2,426,mitdb/234,validation
4,2,427,mitdb/234,validation
4,2,428,mitdb/234,validation
4,2,429,mitdb/234,validation
4,2,600,mitdb/116,validation
4,2,601,mitdb/116,validation
4,2,602,mitdb/116,validation
4,2,603,mitdb/116,validation
4,2,604,mitdb/116,validation
4,2,605,mitdb/116,validation
4,2,606,mitdb/116,validation
4,2,607,mitdb/116,validation
4,2,608,mitdb/116,validation
4,2,609,mitdb/116,validation
4,2,610,mitdb/117,validation
4,2,611,mitdb/117,validation
4,2,612,mitdb/117,validation
4,2,613,mitdb/117,validation
4,2,614,mitdb/117,validation
4,2,615,mitdb/117,validation
4,2,616,mitdb/117,validation
4,2,617,mitdb/117,validation
4,2,618,mitdb/117,validation
4,2,619,mitdb/117,validation
4,2,650,mitdb/122,validation
4,2,651,mitdb/122,validation
4,2,652,mitdb/122,validation
4,2,653,mitdb/122,validation
4,2,654,mitdb/122,validation
4,2,655,mitdb/122,validation
4,2,656,mitdb/122,validation
4,2,657,mitdb/122,validation
4,2,658,mitdb/122,validation
4,2,659,mitdb/122,validation
4,2,680,mitdb/124,validation
4,2,681,mitdb/124,validation
4,2,682,mitdb/124,validation
4,2,683,mitdb/124,validation
4,2,684,mitdb/124,validation
4,2,685,mitdb/124,validation
4,2,686,mitdb/124,validation
4,2,687,mitdb/124,validation
4,2,688,mitdb/124,validation
4,2,689,mitdb/124,validation
4,2,690,mitdb/200,validation
4,2,691,mitdb/200,validation
4,2,692,mitdb/200,validation
4,2,693,mitdb/200,validation
4,2,694,mitdb/200,validation
4,2,695,mitdb/200,validation
4,2,696,mitdb/200,validation
4,2,697,mitdb/200,validation
4,2,698,mitdb/200,validation
4,2,699,mitdb/200,validation
4,2,740,mitdb/207,validation
4,2,741,mitdb/207,validation
4,2,742,mitdb/207,validation
4,2,743,mitdb/207,validation
4,2,744,mitdb/207,validation
4,2,745,mitdb/207,validation
4,2,746,mitdb/207,validation
4,2,747,mitdb/207,validation
4,2,748,mitdb/207,validation
4,2,749,mitdb/207,validation
4,2,750,mitdb/208,validation
4,2,751,mitdb/208,validation
4,2,752,mitdb/208,validation
4,2,753,mitdb/208,validation
4,2,754,mitdb/208,validation
4,2,755,mitdb/208,validation
4,2,756,mitdb/208,validation
4,2,757,mitdb/208,validation
4,2,758,mitdb/208,validation
4,2,759,mitdb/208,validation
4,2,760,mitdb/209,validation
4,2,761,mitdb/209,validation
4,2,762,mitdb/209,validation
4,2,763,mitdb/209,validation
4,2,764,mitdb/209,validation
4,2,765,mitdb/209,validation
4,2,766,mitdb/209,validation
4,2,767,mitdb/209,validation
4,2,768,mitdb/209,validation
4,2,769,mitdb/209,validation
4,2,820,mitdb/215,validation
4,2,821,mitdb/215,validation
4,2,822,mitdb/215,validation
4,2,823,mitdb/215,validation
4,2,824,mitdb/215,validation
4,2,825,mitdb/215,validation
4,2,826,mitdb/215,validation
4,2,827,mitdb/215,validation
4,2,828,mitdb/215,validation
4,2,829,mitdb/215,validation
4,2,870,mitdb/222,validation
4,2,871,mitdb/222,validation
4,2,872,mitdb/222,validation
4,2,873,mitdb/222,validation
4,2,874,mitdb/222,validation
4,2,875,mitdb/222,validation
4,2,876,mitdb/222,validation
4,2,877,mitdb/222,validation
4,2,878,mitdb/222,validation
4,2,879,mitdb/222,validation
4,2,910,mitdb/230,validation
4,2,911,mitdb/230,validation
4,2,912,mitdb/230,validation
4,2,913,mitdb/230,validation
4,2,914,mitdb/230,validation
4,2,915,mitdb/230,validation
4,2,916,mitdb/230,validation
4,2,917,mitdb/230,validation
4,2,918,mitdb/230,validation
4,2,919,mitdb/230,validation
4,2,940,mitdb/233,validation
4,2,941,mitdb/233,validation
4,2,942,mitdb/233,validation
4,2,943,mitdb/233,validation
4,2,944,mitdb/233,validation
4,2,945,mitdb/233,validation
4,2,946,mitdb/233,validation
4,2,947,mitdb/233,validation
4,2,948,mitdb/233,validation
4,2,949,mitdb/233,validation
4,2,950,mitdb/234,validation
4,2,951,mitdb/234,validation
4,2,952,mitdb/234,validation
4,2,953,mitdb/234,validation
4,2,954,mitdb/234,validation
4,2,955,mitdb/234,validation
4,2,956,mitdb/234,validation
4,2,957,mitdb/234,validation
4,2,958,mitdb/234,validation
4,2,959,mitdb/234,validation
4,2,970,chfdb/chf10,validation
4,2,971,chfdb/chf10,validation
4,2,972,chfdb/chf10,validation
4,2,973,chfdb/chf10,validation
4,2,974,chfdb/chf10,validation
4,2,975,chfdb/chf10,validation
4,2,976,chfdb/chf10,validation
4,2,977,chfdb/chf10,validation
4,2,978,chfdb/chf10,validation
4,2,979,chfdb/chf10,validation
4,2,1000,chfdb/chf13,validation
4,2,1001,chfdb/chf13,validation
4,2,1002,chfdb/chf13,validation
4,2,1003,chfdb/chf13,validation
4,2,1004,chfdb/chf13,validation
4,2,1005,chfdb/chf13,validation
4,2,1006,chfdb/chf13,validation
4,2,1007,chfdb/chf13,validation
4,2,1008,chfdb/chf13,validation
4,2,1009,chfdb/chf13,validation
4,2,1100,chfdb/chf07,validation
4,2,1101,chfdb/chf07,validation
4,2,1102,chfdb/chf07,validation
4,2,1103,chfdb/chf07,validation
4,2,1104,chfdb/chf07,validation
4,2,1105,chfdb/chf07,validation
4,2,1106,chfdb/chf07,validation
4,2,1107,chfdb/chf07,validation
4,2,1108,chfdb/chf07,validation
4,2,1109,chfdb/chf07,validation
4,2,1110,chfdb/chf08,validation
4,2,1111,chfdb/chf08,validation
4,2,1112,chfdb/chf08,validation
4,2,1113,chfdb/chf08,validation
4,2,1114,chfdb/chf08,validation
4,2,1115,chfdb/chf08,validation
4,2,1116,chfdb/chf08,validation
4,2,1117,chfdb/chf08,validation
4,2,1118,chfdb/chf08,validation
4,2,1119,chfdb/chf08,validation
4,2,1130,chfdb/chf10,validation
4,2,1131,chfdb/chf10,validation
4,2,1132,chfdb/chf10,validation
4,2,1133,chfdb/chf10,validation
4,2,1134,chfdb/chf10,validation
4,2,1135,chfdb/chf10,validation
4,2,1136,chfdb/chf10,validation
4,2,1137,chfdb/chf10,validation
4,2,1138,chfdb/chf10,validation
4,2,1139,chfdb/chf10,validation
4,2,1160,chfdb/chf13,validation
4,2,1161,chfdb/chf13,validation
4,2,1162,chfdb/chf13,validation
4,2,1163,chfdb/chf13,validation
4,2,1164,chfdb/chf13,validation
4,2,1165,chfdb/chf13,validation
4,2,1166,chfdb/chf13,validation
4,2,1167,chfdb/chf13,validation
4,2,1168,chfdb/chf13,validation
4,2,1169,chfdb/chf13,validation
4,2,1230,chfdb/chf07,validation
4,2,1231,chfdb/chf07,validation
4,2,1232,chfdb/chf07,validation
4,2,1233,chfdb/chf07,validation
4,2,1234,chfdb/chf07,validation
4,2,1235,chfdb/chf07,validation
4,2,1236,chfdb/chf07,validation
4,2,1237,chfdb/chf07,validation
4,2,1238,chfdb/chf07,validation
4,2,1239,chfdb/chf07,validation
4,2,1240,chfdb/chf08,validation
4,2,1241,chfdb/chf08,validation
4,2,1242,chfdb/chf08,validation
4,2,1243,chfdb/chf08,validation
4,2,1244,chfdb/chf08,validation
4,2,1245,chfdb/chf08,validation
4,2,1246,chfdb/chf08,validation
4,2,1247,chfdb/chf08,validation
4,2,1248,chfdb/chf08,validation
4,2,1249,chfdb/chf08,validation
4,2,1270,nsrdb/17052,validation
4,2,1271,nsrdb/17052,validation
4,2,1272,nsrdb/17052,validation
4,2,1273,nsrdb/17052,validation
4,2,1274,nsrdb/17052,validation
4,2,1275,nsrdb/17052,validation
4,2,1276,nsrdb/17052,validation
4,2,1277,nsrdb/17052,validation
4,2,1278,nsrdb/17052,validation
4,2,1279,nsrdb/17052,validation
4,2,1290,nsrdb/18177,validation
4,2,1291,nsrdb/18177,validation
4,2,1292,nsrdb/18177,validation
4,2,1293,nsrdb/18177,validation
4,2,1294,nsrdb/18177,validation
4,2,1295,nsrdb/18177,validation
4,2,1296,nsrdb/18177,validation
4,2,1297,nsrdb/18177,validation
4,2,1298,nsrdb/18177,validation
4,2,1299,nsrdb/18177,validation
4,2,1310,nsrdb/19088,validation
4,2,1311,nsrdb/19088,validation
4,2,1312,nsrdb/19088,validation
4,2,1313,nsrdb/19088,validation
4,2,1314,nsrdb/19088,validation
4,2,1315,nsrdb/19088,validation
4,2,1316,nsrdb/19088,validation
4,2,1317,nsrdb/19088,validation
4,2,1318,nsrdb/19088,validation
4,2,1319,nsrdb/19088,validation
4,2,1320,nsrdb/19090,validation
4,2,1321,nsrdb/19090,validation
4,2,1322,nsrdb/19090,validation
4,2,1323,nsrdb/19090,validation
4,2,1324,nsrdb/19090,validation
4,2,1325,nsrdb/19090,validation
4,2,1326,nsrdb/19090,validation
4,2,1327,nsrdb/19090,validation
4,2,1328,nsrdb/19090,validation
4,2,1329,nsrdb/19090,validation
4,2,1410,nsrdb/16483,validation
4,2,1411,nsrdb/16483,validation
4,2,1412,nsrdb/16483,validation
4,2,1413,nsrdb/16483,validation
4,2,1414,nsrdb/16483,validation
4,2,1415,nsrdb/16483,validation
4,2,1416,nsrdb/16483,validation
4,2,1417,nsrdb/16483,validation
4,2,1418,nsrdb/16483,validation
4,2,1419,nsrdb/16483,validation
4,2,1460,nsrdb/17052,validation
4,2,1461,nsrdb/17052,validation
4,2,1462,nsrdb/17052,validation
4,2,1463,nsrdb/17052,validation
4,2,1464,nsrdb/17052,validation
4,2,1465,nsrdb/17052,validation
4,2,1466,nsrdb/17052,validation
4,2,1467,nsrdb/17052,validation
4,2,1468,nsrdb/17052,validation
4,2,1469,nsrdb/17052,validation
4,2,1490,nsrdb/18177,validation
4,2,1491,nsrdb/18177,validation
4,2,1492,nsrdb/18177,validation
4,2,1493,nsrdb/18177,validation
4,2,1494,nsrdb/18177,validation
4,2,1495,nsrdb/18177,validation
4,2,1496,nsrdb/18177,validation
4,2,1497,nsrdb/18177,validation
4,2,1498,nsrdb/18177,validation
4,2,1499,nsrdb/18177,validation
4,2,1510,nsrdb/19088,validation
4,2,1511,nsrdb/19088,validation
4,2,1512,nsrdb/19088,validation
4,2,1513,nsrdb/19088,validation
4,2,1514,nsrdb/19088,validation
4,2,1515,nsrdb/19088,validation
4,2,1516,nsrdb/19088,validation
4,2,1517,nsrdb/19088,validation
4,2,1518,nsrdb/19088,validation
4,2,1519,nsrdb/19088,validation
4,2,1520,nsrdb/19090,validation
4,2,1521,nsrdb/19090,validation
4,2,1522,nsrdb/19090,validation
4,2,1523,nsrdb/19090,validation
4,2,1524,nsrdb/19090,validation
4,2,1525,nsrdb/19090,validation
4,2,1526,nsrdb/19090,validation
4,2,1527,nsrdb/19090,validation
4,2,1528,nsrdb/19090,validation
4,2,1529,nsrdb/19090,validation
4,2,1570,nsrdb/16483,validation
4,2,1571,nsrdb/16483,validation
4,2,1572,nsrdb/16483,validation
4,2,1573,nsrdb/16483,validation
4,2,1574,nsrdb/16483,validation
4,2,1575,nsrdb/16483,validation
4,2,1576,nsrdb/16483,validation
4,2,1577,nsrdb/16483,validation
4,2,1578,nsrdb/16483,validation
4,2,1579,nsrdb/16483,validation
4,2,100,mitdb/119,test
4,2,101,mitdb/119,test
4,2,102,mitdb/119,test
4,2,103,mitdb/119,test
4,2,104,mitdb/119,test
4,2,105,mitdb/119,test
4,2,106,mitdb/119,test
4,2,107,mitdb/119,test
4,2,108,mitdb/119,test
4,2,109,mitdb/119,test
4,2,120,mitdb/121,test
4,2,121,mitdb/121,test
4,2,122,mitdb/121,test
4,2,123,mitdb/121,test
4,2,124,mitdb/121,test
4,2,125,mitdb/121,test
4,2,126,mitdb/121,test
4,2,127,mitdb/121,test
4,2,128,mitdb/121,test
4,2,129,mitdb/121,test
4,2,140,mitdb/123,test
4,2,141,mitdb/123,test
4,2,142,mitdb/123,test
4,2,143,mitdb/123,test
4,2,144,mitdb/123,test
4,2,145,mitdb/123,test
4,2,146,mitdb/123,test
4,2,147,mitdb/123,test
4,2,148,mitdb/123,test
4,2,149,mitdb/123,test
4,2,200,mitdb/205,test
4,2,201,mitdb/205,test
4,2,202,mitdb/205,test
4,2,203,mitdb/205,test
4,2,204,mitdb/205,test
4,2,205,mitdb/205,test
4,2,206,mitdb/205,test
4,2,207,mitdb/205,test
4,2,208,mitdb/205,test
4,2,209,mitdb/205,test
4,2,250,mitdb/210,test
4,2,251,mitdb/210,test
4,2,252,mitdb/210,test
4,2,253,mitdb/210,test
4,2,254,mitdb/210,test
4,2,255,mitdb/210,test
4,2,256,mitdb/210,test
4,2,257,mitdb/210,test
4,2,258,mitdb/210,test
4,2,259,mitdb/210,test
4,2,270,mitdb/213,test
4,2,271,mitdb/213,test
4,2,272,mitdb/213,test
4,2,273,mitdb/213,test
4,2,274,mitdb/213,test
4,2,275,mitdb/213,test
4,2,276,mitdb/213,test
4,2,277,mitdb/213,test
4,2,278,mitdb/213,test
4,2,279,mitdb/213,test
4,2,330,mitdb/103,test
4,2,331,mitdb/103,test
4,2,332,mitdb/103,test
4,2,333,mitdb/103,test
4,2,334,mitdb/103,test
4,2,335,mitdb/103,test
4,2,336,mitdb/103,test
4,2,337,mitdb/103,test
4,2,338,mitdb/103,test
4,2,339,mitdb/103,test
4,2,400,mitdb/232,test
4,2,401,mitdb/232,test
4,2,402,mitdb/232,test
4,2,403,mitdb/232,test
4,2,404,mitdb/232,test
4,2,405,mitdb/232,test
4,2,406,mitdb/232,test
4,2,407,mitdb/232,test
4,2,408,mitdb/232,test
4,2,409,mitdb/232,test
4,2,440,mitdb/104,test
4,2,441,mitdb/104,test
4,2,442,mitdb/104,test
4,2,443,mitdb/104,test
4,2,444,mitdb/104,test
4,2,445,mitdb/104,test
4,2,446,mitdb/104,test
4,2,447,mitdb/104,test
4,2,448,mitdb/104,test
4,2,449,mitdb/104,test
4,2,470,mitdb/103,test
4,2,471,mitdb/103,test
4,2,472,mitdb/103,test
4,2,473,mitdb/103,test
4,2,474,mitdb/103,test
4,2,475,mitdb/103,test
4,2,476,mitdb/103,test
4,2,477,mitdb/103,test
4,2,478,mitdb/103,test
4,2,479,mitdb/103,test
4,2,480,mitdb/104,test
4,2,481,mitdb/104,test
4,2,482,mitdb/104,test
4,2,483,mitdb/104,test
4,2,484,mitdb/104,test
4,2,485,mitdb/104,test
4,2,486,mitdb/104,test
4,2,487,mitdb/104,test
4,2,488,mitdb/104,test
4,2,489,mitdb/104,test
4,2,520,mitdb/108,test
4,2,521,mitdb/108,test
4,2,522,mitdb/108,test
4,2,523,mitdb/108,test
4,2,524,mitdb/108,test
4,2,525,mitdb/108,test
4,2,526,mitdb/108,test
4,2,527,mitdb/108,test
4,2,528,mitdb/108,test
4,2,529,mitdb/108,test
4,2,630,mitdb/119,test
4,2,631,mitdb/119,test
4,2,632,mitdb/119,test
4,2,633,mitdb/119,test
4,2,634,mitdb/119,test
4,2,635,mitdb/119,test
4,2,636,mitdb/119,test
4,2,637,mitdb/119,test
4,2,638,mitdb/119,test
4,2,639,mitdb/119,test
4,2,640,mitdb/121,test
4,2,641,mitdb/121,test
4,2,642,mitdb/121,test
4,2,643,mitdb/121,test
4,2,644,mitdb/121,test
4,2,645,mitdb/121,test
4,2,646,mitdb/121,test
4,2,647,mitdb/121,test
4,2,648,mitdb/121,test
4,2,649,mitdb/121,test
4,2,670,mitdb/123,test
4,2,671,mitdb/123,test
4,2,672,mitdb/123,test
4,2,673,mitdb/123,test
4,2,674,mitdb/123,test
4,2,675,mitdb/123,test
4,2,676,mitdb/123,test
4,2,677,mitdb/123,test
4,2,678,mitdb/123,test
4,2,679,mitdb/123,test
4,2,730,mitdb/205,test
4,2,731,mitdb/205,test
4,2,732,mitdb/205,test
4,2,733,mitdb/205,test
4,2,734,mitdb/205,test
4,2,735,mitdb/205,test
4,2,736,mitdb/205,test
4,2,737,mitdb/205,test
4,2,738,mitdb/205,test
4,2,739,mitdb/205,test
4,2,780,mitdb/210,test
4,2,781,mitdb/210,test
4,2,782,mitdb/210,test
4,2,783,mitdb/210,test
4,2,784,mitdb/210,test
4,2,785,mitdb/210,test
4,2,786,mitdb/210,test
4,2,787,mitdb/210,test
4,2,788,mitdb/210,test
4,2,789,mitdb/210,test
4,2,800,mitdb/213,test
4,2,801,mitdb/213,test
4,2,802,mitdb/213,test
4,2,803,mitdb/213,test
4,2,804,mitdb/213,test
4,2,805,mitdb/213,test
4,2,806,mitdb/213,test
4,2,807,mitdb/213,test
4,2,808,mitdb/213,test
4,2,809,mitdb/213,test
4,2,880,mitdb/108,test
4,2,881,mitdb/108,test
4,2,882,mitdb/108,test
4,2,883,mitdb/108,test
4,2,884,mitdb/108,test
4,2,885,mitdb/108,test
4,2,886,mitdb/108,test
4,2,887,mitdb/108,test
4,2,888,mitdb/108,test
4,2,889,mitdb/108,test
4,2,930,mitdb/232,test
4,2,931,mitdb/232,test
4,2,932,mitdb/232,test
4,2,933,mitdb/232,test
4,2,934,mitdb/232,test
4,2,935,mitdb/232,test
4,2,936,mitdb/232,test
4,2,937,mitdb/232,test
4,2,938,mitdb/232,test
4,2,939,mitdb/232,test
4,2,1040,chfdb/chf02,test
4,2,1041,chfdb/chf02,test
4,2,1042,chfdb/chf02,test
4,2,1043,chfdb/chf02,test
4,2,1044,chfdb/chf02,test
4,2,1045,chfdb/chf02,test
4,2,1046,chfdb/chf02,test
4,2,1047,chfdb/chf02,test
4,2,1048,chfdb/chf02,test
4,2,1049,chfdb/chf02,test
4,2,1050,chfdb/chf03,test
4,2,1051,chfdb/chf03,test
4,2,1052,chfdb/chf03,test
4,2,1053,chfdb/chf03,test
4,2,1054,chfdb/chf03,test
4,2,1055,chfdb/chf03,test
4,2,1056,chfdb/chf03,test
4,2,1057,chfdb/chf03,test
4,2,1058,chfdb/chf03,test
4,2,1059,chfdb/chf03,test
4,2,1070,chfdb/chf02,test
4,2,1071,chfdb/chf02,test
4,2,1072,chfdb/chf02,test
4,2,1073,chfdb/chf02,test
4,2,1074,chfdb/chf02,test
4,2,1075,chfdb/chf02,test
4,2,1076,chfdb/chf02,test
4,2,1077,chfdb/chf02,test
4,2,1078,chfdb/chf02,test
4,2,1079,chfdb/chf02,test
4,2,1120,chfdb/chf09,test
4,2,1121,chfdb/chf09,test
4,2,1122,chfdb/chf09,test
4,2,1123,chfdb/chf09,test
4,2,1124,chfdb/chf09,test
4,2,1125,chfdb/chf09,test
4,2,1126,chfdb/chf09,test
4,2,1127,chfdb/chf09,test
4,2,1128,chfdb/chf09,test
4,2,1129,chfdb/chf09,test
4,2,1180,chfdb/chf03,test
4,2,1181,chfdb/chf03,test
4,2,1182,chfdb/chf03,test
4,2,1183,chfdb/chf03,test
4,2,1184,chfdb/chf03,test
4,2,1185,chfdb/chf03,test
4,2,1186,chfdb/chf03,test
4,2,1187,chfdb/chf03,test
4,2,1188,chfdb/chf03,test
4,2,1189,chfdb/chf03,test
4,2,1250,chfdb/chf09,test
4,2,1251,chfdb/chf09,test
4,2,1252,chfdb/chf09,test
4,2,1253,chfdb/chf09,test
4,2,1254,chfdb/chf09,test
4,2,1255,chfdb/chf09,test
4,2,1256,chfdb/chf09,test
4,2,1257,chfdb/chf09,test
4,2,1258,chfdb/chf09,test
4,2,1259,chfdb/chf09,test
4,2,1280,nsrdb/17453,test
4,2,1281,nsrdb/17453,test
4,2,1282,nsrdb/17453,test
4,2,1283,nsrdb/17453,test
4,2,1284,nsrdb/17453,test
4,2,1285,nsrdb/17453,test
4,2,1286,nsrdb/17453,test
4,2,1287,nsrdb/17453,test
4,2,1288,nsrdb/17453,test
4,2,1289,nsrdb/17453,test
4,2,1330,nsrdb/19093,test
4,2,1331,nsrdb/19093,test
4,2,1332,nsrdb/19093,test
4,2,1333,nsrdb/19093,test
4,2,1334,nsrdb/19093,test
4,2,1335,nsrdb/19093,test
4,2,1336,nsrdb/19093,test
4,2,1337,nsrdb/19093,test
4,2,1338,nsrdb/19093,test
4,2,1339,nsrdb/19093,test
4,2,1400,nsrdb/16420,test
4,2,1401,nsrdb/16420,test
4,2,1402,nsrdb/16420,test
4,2,1403,nsrdb/16420,test
4,2,1404,nsrdb/16420,test
4,2,1405,nsrdb/16420,test
4,2,1406,nsrdb/16420,test
4,2,1407,nsrdb/16420,test
4,2,1408,nsrdb/16420,test
4,2,1409,nsrdb/16420,test
4,2,1470,nsrdb/17453,test
4,2,1471,nsrdb/17453,test
4,2,1472,nsrdb/17453,test
4,2,1473,nsrdb/17453,test
4,2,1474,nsrdb/17453,test
4,2,1475,nsrdb/17453,test
4,2,1476,nsrdb/17453,test
4,2,1477,nsrdb/17453,test
4,2,1478,nsrdb/17453,test
4,2,1479,nsrdb/17453,test
4,2,1530,nsrdb/19093,test
4,2,1531,nsrdb/19093,test
4,2,1532,nsrdb/19093,test
4,2,1533,nsrdb/19093,test
4,2,1534,nsrdb/19093,test
4,2,1535,nsrdb/19093,test
4,2,1536,nsrdb/19093,test
4,2,1537,nsrdb/19093,test
4,2,1538,nsrdb/19093,test
4,2,1539,nsrdb/19093,test
4,2,1560,nsrdb/16420,test
4,2,1561,nsrdb/16420,test
4,2,1562,nsrdb/16420,test
4,2,1563,nsrdb/16420,test
4,2,1564,nsrdb/16420,test
4,2,1565,nsrdb/16420,test
4,2,1566,nsrdb/16420,test
4,2,1567,nsrdb/16420,test
4,2,1568,nsrdb/16420,test
4,2,1569,nsrdb/16420,test
