window_index,patient,fold,truth,vmd_knn,vmd_original_seed0,vmd_new_seed0,vmd_original_seed1,vmd_new_seed1,vmd_original_seed2,vmd_new_seed2,wst_knn,wst_original_seed0,wst_new_seed0,wst_original_seed1,wst_new_seed1,wst_original_seed2,wst_new_seed2
0,mitdb/100,2,ARR,NSR,NSR,NSR,NSR,NSR,NSR,NSR,NSR,NSR,NSR,NSR,NSR,NSR,NSR
1,mitdb/100,2,ARR,NSR,NSR,NSR,NSR,NSR,NSR,NSR,NSR,NSR,NSR,NSR,NSR,NSR,NSR
2,mitdb/100,2,ARR,ARR,ARR,ARR,ARR,ARR,ARR,ARR,ARR,NSR,NSR,NSR,NSR,NSR,NSR
3,mitdb/100,2,ARR,NSR,NSR,NSR,NSR,NSR,NSR,NSR,CHF,NSR,NSR,NSR,NSR,CHF,ARR
4,mitdb/100,2,ARR,ARR,ARR,ARR,ARR,ARR,ARR,ARR,NSR,NSR,NSR,NSR,NSR,NSR,NSR
5,mitdb/100,2,ARR,NSR,NSR,NSR,NSR,NSR,NSR,NSR,NSR,NSR,NSR,NSR,NSR,NSR,NSR
6,mitdb/100,2,ARR,NSR,NSR,NSR,NSR,NSR,NSR,NSR,NSR,NSR,NSR,NSR,NSR,NSR,NSR
7,mitdb/100,2,ARR,NSR,NSR,NSR,NSR,NSR,NSR,NSR,NSR,NSR,NSR,ARR,NSR,NSR,NSR
8,mitdb/100,2,ARR,NSR,NSR,NSR,NSR,NSR,NSR,NSR,NSR,NSR,NSR,NSR,NSR,NSR,NSR
9,mitdb/100,2,ARR,NSR,NSR,NSR,NSR,NSR,NSR,NSR,NSR,NSR,NSR,NSR,NSR,NSR,NSR
10,mitdb/109,2,ARR,ARR,ARR,ARR,ARR,ARR,ARR,ARR,CHF,CHF,ARR,CHF,CHF,CHF,CHF
11,mitdb/109,2,ARR,ARR,CHF,ARR,ARR,NSR,ARR,ARR,CHF,CHF,CHF,CHF,CHF,CHF,CHF
12,mitdb/109,2,ARR,ARR,ARR,ARR,ARR,ARR,ARR,ARR,ARR,ARR,ARR,CHF,ARR,ARR,ARR
13,mitdb/109,2,ARR,ARR,ARR,ARR,ARR,ARR,ARR,ARR,ARR,ARR,ARR,CHF,CHF,ARR,CHF
14,mitdb/109,2,ARR,ARR,CHF,CHF,CHF,ARR,CHF,ARR,ARR,ARR,ARR,ARR,ARR,ARR,CHF
15,mitdb/109,2,ARR,CHF,CHF,CHF,CHF,CHF,CHF,CHF,ARR,ARR,ARR,CHF,ARR,ARR,ARR
16,mitdb/109,2,ARR,ARR,ARR,ARR,CHF,CHF,CHF,ARR,ARR,ARR,CHF,CHF,CHF,ARR,CHF
17,mitdb/109,2,ARR,ARR,ARR,ARR,ARR,ARR,ARR,ARR,ARR,ARR,ARR,ARR,ARR,ARR,CHF
18,mitdb/109,2,ARR,CHF,CHF,CHF,CHF,CHF,CHF,CHF,ARR,ARR,ARR,ARR,ARR,ARR,ARR
19,mitdb/109,2,ARR,ARR,CHF,CHF,ARR,ARR,ARR,CHF,ARR,ARR,ARR,ARR,ARR,ARR,ARR
20,mitdb/111,1,ARR,ARR,ARR,ARR,ARR,ARR,ARR,ARR,ARR,CHF,ARR,ARR,ARR,ARR,ARR
21,mitdb/111,1,ARR,ARR,ARR,ARR,ARR,ARR,ARR,ARR,ARR,ARR,ARR,ARR,ARR,ARR,ARR
22,mitdb/111,1,ARR,ARR,ARR,ARR,ARR,ARR,ARR,ARR,ARR,ARR,ARR,CHF,ARR,CHF,ARR
23,mitdb/111,1,ARR,ARR,ARR,ARR,ARR,ARR,ARR,ARR,ARR,ARR,ARR,CHF,ARR,ARR,ARR
24,mitdb/111,1,ARR,ARR,ARR,ARR,ARR,ARR,ARR,ARR,ARR,ARR,ARR,ARR,ARR,ARR,ARR
25,mitdb/111,1,ARR,ARR,ARR,ARR,ARR,ARR,ARR,ARR,ARR,ARR,ARR,ARR,ARR,ARR,ARR
26,mitdb/111,1,ARR,ARR,ARR,ARR,ARR,ARR,ARR,ARR,ARR,ARR,ARR,ARR,ARR,ARR,ARR
27,mitdb/111,1,ARR,ARR,ARR,ARR,ARR,ARR,ARR,ARR,ARR,ARR,ARR,ARR,ARR,ARR,ARR
28,mitdb/111,1,ARR,ARR,ARR,ARR,ARR,ARR,ARR,ARR,ARR,ARR,ARR,ARR,ARR,ARR,ARR
29,mitdb/111,1,ARR,ARR,ARR,ARR,ARR,ARR,ARR,ARR,ARR,ARR,ARR,ARR,ARR,ARR,ARR
30,mitdb/112,0,ARR,ARR,CHF,CHF,CHF,ARR,ARR,ARR,ARR,CHF,CHF,ARR,CHF,CHF,CHF
31,mitdb/112,0,ARR,ARR,CHF,CHF,CHF,NSR,ARR,ARR,ARR,ARR,ARR,ARR,ARR,ARR,CHF
32,mitdb/112,0,ARR,ARR,ARR,ARR,NSR,CHF,CHF,CHF,ARR,ARR,CHF,ARR,ARR,ARR,CHF
33,mitdb/112,0,ARR,ARR,CHF,ARR,CHF,ARR,ARR,ARR,ARR,CHF,CHF,ARR,CHF,ARR,NSR
34,mitdb/112,0,ARR,CHF,CHF,CHF,CHF,ARR,ARR,ARR,ARR,ARR,ARR,ARR,ARR,ARR,ARR
35,mitdb/112,0,ARR,CHF,CHF,CHF,CHF,ARR,ARR,ARR,ARR,ARR,ARR,ARR,ARR,ARR,ARR
36,mitdb/112,0,ARR,ARR,CHF,CHF,CHF,CHF,CHF,CHF,ARR,NSR,CHF,NSR,NSR,NSR,CHF
37,mitdb/112,0,ARR,ARR,CHF,ARR,CHF,ARR,ARR,ARR,CHF,ARR,ARR,ARR,ARR,ARR,CHF
38,mitdb/112,0,ARR,ARR,CHF,CHF,CHF,ARR,ARR,ARR,ARR,ARR,ARR,ARR,CHF,ARR,CHF
39,mitdb/112,0,ARR,ARR,CHF,CHF,CHF,ARR,ARR,ARR,ARR,ARR,CHF,ARR,CHF,ARR,CHF
40,mitdb/113,2,ARR,ARR,ARR,ARR,ARR,ARR,ARR,ARR,ARR,NSR,ARR,ARR,ARR,ARR,NSR
41,mitdb/113,2,ARR,ARR,NSR,NSR,NSR,ARR,ARR,ARR,ARR,NSR,ARR,ARR,ARR,ARR,ARR
42,mitdb/113,2,ARR,ARR,ARR,ARR,ARR,ARR,ARR,ARR,ARR,ARR,ARR,ARR,ARR,ARR,ARR
43,mitdb/113,2,ARR,ARR,ARR,ARR,ARR,ARR,ARR,ARR,NSR,NSR,NSR,NSR,NSR,NSR,NSR
44,mitdb/113,2,ARR,ARR,ARR,ARR,ARR,ARR,ARR,ARR,ARR,NSR,NSR,ARR,ARR,ARR,ARR
45,mitdb/113,2,ARR,ARR,ARR,NSR,ARR,ARR,ARR,ARR,ARR,NSR,NSR,ARR,NSR,NSR,NSR
46,mitdb/113,2,ARR,ARR,ARR,NSR,NSR,ARR,NSR,ARR,NSR,NSR,NSR,NSR,NSR,NSR,NSR
47,mitdb/113,2,ARR,ARR,ARR,ARR,ARR,ARR,ARR,ARR,ARR,NSR,ARR,ARR,ARR,ARR,ARR
48,mitdb/113,2,ARR,ARR,ARR,ARR,ARR,ARR,ARR,ARR,ARR,NSR,ARR,ARR,NSR,ARR,ARR
49,mitdb/113,2,ARR,ARR,ARR,ARR,ARR,ARR,ARR,ARR,ARR,NSR,ARR,ARR,ARR,ARR,ARR
50,mitdb/114,1,ARR,ARR,ARR,ARR,ARR,ARR,ARR,ARR,ARR,ARR,ARR,ARR,CHF,ARR,CHF
51,mitdb/114,1,ARR,ARR,ARR,ARR,ARR,ARR,ARR,ARR,ARR,CHF,CHF,ARR,CHF,ARR,CHF
52,mitdb/114,1,ARR,ARR,ARR,ARR,ARR,ARR,ARR,ARR,ARR,ARR,ARR,ARR,ARR,ARR,ARR
53,mitdb/114,1,ARR,ARR,ARR,ARR,ARR,ARR,ARR,ARR,ARR,ARR,ARR,ARR,ARR,ARR,ARR
54,mitdb/114,1,ARR,ARR,ARR,ARR,ARR,ARR,ARR,ARR,ARR,ARR,ARR,ARR,ARR,ARR,ARR
55,mitdb/114,1,ARR,ARR,ARR,ARR,ARR,ARR,ARR,ARR,ARR,CHF,CHF,ARR,CHF,CHF,CHF
56,mitdb/114,1,ARR,ARR,ARR,ARR,CHF,CHF,ARR,ARR,ARR,ARR,ARR,ARR,ARR,ARR,ARR
57,mitdb/114,1,ARR,ARR,ARR,ARR,ARR,ARR,ARR,ARR,ARR,ARR,ARR,ARR,ARR,ARR,ARR
58,mitdb/114,1,ARR,ARR,ARR,ARR,ARR,CHF,ARR,ARR,ARR,ARR,ARR,ARR,ARR,ARR,ARR
59,mitdb/114,1,ARR,ARR,ARR,ARR,ARR,ARR,ARR,ARR,ARR,ARR,ARR,ARR,ARR,ARR,ARR
60,mitdb/115,0,ARR,NSR,NSR,NSR,NSR,ARR,NSR,NSR,CHF,CHF,NSR,CHF,NSR,CHF,ARR
61,mitdb/115,0,ARR,ARR,NSR,NSR,NSR,NSR,ARR,NSR,ARR,ARR,ARR,ARR,ARR,ARR,NSR
62,mitdb/115,0,ARR,ARR,ARR,ARR,NSR,NSR,ARR,ARR,ARR,CHF,CHF,CHF,CHF,CHF,CHF
63,mitdb/115,0,ARR,NSR,NSR,ARR,NSR,NSR,ARR,NSR,ARR,ARR,CHF,CHF,CHF,ARR,ARR
64,mitdb/115,0,ARR,NSR,NSR,NSR,ARR,NSR,ARR,NSR,ARR,ARR,ARR,ARR,ARR,ARR,CHF
65,mitdb/115,0,ARR,ARR,NSR,NSR,NSR,NSR,NSR,NSR,ARR,ARR,ARR,ARR,CHF,ARR,ARR
66,mitdb/115,0,ARR,ARR,NSR,NSR,NSR,NSR,ARR,NSR,ARR,ARR,ARR,ARR,ARR,CHF,ARR
67,mitdb/115,0,ARR,ARR,NSR,NSR,NSR,NSR,ARR,NSR,ARR,ARR,ARR,ARR,ARR,CHF,CHF
68,mitdb/115,0,ARR,ARR,NSR,NSR,NSR,NSR,ARR,NSR,ARR,ARR,ARR,ARR,ARR,ARR,CHF
69,mitdb/115,0,ARR,ARR,ARR,NSR,NSR,ARR,ARR,NSR,ARR,ARR,CHF,CHF,ARR,ARR,CHF
70,mitdb/116,3,ARR,ARR,CHF,CHF,ARR,ARR,CHF,CHF,NSR,NSR,NSR,NSR,NSR,ARR,NSR
71,mitdb/116,3,ARR,ARR,ARR,CHF,CHF,CHF,ARR,CHF,ARR,ARR,NSR,NSR,NSR,NSR,NSR
72,mitdb/116,3,ARR,ARR,ARR,CHF,ARR,ARR,ARR,CHF,ARR,ARR,ARR,NSR,ARR,NSR,CHF
73,mitdb/116,3,ARR,ARR,ARR,CHF,ARR,CHF,ARR,CHF,ARR,ARR,NSR,NSR,NSR,ARR,NSR
74,mitdb/116,3,ARR,ARR,CHF,CHF,ARR,CHF,ARR,CHF,ARR,NSR,NSR,NSR,NSR,NSR,NSR
75,mitdb/116,3,ARR,ARR,CHF,CHF,ARR,CHF,CHF,CHF,ARR,ARR,NSR,NSR,NSR,NSR,NSR
76,mitdb/116,3,ARR,ARR,ARR,CHF,ARR,ARR,ARR,CHF,ARR,ARR,ARR,ARR,CHF,ARR,ARR
77,mitdb/116,3,ARR,ARR,ARR,CHF,CHF,CHF,ARR,ARR,ARR,ARR,ARR,ARR,ARR,ARR,ARR
78,mitdb/116,3,ARR,ARR,ARR,CHF,ARR,CHF,ARR,CHF,ARR,ARR,ARR,NSR,ARR,ARR,ARR
79,mitdb/116,3,ARR,NSR,CHF,CHF,CHF,CHF,CHF,CHF,ARR,ARR,NSR,NSR,NSR,NSR,NSR
80,mitdb/117,2,ARR,ARR,ARR,ARR,ARR,ARR,ARR,ARR,ARR,ARR,ARR,ARR,ARR,ARR,ARR
81,mitdb/117,2,ARR,ARR,ARR,ARR,ARR,ARR,ARR,ARR,ARR,ARR,ARR,ARR,ARR,ARR,ARR
82,mitdb/117,2,ARR,ARR,ARR,ARR,ARR,ARR,ARR,ARR,ARR,ARR,ARR,ARR,ARR,ARR,ARR
83,mitdb/117,2,ARR,ARR,ARR,ARR,ARR,ARR,ARR,ARR,ARR,ARR,ARR,ARR,ARR,ARR,ARR
84,mitdb/117,2,ARR,ARR,ARR,ARR,ARR,ARR,ARR,ARR,ARR,ARR,ARR,ARR,ARR,ARR,ARR
85,mitdb/117,2,ARR,ARR,ARR,ARR,ARR,ARR,ARR,ARR,ARR,ARR,ARR,ARR,ARR,ARR,ARR
86,mitdb/117,2,ARR,ARR,NSR,ARR,ARR,ARR,ARR,ARR,ARR,ARR,ARR,ARR,ARR,ARR,ARR
87,mitdb/117,2,ARR,ARR,ARR,ARR,ARR,ARR,ARR,ARR,ARR,ARR,ARR,ARR,ARR,ARR,ARR
88,mitdb/117,2,ARR,ARR,ARR,ARR,ARR,ARR,ARR,ARR,ARR,ARR,ARR,ARR,ARR,ARR,ARR
89,mitdb/117,2,ARR,ARR,ARR,ARR,ARR,ARR,ARR,ARR,ARR,ARR,ARR,ARR,ARR,ARR,ARR
90,mitdb/118,0,ARR,CHF,CHF,CHF,CHF,CHF,CHF,CHF,ARR,ARR,ARR,ARR,ARR,ARR,ARR
91,mitdb/118,0,ARR,CHF,CHF,CHF,CHF,CHF,CHF,CHF,ARR,ARR,ARR,ARR,ARR,ARR,ARR
92,mitdb/118,0,ARR,CHF,CHF,CHF,CHF,CHF,CHF,CHF,ARR,CHF,ARR,ARR,ARR,ARR,ARR
93,mitdb/118,0,ARR,ARR,ARR,ARR,CHF,CHF,ARR,NSR,ARR,ARR,ARR,ARR,ARR,ARR,ARR
94,mitdb/118,0,ARR,ARR,CHF,CHF,ARR,CHF,CHF,CHF,ARR,ARR,ARR,ARR,ARR,ARR,ARR
95,mitdb/118,0,ARR,CHF,CHF,CHF,CHF,CHF,CHF,CHF,ARR,ARR,ARR,ARR,ARR,ARR,CHF
96,mitdb/118,0,ARR,ARR,CHF,CHF,ARR,CHF,ARR,CHF,ARR,ARR,ARR,ARR,ARR,ARR,ARR
97,mitdb/118,0,ARR,CHF,CHF,CHF,CHF,ARR,CHF,CHF,ARR,ARR,ARR,ARR,ARR,ARR,ARR
98,mitdb/118,0,ARR,CHF,CHF,CHF,CHF,CHF,CHF,CHF,ARR,ARR,ARR,ARR,ARR,CHF,ARR
99,mitdb/118,0,ARR,ARR,CHF,CHF,CHF,CHF,CHF,CHF,ARR,ARR,ARR,ARR,ARR,ARR,ARR
100,mitdb/119,4,ARR,ARR,NSR,ARR,ARR,ARR,ARR,ARR,ARR,ARR,ARR,ARR,ARR,ARR,ARR
101,mitdb/119,4,ARR,CHF,CHF,CHF,ARR,CHF,CHF,CHF,ARR,ARR,ARR,ARR,ARR,ARR,ARR
102,mitdb/119,4,ARR,NSR,CHF,CHF,ARR,CHF,NSR,CHF,ARR,ARR,ARR,ARR,ARR,ARR,ARR
103,mitdb/119,4,ARR,NSR,NSR,CHF,ARR,CHF,NSR,NSR,ARR,ARR,ARR,ARR,ARR,ARR,ARR
104,mitdb/119,4,ARR,ARR,ARR,ARR,ARR,CHF,CHF,CHF,ARR,ARR,ARR,ARR,ARR,ARR,ARR
105,mitdb/119,4,ARR,ARR,ARR,CHF,ARR,CHF,ARR,CHF,ARR,ARR,ARR,CHF,CHF,ARR,ARR
106,mitdb/119,4,ARR,CHF,CHF,CHF,ARR,CHF,CHF,CHF,ARR,ARR,CHF,ARR,ARR,ARR,ARR
107,mitdb/119,4,ARR,NSR,CHF,CHF,ARR,CHF,NSR,CHF,ARR,ARR,ARR,ARR,ARR,ARR,ARR
108,mitdb/119,4,ARR,ARR,CHF,NSR,ARR,ARR,ARR,CHF,ARR,CHF,ARR,ARR,CHF,ARR,CHF
109,mitdb/119,4,ARR,ARR,ARR,ARR,ARR,NSR,NSR,CHF,ARR,CHF,ARR,ARR,ARR,ARR,ARR
110,mitdb/101,0,ARR,ARR,ARR,ARR,ARR,ARR,ARR,ARR,NSR,NSR,NSR,NSR,NSR,NSR,NSR
111,mitdb/101,0,ARR,ARR,ARR,NSR,ARR,ARR,ARR,NSR,NSR,CHF,NSR,ARR,CHF,NSR,CHF
112,mitdb/101,0,ARR,ARR,ARR,ARR,ARR,ARR,ARR,ARR,ARR,NSR,ARR,ARR,CHF,ARR,CHF
113,mitdb/101,0,ARR,ARR,ARR,ARR,ARR,ARR,ARR,ARR,ARR,ARR,ARR,ARR,ARR,ARR,NSR
114,mitdb/101,0,ARR,ARR,ARR,NSR,ARR,ARR,ARR,NSR,NSR,NSR,NSR,NSR,NSR,NSR,NSR
115,mitdb/101,0,ARR,ARR,ARR,NSR,ARR,ARR,ARR,ARR,NSR,ARR,ARR,NSR,NSR,NSR,NSR
116,mitdb/101,0,ARR,ARR,CHF,ARR,ARR,ARR,ARR,ARR,ARR,CHF,ARR,CHF,CHF,CHF,NSR
117,mitdb/101,0,ARR,ARR,ARR,ARR,ARR,ARR,ARR,ARR,NSR,NSR,NSR,NSR,NSR,NSR,NSR
118,mitdb/101,0,ARR,ARR,ARR,NSR,ARR,ARR,ARR,ARR,NSR,ARR,NSR,ARR,NSR,NSR,NSR
119,mitdb/101,0,ARR,ARR,ARR,ARR,ARR,ARR,ARR,ARR,ARR,ARR,CHF,ARR,NSR,NSR,NSR
120,mitdb/121,4,ARR,ARR,ARR,ARR,ARR,ARR,ARR,ARR,ARR,ARR,ARR,ARR,ARR,ARR,ARR
121,mitdb/121,4,ARR,ARR,CHF,ARR,CHF,ARR,CHF,ARR,ARR,ARR,ARR,ARR,ARR,ARR,ARR
122,mitdb/121,4,ARR,ARR,CHF,ARR,CHF,ARR,ARR,ARR,ARR,ARR,ARR,ARR,ARR,ARR,ARR
123,mitdb/121,4,ARR,ARR,ARR,ARR,ARR,ARR,CHF,ARR,ARR,CHF,ARR,CHF,ARR,CHF,ARR
124,mitdb/121,4,ARR,CHF,ARR,CHF,CHF,CHF,CHF,CHF,ARR,ARR,ARR,ARR,ARR,ARR,ARR
125,mitdb/121,4,ARR,ARR,ARR,ARR,ARR,ARR,CHF,ARR,ARR,ARR,ARR,ARR,ARR,ARR,ARR
126,mitdb/121,4,ARR,ARR,CHF,ARR,CHF,ARR,CHF,ARR,ARR,CHF,ARR,ARR,ARR,NSR,ARR
127,mitdb/121,4,ARR,ARR,ARR,ARR,ARR,ARR,ARR,ARR,ARR,ARR,ARR,ARR,ARR,ARR,ARR
128,mitdb/121,4,ARR,ARR,ARR,ARR,ARR,ARR,CHF,ARR,ARR,CHF,ARR,CHF,ARR,CHF,ARR
129,mitdb/121,4,ARR,ARR,ARR,ARR,ARR,ARR,CHF,ARR,ARR,ARR,ARR,ARR,ARR,ARR,ARR
130,mitdb/122,3,ARR,ARR,CHF,ARR,ARR,ARR,CHF,CHF,ARR,ARR,ARR,ARR,ARR,ARR,ARR
131,mitdb/122,3,ARR,CHF,CHF,CHF,CHF,CHF,CHF,CHF,ARR,CHF,CHF,ARR,ARR,ARR,CHF
132,mitdb/122,3,ARR,ARR,CHF,CHF,ARR,ARR,CHF,CHF,ARR,CHF,CHF,ARR,CHF,ARR,ARR
133,mitdb/122,3,ARR,ARR,CHF,CHF,ARR,ARR,CHF,CHF,ARR,ARR,CHF,ARR,ARR,ARR,ARR
134,mitdb/122,3,ARR,ARR,CHF,CHF,ARR,ARR,CHF,CHF,ARR,ARR,ARR,ARR,ARR,ARR,ARR
135,mitdb/122,3,ARR,CHF,CHF,CHF,CHF,CHF,CHF,CHF,ARR,ARR,ARR,ARR,ARR,ARR,ARR
136,mitdb/122,3,ARR,CHF,CHF,CHF,CHF,CHF,CHF,CHF,ARR,ARR,ARR,ARR,ARR,ARR,ARR
137,mitdb/122,3,ARR,ARR,CHF,CHF,ARR,ARR,ARR,CHF,ARR,ARR,ARR,ARR,ARR,ARR,ARR
138,mitdb/122,3,ARR,CHF,ARR,CHF,ARR,ARR,ARR,CHF,ARR,ARR,ARR,ARR,ARR,ARR,ARR
139,mitdb/122,3,ARR,ARR,ARR,CHF,ARR,ARR,ARR,CHF,ARR,ARR,ARR,ARR,ARR,ARR,ARR
140,mitdb/123,4,ARR,ARR,ARR,ARR,ARR,ARR,ARR,ARR,ARR,ARR,ARR,ARR,ARR,ARR,ARR
141,mitdb/123,4,ARR,ARR,ARR,ARR,ARR,ARR,NSR,ARR,ARR,ARR,ARR,ARR,ARR,ARR,ARR
142,mitdb/123,4,ARR,ARR,ARR,ARR,ARR,ARR,NSR,ARR,ARR,ARR,ARR,ARR,ARR,ARR,ARR
143,mitdb/123,4,ARR,ARR,ARR,ARR,ARR,ARR,NSR,ARR,ARR,ARR,ARR,ARR,ARR,ARR,ARR
144,mitdb/123,4,ARR,ARR,ARR,ARR,ARR,ARR,NSR,ARR,ARR,ARR,ARR,ARR,ARR,ARR,ARR
145,mitdb/123,4,ARR,ARR,ARR,ARR,ARR,ARR,NSR,ARR,ARR,ARR,ARR,ARR,ARR,ARR,ARR
146,mitdb/123,4,ARR,ARR,ARR,ARR,ARR,ARR,NSR,ARR,ARR,ARR,ARR,ARR,ARR,ARR,ARR
147,mitdb/123,4,ARR,ARR,ARR,ARR,ARR,ARR,NSR,ARR,ARR,ARR,ARR,ARR,ARR,ARR,ARR
148,mitdb/123,4,ARR,ARR,NSR,ARR,ARR,NSR,NSR,ARR,ARR,ARR,ARR,ARR,ARR,ARR,ARR
149,mitdb/123,4,ARR,ARR,ARR,ARR,ARR,ARR,NSR,ARR,ARR,ARR,ARR,ARR,ARR,ARR,ARR
150,mitdb/124,2,ARR,ARR,ARR,ARR,ARR,ARR,ARR,ARR,ARR,ARR,ARR,ARR,ARR,ARR,ARR
151,mitdb/124,2,ARR,ARR,ARR,ARR,ARR,ARR,ARR,ARR,ARR,ARR,ARR,ARR,ARR,ARR,ARR
152,mitdb/124,2,ARR,ARR,ARR,ARR,ARR,ARR,ARR,ARR,ARR,ARR,ARR,ARR,ARR,ARR,ARR
153,mitdb/124,2,ARR,ARR,ARR,ARR,ARR,ARR,ARR,ARR,ARR,ARR,ARR,ARR,ARR,ARR,ARR
154,mitdb/124,2,ARR,ARR,ARR,ARR,ARR,ARR,ARR,ARR,ARR,ARR,ARR,ARR,ARR,ARR,ARR
155,mitdb/124,2,ARR,ARR,ARR,ARR,CHF,NSR,CHF,NSR,ARR,ARR,ARR,ARR,ARR,ARR,CHF
156,mitdb/124,2,ARR,ARR,ARR,ARR,ARR,ARR,ARR,ARR,ARR,ARR,ARR,ARR,ARR,ARR,ARR
157,mitdb/124,2,ARR,ARR,ARR,ARR,ARR,ARR,CHF,ARR,ARR,ARR,ARR,ARR,ARR,ARR,ARR
158,mitdb/124,2,ARR,ARR,ARR,ARR,ARR,ARR,ARR,ARR,ARR,ARR,ARR,ARR,ARR,ARR,ARR
159,mitdb/124,2,ARR,ARR,ARR,ARR,ARR,ARR,ARR,ARR,ARR,ARR,ARR,ARR,ARR,ARR,ARR
160,mitdb/200,3,ARR,ARR,ARR,CHF,ARR,ARR,ARR,ARR,ARR,ARR,ARR,ARR,ARR,ARR,ARR
161,mitdb/200,3,ARR,ARR,CHF,CHF,CHF,CHF,CHF,CHF,ARR,ARR,ARR,ARR,ARR,ARR,ARR
162,mitdb/200,3,ARR,ARR,CHF,CHF,CHF,CHF,CHF,CHF,ARR,ARR,ARR,ARR,ARR,ARR,ARR
163,mitdb/200,3,ARR,ARR,ARR,ARR,ARR,ARR,ARR,ARR,ARR,ARR,ARR,ARR,ARR,ARR,ARR
164,mitdb/200,3,ARR,ARR,ARR,ARR,ARR,ARR,ARR,ARR,ARR,ARR,ARR,ARR,ARR,ARR,ARR
165,mitdb/200,3,ARR,ARR,NSR,NSR,ARR,NSR,NSR,CHF,ARR,ARR,ARR,ARR,ARR,ARR,ARR
166,mitdb/200,3,ARR,ARR,ARR,CHF,ARR,ARR,NSR,CHF,ARR,ARR,ARR,ARR,ARR,ARR,ARR
167,mitdb/200,3,ARR,ARR,ARR,ARR,ARR,ARR,CHF,ARR,ARR,ARR,ARR,ARR,ARR,ARR,ARR
168,mitdb/200,3,ARR,NSR,NSR,NSR,NSR,NSR,NSR,NSR,ARR,ARR,ARR,ARR,ARR,ARR,ARR
169,mitdb/200,3,ARR,ARR,NSR,ARR,ARR,ARR,ARR,ARR,ARR,ARR,ARR,ARR,ARR,ARR,ARR
170,mitdb/201-202,0,ARR,ARR,ARR,NSR,ARR,ARR,ARR,ARR,ARR,ARR,CHF,ARR,CHF,ARR,CHF
171,mitdb/201-202,0,ARR,ARR,ARR,ARR,ARR,ARR,ARR,ARR,ARR,ARR,ARR,ARR,ARR,ARR,ARR
172,mitdb/201-202,0,ARR,ARR,ARR,ARR,ARR,ARR,ARR,ARR,ARR,ARR,ARR,ARR,ARR,ARR,ARR
173,mitdb/201-202,0,ARR,ARR,ARR,ARR,ARR,ARR,ARR,ARR,ARR,ARR,ARR,ARR,ARR,ARR,ARR
174,mitdb/201-202,0,ARR,ARR,ARR,ARR,ARR,ARR,ARR,ARR,ARR,ARR,ARR,ARR,ARR,ARR,ARR
175,mitdb/201-202,0,ARR,ARR,ARR,ARR,ARR,ARR,ARR,ARR,ARR,ARR,ARR,ARR,ARR,ARR,ARR
176,mitdb/201-202,0,ARR,ARR,ARR,ARR,ARR,ARR,ARR,ARR,ARR,ARR,ARR,ARR,CHF,ARR,ARR
177,mitdb/201-202,0,ARR,ARR,ARR,ARR,ARR,ARR,ARR,ARR,ARR,ARR,ARR,ARR,ARR,ARR,ARR
178,mitdb/201-202,0,ARR,ARR,ARR,ARR,ARR,ARR,ARR,ARR,ARR,ARR,ARR,ARR,ARR,ARR,ARR
179,mitdb/201-202,0,ARR,ARR,ARR,ARR,ARR,ARR,ARR,ARR,ARR,ARR,ARR,ARR,ARR,ARR,ARR
180,mitdb/201-202,0,ARR,ARR,ARR,ARR,ARR,ARR,ARR,ARR,ARR,ARR,ARR,ARR,ARR,ARR,ARR
181,mitdb/201-202,0,ARR,ARR,ARR,ARR,ARR,ARR,ARR,ARR,ARR,ARR,ARR,ARR,ARR,ARR,ARR
182,mitdb/201-202,0,ARR,ARR,ARR,ARR,ARR,ARR,ARR,ARR,ARR,ARR,ARR,ARR,ARR,ARR,ARR
183,mitdb/201-202,0,ARR,ARR,ARR,ARR,ARR,ARR,ARR,ARR,ARR,ARR,ARR,ARR,ARR,ARR,CHF
184,mitdb/201-202,0,ARR,ARR,ARR,ARR,ARR,ARR,ARR,ARR,ARR,ARR,ARR,ARR,ARR,ARR,ARR
185,mitdb/201-202,0,ARR,ARR,ARR,ARR,ARR,ARR,ARR,ARR,ARR,ARR,ARR,ARR,ARR,ARR,ARR
186,mitdb/201-202,0,ARR,ARR,ARR,ARR,ARR,ARR,ARR,ARR,ARR,ARR,ARR,ARR,ARR,ARR,ARR
187,mitdb/201-202,0,ARR,ARR,ARR,ARR,ARR,ARR,ARR,ARR,ARR,ARR,ARR,ARR,ARR,ARR,ARR
188,mitdb/201-202,0,ARR,ARR,ARR,ARR,ARR,ARR,ARR,ARR,ARR,ARR,ARR,ARR,ARR,ARR,ARR
189,mitdb/201-202,0,ARR,ARR,ARR,ARR,ARR,ARR,ARR,ARR,ARR,ARR,ARR,ARR,ARR,ARR,ARR
190,mitdb/203,2,ARR,ARR,ARR,ARR,ARR,ARR,ARR,ARR,ARR,ARR,ARR,ARR,ARR,ARR,ARR
191,mitdb/203,2,ARR,ARR,ARR,CHF,ARR,ARR,ARR,ARR,ARR,ARR,ARR,ARR,ARR,ARR,ARR
192,mitdb/203,2,ARR,ARR,ARR,CHF,ARR,ARR,ARR,ARR,ARR,ARR,ARR,ARR,CHF,ARR,ARR
193,mitdb/203,2,ARR,ARR,ARR,ARR,ARR,NSR,ARR,ARR,ARR,NSR,ARR,ARR,ARR,ARR,ARR
194,mitdb/203,2,ARR,ARR,ARR,ARR,ARR,ARR,ARR,ARR,ARR,ARR,ARR,ARR,ARR,ARR,ARR
195,mitdb/203,2,ARR,ARR,ARR,CHF,ARR,ARR,ARR,ARR,ARR,ARR,ARR,ARR,CHF,ARR,ARR
196,mitdb/203,2,ARR,ARR,ARR,ARR,ARR,ARR,ARR,ARR,ARR,ARR,ARR,ARR,ARR,ARR,ARR
197,mitdb/203,2,ARR,ARR,ARR,CHF,ARR,CHF,ARR,ARR,ARR,ARR,ARR,ARR,ARR,ARR,ARR
198,mitdb/203,2,ARR,CHF,CHF,CHF,CHF,CHF,CHF,CHF,ARR,ARR,ARR,ARR,CHF,ARR,ARR
199,mitdb/203,2,ARR,ARR,ARR,ARR,ARR,ARR,ARR,ARR,ARR,ARR,CHF,ARR,CHF,CHF,ARR
200,mitdb/205,4,ARR,NSR,NSR,NSR,NSR,NSR,NSR,NSR,ARR,CHF,CHF,CHF,CHF,CHF,CHF
201,mitdb/205,4,ARR,NSR,NSR,NSR,NSR,NSR,NSR,NSR,CHF,CHF,CHF,CHF,CHF,NSR,CHF
202,mitdb/205,4,ARR,NSR,NSR,NSR,NSR,NSR,NSR,NSR,ARR,CHF,CHF,CHF,CHF,CHF,CHF
203,mitdb/205,4,ARR,NSR,ARR,NSR,ARR,ARR,ARR,ARR,ARR,CHF,CHF,CHF,NSR,CHF,CHF
204,mitdb/205,4,ARR,NSR,NSR,NSR,NSR,NSR,NSR,NSR,CHF,CHF,CHF,CHF,ARR,CHF,CHF
205,mitdb/205,4,ARR,NSR,NSR,NSR,NSR,NSR,NSR,NSR,CHF,CHF,CHF,CHF,CHF,CHF,CHF
206,mitdb/205,4,ARR,NSR,NSR,NSR,NSR,NSR,NSR,NSR,ARR,CHF,CHF,CHF,CHF,CHF,CHF
207,mitdb/205,4,ARR,NSR,NSR,NSR,NSR,NSR,NSR,NSR,ARR,CHF,ARR,CHF,CHF,CHF,ARR
208,mitdb/205,4,ARR,NSR,NSR,NSR,NSR,NSR,NSR,NSR,ARR,CHF,CHF,CHF,CHF,CHF,ARR
209,mitdb/205,4,ARR,NSR,NSR,NSR,NSR,NSR,NSR,NSR,CHF,CHF,CHF,CHF,CHF,CHF,CHF
210,mitdb/207,2,ARR,ARR,ARR,ARR,ARR,ARR,ARR,ARR,ARR,CHF,ARR,ARR,ARR,ARR,CHF
211,mitdb/207,2,ARR,ARR,ARR,ARR,ARR,ARR,ARR,ARR,ARR,ARR,CHF,CHF,CHF,CHF,CHF
212,mitdb/207,2,ARR,ARR,ARR,ARR,ARR,ARR,ARR,ARR,ARR,ARR,ARR,ARR,ARR,ARR,ARR
213,mitdb/207,2,ARR,ARR,ARR,ARR,ARR,ARR,ARR,ARR,ARR,ARR,ARR,ARR,ARR,ARR,ARR
214,mitdb/207,2,ARR,ARR,ARR,ARR,ARR,ARR,ARR,ARR,CHF,CHF,CHF,CHF,CHF,CHF,CHF
215,mitdb/207,2,ARR,CHF,CHF,CHF,CHF,CHF,CHF,CHF,CHF,CHF,CHF,CHF,ARR,CHF,CHF
216,mitdb/207,2,ARR,ARR,ARR,ARR,ARR,ARR,ARR,ARR,ARR,CHF,CHF,CHF,CHF,CHF,ARR
217,mitdb/207,2,ARR,ARR,ARR,ARR,ARR,ARR,ARR,ARR,ARR,NSR,ARR,ARR,ARR,ARR,ARR
218,mitdb/207,2,ARR,CHF,CHF,CHF,CHF,CHF,CHF,CHF,ARR,NSR,ARR,ARR,ARR,ARR,NSR
219,mitdb/207,2,ARR,ARR,ARR,ARR,ARR,ARR,ARR,ARR,ARR,ARR,ARR,ARR,ARR,ARR,ARR
220,mitdb/102,1,ARR,NSR,NSR,NSR,NSR,NSR,NSR,ARR,NSR,CHF,CHF,NSR,CHF,CHF,CHF
221,mitdb/102,1,ARR,ARR,ARR,ARR,ARR,ARR,ARR,ARR,CHF,ARR,ARR,CHF,ARR,ARR,ARR
222,mitdb/102,1,ARR,ARR,ARR,ARR,ARR,ARR,ARR,ARR,ARR,ARR,ARR,CHF,ARR,ARR,ARR
223,mitdb/102,1,ARR,ARR,CHF,NSR,NSR,NSR,ARR,CHF,ARR,NSR,NSR,NSR,NSR,NSR,NSR
224,mitdb/102,1,ARR,ARR,NSR,NSR,CHF,NSR,ARR,ARR,ARR,NSR,NSR,NSR,CHF,ARR,NSR
225,mitdb/102,1,ARR,ARR,CHF,NSR,NSR,NSR,NSR,CHF,ARR,NSR,NSR,NSR,CHF,ARR,CHF
226,mitdb/102,1,ARR,NSR,NSR,NSR,CHF,NSR,NSR,CHF,ARR,CHF,NSR,NSR,CHF,ARR,NSR
227,mitdb/102,1,ARR,NSR,NSR,NSR,NSR,NSR,ARR,ARR,ARR,NSR,NSR,NSR,NSR,NSR,NSR
228,mitdb/102,1,ARR,NSR,NSR,NSR,NSR,NSR,ARR,ARR,ARR,NSR,NSR,NSR,NSR,NSR,NSR
229,mitdb/102,1,ARR,NSR,NSR,NSR,CHF,ARR,ARR,CHF,ARR,CHF,NSR,NSR,CHF,ARR,NSR
230,mitdb/208,1,ARR,ARR,CHF,ARR,CHF,ARR,ARR,CHF,ARR,ARR,ARR,CHF,CHF,ARR,CHF
231,mitdb/208,1,ARR,ARR,ARR,ARR,ARR,ARR,CHF,ARR,ARR,CHF,CHF,ARR,ARR,ARR,CHF
232,mitdb/208,1,ARR,ARR,ARR,ARR,CHF,ARR,CHF,ARR,ARR,CHF,ARR,CHF,ARR,ARR,ARR
233,mitdb/208,1,ARR,ARR,ARR,ARR,ARR,NSR,ARR,ARR,ARR,ARR,ARR,ARR,ARR,ARR,ARR
234,mitdb/208,1,ARR,ARR,ARR,ARR,ARR,ARR,ARR,ARR,ARR,NSR,NSR,ARR,CHF,NSR,CHF
235,mitdb/208,1,ARR,ARR,CHF,ARR,NSR,CHF,CHF,NSR,ARR,ARR,ARR,CHF,ARR,ARR,CHF
236,mitdb/208,1,ARR,ARR,ARR,ARR,ARR,ARR,ARR,ARR,ARR,ARR,ARR,ARR,CHF,ARR,CHF
237,mitdb/208,1,ARR,ARR,ARR,NSR,ARR,ARR,ARR,ARR,ARR,ARR,ARR,ARR,ARR,ARR,ARR
238,mitdb/208,1,ARR,ARR,ARR,ARR,ARR,ARR,ARR,ARR,ARR,ARR,ARR,ARR,ARR,ARR,ARR
239,mitdb/208,1,ARR,ARR,ARR,ARR,ARR,ARR,ARR,ARR,ARR,CHF,ARR,ARR,ARR,ARR,ARR
240,mitdb/209,0,ARR,ARR,ARR,ARR,ARR,ARR,ARR,ARR,ARR,CHF,CHF,CHF,CHF,CHF,ARR
241,mitdb/209,0,ARR,ARR,ARR,ARR,ARR,ARR,ARR,NSR,CHF,CHF,ARR,CHF,CHF,CHF,CHF
242,mitdb/209,0,ARR,ARR,ARR,ARR,ARR,ARR,ARR,NSR,CHF,CHF,CHF,CHF,NSR,CHF,CHF
243,mitdb/209,0,ARR,NSR,NSR,NSR,NSR,NSR,NSR,NSR,NSR,ARR,ARR,NSR,NSR,NSR,NSR
244,mitdb/209,0,ARR,ARR,ARR,ARR,ARR,ARR,ARR,ARR,CHF,CHF,CHF,CHF,NSR,CHF,ARR
245,mitdb/209,0,ARR,ARR,ARR,ARR,ARR,ARR,ARR,ARR,ARR,ARR,CHF,ARR,ARR,ARR,CHF
246,mitdb/209,0,ARR,ARR,ARR,CHF,ARR,ARR,ARR,ARR,ARR,ARR,ARR,CHF,CHF,ARR,CHF
247,mitdb/209,0,ARR,NSR,NSR,NSR,NSR,NSR,NSR,NSR,NSR,ARR,CHF,NSR,NSR,NSR,NSR
248,mitdb/209,0,ARR,ARR,CHF,CHF,CHF,CHF,NSR,ARR,ARR,CHF,CHF,CHF,CHF,CHF,CHF
249,mitdb/209,0,ARR,NSR,NSR,NSR,NSR,NSR,NSR,NSR,ARR,ARR,NSR,ARR,NSR,NSR,NSR
250,mitdb/210,4,ARR,ARR,ARR,ARR,ARR,ARR,ARR,ARR,ARR,ARR,ARR,ARR,ARR,ARR,ARR
251,mitdb/210,4,ARR,ARR,ARR,ARR,ARR,ARR,ARR,ARR,ARR,ARR,ARR,CHF,ARR,ARR,CHF
252,mitdb/210,4,ARR,ARR,ARR,ARR,ARR,ARR,ARR,ARR,ARR,CHF,ARR,ARR,CHF,ARR,ARR
253,mitdb/210,4,ARR,ARR,NSR,CHF,CHF,CHF,ARR,CHF,NSR,NSR,NSR,NSR,NSR,NSR,ARR
254,mitdb/210,4,ARR,ARR,ARR,ARR,ARR,ARR,ARR,ARR,ARR,ARR,ARR,ARR,ARR,ARR,CHF
255,mitdb/210,4,ARR,ARR,ARR,ARR,ARR,ARR,ARR,ARR,ARR,ARR,ARR,ARR,ARR,ARR,ARR
256,mitdb/210,4,ARR,ARR,ARR,ARR,ARR,ARR,ARR,ARR,ARR,NSR,ARR,ARR,ARR,NSR,ARR
257,mitdb/210,4,ARR,ARR,ARR,ARR,ARR,ARR,ARR,ARR,ARR,NSR,ARR,ARR,ARR,ARR,ARR
258,mitdb/210,4,ARR,ARR,ARR,ARR,ARR,ARR,ARR,ARR,ARR,NSR,ARR,ARR,ARR,NSR,ARR
259,mitdb/210,4,ARR,ARR,CHF,ARR,ARR,ARR,ARR,ARR,ARR,ARR,ARR,ARR,ARR,ARR,ARR
260,mitdb/212,3,ARR,ARR,CHF,ARR,ARR,ARR,ARR,CHF,ARR,ARR,NSR,NSR,ARR,NSR,CHF
261,mitdb/212,3,ARR,ARR,ARR,ARR,ARR,ARR,ARR,ARR,ARR,ARR,ARR,ARR,ARR,ARR,ARR
262,mitdb/212,3,ARR,ARR,ARR,ARR,ARR,ARR,ARR,ARR,NSR,NSR,NSR,NSR,NSR,NSR,NSR
263,mitdb/212,3,ARR,ARR,CHF,ARR,ARR,ARR,ARR,ARR,NSR,NSR,NSR,NSR,NSR,NSR,NSR
264,mitdb/212,3,ARR,ARR,ARR,ARR,ARR,ARR,ARR,ARR,ARR,ARR,ARR,ARR,ARR,NSR,ARR
265,mitdb/212,3,ARR,ARR,ARR,ARR,ARR,ARR,ARR,CHF,NSR,ARR,NSR,ARR,NSR,NSR,ARR
266,mitdb/212,3,ARR,ARR,ARR,ARR,ARR,ARR,ARR,ARR,NSR,NSR,NSR,NSR,NSR,NSR,NSR
267,mitdb/212,3,ARR,ARR,NSR,ARR,ARR,ARR,NSR,CHF,ARR,CHF,NSR,ARR,ARR,ARR,ARR
268,mitdb/212,3,ARR,ARR,NSR,ARR,CHF,ARR,ARR,ARR,ARR,CHF,CHF,ARR,CHF,CHF,CHF
269,mitdb/212,3,ARR,ARR,NSR,NSR,ARR,ARR,NSR,NSR,ARR,CHF,ARR,ARR,ARR,ARR,ARR
270,mitdb/213,4,ARR,NSR,CHF,NSR,NSR,NSR,ARR,ARR,ARR,CHF,CHF,CHF,ARR,CHF,ARR
271,mitdb/213,4,ARR,ARR,CHF,ARR,CHF,ARR,ARR,ARR,ARR,ARR,ARR,ARR,ARR,ARR,ARR
272,mitdb/213,4,ARR,CHF,NSR,CHF,NSR,NSR,NSR,CHF,CHF,CHF,CHF,CHF,CHF,CHF,CHF
273,mitdb/213,4,ARR,NSR,CHF,NSR,NSR,NSR,NSR,NSR,ARR,CHF,ARR,ARR,CHF,ARR,ARR
274,mitdb/213,4,ARR,ARR,CHF,NSR,NSR,NSR,ARR,NSR,ARR,CHF,ARR,CHF,ARR,CHF,ARR
275,mitdb/213,4,ARR,CHF,NSR,CHF,ARR,NSR,ARR,CHF,CHF,CHF,CHF,CHF,CHF,CHF,CHF
276,mitdb/213,4,ARR,ARR,CHF,NSR,NSR,NSR,ARR,NSR,ARR,ARR,ARR,ARR,ARR,ARR,ARR
277,mitdb/213,4,ARR,CHF,NSR,CHF,ARR,NSR,NSR,CHF,CHF,CHF,CHF,CHF,CHF,CHF,CHF
278,mitdb/213,4,ARR,ARR,CHF,CHF,CHF,CHF,ARR,ARR,ARR,ARR,ARR,ARR,CHF,ARR,ARR
279,mitdb/213,4,ARR,ARR,CHF,NSR,NSR,NSR,ARR,NSR,ARR,ARR,ARR,CHF,ARR,CHF,ARR
280,mitdb/214,1,ARR,ARR,ARR,ARR,ARR,ARR,ARR,ARR,ARR,NSR,ARR,CHF,CHF,NSR,ARR
281,mitdb/214,1,ARR,ARR,ARR,ARR,ARR,ARR,ARR,ARR,ARR,ARR,CHF,CHF,ARR,ARR,ARR
282,mitdb/214,1,ARR,ARR,ARR,ARR,ARR,ARR,ARR,ARR,ARR,ARR,ARR,ARR,ARR,ARR,ARR
283,mitdb/214,1,ARR,ARR,ARR,ARR,ARR,ARR,ARR,ARR,ARR,CHF,CHF,CHF,CHF,ARR,CHF
284,mitdb/214,1,ARR,ARR,ARR,ARR,ARR,ARR,ARR,ARR,ARR,ARR,ARR,ARR,ARR,ARR,ARR
285,mitdb/214,1,ARR,ARR,ARR,ARR,ARR,ARR,ARR,ARR,ARR,ARR,ARR,ARR,ARR,ARR,ARR
286,mitdb/214,1,ARR,ARR,ARR,ARR,ARR,ARR,ARR,ARR,ARR,CHF,ARR,ARR,ARR,ARR,ARR
287,mitdb/214,1,ARR,ARR,ARR,ARR,ARR,ARR,ARR,ARR,ARR,ARR,CHF,NSR,CHF,ARR,ARR
288,mitdb/214,1,ARR,ARR,ARR,ARR,ARR,ARR,ARR,ARR,ARR,ARR,ARR,ARR,ARR,ARR,ARR
289,mitdb/214,1,ARR,ARR,ARR,ARR,ARR,ARR,ARR,ARR,ARR,ARR,ARR,ARR,ARR,ARR,ARR
290,mitdb/215,1,ARR,ARR,ARR,NSR,ARR,NSR,CHF,NSR,ARR,CHF,ARR,CHF,ARR,NSR,NSR
291,mitdb/215,1,ARR,NSR,NSR,NSR,NSR,ARR,CHF,NSR,ARR,NSR,ARR,ARR,ARR,NSR,ARR
292,mitdb/215,1,ARR,ARR,NSR,ARR,CHF,ARR,ARR,ARR,ARR,CHF,ARR,CHF,ARR,CHF,CHF
293,mitdb/215,1,ARR,ARR,ARR,ARR,ARR,ARR,ARR,ARR,ARR,ARR,ARR,CHF,ARR,CHF,ARR
294,mitdb/215,1,ARR,ARR,ARR,CHF,ARR,ARR,CHF,NSR,ARR,CHF,CHF,ARR,CHF,CHF,CHF
295,mitdb/215,1,ARR,ARR,ARR,ARR,ARR,ARR,ARR,ARR,ARR,ARR,CHF,ARR,CHF,ARR,CHF
296,mitdb/215,1,ARR,ARR,ARR,ARR,ARR,ARR,ARR,ARR,ARR,ARR,ARR,ARR,ARR,ARR,CHF
297,mitdb/215,1,ARR,NSR,NSR,NSR,NSR,NSR,NSR,NSR,ARR,NSR,NSR,NSR,ARR,NSR,ARR
298,mitdb/215,1,ARR,ARR,CHF,ARR,NSR,ARR,CHF,ARR,CHF,CHF,CHF,CHF,CHF,CHF,CHF
299,mitdb/215,1,ARR,ARR,ARR,ARR,ARR,NSR,ARR,ARR,ARR,ARR,ARR,ARR,ARR,ARR,CHF
300,mitdb/217,1,ARR,ARR,ARR,CHF,ARR,ARR,ARR,NSR,ARR,NSR,ARR,CHF,ARR,NSR,ARR
301,mitdb/217,1,ARR,ARR,ARR,ARR,NSR,ARR,ARR,ARR,ARR,ARR,ARR,CHF,ARR,ARR,ARR
302,mitdb/217,1,ARR,ARR,ARR,CHF,NSR,ARR,ARR,NSR,ARR,ARR,ARR,ARR,ARR,NSR,ARR
303,mitdb/217,1,ARR,CHF,CHF,NSR,CHF,CHF,ARR,CHF,ARR,ARR,ARR,ARR,ARR,ARR,ARR
304,mitdb/217,1,ARR,ARR,CHF,CHF,CHF,ARR,ARR,NSR,ARR,NSR,ARR,NSR,ARR,NSR,NSR
305,mitdb/217,1,ARR,ARR,ARR,NSR,CHF,ARR,NSR,CHF,ARR,ARR,ARR,CHF,ARR,ARR,ARR
306,mitdb/217,1,ARR,ARR,NSR,NSR,NSR,CHF,ARR,NSR,ARR,ARR,ARR,CHF,CHF,ARR,ARR
307,mitdb/217,1,ARR,ARR,ARR,ARR,NSR,ARR,ARR,ARR,ARR,CHF,ARR,CHF,CHF,ARR,ARR
308,mitdb/217,1,ARR,CHF,ARR,CHF,CHF,ARR,ARR,CHF,ARR,ARR,CHF,CHF,CHF,NSR,NSR
309,mitdb/217,1,ARR,ARR,ARR,ARR,NSR,ARR,ARR,ARR,ARR,NSR,CHF,CHF,ARR,CHF,NSR
310,mitdb/219,1,ARR,ARR,ARR,ARR,ARR,ARR,ARR,ARR,ARR,CHF,ARR,CHF,CHF,ARR,CHF
311,mitdb/219,1,ARR,ARR,ARR,ARR,ARR,ARR,ARR,ARR,ARR,CHF,ARR,ARR,CHF,ARR,CHF
312,mitdb/219,1,ARR,ARR,ARR,ARR,ARR,ARR,ARR,ARR,ARR,CHF,CHF,ARR,CHF,CHF,CHF
313,mitdb/219,1,ARR,ARR,ARR,ARR,ARR,ARR,ARR,ARR,ARR,ARR,ARR,ARR,ARR,ARR,ARR
314,mitdb/219,1,ARR,ARR,ARR,CHF,ARR,ARR,ARR,ARR,ARR,ARR,ARR,ARR,ARR,ARR,CHF
315,mitdb/219,1,ARR,ARR,ARR,ARR,ARR,CHF,ARR,ARR,ARR,ARR,CHF,ARR,CHF,NSR,CHF
316,mitdb/219,1,ARR,ARR,ARR,ARR,CHF,ARR,ARR,ARR,ARR,ARR,ARR,ARR,ARR,CHF,CHF
317,mitdb/219,1,ARR,ARR,ARR,ARR,CHF,ARR,ARR,CHF,ARR,ARR,CHF,ARR,CHF,ARR,CHF
318,mitdb/219,1,ARR,ARR,ARR,ARR,CHF,ARR,ARR,ARR,ARR,CHF,CHF,ARR,CHF,ARR,CHF
319,mitdb/219,1,ARR,ARR,ARR,ARR,CHF,ARR,ARR,ARR,ARR,ARR,CHF,ARR,CHF,ARR,CHF
320,mitdb/220,3,ARR,NSR,NSR,NSR,NSR,NSR,NSR,NSR,ARR,NSR,NSR,NSR,NSR,NSR,NSR
321,mitdb/220,3,ARR,NSR,NSR,NSR,NSR,NSR,NSR,NSR,ARR,NSR,NSR,NSR,NSR,NSR,NSR
322,mitdb/220,3,ARR,NSR,NSR,ARR,NSR,NSR,NSR,ARR,NSR,NSR,NSR,NSR,NSR,NSR,NSR
323,mitdb/220,3,ARR,NSR,ARR,ARR,ARR,NSR,NSR,ARR,NSR,NSR,NSR,NSR,NSR,NSR,NSR
324,mitdb/220,3,ARR,NSR,NSR,ARR,ARR,NSR,NSR,ARR,ARR,NSR,NSR,NSR,NSR,ARR,NSR
325,mitdb/220,3,ARR,NSR,NSR,ARR,ARR,NSR,NSR,NSR,NSR,NSR,NSR,NSR,NSR,NSR,NSR
326,mitdb/220,3,ARR,ARR,NSR,NSR,ARR,ARR,ARR,NSR,NSR,NSR,NSR,ARR,NSR,ARR,NSR
327,mitdb/220,3,ARR,ARR,NSR,NSR,ARR,NSR,NSR,NSR,ARR,ARR,ARR,ARR,ARR,ARR,ARR
328,mitdb/220,3,ARR,NSR,NSR,NSR,NSR,NSR,NSR,NSR,NSR,NSR,NSR,NSR,NSR,NSR,NSR
329,mitdb/220,3,ARR,NSR,NSR,NSR,NSR,NSR,NSR,NSR,NSR,NSR,NSR,NSR,NSR,NSR,ARR
330,mitdb/103,4,ARR,ARR,ARR,CHF,ARR,ARR,ARR,NSR,ARR,ARR,CHF,ARR,ARR,ARR,ARR
331,mitdb/103,4,ARR,ARR,ARR,ARR,ARR,ARR,ARR,NSR,ARR,ARR,ARR,ARR,ARR,ARR,NSR
332,mitdb/103,4,ARR,ARR,ARR,CHF,ARR,ARR,ARR,NSR,ARR,ARR,ARR,ARR,ARR,ARR,ARR
333,mitdb/103,4,ARR,ARR,ARR,ARR,ARR,ARR,ARR,NSR,ARR,ARR,CHF,NSR,ARR,ARR,CHF
334,mitdb/103,4,ARR,ARR,ARR,NSR,ARR,ARR,ARR,NSR,ARR,ARR,ARR,ARR,ARR,ARR,ARR
335,mitdb/103,4,ARR,ARR,ARR,ARR,ARR,ARR,ARR,NSR,ARR,CHF,CHF,ARR,ARR,ARR,ARR
336,mitdb/103,4,ARR,ARR,ARR,CHF,ARR,ARR,ARR,NSR,ARR,CHF,ARR,ARR,ARR,ARR,CHF
337,mitdb/103,4,ARR,ARR,ARR,CHF,ARR,ARR,ARR,NSR,ARR,ARR,ARR,ARR,ARR,ARR,ARR
338,mitdb/103,4,ARR,ARR,ARR,CHF,ARR,ARR,ARR,NSR,ARR,CHF,ARR,ARR,CHF,ARR,CHF
339,mitdb/103,4,ARR,ARR,ARR,ARR,ARR,ARR,ARR,NSR,ARR,ARR,ARR,CHF,ARR,ARR,ARR
340,mitdb/221,0,ARR,ARR,ARR,ARR,ARR,ARR,ARR,ARR,ARR,ARR,ARR,ARR,ARR,ARR,ARR
341,mitdb/221,0,ARR,ARR,ARR,ARR,ARR,ARR,ARR,ARR,ARR,ARR,ARR,ARR,ARR,ARR,ARR
342,mitdb/221,0,ARR,ARR,ARR,ARR,ARR,ARR,ARR,ARR,ARR,ARR,ARR,ARR,ARR,ARR,ARR
343,mitdb/221,0,ARR,ARR,ARR,ARR,ARR,ARR,ARR,ARR,ARR,ARR,ARR,ARR,ARR,ARR,ARR
344,mitdb/221,0,ARR,ARR,ARR,ARR,ARR,ARR,ARR,ARR,ARR,ARR,ARR,ARR,ARR,ARR,ARR
345,mitdb/221,0,ARR,ARR,ARR,ARR,ARR,ARR,ARR,ARR,ARR,ARR,ARR,ARR,ARR,ARR,ARR
346,mitdb/221,0,ARR,ARR,ARR,ARR,ARR,ARR,ARR,ARR,ARR,ARR,ARR,ARR,ARR,ARR,ARR
347,mitdb/221,0,ARR,ARR,ARR,ARR,ARR,ARR,ARR,ARR,ARR,ARR,CHF,CHF,NSR,CHF,ARR
348,mitdb/221,0,ARR,ARR,ARR,ARR,ARR,ARR,ARR,ARR,ARR,ARR,ARR,ARR,ARR,ARR,ARR
349,mitdb/221,0,ARR,ARR,ARR,ARR,ARR,ARR,ARR,ARR,ARR,ARR,ARR,ARR,ARR,ARR,ARR
350,mitdb/222,2,ARR,ARR,ARR,ARR,ARR,ARR,ARR,ARR,ARR,ARR,ARR,ARR,ARR,ARR,ARR
351,mitdb/222,2,ARR,ARR,ARR,ARR,ARR,ARR,ARR,ARR,NSR,NSR,NSR,NSR,ARR,NSR,NSR
352,mitdb/222,2,ARR,ARR,CHF,ARR,ARR,ARR,ARR,ARR,NSR,NSR,NSR,NSR,NSR,NSR,NSR
353,mitdb/222,2,ARR,ARR,ARR,ARR,ARR,ARR,ARR,ARR,NSR,NSR,NSR,NSR,NSR,ARR,NSR
354,mitdb/222,2,ARR,ARR,ARR,ARR,ARR,ARR,ARR,ARR,ARR,ARR,ARR,ARR,ARR,ARR,ARR
355,mitdb/222,2,ARR,ARR,ARR,ARR,ARR,ARR,ARR,ARR,ARR,CHF,ARR,ARR,ARR,ARR,ARR
356,mitdb/222,2,ARR,ARR,ARR,ARR,ARR,ARR,ARR,ARR,ARR,NSR,NSR,ARR,ARR,ARR,NSR
357,mitdb/222,2,ARR,ARR,ARR,ARR,ARR,ARR,ARR,ARR,NSR,NSR,NSR,NSR,NSR,NSR,NSR
358,mitdb/222,2,ARR,ARR,ARR,ARR,ARR,ARR,ARR,ARR,ARR,CHF,ARR,ARR,ARR,ARR,ARR
359,mitdb/222,2,ARR,ARR,ARR,ARR,ARR,ARR,ARR,ARR,ARR,NSR,NSR,NSR,NSR,ARR,NSR
360,mitdb/223,0,ARR,ARR,ARR,CHF,ARR,ARR,ARR,CHF,ARR,ARR,ARR,ARR,ARR,ARR,ARR
361,mitdb/223,0,ARR,ARR,ARR,ARR,ARR,CHF,ARR,CHF,ARR,ARR,ARR,ARR,ARR,ARR,ARR
362,mitdb/223,0,ARR,ARR,ARR,ARR,CHF,CHF,ARR,CHF,ARR,ARR,ARR,ARR,ARR,ARR,ARR
363,mitdb/223,0,ARR,ARR,ARR,CHF,CHF,CHF,NSR,CHF,ARR,ARR,ARR,ARR,ARR,ARR,ARR
364,mitdb/223,0,ARR,ARR,ARR,CHF,CHF,ARR,ARR,CHF,ARR,ARR,ARR,ARR,ARR,ARR,ARR
365,mitdb/223,0,ARR,ARR,ARR,ARR,ARR,ARR,ARR,ARR,ARR,ARR,ARR,ARR,ARR,ARR,ARR
366,mitdb/223,0,ARR,ARR,NSR,CHF,CHF,CHF,NSR,CHF,ARR,ARR,ARR,ARR,ARR,ARR,ARR
367,mitdb/223,0,ARR,ARR,NSR,CHF,NSR,ARR,NSR,CHF,ARR,ARR,ARR,ARR,ARR,ARR,ARR
368,mitdb/223,0,ARR,ARR,ARR,CHF,CHF,CHF,ARR,CHF,ARR,ARR,ARR,ARR,CHF,ARR,ARR
369,mitdb/223,0,ARR,CHF,ARR,CHF,CHF,CHF,CHF,CHF,ARR,ARR,ARR,ARR,ARR,ARR,ARR
370,mitdb/228,3,ARR,ARR,ARR,ARR,ARR,ARR,ARR,ARR,ARR,ARR,ARR,ARR,ARR,ARR,ARR
371,mitdb/228,3,ARR,ARR,ARR,ARR,ARR,ARR,ARR,ARR,ARR,ARR,ARR,NSR,ARR,NSR,CHF
372,mitdb/228,3,ARR,ARR,ARR,ARR,ARR,CHF,ARR,ARR,ARR,ARR,ARR,ARR,ARR,ARR,ARR
373,mitdb/228,3,ARR,ARR,ARR,ARR,ARR,ARR,ARR,ARR,ARR,ARR,ARR,ARR,ARR,ARR,ARR
374,mitdb/228,3,ARR,ARR,ARR,ARR,ARR,ARR,ARR,ARR,ARR,CHF,ARR,CHF,ARR,ARR,ARR
375,mitdb/228,3,ARR,ARR,ARR,ARR,ARR,ARR,ARR,ARR,CHF,CHF,CHF,CHF,CHF,CHF,CHF
376,mitdb/228,3,ARR,ARR,ARR,ARR,ARR,ARR,ARR,ARR,ARR,CHF,ARR,CHF,NSR,ARR,ARR
377,mitdb/228,3,ARR,ARR,ARR,ARR,ARR,ARR,ARR,ARR,ARR,CHF,CHF,CHF,CHF,CHF,CHF
378,mitdb/228,3,ARR,ARR,ARR,ARR,ARR,ARR,ARR,ARR,ARR,ARR,CHF,ARR,ARR,ARR,ARR
379,mitdb/228,3,ARR,ARR,ARR,ARR,ARR,ARR,ARR,ARR,ARR,CHF,ARR,CHF,ARR,CHF,CHF
380,mitdb/230,3,ARR,ARR,CHF,ARR,CHF,ARR,CHF,CHF,ARR,NSR,NSR,ARR,ARR,NSR,ARR
381,mitdb/230,3,ARR,ARR,ARR,CHF,ARR,ARR,CHF,ARR,ARR,ARR,ARR,ARR,CHF,NSR,ARR
382,mitdb/230,3,ARR,NSR,NSR,NSR,NSR,NSR,NSR,NSR,ARR,ARR,ARR,ARR,CHF,ARR,CHF
383,mitdb/230,3,ARR,NSR,NSR,CHF,NSR,NSR,NSR,NSR,ARR,CHF,ARR,ARR,CHF,NSR,CHF
384,mitdb/230,3,ARR,ARR,CHF,CHF,ARR,ARR,CHF,ARR,ARR,NSR,NSR,ARR,ARR,ARR,ARR
385,mitdb/230,3,ARR,NSR,NSR,NSR,NSR,NSR,NSR,NSR,ARR,ARR,ARR,ARR,ARR,NSR,ARR
386,mitdb/230,3,ARR,NSR,NSR,NSR,ARR,NSR,NSR,NSR,ARR,ARR,ARR,ARR,ARR,ARR,ARR
387,mitdb/230,3,ARR,ARR,ARR,NSR,ARR,ARR,NSR,NSR,ARR,ARR,NSR,ARR,ARR,ARR,ARR
388,mitdb/230,3,ARR,CHF,ARR,CHF,ARR,ARR,NSR,CHF,ARR,ARR,NSR,ARR,ARR,ARR,ARR
389,mitdb/230,3,ARR,NSR,CHF,NSR,ARR,ARR,NSR,ARR,ARR,ARR,NSR,ARR,ARR,ARR,NSR
390,mitdb/231,0,ARR,ARR,NSR,ARR,NSR,NSR,ARR,NSR,ARR,ARR,ARR,ARR,NSR,ARR,CHF
391,mitdb/231,0,ARR,ARR,ARR,ARR,ARR,ARR,ARR,NSR,ARR,ARR,ARR,ARR,ARR,ARR,ARR
392,mitdb/231,0,ARR,ARR,NSR,ARR,ARR,NSR,ARR,NSR,ARR,ARR,CHF,ARR,ARR,ARR,CHF
393,mitdb/231,0,ARR,ARR,NSR,CHF,NSR,ARR,ARR,CHF,ARR,ARR,ARR,ARR,ARR,ARR,ARR
394,mitdb/231,0,ARR,ARR,NSR,CHF,ARR,NSR,ARR,NSR,ARR,ARR,CHF,ARR,CHF,ARR,CHF
395,mitdb/231,0,ARR,ARR,NSR,ARR,NSR,NSR,ARR,NSR,ARR,ARR,CHF,ARR,ARR,ARR,CHF
396,mitdb/231,0,ARR,ARR,NSR,ARR,ARR,NSR,ARR,NSR,ARR,ARR,ARR,ARR,CHF,ARR,CHF
397,mitdb/231,0,ARR,ARR,NSR,ARR,NSR,NSR,ARR,NSR,ARR,ARR,ARR,ARR,CHF,ARR,ARR
398,mitdb/231,0,ARR,ARR,NSR,ARR,NSR,ARR,ARR,ARR,ARR,ARR,ARR,ARR,ARR,ARR,CHF
399,mitdb/231,0,ARR,ARR,ARR,ARR,ARR,ARR,ARR,ARR,ARR,ARR,ARR,ARR,ARR,ARR,ARR
400,mitdb/232,4,ARR,ARR,ARR,ARR,ARR,ARR,NSR,ARR,ARR,ARR,ARR,ARR,CHF,ARR,CHF
401,mitdb/232,4,ARR,ARR,ARR,ARR,ARR,ARR,ARR,ARR,ARR,NSR,NSR,ARR,NSR,NSR,ARR
402,mitdb/232,4,ARR,ARR,ARR,ARR,CHF,CHF,ARR,NSR,ARR,NSR,NSR,NSR,NSR,NSR,NSR
403,mitdb/232,4,ARR,ARR,ARR,ARR,ARR,ARR,ARR,ARR,ARR,ARR,ARR,ARR,ARR,ARR,ARR
404,mitdb/232,4,ARR,ARR,ARR,ARR,ARR,ARR,ARR,ARR,ARR,NSR,ARR,NSR,CHF,NSR,ARR
405,mitdb/232,4,ARR,ARR,ARR,ARR,ARR,ARR,ARR,ARR,ARR,ARR,ARR,ARR,ARR,ARR,ARR
406,mitdb/232,4,ARR,ARR,CHF,ARR,ARR,CHF,ARR,CHF,ARR,ARR,ARR,ARR,ARR,ARR,ARR
407,mitdb/232,4,ARR,ARR,ARR,ARR,ARR,ARR,ARR,ARR,ARR,ARR,ARR,ARR,ARR,ARR,ARR
408,mitdb/232,4,ARR,ARR,ARR,ARR,ARR,ARR,ARR,ARR,ARR,NSR,NSR,ARR,NSR,NSR,ARR
409,mitdb/232,4,ARR,ARR,ARR,ARR,ARR,ARR,ARR,ARR,ARR,ARR,ARR,ARR,CHF,ARR,CHF
410,mitdb/233,2,ARR,CHF,CHF,CHF,CHF,CHF,ARR,CHF,ARR,ARR,ARR,ARR,ARR,ARR,ARR
411,mitdb/233,2,ARR,CHF,CHF,CHF,CHF,CHF,ARR,CHF,ARR,ARR,CHF,CHF,CHF,ARR,ARR
412,mitdb/233,2,ARR,ARR,ARR,CHF,CHF,CHF,ARR,CHF,ARR,ARR,ARR,ARR,ARR,ARR,ARR
413,mitdb/233,2,ARR,ARR,CHF,CHF,CHF,CHF,ARR,CHF,ARR,ARR,ARR,ARR,ARR,ARR,ARR
414,mitdb/233,2,ARR,CHF,CHF,CHF,CHF,CHF,CHF,CHF,ARR,CHF,CHF,CHF,CHF,ARR,CHF
415,mitdb/233,2,ARR,ARR,CHF,CHF,CHF,CHF,ARR,CHF,ARR,CHF,ARR,ARR,CHF,ARR,ARR
416,mitdb/233,2,ARR,ARR,CHF,CHF,ARR,CHF,ARR,CHF,ARR,CHF,ARR,ARR,ARR,ARR,CHF
417,mitdb/233,2,ARR,CHF,CHF,CHF,CHF,CHF,CHF,CHF,ARR,ARR,ARR,ARR,ARR,ARR,ARR
418,mitdb/233,2,ARR,CHF,CHF,CHF,CHF,CHF,CHF,CHF,ARR,ARR,CHF,ARR,CHF,ARR,ARR
419,mitdb/233,2,ARR,ARR,ARR,CHF,ARR,CHF,ARR,CHF,ARR,ARR,ARR,ARR,ARR,ARR,ARR
420,mitdb/234,3,ARR,ARR,CHF,ARR,ARR,ARR,CHF,NSR,ARR,ARR,NSR,ARR,CHF,ARR,CHF
421,mitdb/234,3,ARR,NSR,NSR,NSR,ARR,NSR,NSR,NSR,ARR,ARR,NSR,ARR,NSR,ARR,NSR
422,mitdb/234,3,ARR,ARR,CHF,ARR,ARR,ARR,NSR,ARR,ARR,CHF,NSR,ARR,ARR,ARR,NSR
423,mitdb/234,3,ARR,ARR,CHF,ARR,ARR,ARR,CHF,ARR,ARR,ARR,NSR,ARR,NSR,ARR,NSR
424,mitdb/234,3,ARR,ARR,CHF,ARR,ARR,CHF,CHF,NSR,ARR,ARR,NSR,ARR,CHF,ARR,NSR
425,mitdb/234,3,ARR,ARR,CHF,ARR,ARR,ARR,CHF,NSR,ARR,ARR,NSR,ARR,ARR,ARR,ARR
426,mitdb/234,3,ARR,NSR,NSR,NSR,NSR,NSR,NSR,NSR,ARR,ARR,NSR,ARR,NSR,ARR,CHF
427,mitdb/234,3,ARR,NSR,NSR,NSR,ARR,NSR,NSR,NSR,ARR,ARR,NSR,ARR,NSR,ARR,NSR
428,mitdb/234,3,ARR,ARR,NSR,NSR,ARR,ARR,CHF,ARR,ARR,ARR,NSR,ARR,NSR,ARR,NSR
429,mitdb/234,3,ARR,ARR,CHF,ARR,ARR,CHF,CHF,NSR,ARR,ARR,NSR,ARR,NSR,ARR,NSR
430,mitdb/100,2,ARR,NSR,NSR,NSR,NSR,NSR,NSR,NSR,NSR,NSR,NSR,NSR,NSR,NSR,NSR
431,mitdb/100,2,ARR,NSR,NSR,NSR,NSR,NSR,NSR,NSR,NSR,NSR,NSR,NSR,NSR,NSR,NSR
432,mitdb/100,2,ARR,ARR,ARR,ARR,ARR,ARR,ARR,ARR,NSR,NSR,NSR,NSR,NSR,NSR,NSR
433,mitdb/100,2,ARR,NSR,NSR,NSR,NSR,NSR,NSR,NSR,NSR,NSR,NSR,NSR,NSR,NSR,NSR
434,mitdb/100,2,ARR,ARR,NSR,ARR,ARR,ARR,ARR,ARR,NSR,NSR,NSR,NSR,NSR,NSR,NSR
435,mitdb/100,2,ARR,NSR,NSR,NSR,NSR,NSR,NSR,NSR,NSR,NSR,NSR,NSR,NSR,NSR,NSR
436,mitdb/100,2,ARR,ARR,ARR,ARR,ARR,ARR,ARR,ARR,NSR,NSR,NSR,NSR,NSR,NSR,NSR
437,mitdb/100,2,ARR,ARR,ARR,ARR,ARR,ARR,ARR,NSR,NSR,NSR,NSR,NSR,NSR,NSR,NSR
438,mitdb/100,2,ARR,ARR,ARR,ARR,ARR,ARR,ARR,ARR,NSR,NSR,NSR,NSR,NSR,NSR,NSR
439,mitdb/100,2,ARR,NSR,NSR,NSR,NSR,NSR,NSR,NSR,NSR,NSR,NSR,NSR,NSR,NSR,NSR
440,mitdb/104,4,ARR,ARR,ARR,ARR,ARR,ARR,ARR,CHF,NSR,NSR,NSR,NSR,NSR,NSR,NSR
441,mitdb/104,4,ARR,ARR,ARR,CHF,ARR,ARR,ARR,CHF,NSR,NSR,NSR,NSR,NSR,NSR,NSR
442,mitdb/104,4,ARR,NSR,CHF,NSR,ARR,NSR,NSR,ARR,NSR,NSR,NSR,NSR,NSR,NSR,NSR
443,mitdb/104,4,ARR,NSR,CHF,NSR,ARR,NSR,ARR,ARR,NSR,NSR,NSR,NSR,NSR,NSR,NSR
444,mitdb/104,4,ARR,CHF,CHF,CHF,ARR,CHF,ARR,CHF,NSR,NSR,NSR,NSR,NSR,NSR,NSR
445,mitdb/104,4,ARR,ARR,ARR,ARR,ARR,ARR,ARR,CHF,NSR,NSR,NSR,NSR,NSR,NSR,NSR
446,mitdb/104,4,ARR,CHF,CHF,CHF,CHF,NSR,ARR,NSR,NSR,NSR,NSR,NSR,NSR,NSR,NSR
447,mitdb/104,4,ARR,ARR,CHF,CHF,CHF,CHF,ARR,CHF,NSR,NSR,NSR,NSR,NSR,NSR,NSR
448,mitdb/104,4,ARR,ARR,CHF,CHF,ARR,ARR,ARR,ARR,NSR,NSR,NSR,NSR,NSR,NSR,NSR
449,mitdb/104,4,ARR,ARR,ARR,ARR,ARR,NSR,ARR,ARR,ARR,NSR,ARR,NSR,NSR,NSR,ARR
450,mitdb/101,0,ARR,ARR,ARR,ARR,ARR,ARR,ARR,ARR,NSR,NSR,NSR,NSR,NSR,NSR,NSR
451,mitdb/101,0,ARR,ARR,ARR,ARR,ARR,ARR,ARR,ARR,NSR,NSR,NSR,NSR,NSR,NSR,NSR
452,mitdb/101,0,ARR,ARR,ARR,ARR,ARR,ARR,ARR,ARR,NSR,NSR,NSR,NSR,NSR,NSR,NSR
453,mitdb/101,0,ARR,ARR,ARR,NSR,ARR,ARR,ARR,ARR,CHF,CHF,CHF,CHF,CHF,CHF,CHF
454,mitdb/101,0,ARR,ARR,ARR,ARR,ARR,ARR,ARR,ARR,CHF,CHF,CHF,CHF,ARR,CHF,CHF
455,mitdb/101,0,ARR,ARR,ARR,ARR,ARR,ARR,ARR,ARR,NSR,NSR,NSR,NSR,NSR,NSR,CHF
456,mitdb/101,0,ARR,ARR,ARR,ARR,ARR,ARR,ARR,ARR,ARR,NSR,NSR,CHF,NSR,NSR,NSR
457,mitdb/101,0,ARR,ARR,ARR,NSR,ARR,NSR,ARR,ARR,NSR,NSR,NSR,NSR,NSR,NSR,NSR
458,mitdb/101,0,ARR,ARR,ARR,ARR,ARR,ARR,ARR,ARR,NSR,NSR,CHF,ARR,CHF,CHF,NSR
459,mitdb/101,0,ARR,ARR,ARR,ARR,ARR,ARR,ARR,ARR,NSR,NSR,NSR,NSR,NSR,NSR,NSR
460,mitdb/102,1,ARR,ARR,ARR,NSR,NSR,ARR,ARR,ARR,ARR,CHF,NSR,NSR,CHF,ARR,NSR
461,mitdb/102,1,ARR,CHF,CHF,NSR,CHF,CHF,CHF,CHF,ARR,ARR,ARR,CHF,ARR,ARR,ARR
462,mitdb/102,1,ARR,ARR,ARR,ARR,ARR,ARR,ARR,ARR,ARR,CHF,ARR,ARR,ARR,ARR,ARR
463,mitdb/102,1,ARR,ARR,ARR,ARR,ARR,ARR,ARR,ARR,ARR,NSR,NSR,NSR,NSR,NSR,CHF
464,mitdb/102,1,ARR,ARR,ARR,ARR,ARR,ARR,ARR,ARR,ARR,ARR,ARR,CHF,ARR,ARR,ARR
465,mitdb/102,1,ARR,ARR,ARR,ARR,ARR,ARR,ARR,ARR,ARR,CHF,NSR,CHF,ARR,CHF,ARR
466,mitdb/102,1,ARR,ARR,ARR,ARR,ARR,ARR,ARR,ARR,CHF,CHF,ARR,CHF,ARR,ARR,ARR
467,mitdb/102,1,ARR,CHF,CHF,CHF,CHF,ARR,CHF,CHF,ARR,ARR,ARR,CHF,ARR,ARR,ARR
468,mitdb/102,1,ARR,ARR,ARR,ARR,ARR,ARR,ARR,ARR,ARR,ARR,NSR,CHF,CHF,CHF,ARR
469,mitdb/102,1,ARR,ARR,ARR,ARR,NSR,ARR,ARR,ARR,ARR,ARR,ARR,CHF,ARR,ARR,ARR
470,mitdb/103,4,ARR,ARR,ARR,ARR,ARR,ARR,ARR,ARR,ARR,ARR,ARR,CHF,ARR,ARR,ARR
471,mitdb/103,4,ARR,ARR,CHF,ARR,ARR,ARR,ARR,ARR,CHF,NSR,ARR,ARR,ARR,ARR,ARR
472,mitdb/103,4,ARR,ARR,ARR,ARR,ARR,ARR,ARR,ARR,ARR,ARR,CHF,NSR,NSR,ARR,ARR
473,mitdb/103,4,ARR,ARR,ARR,ARR,ARR,ARR,ARR,ARR,ARR,CHF,CHF,ARR,ARR,ARR,ARR
474,mitdb/103,4,ARR,ARR,CHF,ARR,ARR,ARR,ARR,ARR,ARR,ARR,ARR,ARR,ARR,ARR,ARR
475,mitdb/103,4,ARR,ARR,ARR,ARR,ARR,ARR,ARR,ARR,ARR,CHF,CHF,CHF,CHF,ARR,CHF
476,mitdb/103,4,ARR,ARR,CHF,CHF,ARR,ARR,ARR,NSR,ARR,ARR,ARR,ARR,ARR,ARR,ARR
477,mitdb/103,4,ARR,ARR,ARR,ARR,ARR,ARR,ARR,NSR,ARR,ARR,CHF,CHF,CHF,CHF,CHF
478,mitdb/103,4,ARR,ARR,ARR,ARR,ARR,ARR,ARR,ARR,ARR,CHF,NSR,CHF,ARR,ARR,NSR
479,mitdb/103,4,ARR,ARR,CHF,ARR,ARR,ARR,ARR,ARR,ARR,NSR,ARR,NSR,CHF,NSR,NSR
480,mitdb/104,4,ARR,ARR,NSR,NSR,ARR,ARR,ARR,ARR,ARR,NSR,ARR,NSR,ARR,NSR,CHF
481,mitdb/104,4,ARR,ARR,ARR,ARR,ARR,ARR,ARR,ARR,NSR,NSR,NSR,NSR,NSR,NSR,NSR
482,mitdb/104,4,ARR,CHF,CHF,CHF,ARR,NSR,ARR,NSR,NSR,NSR,NSR,NSR,NSR,NSR,NSR
483,mitdb/104,4,ARR,ARR,ARR,ARR,ARR,ARR,ARR,ARR,ARR,CHF,ARR,ARR,CHF,ARR,ARR
484,mitdb/104,4,ARR,CHF,NSR,CHF,CHF,ARR,CHF,NSR,NSR,NSR,NSR,NSR,NSR,NSR,NSR
485,mitdb/104,4,ARR,ARR,ARR,ARR,ARR,ARR,ARR,ARR,NSR,NSR,NSR,NSR,NSR,NSR,NSR
486,mitdb/104,4,ARR,ARR,ARR,ARR,ARR,ARR,ARR,ARR,NSR,NSR,NSR,ARR,NSR,CHF,NSR
487,mitdb/104,4,ARR,ARR,ARR,ARR,ARR,ARR,ARR,ARR,NSR,NSR,NSR,NSR,NSR,NSR,NSR
488,mitdb/104,4,ARR,ARR,ARR,ARR,NSR,NSR,NSR,ARR,NSR,NSR,NSR,NSR,NSR,NSR,NSR
489,mitdb/104,4,ARR,ARR,ARR,ARR,ARR,ARR,ARR,ARR,NSR,NSR,NSR,NSR,NSR,NSR,NSR
490,mitdb/105,3,ARR,ARR,ARR,ARR,ARR,ARR,ARR,ARR,ARR,ARR,ARR,ARR,ARR,ARR,ARR
491,mitdb/105,3,ARR,ARR,ARR,ARR,ARR,ARR,ARR,ARR,ARR,ARR,ARR,ARR,ARR,ARR,ARR
492,mitdb/105,3,ARR,ARR,ARR,ARR,ARR,ARR,ARR,ARR,ARR,ARR,ARR,CHF,ARR,ARR,ARR
493,mitdb/105,3,ARR,ARR,ARR,ARR,ARR,ARR,ARR,ARR,ARR,ARR,ARR,ARR,ARR,ARR,ARR
494,mitdb/105,3,ARR,ARR,ARR,ARR,ARR,ARR,ARR,ARR,ARR,ARR,ARR,ARR,NSR,ARR,NSR
495,mitdb/105,3,ARR,ARR,NSR,ARR,NSR,ARR,NSR,ARR,ARR,CHF,ARR,ARR,ARR,NSR,ARR
496,mitdb/105,3,ARR,ARR,ARR,ARR,ARR,ARR,ARR,ARR,ARR,ARR,ARR,ARR,ARR,ARR,ARR
497,mitdb/105,3,ARR,ARR,ARR,ARR,ARR,ARR,ARR,ARR,ARR,ARR,ARR,ARR,ARR,ARR,ARR
498,mitdb/105,3,ARR,ARR,ARR,ARR,ARR,ARR,ARR,ARR,ARR,ARR,ARR,CHF,ARR,ARR,ARR
499,mitdb/105,3,ARR,ARR,ARR,ARR,ARR,ARR,ARR,ARR,CHF,CHF,CHF,CHF,CHF,CHF,CHF
500,mitdb/106,2,ARR,ARR,ARR,ARR,ARR,ARR,ARR,ARR,NSR,NSR,NSR,NSR,NSR,NSR,NSR
501,mitdb/106,2,ARR,ARR,ARR,ARR,ARR,ARR,ARR,ARR,ARR,ARR,ARR,ARR,ARR,ARR,ARR
502,mitdb/106,2,ARR,ARR,ARR,ARR,ARR,ARR,ARR,ARR,ARR,ARR,ARR,ARR,ARR,ARR,ARR
503,mitdb/106,2,ARR,ARR,ARR,ARR,ARR,ARR,ARR,ARR,ARR,ARR,NSR,ARR,ARR,ARR,ARR
504,mitdb/106,2,ARR,ARR,ARR,ARR,ARR,ARR,ARR,ARR,ARR,ARR,NSR,ARR,ARR,ARR,CHF
505,mitdb/106,2,ARR,ARR,CHF,ARR,ARR,ARR,ARR,ARR,NSR,NSR,NSR,NSR,NSR,NSR,NSR
506,mitdb/106,2,ARR,ARR,CHF,ARR,ARR,CHF,ARR,ARR,NSR,NSR,NSR,NSR,NSR,ARR,NSR
507,mitdb/106,2,ARR,ARR,ARR,ARR,ARR,ARR,ARR,CHF,NSR,NSR,ARR,ARR,ARR,ARR,NSR
508,mitdb/106,2,ARR,ARR,ARR,ARR,ARR,ARR,ARR,ARR,ARR,NSR,NSR,NSR,ARR,NSR,NSR
509,mitdb/106,2,ARR,ARR,ARR,ARR,ARR,ARR,ARR,ARR,NSR,NSR,NSR,NSR,NSR,NSR,NSR
510,mitdb/107,1,ARR,ARR,CHF,CHF,CHF,CHF,NSR,CHF,ARR,ARR,ARR,ARR,ARR,NSR,ARR
511,mitdb/107,1,ARR,CHF,CHF,CHF,CHF,CHF,CHF,CHF,ARR,ARR,ARR,CHF,ARR,ARR,ARR
512,mitdb/107,1,ARR,CHF,ARR,CHF,CHF,CHF,ARR,CHF,ARR,CHF,ARR,CHF,ARR,ARR,ARR
513,mitdb/107,1,ARR,ARR,ARR,NSR,CHF,NSR,ARR,NSR,ARR,NSR,ARR,ARR,ARR,ARR,NSR
514,mitdb/107,1,ARR,ARR,ARR,CHF,ARR,ARR,ARR,NSR,ARR,ARR,ARR,NSR,ARR,NSR,ARR
515,mitdb/107,1,ARR,ARR,ARR,ARR,CHF,ARR,NSR,ARR,ARR,ARR,ARR,ARR,ARR,NSR,ARR
516,mitdb/107,1,ARR,CHF,CHF,CHF,CHF,CHF,CHF,CHF,ARR,ARR,ARR,ARR,CHF,ARR,ARR
517,mitdb/107,1,ARR,ARR,ARR,NSR,NSR,NSR,ARR,ARR,ARR,NSR,ARR,NSR,ARR,NSR,ARR
518,mitdb/107,1,ARR,ARR,ARR,ARR,CHF,NSR,ARR,ARR,ARR,ARR,ARR,NSR,ARR,NSR,ARR
519,mitdb/107,1,ARR,ARR,ARR,ARR,ARR,ARR,ARR,ARR,ARR,ARR,ARR,CHF,CHF,NSR,NSR
520,mitdb/108,4,ARR,ARR,ARR,ARR,ARR,ARR,ARR,ARR,ARR,ARR,ARR,ARR,ARR,ARR,ARR
521,mitdb/108,4,ARR,ARR,ARR,ARR,ARR,ARR,ARR,ARR,ARR,ARR,ARR,ARR,ARR,ARR,ARR
522,mitdb/108,4,ARR,ARR,ARR,ARR,ARR,ARR,ARR,ARR,ARR,ARR,ARR,ARR,ARR,ARR,ARR
523,mitdb/108,4,ARR,CHF,CHF,CHF,NSR,CHF,ARR,NSR,NSR,NSR,NSR,NSR,ARR,NSR,ARR
524,mitdb/108,4,ARR,ARR,ARR,ARR,ARR,ARR,ARR,ARR,ARR,ARR,ARR,ARR,ARR,ARR,ARR
525,mitdb/108,4,ARR,ARR,ARR,ARR,ARR,ARR,ARR,ARR,ARR,ARR,ARR,ARR,ARR,ARR,ARR
526,mitdb/108,4,ARR,ARR,ARR,ARR,ARR,ARR,ARR,ARR,ARR,ARR,ARR,ARR,ARR,ARR,ARR
527,mitdb/108,4,ARR,ARR,ARR,ARR,ARR,ARR,CHF,ARR,ARR,ARR,CHF,ARR,ARR,ARR,ARR
528,mitdb/108,4,ARR,CHF,CHF,CHF,CHF,CHF,ARR,NSR,ARR,NSR,ARR,NSR,ARR,ARR,ARR
529,mitdb/108,4,ARR,ARR,ARR,ARR,ARR,NSR,CHF,CHF,CHF,CHF,CHF,CHF,CHF,CHF,CHF
530,mitdb/109,2,ARR,ARR,ARR,ARR,ARR,ARR,ARR,ARR,CHF,ARR,CHF,ARR,NSR,CHF,NSR
531,mitdb/109,2,ARR,ARR,ARR,ARR,ARR,ARR,ARR,ARR,ARR,ARR,ARR,ARR,ARR,ARR,ARR
532,mitdb/109,2,ARR,ARR,ARR,ARR,ARR,ARR,ARR,ARR,ARR,CHF,CHF,CHF,CHF,CHF,CHF
533,mitdb/109,2,ARR,ARR,ARR,ARR,ARR,ARR,ARR,ARR,ARR,ARR,ARR,ARR,ARR,ARR,ARR
534,mitdb/109,2,ARR,ARR,ARR,ARR,ARR,ARR,ARR,ARR,ARR,CHF,CHF,CHF,CHF,ARR,ARR
535,mitdb/109,2,ARR,ARR,ARR,ARR,ARR,ARR,ARR,ARR,ARR,ARR,ARR,ARR,ARR,ARR,ARR
536,mitdb/109,2,ARR,ARR,ARR,ARR,ARR,ARR,ARR,ARR,ARR,CHF,ARR,CHF,ARR,ARR,ARR
537,mitdb/109,2,ARR,ARR,ARR,ARR,ARR,ARR,ARR,ARR,ARR,ARR,ARR,CHF,CHF,ARR,ARR
538,mitdb/109,2,ARR,ARR,ARR,ARR,ARR,ARR,ARR,ARR,ARR,ARR,ARR,CHF,CHF,ARR,CHF
539,mitdb/109,2,ARR,ARR,ARR,ARR,ARR,ARR,ARR,ARR,ARR,ARR,ARR,CHF,ARR,ARR,ARR
540,mitdb/111,1,ARR,ARR,ARR,ARR,ARR,ARR,ARR,ARR,ARR,ARR,ARR,ARR,CHF,ARR,CHF
541,mitdb/111,1,ARR,ARR,ARR,ARR,ARR,ARR,ARR,ARR,ARR,CHF,CHF,CHF,ARR,CHF,ARR
542,mitdb/111,1,ARR,ARR,ARR,ARR,ARR,ARR,ARR,ARR,CHF,CHF,CHF,CHF,CHF,CHF,CHF
543,mitdb/111,1,ARR,ARR,ARR,ARR,ARR,ARR,ARR,ARR,ARR,ARR,ARR,ARR,ARR,ARR,NSR
544,mitdb/111,1,ARR,ARR,ARR,ARR,NSR,ARR,ARR,ARR,ARR,ARR,CHF,CHF,NSR,CHF,ARR
545,mitdb/111,1,ARR,ARR,ARR,ARR,ARR,ARR,ARR,ARR,ARR,ARR,ARR,NSR,NSR,NSR,ARR
546,mitdb/111,1,ARR,ARR,CHF,ARR,ARR,ARR,ARR,ARR,ARR,NSR,ARR,NSR,NSR,NSR,ARR
547,mitdb/111,1,ARR,ARR,ARR,ARR,ARR,ARR,ARR,ARR,ARR,ARR,ARR,CHF,ARR,ARR,ARR
548,mitdb/111,1,ARR,ARR,ARR,ARR,ARR,ARR,ARR,ARR,ARR,ARR,ARR,NSR,NSR,CHF,ARR
549,mitdb/111,1,ARR,ARR,ARR,ARR,ARR,ARR,ARR,ARR,ARR,ARR,ARR,CHF,ARR,NSR,ARR
550,mitdb/105,3,ARR,ARR,ARR,ARR,ARR,ARR,ARR,ARR,ARR,ARR,ARR,ARR,ARR,ARR,ARR
551,mitdb/105,3,ARR,ARR,CHF,ARR,ARR,ARR,CHF,CHF,ARR,ARR,ARR,ARR,ARR,ARR,ARR
552,mitdb/105,3,ARR,ARR,CHF,ARR,ARR,ARR,ARR,ARR,ARR,ARR,CHF,ARR,CHF,ARR,ARR
553,mitdb/105,3,ARR,ARR,ARR,ARR,ARR,ARR,ARR,ARR,ARR,ARR,ARR,ARR,ARR,ARR,ARR
554,mitdb/105,3,ARR,ARR,ARR,ARR,ARR,ARR,ARR,ARR,ARR,ARR,ARR,ARR,ARR,ARR,ARR
555,mitdb/105,3,ARR,ARR,ARR,ARR,ARR,ARR,ARR,ARR,ARR,CHF,CHF,ARR,CHF,ARR,ARR
556,mitdb/105,3,ARR,ARR,CHF,ARR,ARR,ARR,ARR,CHF,ARR,ARR,CHF,CHF,ARR,ARR,ARR
557,mitdb/105,3,ARR,ARR,CHF,CHF,CHF,CHF,ARR,CHF,ARR,ARR,ARR,ARR,ARR,ARR,ARR
558,mitdb/105,3,ARR,ARR,ARR,ARR,ARR,ARR,ARR,ARR,ARR,CHF,CHF,ARR,ARR,ARR,ARR
559,mitdb/105,3,ARR,ARR,ARR,ARR,ARR,ARR,ARR,ARR,ARR,ARR,CHF,ARR,CHF,ARR,ARR
560,mitdb/112,0,ARR,NSR,ARR,NSR,ARR,NSR,NSR,NSR,NSR,CHF,CHF,ARR,CHF,NSR,NSR
561,mitdb/112,0,ARR,NSR,NSR,NSR,CHF,NSR,NSR,ARR,NSR,NSR,NSR,NSR,NSR,NSR,NSR
562,mitdb/112,0,ARR,NSR,NSR,NSR,NSR,NSR,NSR,NSR,NSR,NSR,NSR,NSR,NSR,NSR,NSR
563,mitdb/112,0,ARR,NSR,NSR,NSR,NSR,NSR,ARR,NSR,NSR,NSR,NSR,NSR,NSR,NSR,NSR
564,mitdb/112,0,ARR,NSR,ARR,NSR,NSR,NSR,NSR,NSR,NSR,NSR,NSR,NSR,NSR,NSR,NSR
565,mitdb/112,0,ARR,ARR,NSR,NSR,NSR,NSR,ARR,NSR,NSR,NSR,NSR,NSR,NSR,NSR,NSR
566,mitdb/112,0,ARR,NSR,NSR,NSR,CHF,NSR,NSR,CHF,ARR,NSR,NSR,NSR,NSR,NSR,ARR
567,mitdb/112,0,ARR,NSR,NSR,NSR,NSR,NSR,NSR,NSR,ARR,ARR,NSR,ARR,ARR,NSR,ARR
568,mitdb/112,0,ARR,NSR,CHF,NSR,CHF,ARR,NSR,ARR,NSR,NSR,NSR,NSR,NSR,NSR,NSR
569,mitdb/112,0,ARR,NSR,NSR,CHF,NSR,NSR,NSR,CHF,NSR,CHF,ARR,NSR,NSR,NSR,NSR
570,mitdb/113,2,ARR,ARR,ARR,ARR,ARR,ARR,ARR,ARR,ARR,ARR,NSR,ARR,ARR,ARR,NSR
571,mitdb/113,2,ARR,ARR,ARR,ARR,ARR,ARR,ARR,ARR,CHF,CHF,CHF,CHF,CHF,CHF,CHF
572,mitdb/113,2,ARR,ARR,ARR,ARR,ARR,ARR,ARR,ARR,CHF,CHF,CHF,CHF,CHF,CHF,CHF
573,mitdb/113,2,ARR,ARR,ARR,ARR,ARR,ARR,ARR,ARR,ARR,ARR,ARR,ARR,ARR,ARR,ARR
574,mitdb/113,2,ARR,ARR,ARR,ARR,ARR,ARR,ARR,ARR,ARR,NSR,NSR,ARR,ARR,ARR,NSR
575,mitdb/113,2,ARR,ARR,ARR,ARR,ARR,ARR,ARR,CHF,NSR,NSR,NSR,NSR,ARR,NSR,NSR
576,mitdb/113,2,ARR,ARR,ARR,ARR,ARR,ARR,ARR,ARR,ARR,NSR,NSR,NSR,NSR,NSR,NSR
577,mitdb/113,2,ARR,ARR,ARR,ARR,ARR,ARR,ARR,ARR,CHF,CHF,CHF,CHF,CHF,CHF,CHF
578,mitdb/113,2,ARR,ARR,ARR,ARR,ARR,ARR,ARR,ARR,CHF,CHF,CHF,CHF,CHF,CHF,CHF
579,mitdb/113,2,ARR,ARR,ARR,ARR,ARR,ARR,ARR,ARR,ARR,CHF,ARR,ARR,ARR,CHF,ARR
580,mitdb/114,1,ARR,ARR,ARR,ARR,ARR,ARR,ARR,ARR,ARR,CHF,ARR,ARR,ARR,ARR,CHF
581,mitdb/114,1,ARR,ARR,ARR,ARR,ARR,ARR,ARR,ARR,ARR,ARR,ARR,ARR,ARR,ARR,ARR
582,mitdb/114,1,ARR,ARR,ARR,ARR,ARR,ARR,NSR,ARR,ARR,ARR,NSR,ARR,CHF,ARR,CHF
583,mitdb/114,1,ARR,ARR,ARR,ARR,ARR,ARR,ARR,ARR,ARR,ARR,ARR,ARR,ARR,ARR,ARR
584,mitdb/114,1,ARR,ARR,ARR,ARR,ARR,ARR,ARR,ARR,ARR,ARR,ARR,ARR,ARR,ARR,ARR
585,mitdb/114,1,ARR,ARR,ARR,ARR,ARR,ARR,ARR,ARR,ARR,ARR,ARR,ARR,ARR,ARR,ARR
586,mitdb/114,1,ARR,ARR,ARR,ARR,ARR,ARR,ARR,ARR,ARR,ARR,ARR,ARR,ARR,ARR,ARR
587,mitdb/114,1,ARR,ARR,ARR,ARR,ARR,ARR,ARR,ARR,ARR,ARR,ARR,ARR,ARR,ARR,ARR
588,mitdb/114,1,ARR,ARR,ARR,ARR,ARR,ARR,ARR,ARR,ARR,ARR,ARR,ARR,ARR,ARR,ARR
589,mitdb/114,1,ARR,ARR,ARR,NSR,ARR,ARR,ARR,ARR,ARR,ARR,ARR,ARR,ARR,ARR,ARR
590,mitdb/115,0,ARR,ARR,ARR,ARR,NSR,NSR,ARR,NSR,CHF,ARR,ARR,ARR,CHF,ARR,ARR
591,mitdb/115,0,ARR,ARR,NSR,ARR,NSR,ARR,CHF,ARR,ARR,CHF,CHF,CHF,CHF,CHF,CHF
592,mitdb/115,0,ARR,ARR,ARR,CHF,ARR,ARR,ARR,ARR,CHF,ARR,CHF,ARR,ARR,ARR,CHF
593,mitdb/115,0,ARR,ARR,ARR,ARR,NSR,CHF,ARR,ARR,ARR,ARR,ARR,ARR,ARR,ARR,CHF
594,mitdb/115,0,ARR,ARR,ARR,ARR,ARR,ARR,ARR,ARR,ARR,ARR,ARR,ARR,ARR,ARR,ARR
595,mitdb/115,0,ARR,ARR,ARR,CHF,ARR,ARR,ARR,ARR,ARR,ARR,ARR,ARR,ARR,ARR,ARR
596,mitdb/115,0,ARR,ARR,NSR,ARR,NSR,ARR,ARR,ARR,ARR,ARR,ARR,ARR,ARR,ARR,ARR
597,mitdb/115,0,ARR,ARR,ARR,ARR,NSR,ARR,ARR,ARR,ARR,ARR,ARR,ARR,ARR,ARR,ARR
598,mitdb/115,0,ARR,ARR,ARR,CHF,NSR,ARR,ARR,CHF,ARR,ARR,ARR,ARR,ARR,ARR,ARR
599,mitdb/115,0,ARR,ARR,ARR,ARR,NSR,CHF,CHF,CHF,CHF,CHF,CHF,CHF,CHF,CHF,CHF
600,mitdb/116,3,ARR,ARR,ARR,NSR,ARR,ARR,ARR,ARR,CHF,CHF,CHF,CHF,CHF,NSR,CHF
601,mitdb/116,3,ARR,ARR,ARR,CHF,ARR,ARR,ARR,CHF,ARR,NSR,CHF,CHF,CHF,CHF,CHF
602,mitdb/116,3,ARR,ARR,CHF,NSR,ARR,NSR,ARR,ARR,ARR,ARR,CHF,CHF,CHF,CHF,CHF
603,mitdb/116,3,ARR,ARR,ARR,CHF,ARR,CHF,CHF,CHF,CHF,CHF,CHF,CHF,CHF,CHF,CHF
604,mitdb/116,3,ARR,ARR,ARR,ARR,ARR,ARR,ARR,CHF,ARR,ARR,CHF,CHF,CHF,CHF,ARR
605,mitdb/116,3,ARR,ARR,ARR,CHF,ARR,CHF,CHF,ARR,ARR,ARR,CHF,CHF,ARR,ARR,CHF
606,mitdb/116,3,ARR,ARR,ARR,CHF,ARR,CHF,ARR,ARR,ARR,ARR,CHF,CHF,CHF,CHF,CHF
607,mitdb/116,3,ARR,ARR,CHF,CHF,CHF,CHF,ARR,CHF,CHF,CHF,CHF,CHF,CHF,CHF,CHF
608,mitdb/116,3,ARR,ARR,ARR,CHF,NSR,CHF,ARR,ARR,ARR,ARR,ARR,ARR,ARR,ARR,ARR
609,mitdb/116,3,ARR,ARR,CHF,CHF,ARR,ARR,CHF,CHF,ARR,ARR,ARR,CHF,ARR,ARR,ARR
610,mitdb/117,2,ARR,ARR,ARR,ARR,ARR,ARR,ARR,ARR,ARR,ARR,ARR,ARR,ARR,ARR,ARR
611,mitdb/117,2,ARR,ARR,ARR,ARR,ARR,ARR,ARR,ARR,ARR,ARR,ARR,ARR,ARR,ARR,ARR
612,mitdb/117,2,ARR,ARR,ARR,ARR,ARR,ARR,ARR,ARR,ARR,ARR,ARR,ARR,ARR,ARR,ARR
613,mitdb/117,2,ARR,ARR,ARR,ARR,ARR,ARR,ARR,ARR,ARR,ARR,ARR,ARR,ARR,ARR,ARR
614,mitdb/117,2,ARR,ARR,ARR,ARR,ARR,ARR,ARR,ARR,ARR,ARR,ARR,ARR,ARR,ARR,ARR
615,mitdb/117,2,ARR,ARR,ARR,ARR,ARR,ARR,ARR,ARR,ARR,ARR,ARR,ARR,ARR,ARR,ARR
616,mitdb/117,2,ARR,ARR,ARR,ARR,ARR,ARR,ARR,ARR,ARR,ARR,ARR,ARR,ARR,ARR,ARR
617,mitdb/117,2,ARR,ARR,ARR,ARR,ARR,ARR,ARR,ARR,ARR,ARR,ARR,ARR,ARR,ARR,ARR
618,mitdb/117,2,ARR,ARR,ARR,ARR,ARR,ARR,ARR,ARR,ARR,ARR,ARR,ARR,ARR,ARR,ARR
619,mitdb/117,2,ARR,ARR,ARR,ARR,ARR,ARR,ARR,ARR,ARR,ARR,ARR,ARR,ARR,ARR,ARR
620,mitdb/118,0,ARR,NSR,NSR,NSR,NSR,NSR,NSR,ARR,ARR,ARR,ARR,ARR,ARR,ARR,NSR
621,mitdb/118,0,ARR,NSR,NSR,NSR,NSR,NSR,ARR,NSR,NSR,NSR,NSR,NSR,NSR,NSR,NSR
622,mitdb/118,0,ARR,NSR,NSR,ARR,NSR,NSR,NSR,NSR,ARR,ARR,ARR,ARR,ARR,ARR,ARR
623,mitdb/118,0,ARR,NSR,NSR,NSR,NSR,NSR,NSR,NSR,CHF,NSR,CHF,NSR,CHF,NSR,CHF
624,mitdb/118,0,ARR,NSR,NSR,NSR,NSR,NSR,NSR,NSR,ARR,ARR,CHF,ARR,ARR,ARR,CHF
625,mitdb/118,0,ARR,NSR,NSR,NSR,NSR,NSR,NSR,NSR,ARR,ARR,ARR,ARR,CHF,CHF,CHF
626,mitdb/118,0,ARR,NSR,ARR,NSR,NSR,NSR,NSR,NSR,ARR,ARR,CHF,ARR,CHF,CHF,NSR
627,mitdb/118,0,ARR,NSR,NSR,NSR,NSR,NSR,NSR,NSR,ARR,ARR,ARR,ARR,ARR,ARR,ARR
628,mitdb/118,0,ARR,NSR,NSR,NSR,NSR,NSR,NSR,NSR,ARR,ARR,ARR,ARR,NSR,ARR,ARR
629,mitdb/118,0,ARR,CHF,NSR,NSR,NSR,NSR,NSR,NSR,ARR,ARR,CHF,ARR,CHF,ARR,CHF
630,mitdb/119,4,ARR,ARR,ARR,ARR,ARR,ARR,ARR,ARR,ARR,ARR,ARR,ARR,ARR,ARR,ARR
631,mitdb/119,4,ARR,ARR,ARR,ARR,ARR,ARR,ARR,ARR,ARR,ARR,ARR,ARR,ARR,ARR,ARR
632,mitdb/119,4,ARR,ARR,ARR,ARR,ARR,CHF,ARR,CHF,ARR,ARR,ARR,ARR,ARR,ARR,ARR
633,mitdb/119,4,ARR,ARR,ARR,ARR,CHF,CHF,ARR,CHF,ARR,ARR,ARR,ARR,ARR,ARR,ARR
634,mitdb/119,4,ARR,ARR,ARR,ARR,ARR,ARR,ARR,ARR,ARR,ARR,ARR,ARR,ARR,ARR,ARR
635,mitdb/119,4,ARR,CHF,CHF,CHF,CHF,CHF,CHF,CHF,ARR,ARR,ARR,ARR,ARR,ARR,ARR
636,mitdb/119,4,ARR,ARR,CHF,ARR,CHF,ARR,CHF,ARR,ARR,ARR,ARR,ARR,ARR,ARR,ARR
637,mitdb/119,4,ARR,ARR,CHF,ARR,CHF,ARR,NSR,ARR,ARR,ARR,ARR,ARR,ARR,ARR,ARR
638,mitdb/119,4,ARR,ARR,ARR,ARR,ARR,ARR,ARR,ARR,ARR,ARR,ARR,ARR,ARR,ARR,ARR
639,mitdb/119,4,ARR,ARR,ARR,ARR,ARR,ARR,ARR,ARR,ARR,ARR,ARR,ARR,ARR,ARR,ARR
640,mitdb/121,4,ARR,ARR,ARR,ARR,ARR,ARR,CHF,ARR,ARR,ARR,ARR,ARR,ARR,ARR,ARR
641,mitdb/121,4,ARR,ARR,ARR,ARR,ARR,ARR,ARR,ARR,ARR,ARR,ARR,ARR,ARR,ARR,ARR
642,mitdb/121,4,ARR,ARR,ARR,ARR,ARR,CHF,ARR,ARR,ARR,ARR,ARR,ARR,ARR,ARR,ARR
643,mitdb/121,4,ARR,ARR,ARR,ARR,ARR,ARR,ARR,ARR,ARR,CHF,ARR,ARR,ARR,CHF,CHF
644,mitdb/121,4,ARR,ARR,ARR,ARR,NSR,ARR,NSR,ARR,ARR,ARR,ARR,ARR,ARR,ARR,ARR
645,mitdb/121,4,ARR,ARR,ARR,ARR,ARR,ARR,ARR,ARR,ARR,ARR,ARR,ARR,ARR,ARR,ARR
646,mitdb/121,4,ARR,ARR,ARR,ARR,ARR,ARR,NSR,ARR,ARR,ARR,ARR,ARR,ARR,ARR,ARR
647,mitdb/121,4,ARR,ARR,CHF,CHF,NSR,CHF,NSR,NSR,ARR,NSR,ARR,NSR,ARR,NSR,NSR
648,mitdb/121,4,ARR,ARR,ARR,ARR,ARR,CHF,ARR,ARR,ARR,ARR,ARR,ARR,ARR,ARR,ARR
649,mitdb/121,4,ARR,ARR,ARR,ARR,ARR,ARR,ARR,ARR,ARR,ARR,ARR,ARR,ARR,ARR,ARR
650,mitdb/122,3,ARR,ARR,NSR,CHF,CHF,ARR,ARR,CHF,NSR,NSR,NSR,NSR,NSR,NSR,NSR
651,mitdb/122,3,ARR,ARR,ARR,ARR,CHF,ARR,ARR,CHF,NSR,NSR,NSR,NSR,NSR,NSR,NSR
652,mitdb/122,3,ARR,ARR,ARR,ARR,ARR,ARR,ARR,ARR,NSR,NSR,NSR,NSR,NSR,NSR,NSR
653,mitdb/122,3,ARR,ARR,ARR,ARR,CHF,ARR,ARR,ARR,NSR,NSR,NSR,NSR,NSR,NSR,NSR
654,mitdb/122,3,ARR,ARR,ARR,ARR,ARR,ARR,ARR,ARR,NSR,NSR,NSR,NSR,NSR,NSR,NSR
655,mitdb/122,3,ARR,ARR,NSR,CHF,CHF,ARR,ARR,CHF,NSR,NSR,NSR,NSR,NSR,NSR,NSR
656,mitdb/122,3,ARR,ARR,ARR,ARR,ARR,ARR,ARR,ARR,NSR,NSR,NSR,NSR,NSR,NSR,NSR
657,mitdb/122,3,ARR,ARR,ARR,ARR,ARR,ARR,ARR,ARR,NSR,NSR,NSR,NSR,NSR,NSR,NSR
658,mitdb/122,3,ARR,NSR,ARR,ARR,ARR,NSR,ARR,NSR,NSR,NSR,NSR,NSR,NSR,NSR,NSR
659,mitdb/122,3,ARR,ARR,ARR,ARR,CHF,ARR,ARR,ARR,NSR,NSR,NSR,NSR,NSR,NSR,NSR
660,mitdb/106,2,ARR,NSR,NSR,NSR,NSR,NSR,NSR,NSR,NSR,NSR,NSR,NSR,NSR,NSR,NSR
661,mitdb/106,2,ARR,ARR,ARR,ARR,ARR,ARR,ARR,ARR,ARR,ARR,ARR,ARR,ARR,ARR,ARR
662,mitdb/106,2,ARR,ARR,ARR,ARR,ARR,ARR,ARR,ARR,ARR,ARR,ARR,CHF,ARR,ARR,ARR
663,mitdb/106,2,ARR,ARR,ARR,ARR,ARR,ARR,ARR,ARR,ARR,ARR,ARR,ARR,ARR,ARR,ARR
664,mitdb/106,2,ARR,NSR,NSR,NSR,NSR,NSR,NSR,NSR,NSR,NSR,NSR,NSR,NSR,NSR,NSR
665,mitdb/106,2,ARR,NSR,ARR,NSR,NSR,NSR,NSR,NSR,ARR,NSR,NSR,NSR,NSR,NSR,NSR
666,mitdb/106,2,ARR,NSR,NSR,NSR,NSR,NSR,NSR,NSR,NSR,NSR,NSR,NSR,NSR,NSR,NSR
667,mitdb/106,2,ARR,NSR,NSR,NSR,NSR,NSR,NSR,ARR,ARR,NSR,ARR,NSR,NSR,ARR,NSR
668,mitdb/106,2,ARR,NSR,NSR,NSR,NSR,NSR,NSR,NSR,NSR,NSR,NSR,NSR,NSR,NSR,NSR
669,mitdb/106,2,ARR,NSR,ARR,NSR,NSR,NSR,NSR,NSR,NSR,NSR,NSR,NSR,NSR,NSR,NSR
670,mitdb/123,4,ARR,ARR,NSR,NSR,NSR,NSR,NSR,NSR,ARR,ARR,ARR,CHF,ARR,ARR,ARR
671,mitdb/123,4,ARR,ARR,ARR,ARR,CHF,ARR,NSR,ARR,ARR,ARR,ARR,ARR,ARR,ARR,ARR
672,mitdb/123,4,ARR,ARR,ARR,ARR,ARR,ARR,ARR,ARR,ARR,ARR,ARR,ARR,ARR,ARR,ARR
673,mitdb/123,4,ARR,ARR,ARR,ARR,ARR,ARR,ARR,ARR,ARR,ARR,ARR,ARR,ARR,ARR,ARR
674,mitdb/123,4,ARR,ARR,ARR,ARR,ARR,ARR,ARR,ARR,ARR,ARR,ARR,ARR,ARR,ARR,ARR
675,mitdb/123,4,ARR,ARR,NSR,ARR,ARR,ARR,NSR,ARR,ARR,ARR,ARR,ARR,ARR,ARR,ARR
676,mitdb/123,4,ARR,ARR,ARR,ARR,ARR,ARR,ARR,ARR,ARR,ARR,ARR,ARR,ARR,ARR,ARR
677,mitdb/123,4,ARR,ARR,ARR,ARR,ARR,ARR,ARR,ARR,ARR,ARR,ARR,ARR,ARR,ARR,ARR
678,mitdb/123,4,ARR,ARR,ARR,NSR,ARR,ARR,ARR,ARR,ARR,ARR,ARR,ARR,ARR,ARR,ARR
679,mitdb/123,4,ARR,ARR,ARR,NSR,ARR,ARR,ARR,ARR,ARR,ARR,ARR,ARR,ARR,ARR,ARR
680,mitdb/124,2,ARR,ARR,ARR,ARR,NSR,ARR,ARR,ARR,ARR,NSR,NSR,ARR,ARR,ARR,NSR
681,mitdb/124,2,ARR,ARR,ARR,ARR,CHF,ARR,ARR,ARR,NSR,NSR,NSR,ARR,ARR,NSR,NSR
682,mitdb/124,2,ARR,ARR,ARR,ARR,ARR,ARR,ARR,ARR,ARR,ARR,ARR,ARR,ARR,ARR,ARR
683,mitdb/124,2,ARR,ARR,ARR,ARR,ARR,ARR,ARR,ARR,NSR,NSR,NSR,NSR,ARR,NSR,ARR
684,mitdb/124,2,ARR,ARR,NSR,ARR,ARR,ARR,ARR,ARR,ARR,ARR,ARR,ARR,ARR,ARR,ARR
685,mitdb/124,2,ARR,ARR,ARR,ARR,ARR,ARR,NSR,ARR,ARR,ARR,ARR,ARR,ARR,ARR,ARR
686,mitdb/124,2,ARR,ARR,ARR,NSR,NSR,CHF,NSR,NSR,CHF,CHF,CHF,CHF,CHF,CHF,ARR
687,mitdb/124,2,ARR,ARR,ARR,ARR,NSR,ARR,NSR,ARR,ARR,ARR,ARR,ARR,ARR,ARR,ARR
688,mitdb/124,2,ARR,NSR,NSR,NSR,ARR,ARR,NSR,NSR,CHF,CHF,CHF,CHF,ARR,CHF,CHF
689,mitdb/124,2,ARR,ARR,ARR,ARR,NSR,ARR,NSR,ARR,ARR,ARR,ARR,ARR,ARR,ARR,ARR
690,mitdb/200,3,ARR,ARR,ARR,ARR,ARR,ARR,ARR,ARR,ARR,CHF,ARR,CHF,ARR,ARR,CHF
691,mitdb/200,3,ARR,ARR,ARR,ARR,ARR,ARR,NSR,ARR,ARR,ARR,ARR,ARR,ARR,ARR,ARR
692,mitdb/200,3,ARR,ARR,ARR,ARR,ARR,ARR,ARR,ARR,ARR,ARR,ARR,ARR,ARR,ARR,ARR
693,mitdb/200,3,ARR,ARR,ARR,ARR,CHF,ARR,CHF,NSR,ARR,CHF,NSR,CHF,NSR,NSR,NSR
694,mitdb/200,3,ARR,ARR,ARR,CHF,ARR,ARR,NSR,ARR,CHF,CHF,CHF,CHF,CHF,CHF,CHF
695,mitdb/200,3,ARR,ARR,ARR,CHF,ARR,ARR,NSR,ARR,CHF,CHF,CHF,CHF,CHF,CHF,CHF
696,mitdb/200,3,ARR,ARR,ARR,CHF,ARR,NSR,CHF,ARR,CHF,CHF,CHF,CHF,ARR,CHF,CHF
697,mitdb/200,3,ARR,ARR,ARR,ARR,ARR,ARR,ARR,ARR,CHF,CHF,ARR,CHF,ARR,CHF,CHF
698,mitdb/200,3,ARR,ARR,ARR,ARR,ARR,ARR,ARR,ARR,ARR,CHF,ARR,CHF,ARR,NSR,ARR
699,mitdb/200,3,ARR,ARR,ARR,ARR,ARR,ARR,ARR,ARR,ARR,ARR,ARR,ARR,ARR,ARR,ARR
700,mitdb/201-202,0,ARR,ARR,ARR,ARR,ARR,ARR,ARR,ARR,ARR,ARR,ARR,ARR,CHF,NSR,NSR
701,mitdb/201-202,0,ARR,ARR,ARR,ARR,ARR,ARR,ARR,ARR,ARR,ARR,ARR,ARR,ARR,ARR,ARR
702,mitdb/201-202,0,ARR,ARR,ARR,ARR,ARR,ARR,ARR,ARR,ARR,ARR,ARR,ARR,NSR,NSR,ARR
703,mitdb/201-202,0,ARR,ARR,ARR,ARR,ARR,ARR,ARR,ARR,ARR,ARR,CHF,ARR,ARR,ARR,CHF
704,mitdb/201-202,0,ARR,ARR,ARR,ARR,ARR,ARR,ARR,ARR,ARR,ARR,CHF,ARR,ARR,ARR,CHF
705,mitdb/201-202,0,ARR,ARR,ARR,NSR,ARR,ARR,ARR,ARR,ARR,ARR,ARR,ARR,ARR,ARR,ARR
706,mitdb/201-202,0,ARR,ARR,ARR,NSR,ARR,ARR,ARR,ARR,ARR,ARR,ARR,ARR,ARR,ARR,CHF
707,mitdb/201-202,0,ARR,ARR,ARR,NSR,ARR,ARR,ARR,ARR,ARR,ARR,CHF,ARR,CHF,ARR,ARR
708,mitdb/201-202,0,ARR,ARR,ARR,NSR,ARR,NSR,ARR,ARR,ARR,ARR,CHF,ARR,ARR,ARR,CHF
709,mitdb/201-202,0,ARR,ARR,ARR,ARR,ARR,ARR,ARR,ARR,ARR,ARR,ARR,ARR,ARR,ARR,ARR
710,mitdb/201-202,0,ARR,ARR,ARR,ARR,ARR,ARR,ARR,ARR,ARR,ARR,ARR,ARR,CHF,ARR,ARR
711,mitdb/201-202,0,ARR,ARR,ARR,ARR,ARR,ARR,ARR,ARR,ARR,ARR,ARR,ARR,ARR,ARR,ARR
712,mitdb/201-202,0,ARR,ARR,ARR,ARR,ARR,ARR,ARR,ARR,ARR,ARR,ARR,ARR,ARR,ARR,ARR
713,mitdb/201-202,0,ARR,ARR,ARR,ARR,ARR,ARR,ARR,ARR,ARR,ARR,ARR,ARR,ARR,ARR,ARR
714,mitdb/201-202,0,ARR,ARR,ARR,ARR,ARR,ARR,ARR,ARR,ARR,ARR,ARR,ARR,ARR,ARR,ARR
715,mitdb/201-202,0,ARR,ARR,ARR,ARR,ARR,ARR,ARR,ARR,ARR,ARR,ARR,ARR,ARR,ARR,ARR
716,mitdb/201-202,0,ARR,ARR,ARR,ARR,ARR,ARR,ARR,ARR,ARR,ARR,ARR,ARR,ARR,ARR,ARR
717,mitdb/201-202,0,ARR,ARR,ARR,ARR,ARR,ARR,ARR,ARR,ARR,ARR,ARR,ARR,ARR,ARR,ARR
718,mitdb/201-202,0,ARR,ARR,ARR,ARR,ARR,ARR,ARR,ARR,ARR,ARR,ARR,ARR,ARR,ARR,ARR
719,mitdb/201-202,0,ARR,ARR,ARR,ARR,ARR,ARR,ARR,ARR,ARR,ARR,ARR,ARR,ARR,ARR,ARR
720,mitdb/203,2,ARR,ARR,ARR,ARR,ARR,ARR,ARR,ARR,ARR,ARR,ARR,ARR,ARR,ARR,ARR
721,mitdb/203,2,ARR,ARR,ARR,ARR,ARR,ARR,ARR,ARR,ARR,ARR,ARR,ARR,CHF,ARR,ARR
722,mitdb/203,2,ARR,ARR,ARR,ARR,ARR,ARR,ARR,ARR,ARR,ARR,ARR,ARR,ARR,ARR,ARR
723,mitdb/203,2,ARR,ARR,CHF,ARR,ARR,ARR,ARR,ARR,ARR,ARR,ARR,ARR,ARR,ARR,ARR
724,mitdb/203,2,ARR,ARR,ARR,CHF,ARR,ARR,ARR,ARR,ARR,ARR,ARR,ARR,ARR,ARR,ARR
725,mitdb/203,2,ARR,ARR,ARR,ARR,ARR,ARR,ARR,ARR,ARR,ARR,ARR,ARR,ARR,ARR,ARR
726,mitdb/203,2,ARR,ARR,ARR,ARR,ARR,ARR,ARR,ARR,ARR,ARR,ARR,ARR,ARR,ARR,ARR
727,mitdb/203,2,ARR,ARR,CHF,ARR,ARR,ARR,ARR,ARR,ARR,ARR,ARR,ARR,ARR,ARR,CHF
728,mitdb/203,2,ARR,ARR,ARR,ARR,ARR,ARR,ARR,ARR,ARR,ARR,ARR,ARR,ARR,ARR,ARR
729,mitdb/203,2,ARR,ARR,ARR,ARR,ARR,ARR,ARR,ARR,ARR,ARR,ARR,ARR,ARR,ARR,ARR
730,mitdb/205,4,ARR,ARR,ARR,NSR,ARR,NSR,NSR,NSR,ARR,CHF,CHF,CHF,CHF,CHF,CHF
731,mitdb/205,4,ARR,ARR,ARR,ARR,ARR,ARR,NSR,NSR,ARR,CHF,CHF,CHF,ARR,CHF,CHF
732,mitdb/205,4,ARR,NSR,NSR,NSR,ARR,NSR,NSR,NSR,CHF,CHF,CHF,CHF,NSR,CHF,CHF
733,mitdb/205,4,ARR,NSR,NSR,NSR,NSR,NSR,NSR,NSR,CHF,ARR,CHF,CHF,CHF,CHF,CHF
734,mitdb/205,4,ARR,ARR,ARR,ARR,ARR,ARR,ARR,ARR,ARR,ARR,ARR,CHF,ARR,ARR,CHF
735,mitdb/205,4,ARR,NSR,NSR,NSR,ARR,NSR,NSR,NSR,ARR,CHF,ARR,NSR,CHF,CHF,ARR
736,mitdb/205,4,ARR,ARR,ARR,NSR,ARR,NSR,NSR,NSR,ARR,CHF,CHF,CHF,CHF,CHF,CHF
737,mitdb/205,4,ARR,NSR,NSR,NSR,NSR,NSR,NSR,NSR,CHF,CHF,CHF,CHF,CHF,CHF,CHF
738,mitdb/205,4,ARR,NSR,ARR,NSR,ARR,ARR,NSR,NSR,CHF,CHF,CHF,CHF,CHF,CHF,CHF
739,mitdb/205,4,ARR,NSR,ARR,NSR,NSR,NSR,NSR,NSR,ARR,NSR,ARR,CHF,ARR,NSR,ARR
740,mitdb/207,2,ARR,ARR,ARR,ARR,ARR,ARR,ARR,ARR,ARR,ARR,ARR,ARR,ARR,ARR,ARR
741,mitdb/207,2,ARR,ARR,ARR,ARR,ARR,ARR,ARR,ARR,CHF,CHF,ARR,ARR,ARR,CHF,ARR
742,mitdb/207,2,ARR,ARR,ARR,ARR,ARR,ARR,ARR,ARR,ARR,CHF,CHF,CHF,CHF,CHF,ARR
743,mitdb/207,2,ARR,ARR,ARR,ARR,ARR,ARR,ARR,ARR,ARR,ARR,ARR,ARR,ARR,ARR,CHF
744,mitdb/207,2,ARR,ARR,ARR,ARR,ARR,ARR,ARR,ARR,ARR,CHF,ARR,CHF,ARR,ARR,ARR
745,mitdb/207,2,ARR,ARR,ARR,ARR,ARR,ARR,ARR,ARR,ARR,ARR,ARR,ARR,ARR,ARR,ARR
746,mitdb/207,2,ARR,ARR,CHF,ARR,ARR,ARR,ARR,ARR,CHF,CHF,CHF,CHF,CHF,CHF,CHF
747,mitdb/207,2,ARR,ARR,ARR,ARR,ARR,ARR,ARR,ARR,ARR,ARR,CHF,ARR,CHF,ARR,CHF
748,mitdb/207,2,ARR,ARR,ARR,ARR,ARR,ARR,ARR,CHF,ARR,CHF,ARR,CHF,CHF,CHF,CHF
749,mitdb/207,2,ARR,ARR,CHF,ARR,ARR,CHF,ARR,ARR,ARR,ARR,CHF,ARR,ARR,ARR,ARR
750,mitdb/208,1,ARR,ARR,ARR,ARR,ARR,ARR,ARR,ARR,ARR,ARR,ARR,ARR,ARR,ARR,ARR
751,mitdb/208,1,ARR,ARR,ARR,ARR,ARR,ARR,ARR,ARR,ARR,ARR,ARR,ARR,ARR,ARR,ARR
752,mitdb/208,1,ARR,ARR,ARR,ARR,ARR,ARR,ARR,ARR,ARR,ARR,ARR,ARR,ARR,ARR,ARR
753,mitdb/208,1,ARR,ARR,ARR,ARR,ARR,ARR,ARR,ARR,ARR,ARR,ARR,ARR,ARR,ARR,ARR
754,mitdb/208,1,ARR,ARR,NSR,CHF,ARR,ARR,NSR,ARR,ARR,ARR,CHF,ARR,ARR,ARR,ARR
755,mitdb/208,1,ARR,ARR,ARR,ARR,ARR,ARR,ARR,ARR,ARR,ARR,ARR,ARR,ARR,ARR,ARR
756,mitdb/208,1,ARR,ARR,ARR,ARR,ARR,ARR,ARR,ARR,ARR,ARR,ARR,ARR,ARR,ARR,ARR
757,mitdb/208,1,ARR,ARR,ARR,ARR,ARR,ARR,ARR,ARR,ARR,ARR,ARR,CHF,ARR,ARR,ARR
758,mitdb/208,1,ARR,ARR,ARR,ARR,ARR,ARR,ARR,ARR,ARR,ARR,CHF,CHF,CHF,CHF,CHF
759,mitdb/208,1,ARR,ARR,ARR,ARR,ARR,ARR,ARR,ARR,ARR,CHF,CHF,CHF,CHF,CHF,ARR
760,mitdb/209,0,ARR,ARR,ARR,NSR,ARR,NSR,ARR,ARR,CHF,NSR,ARR,NSR,NSR,ARR,CHF
761,mitdb/209,0,ARR,ARR,ARR,NSR,NSR,NSR,ARR,ARR,NSR,NSR,NSR,NSR,NSR,NSR,NSR
762,mitdb/209,0,ARR,ARR,ARR,ARR,ARR,ARR,ARR,ARR,NSR,NSR,NSR,NSR,NSR,NSR,NSR
763,mitdb/209,0,ARR,ARR,ARR,ARR,ARR,ARR,ARR,ARR,NSR,NSR,NSR,NSR,NSR,NSR,NSR
764,mitdb/209,0,ARR,ARR,ARR,CHF,ARR,ARR,ARR,ARR,NSR,NSR,NSR,ARR,NSR,CHF,NSR
765,mitdb/209,0,ARR,NSR,NSR,CHF,NSR,NSR,CHF,ARR,NSR,ARR,NSR,NSR,NSR,NSR,NSR
766,mitdb/209,0,ARR,NSR,ARR,NSR,NSR,ARR,NSR,ARR,NSR,ARR,NSR,NSR,NSR,NSR,NSR
767,mitdb/209,0,ARR,ARR,ARR,NSR,ARR,ARR,ARR,ARR,ARR,CHF,NSR,NSR,CHF,NSR,NSR
768,mitdb/209,0,ARR,ARR,ARR,NSR,NSR,NSR,ARR,ARR,NSR,NSR,NSR,NSR,NSR,NSR,NSR
769,mitdb/209,0,ARR,ARR,ARR,NSR,ARR,ARR,ARR,ARR,NSR,CHF,ARR,NSR,NSR,NSR,NSR
770,mitdb/107,1,ARR,CHF,CHF,ARR,CHF,ARR,CHF,CHF,ARR,ARR,ARR,CHF,ARR,ARR,ARR
771,mitdb/107,1,ARR,ARR,CHF,ARR,CHF,ARR,NSR,CHF,CHF,ARR,ARR,CHF,CHF,CHF,CHF
772,mitdb/107,1,ARR,ARR,ARR,ARR,NSR,CHF,ARR,ARR,CHF,CHF,ARR,CHF,CHF,CHF,CHF
773,mitdb/107,1,ARR,ARR,ARR,CHF,ARR,ARR,ARR,ARR,CHF,ARR,ARR,CHF,CHF,CHF,CHF
774,mitdb/107,1,ARR,ARR,ARR,ARR,ARR,ARR,ARR,ARR,CHF,CHF,ARR,CHF,CHF,CHF,CHF
775,mitdb/107,1,ARR,ARR,ARR,CHF,ARR,ARR,ARR,ARR,ARR,ARR,CHF,ARR,CHF,CHF,CHF
776,mitdb/107,1,ARR,ARR,ARR,ARR,ARR,ARR,ARR,ARR,CHF,ARR,ARR,CHF,ARR,NSR,ARR
777,mitdb/107,1,ARR,ARR,CHF,NSR,CHF,CHF,CHF,CHF,ARR,ARR,ARR,ARR,ARR,NSR,ARR
778,mitdb/107,1,ARR,ARR,CHF,NSR,CHF,ARR,NSR,CHF,ARR,ARR,ARR,ARR,ARR,NSR,CHF
779,mitdb/107,1,ARR,ARR,ARR,ARR,NSR,ARR,ARR,ARR,ARR,ARR,ARR,CHF,ARR,NSR,CHF
780,mitdb/210,4,ARR,ARR,ARR,ARR,ARR,ARR,ARR,ARR,ARR,ARR,ARR,ARR,ARR,ARR,ARR
781,mitdb/210,4,ARR,ARR,ARR,ARR,ARR,ARR,ARR,ARR,ARR,ARR,ARR,ARR,ARR,ARR,ARR
782,mitdb/210,4,ARR,NSR,ARR,NSR,ARR,NSR,ARR,ARR,NSR,NSR,NSR,NSR,NSR,NSR,NSR
783,mitdb/210,4,ARR,ARR,ARR,ARR,ARR,ARR,ARR,ARR,ARR,ARR,ARR,ARR,ARR,ARR,ARR
784,mitdb/210,4,ARR,ARR,ARR,ARR,ARR,ARR,ARR,ARR,ARR,ARR,ARR,ARR,ARR,ARR,ARR
785,mitdb/210,4,ARR,ARR,ARR,ARR,ARR,ARR,ARR,ARR,ARR,ARR,ARR,ARR,ARR,ARR,ARR
786,mitdb/210,4,ARR,ARR,ARR,ARR,ARR,ARR,ARR,ARR,ARR,CHF,ARR,CHF,ARR,ARR,ARR
787,mitdb/210,4,ARR,ARR,ARR,ARR,ARR,ARR,ARR,ARR,ARR,ARR,ARR,ARR,ARR,ARR,ARR
788,mitdb/210,4,ARR,ARR,ARR,ARR,ARR,ARR,ARR,ARR,ARR,ARR,ARR,ARR,ARR,ARR,ARR
789,mitdb/210,4,ARR,ARR,ARR,ARR,ARR,ARR,ARR,ARR,ARR,ARR,CHF,CHF,ARR,ARR,CHF
790,mitdb/212,3,ARR,ARR,ARR,ARR,ARR,ARR,ARR,ARR,NSR,NSR,NSR,NSR,NSR,NSR,NSR
791,mitdb/212,3,ARR,ARR,ARR,ARR,ARR,ARR,ARR,ARR,NSR,NSR,NSR,NSR,NSR,NSR,NSR
792,mitdb/212,3,ARR,ARR,ARR,ARR,ARR,ARR,ARR,ARR,ARR,ARR,ARR,ARR,ARR,ARR,ARR
793,mitdb/212,3,ARR,ARR,ARR,ARR,ARR,ARR,ARR,ARR,CHF,CHF,CHF,CHF,CHF,CHF,CHF
794,mitdb/212,3,ARR,ARR,NSR,ARR,ARR,ARR,NSR,ARR,ARR,CHF,CHF,CHF,ARR,ARR,CHF
795,mitdb/212,3,ARR,ARR,ARR,ARR,ARR,ARR,ARR,ARR,ARR,ARR,ARR,ARR,ARR,ARR,ARR
796,mitdb/212,3,ARR,ARR,CHF,ARR,ARR,NSR,ARR,ARR,CHF,CHF,CHF,CHF,CHF,CHF,CHF
797,mitdb/212,3,ARR,ARR,ARR,ARR,ARR,ARR,ARR,ARR,ARR,ARR,ARR,CHF,ARR,ARR,ARR
798,mitdb/212,3,ARR,ARR,ARR,ARR,ARR,ARR,NSR,ARR,ARR,CHF,CHF,CHF,CHF,CHF,CHF
799,mitdb/212,3,ARR,ARR,ARR,ARR,ARR,ARR,ARR,ARR,CHF,CHF,CHF,CHF,CHF,CHF,CHF
800,mitdb/213,4,ARR,ARR,CHF,CHF,CHF,CHF,ARR,CHF,ARR,CHF,ARR,CHF,CHF,CHF,ARR
801,mitdb/213,4,ARR,CHF,CHF,CHF,CHF,CHF,CHF,CHF,CHF,CHF,CHF,CHF,CHF,CHF,CHF
802,mitdb/213,4,ARR,CHF,CHF,CHF,CHF,CHF,CHF,CHF,ARR,ARR,ARR,ARR,ARR,ARR,ARR
803,mitdb/213,4,ARR,CHF,CHF,CHF,CHF,CHF,CHF,CHF,ARR,CHF,CHF,ARR,ARR,CHF,ARR
804,mitdb/213,4,ARR,CHF,CHF,CHF,CHF,CHF,CHF,CHF,ARR,CHF,ARR,CHF,CHF,CHF,ARR
805,mitdb/213,4,ARR,ARR,CHF,ARR,CHF,ARR,ARR,ARR,ARR,CHF,CHF,CHF,CHF,CHF,CHF
806,mitdb/213,4,ARR,CHF,CHF,CHF,CHF,CHF,CHF,CHF,ARR,CHF,CHF,CHF,ARR,CHF,CHF
807,mitdb/213,4,ARR,ARR,CHF,CHF,CHF,ARR,ARR,ARR,ARR,ARR,ARR,ARR,ARR,ARR,ARR
808,mitdb/213,4,ARR,ARR,CHF,ARR,CHF,ARR,ARR,ARR,ARR,ARR,ARR,ARR,ARR,ARR,ARR
809,mitdb/213,4,ARR,CHF,CHF,ARR,CHF,CHF,ARR,ARR,ARR,ARR,ARR,ARR,ARR,CHF,ARR
810,mitdb/214,1,ARR,ARR,ARR,ARR,ARR,ARR,ARR,ARR,ARR,ARR,ARR,ARR,NSR,ARR,NSR
811,mitdb/214,1,ARR,ARR,CHF,ARR,ARR,ARR,CHF,ARR,ARR,ARR,ARR,CHF,NSR,CHF,ARR
812,mitdb/214,1,ARR,ARR,CHF,NSR,ARR,CHF,CHF,ARR,CHF,CHF,CHF,CHF,CHF,CHF,CHF
813,mitdb/214,1,ARR,ARR,ARR,CHF,ARR,ARR,NSR,ARR,ARR,ARR,ARR,ARR,ARR,ARR,NSR
814,mitdb/214,1,ARR,ARR,ARR,ARR,ARR,ARR,ARR,ARR,ARR,ARR,ARR,CHF,NSR,CHF,ARR
815,mitdb/214,1,ARR,ARR,CHF,ARR,ARR,ARR,ARR,ARR,ARR,CHF,ARR,CHF,NSR,CHF,ARR
816,mitdb/214,1,ARR,ARR,CHF,NSR,ARR,CHF,CHF,ARR,CHF,CHF,CHF,CHF,CHF,CHF,CHF
817,mitdb/214,1,ARR,ARR,CHF,NSR,ARR,CHF,CHF,ARR,CHF,CHF,CHF,CHF,CHF,CHF,CHF
818,mitdb/214,1,ARR,ARR,ARR,ARR,ARR,ARR,ARR,ARR,ARR,ARR,ARR,ARR,ARR,ARR,NSR
819,mitdb/214,1,ARR,ARR,ARR,ARR,ARR,ARR,ARR,ARR,ARR,CHF,ARR,CHF,ARR,NSR,ARR
820,mitdb/215,1,ARR,CHF,ARR,NSR,ARR,ARR,ARR,ARR,ARR,ARR,NSR,CHF,CHF,ARR,CHF
821,mitdb/215,1,ARR,ARR,ARR,ARR,ARR,ARR,ARR,ARR,ARR,ARR,CHF,ARR,ARR,CHF,CHF
822,mitdb/215,1,ARR,ARR,ARR,ARR,ARR,NSR,ARR,ARR,ARR,CHF,CHF,CHF,ARR,CHF,CHF
823,mitdb/215,1,ARR,ARR,ARR,ARR,ARR,ARR,ARR,ARR,CHF,CHF,CHF,CHF,CHF,CHF,CHF
824,mitdb/215,1,ARR,ARR,ARR,ARR,ARR,ARR,ARR,ARR,ARR,ARR,CHF,ARR,ARR,CHF,CHF
825,mitdb/215,1,ARR,ARR,ARR,ARR,ARR,ARR,ARR,ARR,CHF,CHF,CHF,CHF,CHF,NSR,CHF
826,mitdb/215,1,ARR,ARR,ARR,ARR,ARR,ARR,ARR,ARR,CHF,CHF,CHF,CHF,CHF,CHF,CHF
827,mitdb/215,1,ARR,ARR,ARR,ARR,ARR,ARR,ARR,ARR,ARR,CHF,CHF,CHF,CHF,CHF,CHF
828,mitdb/215,1,ARR,ARR,ARR,ARR,ARR,ARR,ARR,ARR,ARR,ARR,ARR,ARR,ARR,ARR,ARR
829,mitdb/215,1,ARR,CHF,ARR,ARR,ARR,ARR,CHF,ARR,CHF,CHF,CHF,CHF,CHF,CHF,CHF
830,mitdb/217,1,ARR,ARR,ARR,ARR,ARR,ARR,CHF,ARR,ARR,ARR,CHF,NSR,CHF,NSR,CHF
831,mitdb/217,1,ARR,ARR,ARR,ARR,ARR,ARR,ARR,ARR,ARR,ARR,NSR,ARR,CHF,CHF,CHF
832,mitdb/217,1,ARR,ARR,ARR,ARR,ARR,ARR,ARR,NSR,ARR,ARR,CHF,ARR,CHF,NSR,CHF
833,mitdb/217,1,ARR,ARR,ARR,ARR,ARR,ARR,ARR,NSR,ARR,ARR,CHF,ARR,CHF,CHF,CHF
834,mitdb/217,1,ARR,ARR,ARR,ARR,ARR,ARR,CHF,ARR,ARR,ARR,ARR,ARR,ARR,CHF,ARR
835,mitdb/217,1,ARR,ARR,ARR,ARR,ARR,ARR,ARR,ARR,CHF,CHF,CHF,CHF,ARR,CHF,ARR
836,mitdb/217,1,ARR,ARR,ARR,ARR,ARR,ARR,ARR,ARR,ARR,ARR,ARR,CHF,NSR,ARR,NSR
837,mitdb/217,1,ARR,ARR,ARR,ARR,ARR,ARR,CHF,ARR,ARR,ARR,CHF,ARR,CHF,ARR,CHF
838,mitdb/217,1,ARR,ARR,ARR,ARR,ARR,ARR,ARR,ARR,ARR,ARR,CHF,ARR,CHF,NSR,CHF
839,mitdb/217,1,ARR,ARR,ARR,ARR,ARR,ARR,ARR,ARR,ARR,NSR,CHF,ARR,CHF,ARR,NSR
840,mitdb/219,1,ARR,ARR,ARR,ARR,CHF,ARR,NSR,ARR,ARR,ARR,ARR,ARR,ARR,ARR,ARR
841,mitdb/219,1,ARR,ARR,NSR,NSR,CHF,NSR,CHF,NSR,ARR,ARR,ARR,ARR,ARR,ARR,ARR
842,mitdb/219,1,ARR,ARR,NSR,NSR,CHF,NSR,NSR,NSR,ARR,CHF,ARR,ARR,ARR,CHF,ARR
843,mitdb/219,1,ARR,ARR,CHF,CHF,CHF,CHF,ARR,CHF,ARR,ARR,CHF,NSR,ARR,ARR,ARR
844,mitdb/219,1,ARR,NSR,NSR,NSR,NSR,NSR,NSR,NSR,ARR,ARR,ARR,ARR,ARR,ARR,ARR
845,mitdb/219,1,ARR,ARR,ARR,ARR,ARR,ARR,ARR,ARR,ARR,CHF,ARR,CHF,ARR,ARR,ARR
846,mitdb/219,1,ARR,ARR,ARR,ARR,NSR,ARR,ARR,ARR,ARR,ARR,ARR,ARR,CHF,ARR,CHF
847,mitdb/219,1,ARR,ARR,CHF,NSR,CHF,NSR,NSR,NSR,ARR,ARR,ARR,ARR,ARR,ARR,ARR
848,mitdb/219,1,ARR,NSR,NSR,NSR,NSR,NSR,NSR,NSR,ARR,CHF,ARR,ARR,ARR,ARR,ARR
849,mitdb/219,1,ARR,NSR,NSR,NSR,NSR,NSR,NSR,NSR,ARR,CHF,ARR,ARR,ARR,ARR,CHF
850,mitdb/220,3,ARR,ARR,ARR,ARR,ARR,NSR,ARR,NSR,ARR,ARR,ARR,ARR,ARR,ARR,ARR
851,mitdb/220,3,ARR,CHF,NSR,NSR,NSR,NSR,CHF,NSR,ARR,ARR,ARR,ARR,ARR,ARR,ARR
852,mitdb/220,3,ARR,ARR,ARR,CHF,ARR,ARR,CHF,CHF,ARR,ARR,ARR,ARR,ARR,ARR,ARR
853,mitdb/220,3,ARR,NSR,NSR,NSR,NSR,NSR,NSR,NSR,ARR,ARR,ARR,ARR,ARR,ARR,ARR
854,mitdb/220,3,ARR,NSR,NSR,NSR,NSR,NSR,NSR,NSR,ARR,ARR,ARR,ARR,ARR,ARR,ARR
855,mitdb/220,3,ARR,NSR,NSR,NSR,NSR,NSR,NSR,NSR,ARR,ARR,ARR,ARR,ARR,ARR,ARR
856,mitdb/220,3,ARR,ARR,ARR,ARR,ARR,ARR,ARR,ARR,ARR,ARR,ARR,ARR,ARR,ARR,ARR
857,mitdb/220,3,ARR,ARR,ARR,ARR,ARR,ARR,ARR,ARR,ARR,CHF,CHF,CHF,ARR,ARR,ARR
858,mitdb/220,3,ARR,NSR,NSR,NSR,NSR,ARR,NSR,NSR,ARR,ARR,ARR,ARR,ARR,ARR,ARR
859,mitdb/220,3,ARR,NSR,NSR,NSR,NSR,NSR,ARR,NSR,ARR,ARR,ARR,ARR,ARR,ARR,ARR
860,mitdb/221,0,ARR,ARR,ARR,ARR,ARR,ARR,ARR,ARR,ARR,ARR,ARR,ARR,ARR,ARR,ARR
861,mitdb/221,0,ARR,ARR,ARR,ARR,ARR,ARR,ARR,ARR,ARR,ARR,ARR,ARR,ARR,ARR,ARR
862,mitdb/221,0,ARR,ARR,ARR,ARR,ARR,ARR,ARR,ARR,ARR,ARR,ARR,ARR,ARR,ARR,ARR
863,mitdb/221,0,ARR,ARR,ARR,ARR,ARR,ARR,ARR,ARR,ARR,ARR,ARR,ARR,ARR,ARR,ARR
864,mitdb/221,0,ARR,ARR,ARR,ARR,ARR,ARR,ARR,ARR,ARR,ARR,ARR,ARR,ARR,ARR,ARR
865,mitdb/221,0,ARR,ARR,ARR,ARR,ARR,ARR,ARR,ARR,ARR,ARR,ARR,ARR,ARR,ARR,ARR
866,mitdb/221,0,ARR,ARR,ARR,ARR,ARR,ARR,ARR,ARR,ARR,ARR,ARR,ARR,ARR,ARR,ARR
867,mitdb/221,0,ARR,ARR,ARR,ARR,ARR,ARR,ARR,ARR,ARR,ARR,ARR,ARR,ARR,ARR,ARR
868,mitdb/221,0,ARR,ARR,ARR,ARR,ARR,ARR,ARR,CHF,ARR,ARR,ARR,ARR,ARR,ARR,ARR
869,mitdb/221,0,ARR,ARR,ARR,ARR,ARR,ARR,ARR,ARR,ARR,CHF,CHF,CHF,NSR,CHF,CHF
870,mitdb/222,2,ARR,ARR,CHF,ARR,ARR,CHF,ARR,CHF,ARR,ARR,ARR,ARR,ARR,ARR,ARR
871,mitdb/222,2,ARR,ARR,ARR,ARR,ARR,ARR,ARR,ARR,ARR,ARR,ARR,ARR,ARR,ARR,ARR
872,mitdb/222,2,ARR,ARR,ARR,ARR,ARR,ARR,ARR,ARR,ARR,ARR,ARR,ARR,ARR,ARR,ARR
873,mitdb/222,2,ARR,ARR,ARR,ARR,ARR,ARR,ARR,ARR,ARR,ARR,ARR,ARR,ARR,ARR,ARR
874,mitdb/222,2,ARR,ARR,ARR,ARR,ARR,ARR,ARR,ARR,ARR,ARR,ARR,ARR,ARR,ARR,ARR
875,mitdb/222,2,ARR,ARR,CHF,ARR,ARR,ARR,ARR,CHF,ARR,ARR,ARR,ARR,ARR,ARR,ARR
876,mitdb/222,2,ARR,ARR,CHF,ARR,ARR,ARR,ARR,ARR,ARR,ARR,ARR,ARR,ARR,ARR,ARR
877,mitdb/222,2,ARR,ARR,ARR,ARR,ARR,ARR,ARR,ARR,ARR,ARR,ARR,ARR,ARR,ARR,ARR
878,mitdb/222,2,ARR,ARR,CHF,ARR,ARR,ARR,ARR,ARR,ARR,ARR,ARR,ARR,ARR,ARR,ARR
879,mitdb/222,2,ARR,ARR,ARR,ARR,ARR,ARR,ARR,ARR,ARR,ARR,ARR,ARR,ARR,ARR,ARR
880,mitdb/108,4,ARR,ARR,ARR,CHF,ARR,ARR,ARR,ARR,ARR,ARR,ARR,ARR,ARR,ARR,ARR
881,mitdb/108,4,ARR,ARR,ARR,ARR,ARR,ARR,ARR,ARR,ARR,CHF,ARR,ARR,ARR,ARR,ARR
882,mitdb/108,4,ARR,ARR,ARR,ARR,ARR,ARR,ARR,ARR,ARR,ARR,ARR,ARR,ARR,NSR,ARR
883,mitdb/108,4,ARR,ARR,ARR,ARR,ARR,ARR,ARR,ARR,ARR,NSR,ARR,ARR,CHF,NSR,NSR
884,mitdb/108,4,ARR,ARR,ARR,CHF,CHF,CHF,ARR,ARR,ARR,ARR,NSR,ARR,NSR,NSR,NSR
885,mitdb/108,4,ARR,ARR,ARR,ARR,ARR,ARR,ARR,ARR,ARR,ARR,ARR,ARR,ARR,ARR,ARR
886,mitdb/108,4,ARR,ARR,ARR,ARR,ARR,ARR,ARR,ARR,ARR,ARR,ARR,NSR,ARR,ARR,ARR
887,mitdb/108,4,ARR,ARR,ARR,ARR,ARR,ARR,ARR,ARR,ARR,NSR,ARR,ARR,ARR,NSR,ARR
888,mitdb/108,4,ARR,ARR,ARR,ARR,ARR,ARR,NSR,ARR,ARR,ARR,ARR,ARR,ARR,ARR,ARR
889,mitdb/108,4,ARR,ARR,ARR,ARR,ARR,ARR,ARR,ARR,ARR,ARR,ARR,NSR,ARR,NSR,NSR
890,mitdb/223,0,ARR,CHF,NSR,CHF,CHF,CHF,CHF,CHF,ARR,ARR,ARR,ARR,ARR,ARR,ARR
891,mitdb/223,0,ARR,CHF,NSR,CHF,CHF,CHF,CHF,CHF,ARR,ARR,ARR,ARR,ARR,ARR,ARR
892,mitdb/223,0,ARR,CHF,CHF,CHF,CHF,CHF,CHF,CHF,ARR,ARR,ARR,ARR,ARR,ARR,ARR
893,mitdb/223,0,ARR,CHF,CHF,CHF,CHF,CHF,CHF,CHF,ARR,ARR,ARR,ARR,ARR,ARR,ARR
894,mitdb/223,0,ARR,CHF,CHF,CHF,CHF,CHF,CHF,CHF,ARR,ARR,ARR,ARR,ARR,ARR,ARR
895,mitdb/223,0,ARR,ARR,CHF,CHF,CHF,CHF,ARR,CHF,ARR,ARR,ARR,ARR,ARR,ARR,ARR
896,mitdb/223,0,ARR,CHF,CHF,CHF,CHF,CHF,CHF,CHF,ARR,ARR,ARR,ARR,ARR,ARR,ARR
897,mitdb/223,0,ARR,CHF,CHF,CHF,CHF,CHF,CHF,CHF,ARR,ARR,ARR,ARR,ARR,ARR,ARR
898,mitdb/223,0,ARR,ARR,ARR,ARR,ARR,ARR,ARR,NSR,CHF,CHF,CHF,CHF,CHF,CHF,CHF
899,mitdb/223,0,ARR,CHF,CHF,CHF,CHF,CHF,CHF,CHF,ARR,ARR,ARR,ARR,ARR,ARR,ARR
900,mitdb/228,3,ARR,ARR,ARR,NSR,ARR,NSR,NSR,CHF,ARR,ARR,ARR,CHF,ARR,ARR,ARR
901,mitdb/228,3,ARR,NSR,ARR,ARR,NSR,CHF,CHF,CHF,ARR,ARR,ARR,ARR,ARR,ARR,ARR
902,mitdb/228,3,ARR,ARR,ARR,ARR,ARR,ARR,ARR,CHF,ARR,ARR,ARR,ARR,ARR,ARR,ARR
903,mitdb/228,3,ARR,ARR,ARR,ARR,CHF,ARR,ARR,ARR,ARR,ARR,ARR,NSR,ARR,ARR,ARR
904,mitdb/228,3,ARR,ARR,NSR,NSR,NSR,NSR,NSR,ARR,ARR,CHF,ARR,ARR,ARR,ARR,ARR
905,mitdb/228,3,ARR,ARR,ARR,ARR,ARR,ARR,CHF,CHF,ARR,ARR,ARR,ARR,ARR,ARR,ARR
906,mitdb/228,3,ARR,ARR,ARR,ARR,ARR,ARR,ARR,ARR,ARR,ARR,ARR,ARR,ARR,ARR,ARR
907,mitdb/228,3,ARR,ARR,NSR,ARR,ARR,NSR,CHF,ARR,ARR,NSR,ARR,ARR,ARR,ARR,ARR
908,mitdb/228,3,ARR,ARR,ARR,CHF,ARR,CHF,CHF,CHF,ARR,ARR,ARR,CHF,ARR,ARR,ARR
909,mitdb/228,3,ARR,ARR,CHF,ARR,ARR,ARR,CHF,ARR,ARR,ARR,ARR,CHF,ARR,ARR,ARR
910,mitdb/230,3,ARR,ARR,ARR,ARR,ARR,ARR,CHF,ARR,CHF,ARR,NSR,CHF,CHF,ARR,CHF
911,mitdb/230,3,ARR,ARR,NSR,ARR,NSR,ARR,ARR,ARR,ARR,CHF,CHF,CHF,CHF,CHF,CHF
912,mitdb/230,3,ARR,ARR,NSR,ARR,NSR,NSR,NSR,ARR,ARR,ARR,ARR,ARR,ARR,ARR,ARR
913,mitdb/230,3,ARR,ARR,NSR,ARR,ARR,ARR,NSR,NSR,ARR,ARR,ARR,ARR,ARR,ARR,CHF
914,mitdb/230,3,ARR,NSR,NSR,NSR,ARR,NSR,NSR,NSR,ARR,ARR,ARR,ARR,CHF,ARR,ARR
915,mitdb/230,3,ARR,ARR,ARR,ARR,ARR,ARR,CHF,CHF,ARR,ARR,CHF,CHF,CHF,ARR,CHF
916,mitdb/230,3,ARR,ARR,ARR,ARR,ARR,ARR,ARR,ARR,ARR,ARR,ARR,ARR,ARR,ARR,CHF
917,mitdb/230,3,ARR,ARR,ARR,ARR,ARR,ARR,ARR,CHF,ARR,CHF,CHF,CHF,CHF,CHF,CHF
918,mitdb/230,3,ARR,ARR,ARR,NSR,ARR,ARR,ARR,CHF,ARR,ARR,ARR,ARR,ARR,ARR,ARR
919,mitdb/230,3,ARR,ARR,ARR,ARR,ARR,ARR,ARR,ARR,ARR,ARR,ARR,ARR,ARR,ARR,ARR
920,mitdb/231,0,ARR,ARR,CHF,NSR,CHF,ARR,CHF,CHF,ARR,ARR,ARR,ARR,ARR,ARR,ARR
921,mitdb/231,0,ARR,ARR,CHF,CHF,CHF,ARR,NSR,NSR,CHF,ARR,CHF,CHF,CHF,ARR,ARR
922,mitdb/231,0,ARR,ARR,CHF,NSR,NSR,CHF,ARR,CHF,ARR,ARR,ARR,CHF,CHF,ARR,ARR
923,mitdb/231,0,ARR,ARR,CHF,NSR,CHF,ARR,CHF,ARR,ARR,ARR,ARR,ARR,CHF,ARR,ARR
924,mitdb/231,0,ARR,ARR,CHF,NSR,CHF,ARR,CHF,ARR,ARR,ARR,ARR,ARR,ARR,ARR,ARR
925,mitdb/231,0,ARR,ARR,CHF,CHF,CHF,CHF,CHF,CHF,ARR,ARR,ARR,ARR,ARR,ARR,ARR
926,mitdb/231,0,ARR,NSR,NSR,CHF,NSR,NSR,CHF,NSR,ARR,ARR,ARR,ARR,ARR,ARR,ARR
927,mitdb/231,0,ARR,CHF,CHF,CHF,CHF,CHF,ARR,CHF,ARR,ARR,ARR,ARR,ARR,ARR,ARR
928,mitdb/231,0,ARR,CHF,NSR,NSR,NSR,NSR,CHF,NSR,ARR,ARR,ARR,ARR,ARR,ARR,ARR
929,mitdb/231,0,ARR,CHF,NSR,CHF,NSR,NSR,CHF,CHF,ARR,ARR,ARR,ARR,NSR,ARR,ARR
930,mitdb/232,4,ARR,ARR,NSR,ARR,ARR,ARR,NSR,CHF,ARR,ARR,ARR,ARR,ARR,ARR,ARR
931,mitdb/232,4,ARR,ARR,NSR,CHF,CHF,CHF,ARR,CHF,ARR,NSR,ARR,ARR,ARR,ARR,ARR
932,mitdb/232,4,ARR,ARR,NSR,ARR,CHF,NSR,ARR,CHF,ARR,NSR,ARR,ARR,NSR,NSR,ARR
933,mitdb/232,4,ARR,CHF,NSR,CHF,CHF,CHF,CHF,CHF,ARR,CHF,ARR,ARR,ARR,NSR,ARR
934,mitdb/232,4,ARR,ARR,CHF,CHF,ARR,ARR,ARR,CHF,ARR,ARR,ARR,ARR,ARR,ARR,ARR
935,mitdb/232,4,ARR,CHF,CHF,CHF,CHF,CHF,CHF,CHF,ARR,ARR,ARR,ARR,ARR,ARR,NSR
936,mitdb/232,4,ARR,ARR,NSR,CHF,CHF,ARR,ARR,CHF,ARR,ARR,ARR,ARR,ARR,ARR,ARR
937,mitdb/232,4,ARR,ARR,CHF,CHF,ARR,CHF,CHF,CHF,ARR,ARR,ARR,CHF,ARR,NSR,NSR
938,mitdb/232,4,ARR,ARR,CHF,ARR,ARR,ARR,ARR,ARR,ARR,ARR,ARR,ARR,CHF,ARR,NSR
939,mitdb/232,4,ARR,ARR,ARR,ARR,CHF,CHF,ARR,CHF,ARR,NSR,ARR,ARR,NSR,NSR,ARR
940,mitdb/233,2,ARR,CHF,CHF,CHF,CHF,CHF,ARR,CHF,ARR,ARR,ARR,ARR,ARR,ARR,ARR
941,mitdb/233,2,ARR,ARR,CHF,CHF,CHF,CHF,CHF,CHF,CHF,CHF,CHF,CHF,CHF,CHF,CHF
942,mitdb/233,2,ARR,ARR,CHF,CHF,CHF,CHF,ARR,CHF,ARR,ARR,ARR,ARR,ARR,ARR,ARR
943,mitdb/233,2,ARR,ARR,CHF,CHF,CHF,CHF,ARR,CHF,ARR,ARR,ARR,ARR,ARR,ARR,ARR
944,mitdb/233,2,ARR,CHF,CHF,CHF,CHF,CHF,ARR,CHF,ARR,CHF,CHF,CHF,CHF,CHF,CHF
945,mitdb/233,2,ARR,ARR,CHF,CHF,ARR,CHF,ARR,CHF,ARR,ARR,ARR,ARR,ARR,ARR,ARR
946,mitdb/233,2,ARR,ARR,CHF,CHF,CHF,CHF,ARR,CHF,ARR,ARR,ARR,ARR,ARR,ARR,ARR
947,mitdb/233,2,ARR,ARR,CHF,CHF,ARR,CHF,ARR,CHF,ARR,ARR,ARR,ARR,ARR,ARR,ARR
948,mitdb/233,2,ARR,ARR,CHF,CHF,CHF,CHF,ARR,CHF,ARR,ARR,ARR,ARR,ARR,ARR,ARR
949,mitdb/233,2,ARR,ARR,CHF,ARR,ARR,ARR,ARR,ARR,ARR,ARR,ARR,ARR,ARR,ARR,ARR
950,mitdb/234,3,ARR,NSR,NSR,NSR,NSR,NSR,NSR,NSR,NSR,NSR,NSR,NSR,NSR,NSR,NSR
951,mitdb/234,3,ARR,ARR,NSR,NSR,NSR,NSR,NSR,NSR,NSR,NSR,NSR,NSR,NSR,NSR,NSR
952,mitdb/234,3,ARR,ARR,ARR,CHF,NSR,NSR,NSR,ARR,NSR,NSR,NSR,NSR,NSR,NSR,NSR
953,mitdb/234,3,ARR,NSR,NSR,NSR,NSR,NSR,NSR,ARR,NSR,NSR,NSR,NSR,NSR,NSR,NSR
954,mitdb/234,3,ARR,ARR,ARR,NSR,NSR,ARR,NSR,NSR,NSR,NSR,NSR,NSR,NSR,NSR,NSR
955,mitdb/234,3,ARR,ARR,ARR,ARR,NSR,ARR,NSR,ARR,NSR,NSR,NSR,NSR,NSR,NSR,NSR
956,mitdb/234,3,ARR,NSR,ARR,NSR,NSR,NSR,NSR,NSR,NSR,NSR,NSR,ARR,CHF,NSR,NSR
957,mitdb/234,3,ARR,ARR,ARR,NSR,ARR,ARR,ARR,ARR,NSR,NSR,NSR,NSR,NSR,NSR,NSR
958,mitdb/234,3,ARR,ARR,ARR,NSR,ARR,ARR,ARR,ARR,NSR,NSR,NSR,NSR,NSR,NSR,NSR
959,mitdb/234,3,ARR,NSR,NSR,NSR,NSR,NSR,NSR,NSR,NSR,NSR,NSR,NSR,NSR,NSR,NSR
960,chfdb/chf01,1,CHF,CHF,ARR,ARR,NSR,CHF,ARR,CHF,CHF,CHF,CHF,CHF,CHF,CHF,CHF
961,chfdb/chf01,1,CHF,ARR,ARR,CHF,ARR,ARR,ARR,CHF,ARR,CHF,CHF,CHF,CHF,CHF,CHF
962,chfdb/chf01,1,CHF,CHF,CHF,NSR,NSR,ARR,ARR,ARR,CHF,CHF,CHF,CHF,CHF,CHF,CHF
963,chfdb/chf01,1,CHF,ARR,ARR,ARR,ARR,ARR,ARR,CHF,CHF,CHF,CHF,CHF,CHF,CHF,CHF
964,chfdb/chf01,1,CHF,ARR,ARR,ARR,ARR,ARR,ARR,ARR,CHF,CHF,CHF,CHF,CHF,CHF,CHF
965,chfdb/chf01,1,CHF,ARR,ARR,ARR,ARR,ARR,ARR,ARR,CHF,CHF,CHF,CHF,CHF,CHF,CHF
966,chfdb/chf01,1,CHF,ARR,ARR,ARR,ARR,ARR,ARR,CHF,ARR,ARR,ARR,CHF,ARR,NSR,ARR
967,chfdb/chf01,1,CHF,ARR,ARR,ARR,ARR,ARR,CHF,CHF,ARR,ARR,ARR,CHF,ARR,CHF,ARR
968,chfdb/chf01,1,CHF,ARR,ARR,ARR,ARR,ARR,ARR,CHF,CHF,CHF,CHF,CHF,CHF,CHF,CHF
969,chfdb/chf01,1,CHF,ARR,ARR,ARR,ARR,ARR,ARR,CHF,CHF,CHF,CHF,CHF,CHF,CHF,CHF
970,chfdb/chf10,2,CHF,CHF,CHF,ARR,ARR,CHF,ARR,CHF,ARR,ARR,CHF,CHF,CHF,CHF,ARR
971,chfdb/chf10,2,CHF,CHF,CHF,CHF,CHF,CHF,CHF,CHF,CHF,CHF,CHF,CHF,CHF,CHF,CHF
972,chfdb/chf10,2,CHF,CHF,CHF,CHF,ARR,CHF,ARR,CHF,CHF,CHF,CHF,CHF,CHF,CHF,CHF
973,chfdb/chf10,2,CHF,CHF,CHF,CHF,CHF,CHF,CHF,CHF,CHF,CHF,CHF,CHF,CHF,CHF,CHF
974,chfdb/chf10,2,CHF,CHF,CHF,CHF,CHF,CHF,ARR,CHF,CHF,CHF,CHF,CHF,CHF,CHF,CHF
975,chfdb/chf10,2,CHF,CHF,CHF,CHF,CHF,CHF,ARR,CHF,CHF,CHF,CHF,CHF,CHF,CHF,CHF
976,chfdb/chf10,2,CHF,CHF,CHF,CHF,CHF,CHF,CHF,CHF,CHF,CHF,CHF,ARR,CHF,CHF,CHF
977,chfdb/chf10,2,CHF,CHF,CHF,CHF,ARR,CHF,ARR,CHF,CHF,CHF,CHF,CHF,CHF,CHF,CHF
978,chfdb/chf10,2,CHF,CHF,CHF,CHF,CHF,CHF,CHF,CHF,CHF,CHF,CHF,CHF,CHF,CHF,CHF
979,chfdb/chf10,2,CHF,CHF,CHF,CHF,CHF,CHF,CHF,CHF,CHF,CHF,CHF,CHF,CHF,CHF,CHF
980,chfdb/chf11,0,CHF,CHF,CHF,CHF,CHF,CHF,CHF,CHF,CHF,CHF,CHF,CHF,CHF,CHF,CHF
981,chfdb/chf11,0,CHF,CHF,CHF,CHF,CHF,CHF,CHF,CHF,CHF,CHF,CHF,CHF,CHF,CHF,ARR
982,chfdb/chf11,0,CHF,CHF,CHF,CHF,CHF,CHF,CHF,CHF,ARR,CHF,CHF,CHF,CHF,CHF,CHF
983,chfdb/chf11,0,CHF,CHF,CHF,CHF,CHF,CHF,CHF,CHF,ARR,CHF,ARR,CHF,CHF,CHF,ARR
984,chfdb/chf11,0,CHF,CHF,CHF,CHF,CHF,CHF,CHF,CHF,CHF,CHF,CHF,CHF,CHF,CHF,CHF
985,chfdb/chf11,0,CHF,CHF,CHF,CHF,CHF,CHF,CHF,CHF,CHF,CHF,CHF,CHF,CHF,CHF,CHF
986,chfdb/chf11,0,CHF,CHF,CHF,CHF,CHF,CHF,CHF,CHF,CHF,CHF,CHF,CHF,CHF,CHF,CHF
987,chfdb/chf11,0,CHF,ARR,CHF,ARR,CHF,CHF,CHF,CHF,CHF,ARR,CHF,CHF,NSR,CHF,CHF
988,chfdb/chf11,0,CHF,CHF,CHF,CHF,CHF,CHF,CHF,CHF,CHF,CHF,CHF,CHF,CHF,CHF,CHF
989,chfdb/chf11,0,CHF,CHF,CHF,CHF,CHF,CHF,CHF,CHF,CHF,CHF,CHF,CHF,CHF,CHF,CHF
990,chfdb/chf12,2,CHF,CHF,CHF,CHF,CHF,CHF,CHF,CHF,CHF,CHF,CHF,CHF,CHF,CHF,CHF
991,chfdb/chf12,2,CHF,CHF,CHF,CHF,CHF,CHF,CHF,CHF,CHF,CHF,CHF,CHF,CHF,CHF,CHF
992,chfdb/chf12,2,CHF,CHF,CHF,ARR,CHF,CHF,CHF,CHF,CHF,CHF,CHF,CHF,CHF,CHF,CHF
993,chfdb/chf12,2,CHF,CHF,CHF,CHF,CHF,CHF,CHF,CHF,CHF,CHF,CHF,CHF,CHF,CHF,CHF
994,chfdb/chf12,2,CHF,CHF,CHF,NSR,CHF,CHF,CHF,CHF,CHF,CHF,CHF,CHF,CHF,CHF,CHF
995,chfdb/chf12,2,CHF,CHF,CHF,CHF,CHF,CHF,CHF,CHF,CHF,CHF,CHF,CHF,CHF,CHF,CHF
996,chfdb/chf12,2,CHF,CHF,CHF,CHF,CHF,CHF,CHF,CHF,CHF,CHF,CHF,CHF,CHF,CHF,CHF
997,chfdb/chf12,2,CHF,CHF,CHF,CHF,CHF,CHF,CHF,CHF,CHF,CHF,CHF,CHF,CHF,CHF,CHF
998,chfdb/chf12,2,CHF,CHF,CHF,CHF,CHF,CHF,CHF,CHF,CHF,CHF,CHF,CHF,CHF,CHF,CHF
999,chfdb/chf12,2,CHF,CHF,CHF,CHF,CHF,CHF,CHF,CHF,CHF,CHF,CHF,CHF,CHF,CHF,CHF
1000,chfdb/chf13,1,CHF,CHF,CHF,CHF,CHF,CHF,CHF,CHF,CHF,CHF,CHF,CHF,CHF,CHF,CHF
1001,chfdb/chf13,1,CHF,ARR,CHF,CHF,CHF,CHF,ARR,NSR,ARR,CHF,ARR,CHF,ARR,CHF,ARR
1002,chfdb/chf13,1,CHF,CHF,CHF,CHF,CHF,CHF,CHF,CHF,CHF,NSR,NSR,ARR,CHF,ARR,CHF
1003,chfdb/chf13,1,CHF,CHF,CHF,CHF,CHF,CHF,CHF,CHF,ARR,CHF,NSR,ARR,ARR,ARR,ARR
1004,chfdb/chf13,1,CHF,CHF,NSR,NSR,NSR,CHF,CHF,NSR,ARR,ARR,ARR,NSR,ARR,NSR,ARR
1005,chfdb/chf13,1,CHF,CHF,CHF,CHF,CHF,CHF,CHF,CHF,ARR,NSR,ARR,NSR,ARR,NSR,NSR
1006,chfdb/chf13,1,CHF,ARR,ARR,CHF,ARR,CHF,ARR,CHF,ARR,NSR,ARR,NSR,ARR,ARR,ARR
1007,chfdb/chf13,1,CHF,CHF,CHF,CHF,CHF,CHF,CHF,CHF,ARR,CHF,CHF,NSR,CHF,CHF,CHF
1008,chfdb/chf13,1,CHF,CHF,CHF,CHF,CHF,CHF,CHF,CHF,ARR,CHF,CHF,NSR,ARR,CHF,ARR
1009,chfdb/chf13,1,CHF,CHF,CHF,CHF,CHF,CHF,CHF,CHF,ARR,NSR,ARR,NSR,ARR,CHF,ARR
1010,chfdb/chf14,0,CHF,CHF,CHF,CHF,CHF,CHF,CHF,NSR,ARR,ARR,ARR,ARR,ARR,ARR,ARR
1011,chfdb/chf14,0,CHF,CHF,CHF,CHF,CHF,ARR,CHF,ARR,ARR,ARR,ARR,ARR,ARR,ARR,ARR
1012,chfdb/chf14,0,CHF,CHF,CHF,CHF,CHF,ARR,CHF,CHF,ARR,ARR,ARR,ARR,ARR,ARR,ARR
1013,chfdb/chf14,0,CHF,CHF,CHF,CHF,CHF,CHF,CHF,CHF,ARR,ARR,ARR,ARR,ARR,ARR,ARR
1014,chfdb/chf14,0,CHF,CHF,CHF,CHF,CHF,CHF,CHF,CHF,ARR,ARR,ARR,ARR,ARR,ARR,ARR
1015,chfdb/chf14,0,CHF,ARR,ARR,ARR,NSR,ARR,CHF,ARR,ARR,CHF,CHF,ARR,CHF,ARR,ARR
1016,chfdb/chf14,0,CHF,CHF,CHF,CHF,CHF,CHF,CHF,CHF,ARR,ARR,ARR,ARR,ARR,ARR,ARR
1017,chfdb/chf14,0,CHF,ARR,CHF,CHF,CHF,CHF,CHF,CHF,ARR,ARR,CHF,ARR,ARR,ARR,CHF
1018,chfdb/chf14,0,CHF,CHF,CHF,CHF,CHF,CHF,CHF,CHF,ARR,ARR,ARR,ARR,ARR,ARR,ARR
1019,chfdb/chf14,0,CHF,CHF,CHF,CHF,CHF,CHF,CHF,NSR,ARR,ARR,ARR,ARR,ARR,ARR,ARR
1020,chfdb/chf15,3,CHF,ARR,ARR,ARR,ARR,ARR,ARR,ARR,CHF,CHF,CHF,CHF,CHF,CHF,CHF
1021,chfdb/chf15,3,CHF,CHF,CHF,ARR,CHF,CHF,CHF,CHF,CHF,CHF,CHF,CHF,CHF,CHF,CHF
1022,chfdb/chf15,3,CHF,ARR,CHF,ARR,ARR,CHF,CHF,CHF,CHF,CHF,CHF,CHF,CHF,CHF,CHF
1023,chfdb/chf15,3,CHF,CHF,CHF,CHF,ARR,CHF,CHF,ARR,CHF,CHF,CHF,CHF,CHF,CHF,CHF
1024,chfdb/chf15,3,CHF,CHF,CHF,CHF,CHF,CHF,CHF,CHF,CHF,CHF,CHF,CHF,CHF,CHF,CHF
1025,chfdb/chf15,3,CHF,ARR,ARR,ARR,ARR,ARR,ARR,ARR,ARR,ARR,ARR,ARR,ARR,ARR,ARR
1026,chfdb/chf15,3,CHF,CHF,CHF,CHF,CHF,CHF,CHF,CHF,CHF,CHF,CHF,CHF,CHF,CHF,CHF
1027,chfdb/chf15,3,CHF,CHF,CHF,ARR,ARR,CHF,CHF,CHF,CHF,CHF,CHF,CHF,CHF,CHF,CHF
1028,chfdb/chf15,3,CHF,CHF,CHF,CHF,CHF,CHF,CHF,CHF,CHF,CHF,CHF,CHF,CHF,CHF,CHF
1029,chfdb/chf15,3,CHF,CHF,CHF,CHF,CHF,CHF,CHF,CHF,CHF,CHF,CHF,CHF,CHF,CHF,CHF
1030,chfdb/chf01,1,CHF,ARR,ARR,ARR,CHF,ARR,NSR,ARR,CHF,CHF,CHF,CHF,CHF,CHF,CHF
1031,chfdb/chf01,1,CHF,CHF,CHF,CHF,CHF,CHF,CHF,CHF,ARR,ARR,ARR,CHF,ARR,CHF,ARR
1032,chfdb/chf01,1,CHF,CHF,CHF,ARR,CHF,CHF,CHF,CHF,CHF,CHF,CHF,CHF,CHF,CHF,CHF
1033,chfdb/chf01,1,CHF,CHF,CHF,ARR,CHF,CHF,CHF,NSR,ARR,CHF,CHF,CHF,CHF,ARR,CHF
1034,chfdb/chf01,1,CHF,NSR,CHF,CHF,CHF,CHF,CHF,CHF,ARR,ARR,CHF,CHF,CHF,CHF,ARR
1035,chfdb/chf01,1,CHF,NSR,CHF,CHF,NSR,CHF,CHF,NSR,ARR,NSR,ARR,NSR,NSR,NSR,ARR
1036,chfdb/chf01,1,CHF,CHF,CHF,ARR,CHF,CHF,CHF,CHF,CHF,CHF,CHF,CHF,CHF,CHF,CHF
1037,chfdb/chf01,1,CHF,CHF,CHF,CHF,CHF,CHF,CHF,NSR,ARR,CHF,CHF,CHF,CHF,CHF,CHF
1038,chfdb/chf01,1,CHF,CHF,CHF,CHF,CHF,CHF,CHF,NSR,ARR,CHF,CHF,ARR,CHF,CHF,CHF
1039,chfdb/chf01,1,CHF,NSR,CHF,NSR,CHF,CHF,ARR,CHF,CHF,CHF,CHF,CHF,CHF,CHF,CHF
1040,chfdb/chf02,4,CHF,CHF,CHF,CHF,CHF,CHF,CHF,CHF,CHF,CHF,CHF,CHF,CHF,CHF,CHF
1041,chfdb/chf02,4,CHF,CHF,ARR,CHF,CHF,CHF,ARR,NSR,ARR,ARR,CHF,CHF,ARR,ARR,CHF
1042,chfdb/chf02,4,CHF,CHF,CHF,CHF,CHF,CHF,CHF,CHF,CHF,CHF,CHF,CHF,CHF,CHF,CHF
1043,chfdb/chf02,4,CHF,CHF,CHF,CHF,CHF,CHF,CHF,CHF,CHF,CHF,CHF,CHF,CHF,CHF,CHF
1044,chfdb/chf02,4,CHF,CHF,CHF,CHF,CHF,CHF,CHF,ARR,CHF,CHF,CHF,CHF,CHF,CHF,CHF
1045,chfdb/chf02,4,CHF,CHF,CHF,ARR,CHF,CHF,CHF,CHF,CHF,CHF,CHF,CHF,CHF,CHF,CHF
1046,chfdb/chf02,4,CHF,ARR,CHF,CHF,CHF,ARR,CHF,CHF,CHF,CHF,CHF,CHF,CHF,CHF,CHF
1047,chfdb/chf02,4,CHF,CHF,CHF,CHF,CHF,CHF,CHF,CHF,CHF,CHF,CHF,CHF,CHF,CHF,CHF
1048,chfdb/chf02,4,CHF,CHF,CHF,CHF,CHF,CHF,CHF,CHF,CHF,CHF,CHF,CHF,CHF,CHF,CHF
1049,chfdb/chf02,4,CHF,CHF,CHF,CHF,CHF,CHF,CHF,CHF,CHF,CHF,CHF,CHF,CHF,CHF,CHF
1050,chfdb/chf03,4,CHF,ARR,CHF,CHF,CHF,CHF,CHF,CHF,ARR,CHF,ARR,CHF,ARR,CHF,ARR
1051,chfdb/chf03,4,CHF,ARR,ARR,ARR,ARR,ARR,CHF,ARR,ARR,CHF,ARR,CHF,ARR,CHF,ARR
1052,chfdb/chf03,4,CHF,ARR,CHF,ARR,CHF,CHF,CHF,CHF,ARR,ARR,ARR,ARR,ARR,ARR,ARR
1053,chfdb/chf03,4,CHF,ARR,ARR,ARR,CHF,CHF,CHF,CHF,ARR,CHF,CHF,CHF,CHF,ARR,CHF
1054,chfdb/chf03,4,CHF,ARR,CHF,CHF,CHF,CHF,NSR,CHF,ARR,CHF,ARR,CHF,ARR,CHF,ARR
1055,chfdb/chf03,4,CHF,ARR,ARR,ARR,ARR,CHF,CHF,CHF,ARR,ARR,ARR,ARR,ARR,ARR,ARR
1056,chfdb/chf03,4,CHF,ARR,ARR,ARR,ARR,CHF,CHF,ARR,ARR,ARR,ARR,ARR,ARR,ARR,ARR
1057,chfdb/chf03,4,CHF,ARR,CHF,ARR,ARR,CHF,CHF,CHF,ARR,ARR,ARR,ARR,ARR,ARR,ARR
1058,chfdb/chf03,4,CHF,ARR,CHF,ARR,ARR,CHF,CHF,ARR,CHF,CHF,CHF,ARR,CHF,ARR,CHF
1059,chfdb/chf03,4,CHF,ARR,CHF,CHF,ARR,CHF,CHF,CHF,ARR,ARR,ARR,ARR,ARR,ARR,ARR
1060,chfdb/chf04,0,CHF,CHF,CHF,CHF,CHF,CHF,CHF,CHF,NSR,CHF,NSR,CHF,NSR,NSR,NSR
1061,chfdb/chf04,0,CHF,CHF,ARR,CHF,ARR,CHF,ARR,CHF,NSR,CHF,CHF,CHF,NSR,NSR,NSR
1062,chfdb/chf04,0,CHF,CHF,CHF,CHF,CHF,CHF,CHF,CHF,NSR,CHF,CHF,CHF,NSR,CHF,CHF
1063,chfdb/chf04,0,CHF,ARR,ARR,NSR,ARR,ARR,ARR,ARR,NSR,NSR,NSR,NSR,NSR,NSR,NSR
1064,chfdb/chf04,0,CHF,CHF,ARR,CHF,NSR,CHF,CHF,CHF,NSR,NSR,NSR,NSR,NSR,NSR,NSR
1065,chfdb/chf04,0,CHF,CHF,CHF,CHF,CHF,CHF,CHF,CHF,NSR,NSR,NSR,NSR,NSR,NSR,NSR
1066,chfdb/chf04,0,CHF,NSR,NSR,CHF,NSR,CHF,ARR,NSR,ARR,NSR,NSR,NSR,NSR,NSR,NSR
1067,chfdb/chf04,0,CHF,CHF,ARR,NSR,CHF,ARR,ARR,ARR,ARR,ARR,CHF,ARR,ARR,ARR,ARR
1068,chfdb/chf04,0,CHF,CHF,CHF,CHF,CHF,CHF,CHF,CHF,NSR,NSR,NSR,NSR,NSR,NSR,NSR
1069,chfdb/chf04,0,CHF,CHF,CHF,CHF,CHF,CHF,CHF,CHF,ARR,CHF,ARR,CHF,CHF,CHF,CHF
1070,chfdb/chf02,4,CHF,CHF,CHF,CHF,CHF,CHF,CHF,CHF,CHF,CHF,CHF,CHF,CHF,CHF,CHF
1071,chfdb/chf02,4,CHF,CHF,CHF,CHF,CHF,CHF,CHF,CHF,CHF,CHF,CHF,CHF,CHF,CHF,CHF
1072,chfdb/chf02,4,CHF,ARR,ARR,CHF,CHF,CHF,CHF,CHF,ARR,ARR,CHF,ARR,ARR,ARR,CHF
1073,chfdb/chf02,4,CHF,CHF,CHF,CHF,CHF,CHF,CHF,CHF,ARR,CHF,CHF,CHF,ARR,CHF,CHF
1074,chfdb/chf02,4,CHF,NSR,CHF,ARR,CHF,CHF,NSR,ARR,CHF,CHF,CHF,CHF,CHF,CHF,CHF
1075,chfdb/chf02,4,CHF,CHF,CHF,CHF,CHF,CHF,CHF,CHF,CHF,CHF,CHF,CHF,CHF,CHF,CHF
1076,chfdb/chf02,4,CHF,ARR,CHF,CHF,CHF,CHF,CHF,ARR,CHF,CHF,CHF,CHF,CHF,CHF,CHF
1077,chfdb/chf02,4,CHF,CHF,CHF,CHF,CHF,CHF,CHF,CHF,CHF,CHF,CHF,CHF,CHF,CHF,CHF
1078,chfdb/chf02,4,CHF,CHF,CHF,CHF,CHF,CHF,CHF,CHF,CHF,CHF,CHF,CHF,CHF,CHF,CHF
1079,chfdb/chf02,4,CHF,CHF,CHF,CHF,CHF,CHF,CHF,CHF,CHF,CHF,CHF,CHF,CHF,CHF,CHF
1080,chfdb/chf05,1,CHF,CHF,CHF,CHF,CHF,CHF,CHF,CHF,CHF,CHF,CHF,CHF,CHF,CHF,CHF
1081,chfdb/chf05,1,CHF,CHF,CHF,CHF,CHF,CHF,CHF,CHF,CHF,CHF,ARR,CHF,CHF,CHF,CHF
1082,chfdb/chf05,1,CHF,CHF,CHF,CHF,CHF,CHF,CHF,CHF,CHF,CHF,CHF,CHF,CHF,CHF,CHF
1083,chfdb/chf05,1,CHF,CHF,CHF,CHF,CHF,CHF,CHF,CHF,CHF,CHF,CHF,CHF,CHF,CHF,CHF
1084,chfdb/chf05,1,CHF,CHF,CHF,CHF,CHF,CHF,CHF,CHF,CHF,CHF,CHF,CHF,CHF,CHF,CHF
1085,chfdb/chf05,1,CHF,CHF,CHF,CHF,CHF,CHF,CHF,CHF,CHF,CHF,CHF,CHF,CHF,CHF,CHF
1086,chfdb/chf05,1,CHF,CHF,CHF,CHF,CHF,CHF,CHF,CHF,CHF,CHF,CHF,CHF,CHF,CHF,CHF
1087,chfdb/chf05,1,CHF,CHF,CHF,CHF,CHF,CHF,CHF,CHF,CHF,CHF,CHF,CHF,CHF,CHF,CHF
1088,chfdb/chf05,1,CHF,CHF,CHF,CHF,CHF,CHF,CHF,CHF,CHF,CHF,CHF,CHF,CHF,CHF,CHF
1089,chfdb/chf05,1,CHF,CHF,CHF,CHF,CHF,CHF,CHF,CHF,CHF,CHF,CHF,CHF,CHF,CHF,CHF
1090,chfdb/chf06,3,CHF,NSR,NSR,NSR,NSR,CHF,NSR,NSR,ARR,CHF,CHF,CHF,CHF,ARR,CHF
1091,chfdb/chf06,3,CHF,NSR,ARR,NSR,NSR,NSR,NSR,NSR,ARR,CHF,ARR,CHF,ARR,ARR,ARR
1092,chfdb/chf06,3,CHF,ARR,ARR,ARR,ARR,ARR,ARR,ARR,ARR,ARR,ARR,ARR,ARR,ARR,ARR
1093,chfdb/chf06,3,CHF,NSR,ARR,NSR,NSR,NSR,NSR,NSR,ARR,ARR,ARR,ARR,ARR,ARR,ARR
1094,chfdb/chf06,3,CHF,ARR,ARR,CHF,ARR,ARR,NSR,NSR,ARR,ARR,ARR,ARR,ARR,ARR,ARR
1095,chfdb/chf06,3,CHF,NSR,NSR,NSR,NSR,NSR,NSR,NSR,ARR,ARR,ARR,ARR,ARR,ARR,ARR
1096,chfdb/chf06,3,CHF,ARR,CHF,ARR,ARR,ARR,ARR,NSR,ARR,ARR,ARR,ARR,ARR,ARR,ARR
1097,chfdb/chf06,3,CHF,NSR,NSR,NSR,NSR,NSR,NSR,NSR,ARR,ARR,ARR,ARR,ARR,ARR,ARR
1098,chfdb/chf06,3,CHF,ARR,ARR,NSR,ARR,ARR,ARR,ARR,ARR,ARR,ARR,ARR,ARR,ARR,ARR
1099,chfdb/chf06,3,CHF,ARR,ARR,ARR,ARR,ARR,NSR,NSR,ARR,ARR,ARR,ARR,ARR,ARR,ARR
1100,chfdb/chf07,3,CHF,NSR,NSR,NSR,NSR,NSR,NSR,NSR,NSR,ARR,NSR,ARR,NSR,ARR,NSR
1101,chfdb/chf07,3,CHF,NSR,NSR,NSR,NSR,NSR,CHF,ARR,ARR,ARR,NSR,ARR,ARR,ARR,NSR
1102,chfdb/chf07,3,CHF,CHF,CHF,NSR,NSR,NSR,CHF,CHF,NSR,ARR,NSR,ARR,NSR,ARR,NSR
1103,chfdb/chf07,3,CHF,CHF,CHF,CHF,NSR,CHF,CHF,CHF,NSR,NSR,NSR,NSR,NSR,NSR,NSR
1104,chfdb/chf07,3,CHF,ARR,CHF,ARR,ARR,ARR,CHF,ARR,NSR,NSR,NSR,NSR,NSR,NSR,NSR
1105,chfdb/chf07,3,CHF,NSR,NSR,NSR,NSR,NSR,NSR,NSR,ARR,NSR,NSR,NSR,ARR,ARR,NSR
1106,chfdb/chf07,3,CHF,NSR,NSR,NSR,NSR,NSR,NSR,NSR,ARR,ARR,NSR,ARR,ARR,ARR,ARR
1107,chfdb/chf07,3,CHF,NSR,NSR,NSR,NSR,NSR,NSR,NSR,ARR,ARR,ARR,ARR,ARR,ARR,ARR
1108,chfdb/chf07,3,CHF,NSR,CHF,NSR,NSR,NSR,CHF,NSR,ARR,ARR,NSR,NSR,ARR,NSR,NSR
1109,chfdb/chf07,3,CHF,CHF,CHF,CHF,NSR,CHF,CHF,CHF,NSR,NSR,NSR,NSR,NSR,NSR,NSR
1110,chfdb/chf08,2,CHF,ARR,ARR,ARR,ARR,ARR,ARR,ARR,ARR,NSR,NSR,ARR,ARR,ARR,ARR
1111,chfdb/chf08,2,CHF,ARR,ARR,ARR,ARR,ARR,NSR,NSR,ARR,ARR,ARR,ARR,ARR,ARR,ARR
1112,chfdb/chf08,2,CHF,ARR,NSR,ARR,ARR,NSR,NSR,NSR,ARR,NSR,NSR,NSR,NSR,NSR,NSR
1113,chfdb/chf08,2,CHF,NSR,ARR,NSR,ARR,ARR,NSR,NSR,ARR,NSR,ARR,ARR,CHF,ARR,NSR
1114,chfdb/chf08,2,CHF,ARR,NSR,ARR,ARR,NSR,NSR,NSR,ARR,NSR,NSR,ARR,ARR,ARR,NSR
1115,chfdb/chf08,2,CHF,ARR,CHF,ARR,ARR,CHF,ARR,ARR,ARR,CHF,ARR,CHF,ARR,ARR,ARR
1116,chfdb/chf08,2,CHF,NSR,NSR,NSR,NSR,NSR,NSR,NSR,NSR,NSR,NSR,NSR,NSR,NSR,NSR
1117,chfdb/chf08,2,CHF,NSR,ARR,NSR,ARR,ARR,ARR,NSR,NSR,NSR,NSR,NSR,NSR,NSR,NSR
1118,chfdb/chf08,2,CHF,NSR,NSR,NSR,NSR,NSR,NSR,NSR,ARR,NSR,ARR,ARR,CHF,ARR,ARR
1119,chfdb/chf08,2,CHF,NSR,NSR,NSR,NSR,NSR,NSR,NSR,ARR,NSR,NSR,NSR,NSR,NSR,NSR
1120,chfdb/chf09,4,CHF,ARR,CHF,CHF,ARR,ARR,ARR,CHF,ARR,ARR,ARR,ARR,ARR,ARR,ARR
1121,chfdb/chf09,4,CHF,ARR,CHF,CHF,CHF,CHF,CHF,CHF,ARR,CHF,CHF,CHF,CHF,CHF,CHF
1122,chfdb/chf09,4,CHF,NSR,CHF,NSR,NSR,NSR,NSR,ARR,ARR,CHF,CHF,CHF,CHF,ARR,CHF
1123,chfdb/chf09,4,CHF,NSR,CHF,CHF,CHF,CHF,NSR,CHF,ARR,CHF,ARR,CHF,ARR,ARR,ARR
1124,chfdb/chf09,4,CHF,NSR,NSR,CHF,ARR,NSR,NSR,NSR,NSR,NSR,NSR,NSR,NSR,NSR,NSR
1125,chfdb/chf09,4,CHF,ARR,ARR,CHF,CHF,NSR,ARR,CHF,ARR,CHF,CHF,CHF,ARR,CHF,ARR
1126,chfdb/chf09,4,CHF,ARR,CHF,CHF,CHF,NSR,ARR,CHF,ARR,ARR,ARR,ARR,ARR,ARR,ARR
1127,chfdb/chf09,4,CHF,ARR,CHF,CHF,CHF,CHF,ARR,CHF,ARR,CHF,CHF,CHF,ARR,ARR,ARR
1128,chfdb/chf09,4,CHF,CHF,CHF,CHF,CHF,CHF,CHF,CHF,NSR,CHF,CHF,CHF,ARR,CHF,CHF
1129,chfdb/chf09,4,CHF,ARR,NSR,ARR,CHF,ARR,CHF,CHF,ARR,NSR,ARR,ARR,ARR,ARR,ARR
1130,chfdb/chf10,2,CHF,ARR,CHF,CHF,ARR,CHF,ARR,CHF,ARR,CHF,CHF,CHF,CHF,ARR,ARR
1131,chfdb/chf10,2,CHF,ARR,CHF,CHF,ARR,CHF,ARR,CHF,CHF,CHF,CHF,CHF,CHF,CHF,CHF
1132,chfdb/chf10,2,CHF,CHF,CHF,CHF,ARR,CHF,ARR,CHF,ARR,CHF,CHF,CHF,CHF,ARR,ARR
1133,chfdb/chf10,2,CHF,ARR,CHF,CHF,ARR,CHF,ARR,CHF,CHF,CHF,CHF,CHF,CHF,CHF,CHF
1134,chfdb/chf10,2,CHF,CHF,CHF,CHF,ARR,CHF,ARR,CHF,ARR,CHF,CHF,CHF,CHF,CHF,CHF
1135,chfdb/chf10,2,CHF,ARR,CHF,CHF,ARR,CHF,ARR,CHF,CHF,CHF,CHF,CHF,CHF,CHF,CHF
1136,chfdb/chf10,2,CHF,CHF,CHF,CHF,CHF,CHF,CHF,CHF,CHF,CHF,CHF,CHF,CHF,CHF,CHF
1137,chfdb/chf10,2,CHF,CHF,CHF,CHF,ARR,CHF,ARR,CHF,CHF,CHF,CHF,CHF,CHF,CHF,ARR
1138,chfdb/chf10,2,CHF,ARR,CHF,CHF,ARR,CHF,ARR,CHF,CHF,CHF,CHF,CHF,CHF,CHF,CHF
1139,chfdb/chf10,2,CHF,CHF,CHF,CHF,ARR,CHF,ARR,CHF,CHF,CHF,CHF,CHF,CHF,CHF,CHF
1140,chfdb/chf11,0,CHF,CHF,CHF,CHF,CHF,CHF,CHF,CHF,CHF,CHF,CHF,CHF,CHF,CHF,CHF
1141,chfdb/chf11,0,CHF,CHF,CHF,CHF,NSR,CHF,CHF,CHF,CHF,CHF,CHF,CHF,CHF,CHF,CHF
1142,chfdb/chf11,0,CHF,CHF,CHF,CHF,CHF,CHF,CHF,CHF,CHF,CHF,CHF,CHF,CHF,CHF,CHF
1143,chfdb/chf11,0,CHF,ARR,ARR,ARR,ARR,CHF,ARR,ARR,ARR,ARR,ARR,ARR,ARR,ARR,ARR
1144,chfdb/chf11,0,CHF,CHF,CHF,ARR,CHF,CHF,CHF,CHF,CHF,CHF,CHF,CHF,CHF,CHF,CHF
1145,chfdb/chf11,0,CHF,CHF,NSR,ARR,NSR,NSR,NSR,CHF,CHF,CHF,CHF,CHF,CHF,CHF,CHF
1146,chfdb/chf11,0,CHF,CHF,CHF,CHF,CHF,CHF,CHF,CHF,CHF,ARR,CHF,CHF,CHF,CHF,CHF
1147,chfdb/chf11,0,CHF,CHF,NSR,CHF,NSR,CHF,CHF,CHF,CHF,CHF,CHF,CHF,CHF,CHF,CHF
1148,chfdb/chf11,0,CHF,CHF,CHF,CHF,NSR,CHF,CHF,CHF,CHF,CHF,CHF,CHF,CHF,CHF,CHF
1149,chfdb/chf11,0,CHF,CHF,CHF,CHF,CHF,CHF,CHF,CHF,CHF,CHF,CHF,CHF,CHF,CHF,CHF
1150,chfdb/chf12,2,CHF,CHF,CHF,CHF,CHF,CHF,CHF,CHF,CHF,CHF,CHF,CHF,CHF,CHF,CHF
1151,chfdb/chf12,2,CHF,CHF,CHF,CHF,CHF,CHF,CHF,CHF,CHF,CHF,CHF,CHF,CHF,CHF,CHF
1152,chfdb/chf12,2,CHF,CHF,CHF,CHF,CHF,CHF,ARR,CHF,CHF,CHF,CHF,CHF,CHF,CHF,CHF
1153,chfdb/chf12,2,CHF,CHF,CHF,CHF,CHF,CHF,CHF,CHF,CHF,CHF,CHF,CHF,CHF,CHF,CHF
1154,chfdb/chf12,2,CHF,CHF,CHF,CHF,CHF,CHF,ARR,CHF,CHF,CHF,CHF,CHF,CHF,CHF,CHF
1155,chfdb/chf12,2,CHF,CHF,CHF,CHF,CHF,CHF,CHF,CHF,CHF,CHF,CHF,CHF,CHF,CHF,CHF
1156,chfdb/chf12,2,CHF,CHF,CHF,CHF,CHF,CHF,CHF,CHF,CHF,CHF,CHF,CHF,CHF,CHF,CHF
1157,chfdb/chf12,2,CHF,CHF,CHF,CHF,CHF,CHF,CHF,CHF,CHF,CHF,CHF,CHF,CHF,CHF,CHF
1158,chfdb/chf12,2,CHF,CHF,CHF,CHF,CHF,CHF,CHF,CHF,CHF,CHF,CHF,CHF,CHF,CHF,CHF
1159,chfdb/chf12,2,CHF,CHF,CHF,CHF,CHF,CHF,ARR,CHF,CHF,CHF,CHF,CHF,CHF,CHF,CHF
1160,chfdb/chf13,1,CHF,ARR,CHF,CHF,CHF,CHF,CHF,CHF,CHF,CHF,CHF,CHF,CHF,CHF,CHF
1161,chfdb/chf13,1,CHF,CHF,CHF,CHF,CHF,CHF,CHF,CHF,CHF,CHF,CHF,CHF,CHF,CHF,CHF
1162,chfdb/chf13,1,CHF,NSR,CHF,CHF,CHF,CHF,CHF,CHF,CHF,CHF,CHF,CHF,CHF,CHF,CHF
1163,chfdb/chf13,1,CHF,CHF,CHF,CHF,CHF,CHF,CHF,CHF,CHF,CHF,CHF,CHF,CHF,CHF,CHF
1164,chfdb/chf13,1,CHF,CHF,CHF,CHF,CHF,CHF,CHF,CHF,CHF,CHF,CHF,CHF,CHF,CHF,CHF
1165,chfdb/chf13,1,CHF,CHF,CHF,CHF,CHF,ARR,CHF,CHF,CHF,CHF,CHF,CHF,CHF,CHF,CHF
1166,chfdb/chf13,1,CHF,CHF,CHF,CHF,CHF,CHF,CHF,CHF,ARR,CHF,CHF,CHF,CHF,CHF,ARR
1167,chfdb/chf13,1,CHF,CHF,CHF,CHF,CHF,ARR,CHF,CHF,CHF,CHF,CHF,CHF,CHF,CHF,CHF
1168,chfdb/chf13,1,CHF,CHF,CHF,CHF,CHF,CHF,CHF,CHF,CHF,CHF,CHF,CHF,CHF,CHF,CHF
1169,chfdb/chf13,1,CHF,CHF,CHF,CHF,CHF,ARR,CHF,CHF,CHF,CHF,CHF,CHF,CHF,CHF,CHF
1170,chfdb/chf14,0,CHF,ARR,ARR,CHF,ARR,CHF,ARR,ARR,ARR,ARR,ARR,ARR,ARR,ARR,ARR
1171,chfdb/chf14,0,CHF,ARR,ARR,CHF,ARR,CHF,ARR,ARR,ARR,ARR,ARR,ARR,ARR,ARR,ARR
1172,chfdb/chf14,0,CHF,ARR,ARR,CHF,ARR,CHF,ARR,ARR,ARR,CHF,ARR,ARR,ARR,ARR,ARR
1173,chfdb/chf14,0,CHF,ARR,ARR,CHF,ARR,CHF,ARR,ARR,ARR,ARR,ARR,ARR,ARR,ARR,ARR
1174,chfdb/chf14,0,CHF,ARR,ARR,ARR,ARR,CHF,NSR,ARR,ARR,ARR,ARR,ARR,ARR,ARR,ARR
1175,chfdb/chf14,0,CHF,ARR,ARR,CHF,ARR,CHF,ARR,ARR,ARR,CHF,ARR,ARR,ARR,ARR,ARR
1176,chfdb/chf14,0,CHF,ARR,ARR,CHF,ARR,CHF,ARR,ARR,ARR,ARR,ARR,ARR,ARR,ARR,ARR
1177,chfdb/chf14,0,CHF,ARR,ARR,CHF,ARR,CHF,ARR,ARR,ARR,ARR,ARR,ARR,ARR,ARR,ARR
1178,chfdb/chf14,0,CHF,ARR,ARR,CHF,ARR,CHF,ARR,ARR,ARR,CHF,ARR,ARR,ARR,ARR,ARR
1179,chfdb/chf14,0,CHF,ARR,ARR,CHF,ARR,CHF,ARR,ARR,ARR,ARR,ARR,ARR,ARR,ARR,ARR
1180,chfdb/chf03,4,CHF,ARR,CHF,ARR,CHF,ARR,CHF,ARR,ARR,NSR,NSR,CHF,ARR,NSR,NSR
1181,chfdb/chf03,4,CHF,CHF,CHF,CHF,CHF,CHF,CHF,CHF,ARR,CHF,CHF,CHF,ARR,CHF,CHF
1182,chfdb/chf03,4,CHF,CHF,CHF,ARR,ARR,CHF,CHF,CHF,ARR,ARR,CHF,CHF,ARR,CHF,ARR
1183,chfdb/chf03,4,CHF,CHF,CHF,ARR,ARR,CHF,CHF,CHF,ARR,CHF,CHF,CHF,CHF,CHF,CHF
1184,chfdb/chf03,4,CHF,ARR,CHF,ARR,ARR,CHF,CHF,ARR,ARR,ARR,ARR,CHF,ARR,CHF,ARR
1185,chfdb/chf03,4,CHF,ARR,CHF,ARR,ARR,CHF,CHF,CHF,CHF,CHF,CHF,CHF,CHF,CHF,CHF
1186,chfdb/chf03,4,CHF,CHF,CHF,CHF,CHF,CHF,CHF,CHF,ARR,CHF,CHF,CHF,CHF,CHF,CHF
1187,chfdb/chf03,4,CHF,ARR,CHF,ARR,ARR,CHF,CHF,CHF,CHF,CHF,CHF,CHF,CHF,CHF,CHF
1188,chfdb/chf03,4,CHF,ARR,CHF,CHF,CHF,CHF,CHF,CHF,ARR,CHF,CHF,CHF,CHF,CHF,CHF
1189,chfdb/chf03,4,CHF,ARR,CHF,CHF,CHF,CHF,CHF,NSR,ARR,CHF,CHF,CHF,ARR,CHF,CHF
1190,chfdb/chf15,3,CHF,CHF,CHF,CHF,CHF,CHF,CHF,CHF,CHF,NSR,CHF,CHF,ARR,ARR,CHF
1191,chfdb/chf15,3,CHF,CHF,CHF,CHF,CHF,CHF,CHF,CHF,NSR,NSR,NSR,NSR,NSR,NSR,NSR
1192,chfdb/chf15,3,CHF,CHF,CHF,CHF,CHF,CHF,CHF,CHF,NSR,NSR,NSR,NSR,NSR,NSR,NSR
1193,chfdb/chf15,3,CHF,CHF,CHF,CHF,ARR,CHF,CHF,CHF,CHF,NSR,NSR,NSR,NSR,NSR,CHF
1194,chfdb/chf15,3,CHF,CHF,CHF,CHF,ARR,CHF,CHF,CHF,NSR,NSR,NSR,NSR,NSR,NSR,NSR
1195,chfdb/chf15,3,CHF,CHF,CHF,CHF,CHF,CHF,CHF,CHF,NSR,NSR,NSR,NSR,NSR,NSR,NSR
1196,chfdb/chf15,3,CHF,ARR,CHF,CHF,ARR,ARR,ARR,ARR,ARR,CHF,CHF,NSR,NSR,CHF,CHF
1197,chfdb/chf15,3,CHF,CHF,CHF,CHF,CHF,CHF,CHF,CHF,NSR,NSR,NSR,ARR,NSR,NSR,CHF
1198,chfdb/chf15,3,CHF,CHF,CHF,CHF,CHF,CHF,CHF,CHF,NSR,NSR,NSR,NSR,NSR,NSR,NSR
1199,chfdb/chf15,3,CHF,CHF,CHF,CHF,ARR,CHF,CHF,CHF,NSR,NSR,NSR,NSR,NSR,NSR,NSR
1200,chfdb/chf04,0,CHF,ARR,ARR,ARR,ARR,ARR,ARR,ARR,CHF,NSR,NSR,CHF,CHF,NSR,NSR
1201,chfdb/chf04,0,CHF,CHF,CHF,CHF,CHF,NSR,CHF,CHF,ARR,ARR,ARR,ARR,CHF,ARR,NSR
1202,chfdb/chf04,0,CHF,CHF,CHF,CHF,CHF,CHF,NSR,CHF,ARR,ARR,ARR,NSR,ARR,ARR,NSR
1203,chfdb/chf04,0,CHF,CHF,CHF,CHF,CHF,CHF,CHF,CHF,CHF,CHF,ARR,NSR,CHF,CHF,NSR
1204,chfdb/chf04,0,CHF,CHF,CHF,CHF,CHF,CHF,CHF,CHF,ARR,CHF,ARR,CHF,CHF,CHF,CHF
1205,chfdb/chf04,0,CHF,CHF,CHF,CHF,CHF,ARR,CHF,CHF,CHF,NSR,NSR,NSR,NSR,NSR,NSR
1206,chfdb/chf04,0,CHF,ARR,CHF,CHF,NSR,CHF,NSR,NSR,ARR,CHF,CHF,NSR,ARR,CHF,NSR
1207,chfdb/chf04,0,CHF,CHF,CHF,CHF,CHF,CHF,ARR,CHF,CHF,CHF,CHF,CHF,CHF,CHF,CHF
1208,chfdb/chf04,0,CHF,CHF,CHF,CHF,CHF,CHF,CHF,CHF,CHF,CHF,CHF,CHF,CHF,CHF,CHF
1209,chfdb/chf04,0,CHF,CHF,ARR,CHF,CHF,NSR,CHF,CHF,ARR,ARR,CHF,ARR,ARR,ARR,ARR
1210,chfdb/chf05,1,CHF,CHF,CHF,CHF,CHF,CHF,CHF,CHF,CHF,CHF,CHF,CHF,CHF,NSR,CHF
1211,chfdb/chf05,1,CHF,CHF,CHF,CHF,CHF,CHF,CHF,CHF,CHF,CHF,CHF,CHF,CHF,NSR,CHF
1212,chfdb/chf05,1,CHF,CHF,CHF,CHF,CHF,CHF,ARR,CHF,CHF,CHF,CHF,CHF,CHF,CHF,CHF
1213,chfdb/chf05,1,CHF,ARR,CHF,CHF,CHF,ARR,NSR,CHF,ARR,CHF,CHF,CHF,CHF,CHF,CHF
1214,chfdb/chf05,1,CHF,CHF,CHF,CHF,CHF,CHF,CHF,CHF,CHF,CHF,NSR,CHF,CHF,NSR,CHF
1215,chfdb/chf05,1,CHF,CHF,CHF,CHF,CHF,CHF,CHF,CHF,CHF,CHF,CHF,CHF,CHF,NSR,CHF
1216,chfdb/chf05,1,CHF,CHF,CHF,CHF,NSR,CHF,ARR,CHF,CHF,CHF,CHF,CHF,CHF,CHF,CHF
1217,chfdb/chf05,1,CHF,ARR,NSR,ARR,ARR,ARR,ARR,ARR,ARR,CHF,CHF,CHF,CHF,CHF,CHF
1218,chfdb/chf05,1,CHF,CHF,CHF,CHF,CHF,CHF,CHF,CHF,CHF,CHF,CHF,CHF,CHF,NSR,CHF
1219,chfdb/chf05,1,CHF,CHF,CHF,CHF,CHF,NSR,ARR,CHF,NSR,NSR,ARR,CHF,NSR,NSR,NSR
1220,chfdb/chf06,3,CHF,CHF,CHF,CHF,CHF,CHF,CHF,CHF,ARR,ARR,ARR,ARR,ARR,NSR,ARR
1221,chfdb/chf06,3,CHF,CHF,CHF,CHF,CHF,CHF,CHF,CHF,ARR,ARR,ARR,ARR,ARR,ARR,ARR
1222,chfdb/chf06,3,CHF,CHF,CHF,CHF,CHF,CHF,CHF,CHF,ARR,ARR,ARR,ARR,ARR,ARR,ARR
1223,chfdb/chf06,3,CHF,CHF,NSR,CHF,CHF,ARR,ARR,CHF,ARR,CHF,CHF,CHF,CHF,ARR,CHF
1224,chfdb/chf06,3,CHF,ARR,CHF,CHF,ARR,CHF,CHF,CHF,ARR,ARR,ARR,ARR,ARR,ARR,ARR
1225,chfdb/chf06,3,CHF,ARR,NSR,CHF,ARR,ARR,ARR,CHF,ARR,ARR,ARR,ARR,CHF,ARR,CHF
1226,chfdb/chf06,3,CHF,ARR,NSR,ARR,ARR,ARR,ARR,ARR,ARR,ARR,ARR,NSR,NSR,ARR,ARR
1227,chfdb/chf06,3,CHF,CHF,CHF,CHF,ARR,CHF,CHF,CHF,ARR,CHF,CHF,ARR,CHF,ARR,CHF
1228,chfdb/chf06,3,CHF,CHF,CHF,CHF,NSR,CHF,CHF,CHF,ARR,ARR,ARR,ARR,ARR,ARR,ARR
1229,chfdb/chf06,3,CHF,CHF,CHF,CHF,CHF,CHF,CHF,CHF,ARR,ARR,ARR,ARR,ARR,ARR,ARR
1230,chfdb/chf07,3,CHF,ARR,NSR,NSR,ARR,NSR,ARR,NSR,ARR,ARR,NSR,ARR,ARR,ARR,ARR
1231,chfdb/chf07,3,CHF,ARR,ARR,NSR,ARR,NSR,ARR,CHF,ARR,NSR,ARR,ARR,NSR,ARR,ARR
1232,chfdb/chf07,3,CHF,CHF,ARR,ARR,ARR,CHF,CHF,CHF,NSR,ARR,NSR,ARR,ARR,ARR,ARR
1233,chfdb/chf07,3,CHF,CHF,ARR,ARR,ARR,ARR,CHF,CHF,ARR,ARR,ARR,NSR,ARR,ARR,ARR
1234,chfdb/chf07,3,CHF,ARR,ARR,CHF,ARR,ARR,NSR,ARR,ARR,CHF,CHF,ARR,CHF,ARR,CHF
1235,chfdb/chf07,3,CHF,ARR,NSR,ARR,ARR,NSR,ARR,ARR,ARR,ARR,ARR,ARR,ARR,ARR,ARR
1236,chfdb/chf07,3,CHF,ARR,NSR,ARR,ARR,ARR,ARR,ARR,ARR,ARR,ARR,ARR,ARR,ARR,ARR
1237,chfdb/chf07,3,CHF,ARR,NSR,CHF,ARR,ARR,NSR,CHF,ARR,ARR,ARR,ARR,ARR,ARR,ARR
1238,chfdb/chf07,3,CHF,ARR,ARR,ARR,ARR,ARR,ARR,ARR,ARR,ARR,NSR,ARR,ARR,ARR,ARR
1239,chfdb/chf07,3,CHF,ARR,ARR,ARR,ARR,ARR,ARR,ARR,ARR,ARR,ARR,NSR,ARR,ARR,ARR
1240,chfdb/chf08,2,CHF,ARR,CHF,ARR,CHF,ARR,ARR,ARR,ARR,ARR,ARR,ARR,ARR,ARR,CHF
1241,chfdb/chf08,2,CHF,ARR,CHF,CHF,CHF,CHF,ARR,CHF,ARR,ARR,ARR,ARR,ARR,ARR,ARR
1242,chfdb/chf08,2,CHF,ARR,CHF,CHF,CHF,CHF,ARR,ARR,ARR,CHF,ARR,ARR,ARR,CHF,CHF
1243,chfdb/chf08,2,CHF,ARR,CHF,ARR,CHF,ARR,ARR,ARR,ARR,CHF,ARR,ARR,ARR,CHF,CHF
1244,chfdb/chf08,2,CHF,ARR,CHF,ARR,CHF,CHF,ARR,ARR,ARR,ARR,ARR,ARR,ARR,ARR,ARR
1245,chfdb/chf08,2,CHF,CHF,CHF,CHF,ARR,CHF,ARR,CHF,ARR,ARR,ARR,ARR,ARR,ARR,ARR
1246,chfdb/chf08,2,CHF,ARR,CHF,CHF,ARR,CHF,ARR,ARR,ARR,ARR,ARR,ARR,CHF,ARR,ARR
1247,chfdb/chf08,2,CHF,ARR,CHF,CHF,CHF,CHF,CHF,CHF,ARR,ARR,ARR,ARR,ARR,ARR,ARR
1248,chfdb/chf08,2,CHF,CHF,CHF,CHF,CHF,CHF,CHF,CHF,ARR,ARR,ARR,ARR,ARR,ARR,ARR
1249,chfdb/chf08,2,CHF,CHF,CHF,CHF,CHF,ARR,CHF,ARR,ARR,ARR,ARR,ARR,ARR,ARR,ARR
1250,chfdb/chf09,4,CHF,NSR,CHF,NSR,CHF,NSR,NSR,ARR,ARR,ARR,ARR,ARR,ARR,ARR,ARR
1251,chfdb/chf09,4,CHF,NSR,NSR,CHF,NSR,NSR,NSR,ARR,ARR,ARR,ARR,ARR,ARR,ARR,ARR
1252,chfdb/chf09,4,CHF,NSR,ARR,NSR,ARR,CHF,ARR,CHF,ARR,ARR,ARR,CHF,ARR,ARR,ARR
1253,chfdb/chf09,4,CHF,CHF,CHF,CHF,CHF,CHF,CHF,CHF,ARR,CHF,ARR,CHF,ARR,CHF,ARR
1254,chfdb/chf09,4,CHF,NSR,NSR,NSR,NSR,NSR,ARR,CHF,ARR,CHF,ARR,CHF,ARR,ARR,ARR
1255,chfdb/chf09,4,CHF,NSR,NSR,NSR,NSR,NSR,NSR,NSR,ARR,NSR,NSR,CHF,ARR,NSR,ARR
1256,chfdb/chf09,4,CHF,NSR,NSR,CHF,CHF,NSR,ARR,NSR,ARR,CHF,ARR,CHF,ARR,ARR,ARR
1257,chfdb/chf09,4,CHF,NSR,NSR,CHF,NSR,NSR,ARR,NSR,ARR,CHF,CHF,CHF,CHF,CHF,CHF
1258,chfdb/chf09,4,CHF,NSR,NSR,CHF,NSR,NSR,ARR,NSR,ARR,ARR,ARR,CHF,ARR,NSR,ARR
1259,chfdb/chf09,4,CHF,NSR,NSR,NSR,NSR,NSR,ARR,NSR,ARR,CHF,ARR,NSR,ARR,CHF,ARR
1260,nsrdb/16265,0,NSR,NSR,NSR,NSR,NSR,NSR,NSR,NSR,NSR,NSR,NSR,NSR,NSR,NSR,NSR
1261,nsrdb/16265,0,NSR,NSR,NSR,NSR,NSR,NSR,NSR,NSR,NSR,NSR,NSR,NSR,NSR,NSR,NSR
1262,nsrdb/16265,0,NSR,NSR,NSR,NSR,NSR,NSR,NSR,NSR,NSR,NSR,NSR,NSR,NSR,NSR,NSR
1263,nsrdb/16265,0,NSR,NSR,NSR,NSR,NSR,NSR,NSR,NSR,NSR,NSR,NSR,NSR,NSR,NSR,NSR
1264,nsrdb/16265,0,NSR,ARR,NSR,NSR,NSR,NSR,NSR,NSR,NSR,NSR,NSR,NSR,NSR,NSR,NSR
1265,nsrdb/16265,0,NSR,ARR,NSR,NSR,NSR,NSR,NSR,ARR,NSR,NSR,NSR,NSR,NSR,NSR,NSR
1266,nsrdb/16265,0,NSR,NSR,NSR,NSR,CHF,NSR,NSR,NSR,CHF,NSR,CHF,NSR,NSR,NSR,CHF
1267,nsrdb/16265,0,NSR,NSR,ARR,NSR,NSR,NSR,NSR,NSR,NSR,NSR,NSR,NSR,NSR,NSR,NSR
1268,nsrdb/16265,0,NSR,NSR,NSR,NSR,NSR,NSR,NSR,NSR,NSR,NSR,NSR,NSR,ARR,NSR,CHF
1269,nsrdb/16265,0,NSR,NSR,NSR,NSR,NSR,NSR,NSR,ARR,NSR,NSR,CHF,NSR,NSR,NSR,CHF
1270,nsrdb/17052,1,NSR,NSR,ARR,NSR,ARR,NSR,NSR,NSR,ARR,ARR,ARR,NSR,ARR,ARR,NSR
1271,nsrdb/17052,1,NSR,ARR,ARR,NSR,ARR,ARR,ARR,ARR,ARR,ARR,ARR,ARR,ARR,ARR,ARR
1272,nsrdb/17052,1,NSR,NSR,ARR,ARR,ARR,NSR,NSR,NSR,ARR,CHF,ARR,ARR,ARR,NSR,ARR
1273,nsrdb/17052,1,NSR,NSR,NSR,ARR,ARR,NSR,NSR,NSR,ARR,ARR,CHF,ARR,CHF,ARR,NSR
1274,nsrdb/17052,1,NSR,NSR,NSR,NSR,NSR,NSR,NSR,NSR,ARR,CHF,ARR,ARR,ARR,ARR,ARR
1275,nsrdb/17052,1,NSR,NSR,NSR,NSR,NSR,CHF,NSR,NSR,ARR,CHF,ARR,NSR,ARR,NSR,ARR
1276,nsrdb/17052,1,NSR,NSR,NSR,NSR,NSR,NSR,NSR,NSR,ARR,ARR,ARR,ARR,ARR,ARR,ARR
1277,nsrdb/17052,1,NSR,NSR,NSR,NSR,NSR,NSR,NSR,NSR,ARR,CHF,ARR,CHF,ARR,ARR,ARR
1278,nsrdb/17052,1,NSR,NSR,NSR,NSR,NSR,NSR,NSR,NSR,ARR,NSR,NSR,NSR,ARR,NSR,NSR
1279,nsrdb/17052,1,NSR,NSR,NSR,NSR,ARR,NSR,NSR,NSR,ARR,ARR,ARR,ARR,ARR,ARR,NSR
1280,nsrdb/17453,4,NSR,NSR,NSR,NSR,NSR,NSR,NSR,NSR,ARR,CHF,ARR,CHF,ARR,CHF,ARR
1281,nsrdb/17453,4,NSR,NSR,NSR,NSR,NSR,NSR,NSR,NSR,ARR,ARR,ARR,ARR,CHF,ARR,ARR
1282,nsrdb/17453,4,NSR,NSR,NSR,NSR,NSR,NSR,NSR,NSR,NSR,NSR,NSR,CHF,NSR,NSR,NSR
1283,nsrdb/17453,4,NSR,NSR,NSR,NSR,NSR,NSR,NSR,NSR,ARR,CHF,ARR,CHF,CHF,NSR,NSR
1284,nsrdb/17453,4,NSR,NSR,NSR,NSR,NSR,NSR,NSR,NSR,ARR,CHF,CHF,CHF,ARR,CHF,CHF
1285,nsrdb/17453,4,NSR,NSR,NSR,NSR,NSR,NSR,NSR,NSR,NSR,NSR,NSR,NSR,NSR,NSR,NSR
1286,nsrdb/17453,4,NSR,NSR,NSR,NSR,NSR,NSR,NSR,NSR,NSR,NSR,NSR,NSR,NSR,NSR,NSR
1287,nsrdb/17453,4,NSR,NSR,NSR,NSR,NSR,NSR,NSR,NSR,ARR,NSR,ARR,ARR,CHF,NSR,ARR
1288,nsrdb/17453,4,NSR,NSR,NSR,NSR,NSR,NSR,NSR,NSR,ARR,ARR,ARR,ARR,ARR,ARR,ARR
1289,nsrdb/17453,4,NSR,NSR,NSR,NSR,NSR,NSR,NSR,NSR,ARR,NSR,ARR,ARR,ARR,ARR,ARR
1290,nsrdb/18177,2,NSR,CHF,CHF,ARR,CHF,CHF,CHF,CHF,CHF,CHF,CHF,CHF,CHF,CHF,CHF
1291,nsrdb/18177,2,NSR,ARR,CHF,NSR,ARR,NSR,ARR,ARR,ARR,ARR,ARR,ARR,ARR,ARR,CHF
1292,nsrdb/18177,2,NSR,NSR,NSR,NSR,NSR,NSR,NSR,NSR,NSR,NSR,NSR,ARR,NSR,ARR,NSR
1293,nsrdb/18177,2,NSR,NSR,NSR,NSR,NSR,NSR,NSR,NSR,ARR,ARR,ARR,ARR,CHF,ARR,NSR
1294,nsrdb/18177,2,NSR,NSR,NSR,NSR,NSR,NSR,NSR,NSR,ARR,NSR,NSR,NSR,NSR,NSR,NSR
1295,nsrdb/18177,2,NSR,NSR,NSR,NSR,NSR,NSR,NSR,NSR,NSR,NSR,NSR,ARR,NSR,NSR,NSR
1296,nsrdb/18177,2,NSR,NSR,NSR,NSR,NSR,NSR,CHF,NSR,ARR,NSR,NSR,NSR,NSR,NSR,NSR
1297,nsrdb/18177,2,NSR,NSR,ARR,NSR,NSR,NSR,NSR,NSR,NSR,NSR,NSR,ARR,NSR,ARR,CHF
1298,nsrdb/18177,2,NSR,NSR,NSR,NSR,NSR,NSR,NSR,NSR,NSR,NSR,NSR,NSR,NSR,NSR,NSR
1299,nsrdb/18177,2,NSR,ARR,CHF,CHF,CHF,CHF,CHF,CHF,NSR,NSR,NSR,NSR,NSR,NSR,NSR
1300,nsrdb/18184,2,NSR,NSR,NSR,NSR,NSR,NSR,NSR,NSR,NSR,NSR,NSR,NSR,NSR,NSR,NSR
1301,nsrdb/18184,2,NSR,ARR,ARR,ARR,ARR,NSR,ARR,NSR,NSR,NSR,NSR,NSR,NSR,NSR,NSR
1302,nsrdb/18184,2,NSR,NSR,NSR,NSR,NSR,NSR,NSR,NSR,NSR,NSR,NSR,NSR,NSR,NSR,NSR
1303,nsrdb/18184,2,NSR,NSR,NSR,NSR,NSR,NSR,NSR,NSR,NSR,NSR,NSR,NSR,NSR,NSR,NSR
1304,nsrdb/18184,2,NSR,NSR,NSR,NSR,NSR,NSR,NSR,NSR,NSR,NSR,NSR,NSR,NSR,NSR,NSR
1305,nsrdb/18184,2,NSR,NSR,NSR,NSR,NSR,NSR,NSR,NSR,NSR,NSR,NSR,NSR,NSR,NSR,NSR
1306,nsrdb/18184,2,NSR,NSR,NSR,CHF,ARR,NSR,ARR,NSR,NSR,NSR,NSR,NSR,NSR,NSR,NSR
1307,nsrdb/18184,2,NSR,NSR,NSR,NSR,NSR,NSR,NSR,NSR,NSR,NSR,NSR,NSR,NSR,NSR,NSR
1308,nsrdb/18184,2,NSR,NSR,NSR,NSR,NSR,NSR,NSR,NSR,NSR,NSR,NSR,NSR,NSR,NSR,NSR
1309,nsrdb/18184,2,NSR,NSR,NSR,NSR,NSR,NSR,NSR,NSR,NSR,NSR,NSR,NSR,NSR,NSR,NSR
1310,nsrdb/19088,1,NSR,NSR,CHF,CHF,CHF,CHF,CHF,NSR,NSR,NSR,NSR,NSR,CHF,NSR,CHF
1311,nsrdb/19088,1,NSR,ARR,CHF,ARR,CHF,ARR,ARR,ARR,CHF,CHF,CHF,CHF,CHF,CHF,CHF
1312,nsrdb/19088,1,NSR,NSR,NSR,NSR,NSR,NSR,NSR,NSR,NSR,NSR,NSR,NSR,NSR,NSR,NSR
1313,nsrdb/19088,1,NSR,NSR,NSR,NSR,NSR,NSR,NSR,NSR,NSR,NSR,NSR,NSR,NSR,NSR,NSR
1314,nsrdb/19088,1,NSR,ARR,ARR,NSR,NSR,ARR,NSR,ARR,NSR,NSR,NSR,NSR,NSR,NSR,NSR
1315,nsrdb/19088,1,NSR,NSR,ARR,NSR,ARR,NSR,ARR,NSR,NSR,NSR,NSR,NSR,NSR,NSR,NSR
1316,nsrdb/19088,1,NSR,NSR,NSR,NSR,ARR,NSR,NSR,NSR,ARR,NSR,ARR,NSR,NSR,NSR,NSR
1317,nsrdb/19088,1,NSR,NSR,NSR,NSR,NSR,NSR,NSR,NSR,NSR,NSR,NSR,NSR,NSR,NSR,NSR
1318,nsrdb/19088,1,NSR,NSR,NSR,NSR,NSR,NSR,NSR,NSR,NSR,NSR,NSR,NSR,NSR,NSR,NSR
1319,nsrdb/19088,1,NSR,NSR,NSR,NSR,CHF,NSR,NSR,NSR,NSR,NSR,NSR,NSR,NSR,NSR,NSR
1320,nsrdb/19090,0,NSR,NSR,NSR,CHF,NSR,NSR,NSR,NSR,NSR,NSR,CHF,NSR,NSR,NSR,NSR
1321,nsrdb/19090,0,NSR,NSR,ARR,CHF,CHF,ARR,CHF,CHF,NSR,CHF,CHF,NSR,NSR,NSR,NSR
1322,nsrdb/19090,0,NSR,ARR,ARR,ARR,ARR,CHF,ARR,ARR,CHF,CHF,NSR,CHF,CHF,NSR,NSR
1323,nsrdb/19090,0,NSR,NSR,NSR,NSR,NSR,NSR,NSR,NSR,NSR,NSR,NSR,NSR,NSR,NSR,NSR
1324,nsrdb/19090,0,NSR,NSR,NSR,NSR,NSR,NSR,NSR,NSR,ARR,ARR,NSR,NSR,NSR,NSR,CHF
1325,nsrdb/19090,0,NSR,NSR,NSR,NSR,NSR,NSR,NSR,CHF,ARR,ARR,ARR,CHF,ARR,ARR,CHF
1326,nsrdb/19090,0,NSR,NSR,NSR,NSR,NSR,NSR,NSR,NSR,ARR,ARR,NSR,ARR,NSR,NSR,NSR
1327,nsrdb/19090,0,NSR,NSR,NSR,NSR,NSR,NSR,NSR,NSR,NSR,NSR,NSR,NSR,ARR,NSR,CHF
1328,nsrdb/19090,0,NSR,NSR,NSR,NSR,NSR,NSR,NSR,NSR,NSR,NSR,NSR,NSR,NSR,NSR,NSR
1329,nsrdb/19090,0,NSR,NSR,NSR,NSR,NSR,NSR,ARR,NSR,NSR,ARR,NSR,ARR,NSR,NSR,NSR
1330,nsrdb/19093,4,NSR,NSR,CHF,CHF,CHF,CHF,CHF,CHF,NSR,NSR,NSR,NSR,NSR,NSR,NSR
1331,nsrdb/19093,4,NSR,ARR,NSR,NSR,NSR,NSR,NSR,NSR,NSR,NSR,NSR,NSR,NSR,NSR,NSR
1332,nsrdb/19093,4,NSR,ARR,NSR,ARR,NSR,NSR,NSR,NSR,NSR,NSR,NSR,NSR,NSR,NSR,NSR
1333,nsrdb/19093,4,NSR,ARR,NSR,NSR,ARR,NSR,ARR,ARR,NSR,NSR,NSR,ARR,NSR,NSR,NSR
1334,nsrdb/19093,4,NSR,NSR,NSR,NSR,NSR,NSR,NSR,NSR,NSR,NSR,NSR,NSR,NSR,NSR,NSR
1335,nsrdb/19093,4,NSR,NSR,NSR,NSR,NSR,NSR,NSR,NSR,NSR,NSR,NSR,NSR,NSR,NSR,NSR
1336,nsrdb/19093,4,NSR,NSR,NSR,NSR,NSR,NSR,NSR,NSR,NSR,NSR,NSR,NSR,NSR,NSR,NSR
1337,nsrdb/19093,4,NSR,ARR,NSR,NSR,NSR,NSR,NSR,NSR,NSR,NSR,NSR,NSR,NSR,NSR,NSR
1338,nsrdb/19093,4,NSR,ARR,NSR,NSR,ARR,ARR,NSR,ARR,NSR,NSR,NSR,NSR,NSR,NSR,NSR
1339,nsrdb/19093,4,NSR,ARR,NSR,NSR,NSR,NSR,NSR,NSR,NSR,NSR,NSR,NSR,NSR,NSR,NSR
1340,nsrdb/19140,0,NSR,NSR,NSR,CHF,CHF,NSR,NSR,NSR,NSR,NSR,CHF,NSR,NSR,NSR,NSR
1341,nsrdb/19140,0,NSR,NSR,NSR,CHF,NSR,CHF,CHF,CHF,NSR,NSR,NSR,NSR,NSR,NSR,NSR
1342,nsrdb/19140,0,NSR,ARR,NSR,ARR,NSR,NSR,NSR,ARR,NSR,NSR,NSR,NSR,NSR,NSR,NSR
1343,nsrdb/19140,0,NSR,NSR,NSR,CHF,NSR,CHF,NSR,NSR,NSR,NSR,NSR,NSR,NSR,NSR,NSR
1344,nsrdb/19140,0,NSR,NSR,NSR,NSR,NSR,NSR,NSR,NSR,NSR,NSR,NSR,NSR,NSR,NSR,NSR
1345,nsrdb/19140,0,NSR,NSR,NSR,NSR,NSR,NSR,NSR,NSR,NSR,NSR,NSR,ARR,ARR,CHF,ARR
1346,nsrdb/19140,0,NSR,NSR,NSR,NSR,NSR,NSR,NSR,NSR,ARR,NSR,NSR,NSR,NSR,NSR,NSR
1347,nsrdb/19140,0,NSR,NSR,NSR,CHF,NSR,CHF,CHF,NSR,NSR,NSR,NSR,NSR,NSR,NSR,NSR
1348,nsrdb/19140,0,NSR,ARR,NSR,NSR,NSR,NSR,NSR,NSR,NSR,NSR,NSR,NSR,NSR,NSR,NSR
1349,nsrdb/19140,0,NSR,ARR,NSR,NSR,ARR,NSR,NSR,NSR,NSR,NSR,NSR,NSR,NSR,NSR,NSR
1350,nsrdb/19830,1,NSR,NSR,CHF,CHF,CHF,NSR,CHF,CHF,CHF,ARR,CHF,CHF,CHF,ARR,CHF
1351,nsrdb/19830,1,NSR,NSR,NSR,NSR,NSR,NSR,NSR,NSR,NSR,NSR,ARR,NSR,ARR,NSR,ARR
1352,nsrdb/19830,1,NSR,NSR,NSR,NSR,NSR,NSR,NSR,NSR,NSR,NSR,NSR,NSR,NSR,NSR,NSR
1353,nsrdb/19830,1,NSR,NSR,NSR,NSR,NSR,NSR,NSR,NSR,NSR,NSR,NSR,NSR,NSR,NSR,NSR
1354,nsrdb/19830,1,NSR,NSR,NSR,NSR,NSR,NSR,NSR,NSR,NSR,NSR,NSR,NSR,NSR,NSR,NSR
1355,nsrdb/19830,1,NSR,NSR,NSR,NSR,NSR,NSR,NSR,NSR,NSR,NSR,NSR,NSR,NSR,NSR,NSR
1356,nsrdb/19830,1,NSR,NSR,NSR,NSR,ARR,CHF,NSR,CHF,NSR,NSR,NSR,NSR,NSR,NSR,NSR
1357,nsrdb/19830,1,NSR,NSR,NSR,NSR,NSR,NSR,NSR,NSR,NSR,NSR,NSR,NSR,NSR,NSR,NSR
1358,nsrdb/19830,1,NSR,NSR,NSR,NSR,NSR,NSR,ARR,NSR,NSR,NSR,NSR,NSR,NSR,NSR,NSR
1359,nsrdb/19830,1,NSR,ARR,NSR,NSR,NSR,NSR,NSR,NSR,NSR,NSR,NSR,NSR,NSR,NSR,NSR
1360,nsrdb/16265,0,NSR,NSR,NSR,NSR,NSR,NSR,NSR,NSR,NSR,NSR,NSR,NSR,NSR,NSR,NSR
1361,nsrdb/16265,0,NSR,NSR,NSR,NSR,NSR,NSR,NSR,NSR,NSR,NSR,NSR,NSR,NSR,NSR,NSR
1362,nsrdb/16265,0,NSR,NSR,NSR,NSR,NSR,NSR,NSR,NSR,NSR,NSR,NSR,NSR,NSR,NSR,NSR
1363,nsrdb/16265,0,NSR,NSR,NSR,NSR,NSR,NSR,NSR,NSR,NSR,NSR,NSR,NSR,NSR,NSR,NSR
1364,nsrdb/16265,0,NSR,NSR,NSR,NSR,NSR,NSR,NSR,NSR,NSR,NSR,NSR,NSR,NSR,NSR,NSR
1365,nsrdb/16265,0,NSR,ARR,NSR,NSR,NSR,NSR,NSR,NSR,NSR,ARR,NSR,NSR,NSR,NSR,NSR
1366,nsrdb/16265,0,NSR,NSR,NSR,CHF,NSR,NSR,NSR,NSR,NSR,NSR,NSR,NSR,NSR,NSR,NSR
1367,nsrdb/16265,0,NSR,NSR,NSR,NSR,NSR,NSR,NSR,NSR,NSR,NSR,NSR,NSR,NSR,NSR,NSR
1368,nsrdb/16265,0,NSR,NSR,NSR,NSR,NSR,NSR,NSR,NSR,NSR,NSR,NSR,NSR,NSR,NSR,NSR
1369,nsrdb/16265,0,NSR,NSR,ARR,NSR,ARR,NSR,NSR,NSR,NSR,NSR,NSR,NSR,NSR,NSR,NSR
1370,nsrdb/16272,3,NSR,ARR,NSR,ARR,NSR,NSR,NSR,NSR,NSR,NSR,NSR,NSR,NSR,NSR,NSR
1371,nsrdb/16272,3,NSR,ARR,NSR,ARR,NSR,NSR,NSR,NSR,NSR,NSR,NSR,NSR,NSR,NSR,NSR
1372,nsrdb/16272,3,NSR,ARR,NSR,ARR,NSR,NSR,NSR,NSR,NSR,NSR,NSR,NSR,NSR,NSR,NSR
1373,nsrdb/16272,3,NSR,NSR,NSR,NSR,NSR,NSR,NSR,NSR,NSR,NSR,NSR,NSR,NSR,NSR,NSR
1374,nsrdb/16272,3,NSR,ARR,NSR,NSR,NSR,NSR,NSR,NSR,NSR,NSR,NSR,NSR,NSR,NSR,NSR
1375,nsrdb/16272,3,NSR,NSR,NSR,NSR,NSR,NSR,NSR,NSR,NSR,NSR,NSR,NSR,NSR,NSR,NSR
1376,nsrdb/16272,3,NSR,NSR,ARR,NSR,CHF,NSR,ARR,NSR,NSR,NSR,NSR,NSR,NSR,NSR,NSR
1377,nsrdb/16272,3,NSR,NSR,NSR,NSR,NSR,NSR,NSR,NSR,ARR,NSR,NSR,NSR,NSR,NSR,NSR
1378,nsrdb/16272,3,NSR,ARR,NSR,ARR,NSR,NSR,NSR,NSR,NSR,NSR,NSR,NSR,NSR,NSR,NSR
1379,nsrdb/16272,3,NSR,ARR,ARR,NSR,ARR,NSR,ARR,CHF,NSR,NSR,NSR,NSR,NSR,NSR,NSR
1380,nsrdb/16272,3,NSR,ARR,ARR,ARR,ARR,ARR,ARR,ARR,ARR,CHF,CHF,CHF,CHF,CHF,CHF
1381,nsrdb/16272,3,NSR,ARR,ARR,ARR,ARR,ARR,ARR,ARR,ARR,CHF,CHF,CHF,CHF,CHF,CHF
1382,nsrdb/16272,3,NSR,NSR,NSR,NSR,ARR,NSR,NSR,NSR,ARR,ARR,ARR,ARR,ARR,ARR,ARR
1383,nsrdb/16272,3,NSR,NSR,ARR,NSR,NSR,NSR,NSR,NSR,ARR,ARR,ARR,NSR,ARR,ARR,CHF
1384,nsrdb/16272,3,NSR,ARR,NSR,ARR,NSR,ARR,NSR,ARR,ARR,ARR,ARR,NSR,ARR,ARR,ARR
1385,nsrdb/16272,3,NSR,ARR,ARR,NSR,NSR,NSR,NSR,NSR,NSR,NSR,NSR,NSR,NSR,NSR,NSR
1386,nsrdb/16272,3,NSR,NSR,ARR,NSR,ARR,NSR,NSR,NSR,NSR,NSR,NSR,NSR,NSR,NSR,NSR
1387,nsrdb/16272,3,NSR,NSR,ARR,NSR,NSR,CHF,NSR,NSR,NSR,NSR,ARR,NSR,ARR,NSR,ARR
1388,nsrdb/16272,3,NSR,ARR,ARR,CHF,NSR,CHF,NSR,NSR,NSR,NSR,ARR,NSR,NSR,NSR,NSR
1389,nsrdb/16272,3,NSR,NSR,NSR,NSR,ARR,ARR,ARR,ARR,NSR,NSR,NSR,NSR,NSR,NSR,NSR
1390,nsrdb/16273,3,NSR,NSR,NSR,NSR,NSR,NSR,NSR,NSR,NSR,NSR,NSR,NSR,NSR,NSR,NSR
1391,nsrdb/16273,3,NSR,NSR,NSR,NSR,NSR,NSR,NSR,NSR,NSR,NSR,NSR,NSR,NSR,NSR,NSR
1392,nsrdb/16273,3,NSR,NSR,NSR,NSR,NSR,NSR,NSR,NSR,NSR,NSR,NSR,NSR,NSR,NSR,NSR
1393,nsrdb/16273,3,NSR,CHF,ARR,CHF,CHF,CHF,ARR,CHF,CHF,CHF,CHF,CHF,CHF,CHF,CHF
1394,nsrdb/16273,3,NSR,ARR,CHF,NSR,NSR,NSR,CHF,NSR,ARR,CHF,ARR,CHF,ARR,ARR,ARR
1395,nsrdb/16273,3,NSR,NSR,NSR,NSR,NSR,NSR,NSR,NSR,NSR,NSR,NSR,NSR,NSR,NSR,NSR
1396,nsrdb/16273,3,NSR,NSR,NSR,NSR,NSR,NSR,NSR,NSR,NSR,NSR,NSR,ARR,NSR,NSR,NSR
1397,nsrdb/16273,3,NSR,NSR,NSR,NSR,NSR,NSR,NSR,NSR,NSR,NSR,NSR,NSR,NSR,NSR,NSR
1398,nsrdb/16273,3,NSR,NSR,NSR,NSR,NSR,NSR,NSR,NSR,NSR,NSR,NSR,NSR,NSR,NSR,NSR
1399,nsrdb/16273,3,NSR,NSR,NSR,NSR,NSR,NSR,NSR,NSR,NSR,NSR,NSR,NSR,NSR,NSR,NSR
1400,nsrdb/16420,4,NSR,NSR,NSR,NSR,NSR,NSR,NSR,NSR,NSR,NSR,NSR,CHF,NSR,NSR,NSR
1401,nsrdb/16420,4,NSR,NSR,NSR,NSR,NSR,NSR,NSR,NSR,ARR,CHF,ARR,CHF,NSR,CHF,CHF
1402,nsrdb/16420,4,NSR,NSR,ARR,ARR,NSR,ARR,ARR,ARR,NSR,NSR,NSR,NSR,NSR,NSR,NSR
1403,nsrdb/16420,4,NSR,NSR,NSR,NSR,NSR,NSR,NSR,NSR,NSR,NSR,NSR,NSR,ARR,NSR,NSR
1404,nsrdb/16420,4,NSR,ARR,CHF,CHF,CHF,CHF,ARR,NSR,NSR,NSR,NSR,NSR,NSR,NSR,CHF
1405,nsrdb/16420,4,NSR,ARR,ARR,CHF,NSR,NSR,ARR,CHF,NSR,NSR,NSR,NSR,NSR,NSR,NSR
1406,nsrdb/16420,4,NSR,ARR,CHF,NSR,NSR,CHF,CHF,NSR,ARR,CHF,ARR,NSR,ARR,CHF,CHF
1407,nsrdb/16420,4,NSR,NSR,NSR,ARR,CHF,NSR,NSR,CHF,NSR,NSR,NSR,NSR,NSR,NSR,NSR
1408,nsrdb/16420,4,NSR,NSR,NSR,NSR,NSR,NSR,NSR,NSR,NSR,NSR,NSR,NSR,NSR,NSR,NSR
1409,nsrdb/16420,4,NSR,NSR,ARR,CHF,NSR,CHF,NSR,CHF,ARR,NSR,NSR,ARR,NSR,NSR,NSR
1410,nsrdb/16483,2,NSR,ARR,CHF,ARR,ARR,CHF,ARR,ARR,CHF,NSR,ARR,ARR,ARR,ARR,CHF
1411,nsrdb/16483,2,NSR,ARR,CHF,CHF,ARR,CHF,ARR,ARR,ARR,CHF,ARR,ARR,CHF,ARR,CHF
1412,nsrdb/16483,2,NSR,ARR,CHF,CHF,CHF,CHF,CHF,ARR,ARR,ARR,ARR,ARR,ARR,ARR,ARR
1413,nsrdb/16483,2,NSR,ARR,CHF,CHF,CHF,CHF,ARR,CHF,ARR,ARR,ARR,CHF,ARR,ARR,ARR
1414,nsrdb/16483,2,NSR,ARR,CHF,ARR,ARR,ARR,NSR,ARR,CHF,CHF,ARR,CHF,CHF,CHF,CHF
1415,nsrdb/16483,2,NSR,ARR,CHF,ARR,ARR,CHF,ARR,ARR,CHF,CHF,ARR,CHF,CHF,CHF,CHF
1416,nsrdb/16483,2,NSR,ARR,CHF,CHF,CHF,CHF,ARR,CHF,ARR,ARR,ARR,ARR,ARR,ARR,ARR
1417,nsrdb/16483,2,NSR,ARR,CHF,CHF,CHF,CHF,ARR,CHF,CHF,CHF,ARR,CHF,ARR,CHF,CHF
1418,nsrdb/16483,2,NSR,ARR,CHF,ARR,ARR,CHF,ARR,ARR,ARR,NSR,ARR,CHF,ARR,ARR,ARR
1419,nsrdb/16483,2,NSR,ARR,ARR,ARR,ARR,NSR,ARR,NSR,ARR,NSR,ARR,NSR,ARR,ARR,ARR
1420,nsrdb/16539,1,NSR,NSR,NSR,ARR,NSR,NSR,NSR,ARR,NSR,NSR,NSR,NSR,CHF,NSR,CHF
1421,nsrdb/16539,1,NSR,NSR,NSR,NSR,NSR,NSR,NSR,NSR,ARR,NSR,ARR,NSR,NSR,ARR,ARR
1422,nsrdb/16539,1,NSR,NSR,NSR,CHF,NSR,NSR,NSR,ARR,NSR,NSR,NSR,NSR,NSR,NSR,NSR
1423,nsrdb/16539,1,NSR,ARR,NSR,NSR,NSR,NSR,NSR,NSR,NSR,NSR,NSR,NSR,NSR,NSR,NSR
1424,nsrdb/16539,1,NSR,NSR,NSR,ARR,NSR,NSR,NSR,ARR,NSR,NSR,NSR,NSR,NSR,NSR,NSR
1425,nsrdb/16539,1,NSR,ARR,NSR,NSR,NSR,NSR,NSR,NSR,NSR,NSR,NSR,NSR,NSR,NSR,NSR
1426,nsrdb/16539,1,NSR,NSR,NSR,ARR,NSR,NSR,NSR,ARR,NSR,NSR,NSR,NSR,NSR,NSR,NSR
1427,nsrdb/16539,1,NSR,NSR,NSR,NSR,NSR,NSR,NSR,NSR,NSR,NSR,NSR,NSR,NSR,NSR,NSR
1428,nsrdb/16539,1,NSR,ARR,NSR,NSR,NSR,NSR,NSR,NSR,NSR,ARR,NSR,NSR,NSR,ARR,ARR
1429,nsrdb/16539,1,NSR,ARR,NSR,ARR,NSR,NSR,NSR,ARR,NSR,NSR,NSR,NSR,NSR,NSR,NSR
1430,nsrdb/16773,3,NSR,ARR,ARR,ARR,ARR,ARR,ARR,ARR,ARR,ARR,ARR,ARR,ARR,ARR,ARR
1431,nsrdb/16773,3,NSR,ARR,ARR,ARR,ARR,ARR,ARR,ARR,NSR,ARR,NSR,NSR,NSR,ARR,NSR
1432,nsrdb/16773,3,NSR,ARR,ARR,ARR,CHF,NSR,ARR,CHF,ARR,CHF,NSR,ARR,NSR,NSR,NSR
1433,nsrdb/16773,3,NSR,ARR,ARR,ARR,ARR,ARR,ARR,ARR,ARR,ARR,NSR,ARR,ARR,ARR,NSR
1434,nsrdb/16773,3,NSR,ARR,ARR,ARR,ARR,ARR,ARR,ARR,ARR,ARR,NSR,NSR,NSR,ARR,NSR
1435,nsrdb/16773,3,NSR,ARR,ARR,ARR,ARR,ARR,ARR,ARR,ARR,NSR,NSR,ARR,NSR,NSR,NSR
1436,nsrdb/16773,3,NSR,ARR,ARR,CHF,ARR,ARR,CHF,CHF,NSR,ARR,NSR,NSR,NSR,ARR,NSR
1437,nsrdb/16773,3,NSR,ARR,ARR,ARR,ARR,ARR,ARR,ARR,ARR,ARR,NSR,ARR,ARR,ARR,NSR
1438,nsrdb/16773,3,NSR,ARR,ARR,ARR,ARR,ARR,ARR,ARR,ARR,ARR,ARR,ARR,ARR,ARR,ARR
1439,nsrdb/16773,3,NSR,ARR,ARR,CHF,CHF,NSR,ARR,CHF,ARR,ARR,NSR,ARR,ARR,ARR,NSR
1440,nsrdb/16786,0,NSR,ARR,NSR,ARR,NSR,NSR,ARR,NSR,ARR,ARR,ARR,ARR,ARR,ARR,ARR
1441,nsrdb/16786,0,NSR,ARR,ARR,ARR,ARR,NSR,ARR,ARR,ARR,ARR,NSR,ARR,ARR,ARR,ARR
1442,nsrdb/16786,0,NSR,CHF,NSR,NSR,NSR,NSR,NSR,NSR,ARR,ARR,NSR,ARR,ARR,ARR,ARR
1443,nsrdb/16786,0,NSR,ARR,ARR,NSR,ARR,NSR,ARR,ARR,ARR,ARR,ARR,ARR,ARR,ARR,ARR
1444,nsrdb/16786,0,NSR,ARR,NSR,NSR,NSR,NSR,NSR,NSR,NSR,NSR,NSR,NSR,NSR,NSR,NSR
1445,nsrdb/16786,0,NSR,NSR,NSR,NSR,NSR,ARR,ARR,NSR,NSR,NSR,NSR,NSR,NSR,NSR,NSR
1446,nsrdb/16786,0,NSR,ARR,ARR,CHF,CHF,ARR,ARR,ARR,ARR,ARR,ARR,ARR,ARR,ARR,ARR
1447,nsrdb/16786,0,NSR,ARR,ARR,ARR,ARR,NSR,ARR,ARR,ARR,NSR,NSR,NSR,NSR,NSR,NSR
1448,nsrdb/16786,0,NSR,NSR,NSR,NSR,NSR,NSR,ARR,NSR,ARR,ARR,NSR,ARR,ARR,NSR,ARR
1449,nsrdb/16786,0,NSR,CHF,CHF,NSR,CHF,NSR,NSR,ARR,ARR,ARR,ARR,ARR,NSR,ARR,ARR
1450,nsrdb/16795,3,NSR,ARR,NSR,NSR,NSR,NSR,CHF,ARR,NSR,NSR,NSR,NSR,NSR,NSR,NSR
1451,nsrdb/16795,3,NSR,ARR,ARR,CHF,ARR,CHF,ARR,CHF,NSR,NSR,NSR,NSR,NSR,NSR,NSR
1452,nsrdb/16795,3,NSR,NSR,NSR,NSR,NSR,NSR,CHF,ARR,NSR,NSR,NSR,NSR,NSR,NSR,NSR
1453,nsrdb/16795,3,NSR,NSR,NSR,NSR,NSR,NSR,NSR,ARR,ARR,ARR,ARR,NSR,ARR,NSR,NSR
1454,nsrdb/16795,3,NSR,ARR,NSR,NSR,NSR,NSR,NSR,NSR,NSR,NSR,NSR,NSR,NSR,NSR,NSR
1455,nsrdb/16795,3,NSR,ARR,ARR,ARR,ARR,ARR,ARR,ARR,ARR,ARR,ARR,NSR,NSR,NSR,NSR
1456,nsrdb/16795,3,NSR,NSR,NSR,NSR,NSR,NSR,NSR,NSR,NSR,NSR,NSR,NSR,NSR,NSR,NSR
1457,nsrdb/16795,3,NSR,ARR,NSR,NSR,NSR,NSR,NSR,NSR,NSR,NSR,NSR,NSR,NSR,NSR,NSR
1458,nsrdb/16795,3,NSR,NSR,NSR,NSR,NSR,NSR,ARR,ARR,ARR,ARR,ARR,NSR,ARR,NSR,ARR
1459,nsrdb/16795,3,NSR,ARR,CHF,NSR,NSR,NSR,ARR,ARR,NSR,NSR,NSR,ARR,NSR,NSR,NSR
1460,nsrdb/17052,1,NSR,NSR,NSR,NSR,NSR,NSR,NSR,NSR,NSR,NSR,NSR,NSR,NSR,NSR,NSR
1461,nsrdb/17052,1,NSR,NSR,NSR,NSR,NSR,NSR,NSR,NSR,NSR,NSR,NSR,NSR,NSR,NSR,NSR
1462,nsrdb/17052,1,NSR,NSR,NSR,NSR,NSR,NSR,NSR,NSR,NSR,NSR,NSR,NSR,NSR,NSR,NSR
1463,nsrdb/17052,1,NSR,NSR,NSR,NSR,NSR,NSR,NSR,NSR,NSR,NSR,NSR,NSR,NSR,NSR,NSR
1464,nsrdb/17052,1,NSR,NSR,NSR,NSR,NSR,NSR,NSR,NSR,NSR,NSR,NSR,NSR,NSR,NSR,NSR
1465,nsrdb/17052,1,NSR,NSR,NSR,NSR,NSR,NSR,NSR,NSR,NSR,NSR,NSR,NSR,NSR,NSR,NSR
1466,nsrdb/17052,1,NSR,NSR,NSR,NSR,NSR,NSR,NSR,NSR,NSR,NSR,NSR,NSR,NSR,NSR,NSR
1467,nsrdb/17052,1,NSR,NSR,NSR,NSR,NSR,NSR,NSR,NSR,NSR,NSR,NSR,NSR,NSR,NSR,NSR
1468,nsrdb/17052,1,NSR,NSR,NSR,NSR,NSR,NSR,NSR,NSR,NSR,NSR,NSR,NSR,NSR,NSR,NSR
1469,nsrdb/17052,1,NSR,NSR,NSR,NSR,NSR,NSR,NSR,NSR,NSR,NSR,NSR,NSR,NSR,NSR,NSR
1470,nsrdb/17453,4,NSR,NSR,NSR,NSR,NSR,NSR,NSR,NSR,NSR,NSR,NSR,NSR,NSR,NSR,NSR
1471,nsrdb/17453,4,NSR,ARR,NSR,NSR,NSR,NSR,NSR,ARR,NSR,NSR,NSR,NSR,NSR,NSR,NSR
1472,nsrdb/17453,4,NSR,NSR,NSR,NSR,NSR,NSR,NSR,NSR,NSR,NSR,NSR,NSR,NSR,NSR,NSR
1473,nsrdb/17453,4,NSR,NSR,NSR,NSR,NSR,NSR,NSR,NSR,NSR,NSR,NSR,NSR,NSR,NSR,NSR
1474,nsrdb/17453,4,NSR,NSR,NSR,NSR,NSR,NSR,NSR,NSR,ARR,NSR,ARR,NSR,ARR,NSR,ARR
1475,nsrdb/17453,4,NSR,NSR,NSR,NSR,NSR,NSR,NSR,NSR,NSR,NSR,NSR,NSR,NSR,NSR,NSR
1476,nsrdb/17453,4,NSR,NSR,NSR,NSR,NSR,NSR,NSR,NSR,NSR,NSR,NSR,NSR,NSR,NSR,NSR
1477,nsrdb/17453,4,NSR,NSR,NSR,NSR,NSR,NSR,NSR,NSR,NSR,NSR,NSR,NSR,NSR,NSR,NSR
1478,nsrdb/17453,4,NSR,NSR,NSR,NSR,NSR,NSR,NSR,NSR,NSR,NSR,NSR,NSR,NSR,NSR,NSR
1479,nsrdb/17453,4,NSR,NSR,NSR,NSR,NSR,NSR,NSR,NSR,NSR,NSR,NSR,NSR,NSR,NSR,NSR
1480,nsrdb/16273,3,NSR,NSR,NSR,NSR,NSR,NSR,NSR,NSR,ARR,NSR,NSR,NSR,NSR,NSR,CHF
1481,nsrdb/16273,3,NSR,NSR,NSR,NSR,NSR,NSR,NSR,NSR,NSR,NSR,NSR,NSR,NSR,NSR,NSR
1482,nsrdb/16273,3,NSR,NSR,NSR,NSR,NSR,NSR,NSR,NSR,ARR,ARR,NSR,ARR,CHF,ARR,CHF
1483,nsrdb/16273,3,NSR,NSR,NSR,NSR,NSR,NSR,NSR,NSR,NSR,NSR,NSR,ARR,NSR,NSR,ARR
1484,nsrdb/16273,3,NSR,NSR,NSR,NSR,NSR,NSR,NSR,NSR,ARR,ARR,NSR,ARR,NSR,NSR,CHF
1485,nsrdb/16273,3,NSR,NSR,NSR,ARR,NSR,NSR,NSR,NSR,ARR,NSR,NSR,ARR,ARR,ARR,ARR
1486,nsrdb/16273,3,NSR,NSR,ARR,NSR,ARR,ARR,CHF,CHF,ARR,ARR,NSR,NSR,NSR,NSR,NSR
1487,nsrdb/16273,3,NSR,NSR,NSR,NSR,NSR,NSR,NSR,NSR,NSR,NSR,NSR,NSR,NSR,NSR,NSR
1488,nsrdb/16273,3,NSR,NSR,NSR,NSR,NSR,NSR,NSR,NSR,ARR,ARR,NSR,ARR,CHF,NSR,CHF
1489,nsrdb/16273,3,NSR,NSR,NSR,NSR,NSR,NSR,NSR,NSR,NSR,NSR,NSR,NSR,NSR,NSR,NSR
1490,nsrdb/18177,2,NSR,CHF,NSR,CHF,CHF,CHF,CHF,NSR,NSR,NSR,NSR,CHF,NSR,NSR,NSR
1491,nsrdb/18177,2,NSR,NSR,NSR,NSR,NSR,NSR,NSR,NSR,NSR,NSR,NSR,NSR,NSR,NSR,NSR
1492,nsrdb/18177,2,NSR,NSR,NSR,NSR,NSR,NSR,NSR,NSR,NSR,NSR,NSR,NSR,NSR,NSR,NSR
1493,nsrdb/18177,2,NSR,CHF,NSR,CHF,CHF,CHF,CHF,NSR,NSR,NSR,NSR,NSR,NSR,NSR,NSR
1494,nsrdb/18177,2,NSR,NSR,NSR,ARR,NSR,NSR,CHF,NSR,NSR,NSR,NSR,NSR,NSR,NSR,NSR
1495,nsrdb/18177,2,NSR,NSR,ARR,NSR,NSR,NSR,ARR,NSR,NSR,NSR,NSR,NSR,NSR,NSR,NSR
1496,nsrdb/18177,2,NSR,CHF,CHF,CHF,CHF,CHF,CHF,CHF,CHF,CHF,CHF,CHF,CHF,NSR,CHF
1497,nsrdb/18177,2,NSR,ARR,CHF,ARR,CHF,ARR,CHF,ARR,NSR,NSR,NSR,CHF,CHF,ARR,CHF
1498,nsrdb/18177,2,NSR,NSR,NSR,ARR,ARR,NSR,ARR,NSR,NSR,NSR,NSR,NSR,NSR,NSR,NSR
1499,nsrdb/18177,2,NSR,ARR,ARR,ARR,CHF,CHF,ARR,NSR,NSR,NSR,NSR,CHF,NSR,NSR,CHF
1500,nsrdb/18184,2,NSR,NSR,NSR,NSR,NSR,NSR,NSR,NSR,NSR,NSR,NSR,NSR,NSR,NSR,NSR
1501,nsrdb/18184,2,NSR,NSR,NSR,NSR,NSR,NSR,NSR,NSR,NSR,NSR,NSR,NSR,NSR,NSR,NSR
1502,nsrdb/18184,2,NSR,NSR,NSR,NSR,NSR,NSR,NSR,NSR,NSR,NSR,NSR,NSR,NSR,NSR,NSR
1503,nsrdb/18184,2,NSR,NSR,NSR,NSR,NSR,NSR,NSR,NSR,NSR,NSR,NSR,NSR,NSR,NSR,NSR
1504,nsrdb/18184,2,NSR,NSR,ARR,ARR,ARR,ARR,ARR,NSR,NSR,NSR,NSR,NSR,NSR,NSR,NSR
1505,nsrdb/18184,2,NSR,NSR,NSR,NSR,NSR,NSR,NSR,NSR,NSR,NSR,NSR,NSR,NSR,NSR,NSR
1506,nsrdb/18184,2,NSR,NSR,NSR,NSR,NSR,NSR,NSR,NSR,NSR,NSR,NSR,ARR,NSR,NSR,NSR
1507,nsrdb/18184,2,NSR,NSR,NSR,NSR,NSR,NSR,CHF,NSR,NSR,NSR,NSR,NSR,NSR,NSR,NSR
1508,nsrdb/18184,2,NSR,NSR,NSR,NSR,NSR,NSR,NSR,NSR,NSR,NSR,NSR,NSR,NSR,NSR,NSR
1509,nsrdb/18184,2,NSR,NSR,NSR,NSR,NSR,NSR,NSR,NSR,NSR,NSR,NSR,NSR,NSR,NSR,NSR
1510,nsrdb/19088,1,NSR,NSR,CHF,CHF,CHF,CHF,CHF,CHF,NSR,ARR,CHF,CHF,CHF,NSR,CHF
1511,nsrdb/19088,1,NSR,ARR,CHF,ARR,CHF,ARR,NSR,ARR,ARR,ARR,ARR,ARR,ARR,CHF,ARR
1512,nsrdb/19088,1,NSR,NSR,NSR,NSR,NSR,NSR,NSR,NSR,NSR,NSR,NSR,NSR,NSR,NSR,NSR
1513,nsrdb/19088,1,NSR,ARR,NSR,CHF,NSR,NSR,CHF,CHF,NSR,NSR,NSR,NSR,NSR,NSR,NSR
1514,nsrdb/19088,1,NSR,NSR,NSR,NSR,NSR,NSR,NSR,CHF,ARR,ARR,NSR,NSR,CHF,ARR,ARR
1515,nsrdb/19088,1,NSR,NSR,NSR,NSR,NSR,NSR,NSR,NSR,NSR,NSR,NSR,NSR,NSR,NSR,NSR
1516,nsrdb/19088,1,NSR,NSR,NSR,NSR,NSR,NSR,NSR,NSR,NSR,CHF,NSR,CHF,NSR,NSR,NSR
1517,nsrdb/19088,1,NSR,NSR,NSR,NSR,NSR,NSR,NSR,NSR,NSR,NSR,NSR,NSR,NSR,NSR,NSR
1518,nsrdb/19088,1,NSR,NSR,NSR,NSR,NSR,NSR,NSR,NSR,NSR,NSR,NSR,NSR,NSR,NSR,NSR
1519,nsrdb/19088,1,NSR,NSR,CHF,CHF,NSR,NSR,CHF,ARR,NSR,NSR,NSR,NSR,NSR,NSR,NSR
1520,nsrdb/19090,0,NSR,NSR,NSR,CHF,NSR,CHF,NSR,CHF,NSR,NSR,CHF,NSR,NSR,NSR,NSR
1521,nsrdb/19090,0,NSR,NSR,NSR,NSR,NSR,NSR,ARR,ARR,NSR,NSR,NSR,NSR,NSR,NSR,NSR
1522,nsrdb/19090,0,NSR,NSR,NSR,CHF,NSR,NSR,CHF,NSR,NSR,NSR,NSR,NSR,NSR,NSR,NSR
1523,nsrdb/19090,0,NSR,NSR,NSR,NSR,NSR,NSR,NSR,NSR,NSR,NSR,NSR,NSR,NSR,NSR,NSR
1524,nsrdb/19090,0,NSR,NSR,NSR,NSR,NSR,NSR,NSR,NSR,NSR,NSR,NSR,NSR,NSR,NSR,NSR
1525,nsrdb/19090,0,NSR,NSR,NSR,NSR,NSR,NSR,NSR,NSR,NSR,NSR,NSR,NSR,NSR,NSR,NSR
1526,nsrdb/19090,0,NSR,NSR,NSR,NSR,NSR,NSR,NSR,NSR,NSR,NSR,NSR,NSR,NSR,NSR,NSR
1527,nsrdb/19090,0,NSR,NSR,NSR,NSR,NSR,NSR,NSR,ARR,NSR,NSR,NSR,NSR,NSR,NSR,NSR
1528,nsrdb/19090,0,NSR,NSR,NSR,NSR,NSR,NSR,ARR,NSR,NSR,NSR,NSR,NSR,NSR,NSR,NSR
1529,nsrdb/19090,0,NSR,NSR,NSR,NSR,NSR,NSR,ARR,NSR,NSR,NSR,NSR,NSR,NSR,NSR,NSR
1530,nsrdb/19093,4,NSR,ARR,ARR,CHF,ARR,ARR,ARR,ARR,NSR,NSR,NSR,NSR,NSR,NSR,NSR
1531,nsrdb/19093,4,NSR,ARR,ARR,ARR,ARR,ARR,NSR,ARR,NSR,NSR,NSR,NSR,NSR,NSR,NSR
1532,nsrdb/19093,4,NSR,ARR,ARR,NSR,ARR,ARR,NSR,ARR,NSR,NSR,NSR,NSR,NSR,NSR,NSR
1533,nsrdb/19093,4,NSR,NSR,ARR,ARR,NSR,ARR,NSR,ARR,ARR,ARR,ARR,NSR,ARR,NSR,NSR
1534,nsrdb/19093,4,NSR,ARR,ARR,NSR,NSR,ARR,NSR,NSR,NSR,NSR,NSR,NSR,NSR,NSR,NSR
1535,nsrdb/19093,4,NSR,ARR,ARR,ARR,ARR,ARR,NSR,CHF,ARR,NSR,NSR,NSR,NSR,NSR,NSR
1536,nsrdb/19093,4,NSR,NSR,ARR,ARR,ARR,ARR,CHF,ARR,NSR,NSR,NSR,NSR,NSR,NSR,NSR
1537,nsrdb/19093,4,NSR,NSR,ARR,ARR,NSR,ARR,ARR,ARR,NSR,NSR,NSR,NSR,NSR,NSR,NSR
1538,nsrdb/19093,4,NSR,ARR,ARR,CHF,ARR,ARR,NSR,NSR,NSR,NSR,NSR,NSR,NSR,NSR,NSR
1539,nsrdb/19093,4,NSR,ARR,ARR,NSR,NSR,ARR,NSR,CHF,NSR,NSR,NSR,NSR,NSR,NSR,NSR
1540,nsrdb/19140,0,NSR,NSR,NSR,NSR,NSR,NSR,NSR,NSR,ARR,CHF,NSR,ARR,NSR,NSR,NSR
1541,nsrdb/19140,0,NSR,NSR,NSR,NSR,NSR,CHF,NSR,NSR,ARR,ARR,NSR,ARR,NSR,NSR,ARR
1542,nsrdb/19140,0,NSR,NSR,NSR,NSR,NSR,NSR,NSR,NSR,NSR,ARR,NSR,NSR,NSR,NSR,NSR
1543,nsrdb/19140,0,NSR,NSR,NSR,NSR,NSR,NSR,NSR,NSR,NSR,NSR,NSR,NSR,NSR,NSR,NSR
1544,nsrdb/19140,0,NSR,NSR,NSR,NSR,NSR,NSR,NSR,NSR,NSR,NSR,NSR,NSR,NSR,NSR,NSR
1545,nsrdb/19140,0,NSR,NSR,NSR,NSR,NSR,CHF,ARR,CHF,NSR,NSR,NSR,NSR,NSR,NSR,NSR
1546,nsrdb/19140,0,NSR,NSR,NSR,NSR,NSR,NSR,NSR,NSR,NSR,ARR,NSR,NSR,NSR,NSR,NSR
1547,nsrdb/19140,0,NSR,NSR,NSR,NSR,NSR,NSR,NSR,NSR,NSR,NSR,NSR,NSR,NSR,NSR,NSR
1548,nsrdb/19140,0,NSR,NSR,NSR,NSR,NSR,NSR,ARR,NSR,NSR,NSR,NSR,NSR,NSR,NSR,NSR
1549,nsrdb/19140,0,NSR,NSR,NSR,NSR,NSR,NSR,NSR,NSR,NSR,NSR,NSR,NSR,NSR,NSR,NSR
1550,nsrdb/19830,1,NSR,NSR,CHF,CHF,CHF,NSR,CHF,NSR,NSR,NSR,NSR,NSR,NSR,NSR,CHF
1551,nsrdb/19830,1,NSR,NSR,NSR,NSR,NSR,NSR,NSR,NSR,NSR,NSR,NSR,NSR,NSR,NSR,NSR
1552,nsrdb/19830,1,NSR,NSR,NSR,NSR,NSR,NSR,NSR,NSR,NSR,NSR,NSR,NSR,NSR,NSR,NSR
1553,nsrdb/19830,1,NSR,NSR,NSR,NSR,NSR,NSR,NSR,NSR,NSR,NSR,NSR,NSR,NSR,NSR,NSR
1554,nsrdb/19830,1,NSR,NSR,NSR,NSR,NSR,NSR,NSR,NSR,NSR,CHF,NSR,NSR,NSR,NSR,NSR
1555,nsrdb/19830,1,NSR,NSR,NSR,NSR,NSR,NSR,NSR,NSR,NSR,NSR,NSR,NSR,NSR,NSR,NSR
1556,nsrdb/19830,1,NSR,NSR,NSR,NSR,NSR,NSR,NSR,NSR,NSR,NSR,NSR,NSR,NSR,NSR,NSR
1557,nsrdb/19830,1,NSR,NSR,NSR,NSR,NSR,NSR,NSR,NSR,NSR,NSR,NSR,NSR,NSR,NSR,NSR
1558,nsrdb/19830,1,NSR,NSR,NSR,NSR,NSR,NSR,NSR,NSR,NSR,NSR,NSR,NSR,NSR,NSR,NSR
1559,nsrdb/19830,1,NSR,NSR,NSR,NSR,NSR,NSR,NSR,NSR,NSR,NSR,NSR,NSR,NSR,NSR,NSR
1560,nsrdb/16420,4,NSR,NSR,ARR,NSR,NSR,NSR,NSR,NSR,NSR,NSR,NSR,NSR,NSR,NSR,NSR
1561,nsrdb/16420,4,NSR,NSR,NSR,NSR,NSR,NSR,NSR,NSR,NSR,NSR,NSR,NSR,NSR,NSR,NSR
1562,nsrdb/16420,4,NSR,NSR,NSR,NSR,NSR,NSR,NSR,NSR,NSR,NSR,NSR,NSR,NSR,NSR,NSR
1563,nsrdb/16420,4,NSR,NSR,ARR,NSR,NSR,NSR,NSR,NSR,NSR,NSR,NSR,NSR,NSR,NSR,NSR
1564,nsrdb/16420,4,NSR,NSR,NSR,NSR,NSR,NSR,NSR,NSR,ARR,NSR,NSR,NSR,NSR,NSR,NSR
1565,nsrdb/16420,4,NSR,NSR,ARR,CHF,CHF,CHF,CHF,NSR,NSR,NSR,NSR,NSR,NSR,NSR,NSR
1566,nsrdb/16420,4,NSR,NSR,NSR,NSR,NSR,NSR,NSR,NSR,NSR,NSR,NSR,NSR,NSR,NSR,NSR
1567,nsrdb/16420,4,NSR,NSR,NSR,NSR,NSR,NSR,NSR,NSR,NSR,NSR,NSR,NSR,NSR,NSR,NSR
1568,nsrdb/16420,4,NSR,NSR,NSR,NSR,NSR,NSR,NSR,NSR,NSR,NSR,NSR,NSR,NSR,NSR,NSR
1569,nsrdb/16420,4,NSR,NSR,ARR,NSR,NSR,NSR,NSR,NSR,NSR,NSR,NSR,NSR,NSR,NSR,NSR
1570,nsrdb/16483,2,NSR,NSR,NSR,NSR,NSR,NSR,NSR,NSR,NSR,NSR,NSR,NSR,NSR,NSR,NSR
1571,nsrdb/16483,2,NSR,NSR,NSR,NSR,NSR,NSR,NSR,NSR,NSR,NSR,NSR,NSR,NSR,NSR,NSR
1572,nsrdb/16483,2,NSR,NSR,NSR,NSR,NSR,NSR,NSR,NSR,NSR,NSR,NSR,NSR,NSR,NSR,NSR
1573,nsrdb/16483,2,NSR,NSR,NSR,NSR,NSR,NSR,NSR,NSR,NSR,NSR,ARR,ARR,ARR,ARR,NSR
1574,nsrdb/16483,2,NSR,NSR,NSR,NSR,NSR,NSR,NSR,NSR,NSR,NSR,NSR,NSR,NSR,NSR,NSR
1575,nsrdb/16483,2,NSR,NSR,CHF,ARR,NSR,NSR,NSR,CHF,NSR,NSR,NSR,NSR,NSR,NSR,NSR
1576,nsrdb/16483,2,NSR,NSR,NSR,NSR,NSR,NSR,NSR,NSR,NSR,NSR,NSR,NSR,NSR,NSR,NSR
1577,nsrdb/16483,2,NSR,NSR,NSR,NSR,NSR,NSR,NSR,NSR,NSR,NSR,NSR,NSR,NSR,NSR,NSR
1578,nsrdb/16483,2,NSR,NSR,NSR,NSR,NSR,NSR,NSR,NSR,NSR,NSR,NSR,NSR,NSR,NSR,NSR
1579,nsrdb/16483,2,NSR,NSR,NSR,NSR,NSR,NSR,NSR,NSR,NSR,NSR,NSR,ARR,NSR,NSR,NSR
1580,nsrdb/16539,1,NSR,NSR,NSR,NSR,NSR,NSR,NSR,NSR,NSR,NSR,NSR,NSR,NSR,NSR,NSR
1581,nsrdb/16539,1,NSR,NSR,ARR,NSR,ARR,NSR,NSR,NSR,ARR,NSR,NSR,NSR,NSR,NSR,NSR
1582,nsrdb/16539,1,NSR,NSR,ARR,NSR,ARR,NSR,NSR,NSR,ARR,NSR,NSR,NSR,NSR,NSR,NSR
1583,nsrdb/16539,1,NSR,NSR,NSR,NSR,ARR,NSR,NSR,NSR,NSR,NSR,NSR,NSR,NSR,NSR,NSR
1584,nsrdb/16539,1,NSR,NSR,NSR,NSR,NSR,NSR,NSR,NSR,ARR,ARR,NSR,NSR,CHF,NSR,NSR
1585,nsrdb/16539,1,NSR,NSR,NSR,NSR,NSR,NSR,NSR,NSR,ARR,ARR,NSR,ARR,NSR,NSR,NSR
1586,nsrdb/16539,1,NSR,NSR,NSR,NSR,NSR,NSR,NSR,NSR,NSR,NSR,NSR,NSR,NSR,NSR,NSR
1587,nsrdb/16539,1,NSR,NSR,ARR,NSR,ARR,NSR,NSR,NSR,NSR,NSR,NSR,NSR,NSR,NSR,NSR
1588,nsrdb/16539,1,NSR,NSR,NSR,NSR,ARR,NSR,NSR,NSR,NSR,NSR,NSR,NSR,NSR,NSR,NSR
1589,nsrdb/16539,1,NSR,NSR,NSR,NSR,NSR,NSR,NSR,NSR,NSR,NSR,NSR,NSR,ARR,NSR,NSR
1590,nsrdb/16773,3,NSR,NSR,CHF,NSR,NSR,NSR,NSR,NSR,NSR,NSR,NSR,NSR,NSR,NSR,NSR
1591,nsrdb/16773,3,NSR,NSR,NSR,ARR,NSR,NSR,NSR,NSR,ARR,NSR,ARR,ARR,NSR,NSR,NSR
1592,nsrdb/16773,3,NSR,NSR,NSR,NSR,ARR,ARR,NSR,NSR,ARR,CHF,ARR,ARR,ARR,ARR,ARR
1593,nsrdb/16773,3,NSR,NSR,NSR,NSR,NSR,NSR,NSR,NSR,NSR,NSR,NSR,NSR,NSR,NSR,NSR
1594,nsrdb/16773,3,NSR,NSR,CHF,NSR,ARR,NSR,NSR,CHF,NSR,NSR,NSR,NSR,NSR,NSR,NSR
1595,nsrdb/16773,3,NSR,NSR,NSR,NSR,NSR,NSR,NSR,NSR,NSR,NSR,NSR,NSR,NSR,NSR,NSR
1596,nsrdb/16773,3,NSR,NSR,NSR,NSR,NSR,NSR,NSR,NSR,NSR,NSR,NSR,NSR,NSR,NSR,NSR
1597,nsrdb/16773,3,NSR,CHF,NSR,CHF,NSR,NSR,NSR,CHF,NSR,NSR,CHF,ARR,ARR,NSR,ARR
1598,nsrdb/16773,3,NSR,NSR,NSR,NSR,NSR,NSR,NSR,NSR,NSR,NSR,NSR,NSR,NSR,NSR,ARR
1599,nsrdb/16773,3,NSR,NSR,NSR,NSR,NSR,NSR,NSR,NSR,NSR,NSR,NSR,NSR,NSR,NSR,ARR
1600,nsrdb/16786,0,NSR,ARR,ARR,CHF,ARR,NSR,ARR,NSR,ARR,ARR,CHF,ARR,CHF,ARR,NSR
1601,nsrdb/16786,0,NSR,ARR,NSR,NSR,ARR,NSR,ARR,NSR,NSR,NSR,NSR,NSR,NSR,NSR,NSR
1602,nsrdb/16786,0,NSR,ARR,NSR,ARR,NSR,NSR,ARR,ARR,ARR,CHF,NSR,ARR,NSR,CHF,ARR
1603,nsrdb/16786,0,NSR,NSR,NSR,NSR,NSR,NSR,NSR,NSR,ARR,ARR,ARR,ARR,NSR,NSR,ARR
1604,nsrdb/16786,0,NSR,ARR,NSR,NSR,NSR,NSR,ARR,NSR,ARR,ARR,ARR,ARR,NSR,NSR,ARR
1605,nsrdb/16786,0,NSR,ARR,NSR,ARR,NSR,NSR,NSR,NSR,NSR,NSR,CHF,NSR,ARR,NSR,NSR
1606,nsrdb/16786,0,NSR,ARR,NSR,NSR,ARR,NSR,ARR,NSR,NSR,ARR,CHF,NSR,NSR,NSR,NSR
1607,nsrdb/16786,0,NSR,ARR,NSR,NSR,NSR,ARR,NSR,NSR,NSR,NSR,NSR,NSR,NSR,NSR,NSR
1608,nsrdb/16786,0,NSR,NSR,NSR,NSR,NSR,NSR,NSR,NSR,ARR,ARR,NSR,ARR,NSR,NSR,ARR
1609,nsrdb/16786,0,NSR,ARR,NSR,NSR,NSR,NSR,NSR,ARR,NSR,NSR,NSR,NSR,NSR,NSR,NSR
1610,nsrdb/16795,3,NSR,ARR,ARR,ARR,ARR,ARR,NSR,NSR,ARR,NSR,NSR,ARR,ARR,NSR,ARR
1611,nsrdb/16795,3,NSR,ARR,ARR,ARR,ARR,ARR,ARR,ARR,ARR,ARR,ARR,ARR,ARR,NSR,ARR
1612,nsrdb/16795,3,NSR,ARR,ARR,ARR,ARR,ARR,ARR,ARR,ARR,ARR,ARR,ARR,ARR,NSR,ARR
1613,nsrdb/16795,3,NSR,NSR,ARR,ARR,ARR,ARR,NSR,ARR,ARR,ARR,NSR,ARR,ARR,ARR,ARR
1614,nsrdb/16795,3,NSR,ARR,NSR,NSR,NSR,ARR,NSR,CHF,ARR,CHF,ARR,ARR,CHF,ARR,ARR
1615,nsrdb/16795,3,NSR,NSR,ARR,NSR,CHF,ARR,ARR,NSR,NSR,NSR,NSR,NSR,NSR,NSR,NSR
1616,nsrdb/16795,3,NSR,NSR,NSR,NSR,NSR,ARR,NSR,NSR,NSR,NSR,NSR,NSR,NSR,NSR,ARR
1617,nsrdb/16795,3,NSR,ARR,NSR,ARR,NSR,ARR,NSR,ARR,ARR,NSR,ARR,NSR,ARR,NSR,ARR
1618,nsrdb/16795,3,NSR,NSR,NSR,NSR,NSR,NSR,NSR,NSR,NSR,NSR,NSR,NSR,NSR,NSR,NSR
1619,nsrdb/16795,3,NSR,ARR,ARR,CHF,ARR,CHF,CHF,CHF,NSR,NSR,NSR,NSR,NSR,NSR,NSR
