arm,seed,fold,window_id,patient,source,row_id,window_start,label,prediction,p_ARR,p_CHF,p_NSR
logistic,,0,30,mitdb/112,mitdb/112,3,8500,ARR,ARR,0.6010334491729736,0.1204240694642067,0.2785424292087555
logistic,,0,31,mitdb/112,mitdb/112,3,24500,ARR,ARR,0.8405152559280396,0.0377250500023365,0.12175964564085007
logistic,,0,32,mitdb/112,mitdb/112,3,37500,ARR,ARR,0.8755152821540833,0.015207653865218163,0.10927698016166687
logistic,,0,33,mitdb/112,mitdb/112,3,40000,ARR,ARR,0.9456253051757812,0.016602808609604836,0.03777187690138817
logistic,,0,34,mitdb/112,mitdb/112,3,41500,ARR,ARR,0.9338605403900146,0.017084810882806778,0.04905465245246887
logistic,,0,35,mitdb/112,mitdb/112,3,43000,ARR,ARR,0.8916797041893005,0.03730172663927078,0.07101856172084808
logistic,,0,36,mitdb/112,mitdb/112,3,44500,ARR,NSR,0.11252095550298691,0.07963370531797409,0.8078453540802002
logistic,,0,37,mitdb/112,mitdb/112,3,52500,ARR,ARR,0.8168575167655945,0.05129663646221161,0.13184583187103271
logistic,,0,38,mitdb/112,mitdb/112,3,56000,ARR,NSR,0.2051430642604828,0.11921833455562592,0.6756385564804077
logistic,,0,39,mitdb/112,mitdb/112,3,58000,ARR,ARR,0.8264966607093811,0.04347657412290573,0.13002674281597137
logistic,,0,60,mitdb/115,mitdb/115,6,3000,ARR,ARR,0.9511064887046814,7.242853371280944e-06,0.04888628423213959
logistic,,0,61,mitdb/115,mitdb/115,6,13000,ARR,ARR,0.8888598680496216,2.281757588207256e-05,0.1111173927783966
logistic,,0,62,mitdb/115,mitdb/115,6,14000,ARR,ARR,0.8337419033050537,0.00044956107740290463,0.16580860316753387
logistic,,0,63,mitdb/115,mitdb/115,6,26000,ARR,ARR,0.7749128341674805,6.317599763860926e-05,0.22502397000789642
logistic,,0,64,mitdb/115,mitdb/115,6,36000,ARR,NSR,0.4335672855377197,6.918566214153543e-06,0.5664258599281311
logistic,,0,65,mitdb/115,mitdb/115,6,43500,ARR,ARR,0.8199015855789185,3.3998865546891466e-05,0.18006445467472076
logistic,,0,66,mitdb/115,mitdb/115,6,48000,ARR,ARR,0.6465879678726196,6.222903152774961e-07,0.35341140627861023
logistic,,0,67,mitdb/115,mitdb/115,6,48500,ARR,ARR,0.9472760558128357,5.968770437903004e-06,0.052717991173267365
logistic,,0,68,mitdb/115,mitdb/115,6,54500,ARR,ARR,0.7627950310707092,0.00011541754065547138,0.23708955943584442
logistic,,0,69,mitdb/115,mitdb/115,6,64500,ARR,NSR,0.47548460960388184,0.009358180686831474,0.5151572227478027
logistic,,0,90,mitdb/118,mitdb/118,9,7000,ARR,ARR,0.9895138740539551,0.010433533228933811,5.259895988274366e-05
logistic,,0,91,mitdb/118,mitdb/118,9,8500,ARR,ARR,0.9352912902832031,0.06464232504367828,6.63324462948367e-05
logistic,,0,92,mitdb/118,mitdb/118,9,11500,ARR,ARR,0.995941698551178,0.004002786707133055,5.5445925681851804e-05
logistic,,0,93,mitdb/118,mitdb/118,9,44000,ARR,ARR,0.505191445350647,0.49389833211898804,0.0009101952309720218
logistic,,0,94,mitdb/118,mitdb/118,9,44500,ARR,ARR,0.8913652300834656,0.10737448185682297,0.001260231714695692
logistic,,0,95,mitdb/118,mitdb/118,9,46000,ARR,CHF,0.2161720097064972,0.7833043336868286,0.0005236828001216054
logistic,,0,96,mitdb/118,mitdb/118,9,47000,ARR,CHF,0.051940012723207474,0.947941780090332,0.00011817571794381365
logistic,,0,97,mitdb/118,mitdb/118,9,57500,ARR,ARR,0.5267662405967712,0.47220930457115173,0.0010244745062664151
logistic,,0,98,mitdb/118,mitdb/118,9,58500,ARR,ARR,0.5309876799583435,0.46866998076438904,0.00034231520839966834
logistic,,0,99,mitdb/118,mitdb/118,9,63500,ARR,CHF,0.08721023052930832,0.9127686023712158,2.1172840206418186e-05
logistic,,0,110,mitdb/101,mitdb/101,11,2500,ARR,ARR,0.923942506313324,5.971510472591035e-05,0.07599781453609467
logistic,,0,111,mitdb/101,mitdb/101,11,9000,ARR,ARR,0.9542137980461121,0.0002767462283372879,0.045509498566389084
logistic,,0,112,mitdb/101,mitdb/101,11,16000,ARR,ARR,0.8898880481719971,0.0007742910529486835,0.10933764278888702
logistic,,0,113,mitdb/101,mitdb/101,11,26000,ARR,ARR,0.9766002893447876,9.140455404121894e-06,0.02339048683643341
logistic,,0,114,mitdb/101,mitdb/101,11,27500,ARR,ARR,0.9641932845115662,7.399792957585305e-05,0.0357326976954937
logistic,,0,115,mitdb/101,mitdb/101,11,33000,ARR,ARR,0.8748593330383301,0.00011567420733626932,0.1250249743461609
logistic,,0,116,mitdb/101,mitdb/101,11,41000,ARR,ARR,0.9805639386177063,0.009535654447972775,0.009900449775159359
logistic,,0,117,mitdb/101,mitdb/101,11,44500,ARR,ARR,0.9919935464859009,7.561971415270818e-06,0.007998899556696415
logistic,,0,118,mitdb/101,mitdb/101,11,53000,ARR,ARR,0.9967505931854248,1.1440475589097332e-07,0.0032493234612047672
logistic,,0,119,mitdb/101,mitdb/101,11,59500,ARR,ARR,0.9881488680839539,9.828273323364556e-05,0.011752896942198277
logistic,,0,170,mitdb/201-202,mitdb/201,17,500,ARR,ARR,0.9972853660583496,0.0005763046792708337,0.0021382502745836973
logistic,,0,171,mitdb/201-202,mitdb/201,17,19000,ARR,ARR,0.999724805355072,2.5171659217448905e-05,0.00025005408679135144
logistic,,0,172,mitdb/201-202,mitdb/201,17,20000,ARR,ARR,0.9995895028114319,2.7878406399395317e-05,0.0003826646425295621
logistic,,0,173,mitdb/201-202,mitdb/201,17,26000,ARR,ARR,0.9988493919372559,3.403109440114349e-05,0.0011165696196258068
logistic,,0,174,mitdb/201-202,mitdb/201,17,30000,ARR,ARR,0.9494701027870178,0.006956103257834911,0.04357386752963066
logistic,,0,175,mitdb/201-202,mitdb/201,17,30500,ARR,ARR,0.9970932006835938,0.0008220697636716068,0.0020846957340836525
logistic,,0,176,mitdb/201-202,mitdb/201,17,43500,ARR,ARR,0.9978724718093872,0.00020849177963100374,0.0019189540762454271
logistic,,0,177,mitdb/201-202,mitdb/201,17,49500,ARR,ARR,0.9998053908348083,0.00016394388512708247,3.057182766497135e-05
logistic,,0,178,mitdb/201-202,mitdb/201,17,61500,ARR,ARR,0.9969502091407776,0.00014634357648901641,0.002903532236814499
logistic,,0,179,mitdb/201-202,mitdb/201,17,64000,ARR,ARR,0.9363566637039185,0.0033898651599884033,0.06025347486138344
logistic,,0,180,mitdb/201-202,mitdb/202,18,4000,ARR,ARR,0.999784529209137,2.2197342332219705e-05,0.00019327594782225788
logistic,,0,181,mitdb/201-202,mitdb/202,18,11500,ARR,ARR,0.999976396560669,1.6491759424752672e-06,2.1950270820525475e-05
logistic,,0,182,mitdb/201-202,mitdb/202,18,17000,ARR,ARR,0.9999192953109741,7.792095857439563e-05,2.707232624743483e-06
logistic,,0,183,mitdb/201-202,mitdb/202,18,17500,ARR,ARR,0.9991064667701721,0.00011978327529504895,0.0007737220148555934
logistic,,0,184,mitdb/201-202,mitdb/202,18,19500,ARR,ARR,0.9998559951782227,4.3923915654886514e-05,0.00010003527131630108
logistic,,0,185,mitdb/201-202,mitdb/202,18,35000,ARR,ARR,0.9978029131889343,0.0001991116296267137,0.001997962361201644
logistic,,0,186,mitdb/201-202,mitdb/202,18,45500,ARR,ARR,0.9998761415481567,5.5747681471984833e-05,6.801565905334428e-05
logistic,,0,187,mitdb/201-202,mitdb/202,18,53000,ARR,ARR,0.9982227683067322,6.615225720452145e-05,0.001711066928692162
logistic,,0,188,mitdb/201-202,mitdb/202,18,56500,ARR,ARR,0.99992835521698,2.4541526727261953e-05,4.708058258984238e-05
logistic,,0,189,mitdb/201-202,mitdb/202,18,61000,ARR,ARR,0.9990715980529785,0.0007346516940742731,0.00019377538410481066
logistic,,0,240,mitdb/209,mitdb/209,24,1500,ARR,ARR,0.9032403230667114,6.756723450962454e-05,0.09669200330972672
logistic,,0,241,mitdb/209,mitdb/209,24,7000,ARR,ARR,0.5225328207015991,0.00029742642072960734,0.4771697223186493
logistic,,0,242,mitdb/209,mitdb/209,24,15500,ARR,ARR,0.6225402355194092,0.00019405916100367904,0.3772656321525574
logistic,,0,243,mitdb/209,mitdb/209,24,19500,ARR,NSR,0.37129271030426025,0.04231845214962959,0.5863888263702393
logistic,,0,244,mitdb/209,mitdb/209,24,22000,ARR,ARR,0.9548557996749878,0.00011593047383939847,0.045028332620859146
logistic,,0,245,mitdb/209,mitdb/209,24,29500,ARR,ARR,0.7704073786735535,0.004172610584646463,0.22541992366313934
logistic,,0,246,mitdb/209,mitdb/209,24,33000,ARR,NSR,0.1234620064496994,0.00016588449943810701,0.8763720393180847
logistic,,0,247,mitdb/209,mitdb/209,24,41000,ARR,NSR,0.24051277339458466,0.001689918339252472,0.7577973008155823
logistic,,0,248,mitdb/209,mitdb/209,24,45000,ARR,NSR,0.0044305166229605675,0.006508510094136,0.9890609979629517
logistic,,0,249,mitdb/209,mitdb/209,24,48000,ARR,ARR,0.9188016057014465,0.0034318179823458195,0.07776664942502975
logistic,,0,340,mitdb/221,mitdb/221,34,5000,ARR,ARR,0.9921350479125977,0.0001080808651749976,0.007756797596812248
logistic,,0,341,mitdb/221,mitdb/221,34,11000,ARR,ARR,0.7725809812545776,0.020062381401658058,0.20735667645931244
logistic,,0,342,mitdb/221,mitdb/221,34,12500,ARR,ARR,0.993267297744751,0.00029245801852084696,0.006440246012061834
logistic,,0,343,mitdb/221,mitdb/221,34,20500,ARR,ARR,0.9947070479393005,0.0003666429256554693,0.004926303401589394
logistic,,0,344,mitdb/221,mitdb/221,34,37000,ARR,ARR,0.9965536594390869,0.00021117347932886332,0.003235119627788663
logistic,,0,345,mitdb/221,mitdb/221,34,43500,ARR,ARR,0.9765243530273438,0.0003600710188038647,0.023115530610084534
logistic,,0,346,mitdb/221,mitdb/221,34,44000,ARR,ARR,0.9868195056915283,0.00010219908290309832,0.013078296557068825
logistic,,0,347,mitdb/221,mitdb/221,34,56500,ARR,ARR,0.9853923916816711,0.00033414518111385405,0.014273430220782757
logistic,,0,348,mitdb/221,mitdb/221,34,64000,ARR,ARR,0.9971045851707458,4.5075481466483325e-05,0.002850398886948824
logistic,,0,349,mitdb/221,mitdb/221,34,64500,ARR,ARR,0.9963563680648804,8.593469829065725e-05,0.0035577137023210526
logistic,,0,360,mitdb/223,mitdb/223,36,4500,ARR,CHF,0.36098581552505493,0.6089937090873718,0.030020492151379585
logistic,,0,361,mitdb/223,mitdb/223,36,16000,ARR,ARR,0.9909816384315491,0.004612431861460209,0.004405938554555178
logistic,,0,362,mitdb/223,mitdb/223,36,19000,ARR,ARR,0.5199196338653564,0.47410887479782104,0.005971441976726055
logistic,,0,363,mitdb/223,mitdb/223,36,24500,ARR,ARR,0.5167274475097656,0.4093395471572876,0.07393300533294678
logistic,,0,364,mitdb/223,mitdb/223,36,38500,ARR,ARR,0.6695990562438965,0.27866819500923157,0.05173264816403389
logistic,,0,365,mitdb/223,mitdb/223,36,39500,ARR,ARR,0.9703705906867981,0.019024642184376717,0.010604877024888992
logistic,,0,366,mitdb/223,mitdb/223,36,40000,ARR,ARR,0.7551314234733582,0.21799485385417938,0.026873745024204254
logistic,,0,367,mitdb/223,mitdb/223,36,44000,ARR,ARR,0.4632742702960968,0.4415591061115265,0.09516660124063492
logistic,,0,368,mitdb/223,mitdb/223,36,46500,ARR,CHF,0.1878533959388733,0.7951680421829224,0.016978563740849495
logistic,,0,369,mitdb/223,mitdb/223,36,59500,ARR,ARR,0.9292168021202087,0.06457627564668655,0.006206883117556572
logistic,,0,390,mitdb/231,mitdb/231,39,7500,ARR,ARR,0.9314398765563965,0.0009410653728991747,0.06761914491653442
logistic,,0,391,mitdb/231,mitdb/231,39,14500,ARR,ARR,0.9666149020195007,3.4518420761742163e-06,0.033381689339876175
logistic,,0,392,mitdb/231,mitdb/231,39,24000,ARR,ARR,0.9772920608520508,4.485891622607596e-05,0.022663041949272156
logistic,,0,393,mitdb/231,mitdb/231,39,26500,ARR,ARR,0.9904599189758301,0.0007475766469724476,0.008792511187493801
logistic,,0,394,mitdb/231,mitdb/231,39,27500,ARR,ARR,0.9544034600257874,0.00011473982885945588,0.04548186808824539
logistic,,0,395,mitdb/231,mitdb/231,39,28500,ARR,ARR,0.952082633972168,0.0031781622674316168,0.044739194214344025
logistic,,0,396,mitdb/231,mitdb/231,39,37000,ARR,ARR,0.9545559287071228,0.002191591542214155,0.04325244203209877
logistic,,0,397,mitdb/231,mitdb/231,39,41500,ARR,ARR,0.9927272796630859,2.702546407817863e-05,0.007245728280395269
logistic,,0,398,mitdb/231,mitdb/231,39,47500,ARR,ARR,0.9997239708900452,5.317324848874705e-06,0.00027067711926065385
logistic,,0,399,mitdb/231,mitdb/231,39,52000,ARR,ARR,0.9982777833938599,2.769867819552019e-07,0.001721964217722416
logistic,,0,450,mitdb/101,mitdb/101,45,6500,ARR,ARR,0.9841667413711548,3.1568641134072095e-05,0.015801718458533287
logistic,,0,451,mitdb/101,mitdb/101,45,11000,ARR,ARR,0.9999892711639404,6.222761044227809e-07,1.0150970410904847e-05
logistic,,0,452,mitdb/101,mitdb/101,45,18000,ARR,ARR,0.999495267868042,0.0004726311017293483,3.1995848985388875e-05
logistic,,0,453,mitdb/101,mitdb/101,45,22500,ARR,ARR,0.9949324727058411,0.005066224839538336,1.3151418443158036e-06
logistic,,0,454,mitdb/101,mitdb/101,45,26000,ARR,ARR,0.9998841285705566,0.00011582431761780754,2.677510158033414e-10
logistic,,0,455,mitdb/101,mitdb/101,45,39000,ARR,ARR,0.9999936819076538,5.620987394650001e-06,7.199434435278818e-07
logistic,,0,456,mitdb/101,mitdb/101,45,39500,ARR,ARR,0.9999984502792358,1.3331867876331671e-06,2.883542720155674e-07
logistic,,0,457,mitdb/101,mitdb/101,45,46000,ARR,ARR,0.9813243746757507,3.1175281037576497e-05,0.018644502386450768
logistic,,0,458,mitdb/101,mitdb/101,45,48500,ARR,ARR,0.999984860420227,8.677732807882421e-07,1.4325342817755882e-05
logistic,,0,459,mitdb/101,mitdb/101,45,51000,ARR,ARR,0.9999822378158569,1.4120410014584195e-05,3.669710849862895e-06
logistic,,0,560,mitdb/112,mitdb/112,56,4500,ARR,NSR,0.010497365146875381,0.00010657208622433245,0.9893960356712341
logistic,,0,561,mitdb/112,mitdb/112,56,9500,ARR,NSR,0.05990808829665184,7.566882413811982e-05,0.9400162100791931
logistic,,0,562,mitdb/112,mitdb/112,56,12500,ARR,NSR,0.027337882667779922,7.911900320323184e-05,0.972582995891571
logistic,,0,563,mitdb/112,mitdb/112,56,16000,ARR,NSR,0.11815968155860901,0.00020875968039035797,0.8816315531730652
logistic,,0,564,mitdb/112,mitdb/112,56,17500,ARR,NSR,0.002973657799884677,1.3389603736868594e-05,0.9970129728317261
logistic,,0,565,mitdb/112,mitdb/112,56,28000,ARR,NSR,0.019947096705436707,1.3334009963728022e-05,0.9800395965576172
logistic,,0,566,mitdb/112,mitdb/112,56,35500,ARR,NSR,0.03095247596502304,0.00010724167805165052,0.968940258026123
logistic,,0,567,mitdb/112,mitdb/112,56,37000,ARR,NSR,0.00376865454018116,0.00010882283095270395,0.9961225390434265
logistic,,0,568,mitdb/112,mitdb/112,56,49000,ARR,NSR,0.26646989583969116,0.0010199743555858731,0.7325101494789124
logistic,,0,569,mitdb/112,mitdb/112,56,51000,ARR,NSR,0.019189294427633286,6.674721589661203e-06,0.9808040261268616
logistic,,0,590,mitdb/115,mitdb/115,59,7500,ARR,ARR,0.9981029033660889,0.00016144404071383178,0.0017355503514409065
logistic,,0,591,mitdb/115,mitdb/115,59,9500,ARR,ARR,0.9975296854972839,0.0001917009794851765,0.002278615953400731
logistic,,0,592,mitdb/115,mitdb/115,59,10500,ARR,ARR,0.9737748503684998,0.009699700400233269,0.016525493934750557
logistic,,0,593,mitdb/115,mitdb/115,59,38000,ARR,ARR,0.9776751399040222,0.0015440540155395865,0.020780807361006737
logistic,,0,594,mitdb/115,mitdb/115,59,38500,ARR,ARR,0.9864409565925598,0.0008982353028841317,0.012660704553127289
logistic,,0,595,mitdb/115,mitdb/115,59,47000,ARR,ARR,0.7681424021720886,0.06841355562210083,0.16344407200813293
logistic,,0,596,mitdb/115,mitdb/115,59,55500,ARR,ARR,0.9754271507263184,0.020056284964084625,0.00451651168987155
logistic,,0,597,mitdb/115,mitdb/115,59,60500,ARR,ARR,0.8239842057228088,0.003959463909268379,0.17205631732940674
logistic,,0,598,mitdb/115,mitdb/115,59,61000,ARR,ARR,0.9888779520988464,2.8635349735850468e-05,0.011093446984887123
logistic,,0,599,mitdb/115,mitdb/115,59,64000,ARR,ARR,0.9825918674468994,0.00040739960968494415,0.017000671476125717
logistic,,0,620,mitdb/118,mitdb/118,62,7000,ARR,NSR,0.08636582642793655,0.0016459813341498375,0.9119881987571716
logistic,,0,621,mitdb/118,mitdb/118,62,19500,ARR,NSR,0.22852005064487457,0.00040844036266207695,0.7710714936256409
logistic,,0,622,mitdb/118,mitdb/118,62,30000,ARR,ARR,0.8094415068626404,0.05855121463537216,0.13200731575489044
logistic,,0,623,mitdb/118,mitdb/118,62,39500,ARR,NSR,0.40585681796073914,0.0008383806562051177,0.5933047533035278
logistic,,0,624,mitdb/118,mitdb/118,62,45000,ARR,NSR,0.17685692012310028,0.0844462662935257,0.738696813583374
logistic,,0,625,mitdb/118,mitdb/118,62,47500,ARR,NSR,0.17247086763381958,0.10081693530082703,0.7267122268676758
logistic,,0,626,mitdb/118,mitdb/118,62,53500,ARR,ARR,0.41512349247932434,0.2379850298166275,0.34689146280288696
logistic,,0,627,mitdb/118,mitdb/118,62,57500,ARR,ARR,0.854918360710144,0.03466169163584709,0.11041983217000961
logistic,,0,628,mitdb/118,mitdb/118,62,64000,ARR,CHF,0.009921773336827755,0.9848003387451172,0.005277928430587053
logistic,,0,629,mitdb/118,mitdb/118,62,65000,ARR,CHF,0.0824478417634964,0.8826758861541748,0.03487632796168327
logistic,,0,700,mitdb/201-202,mitdb/201,70,0,ARR,CHF,0.42957156896591187,0.5122979879379272,0.05813043564558029
logistic,,0,701,mitdb/201-202,mitdb/201,70,15000,ARR,ARR,0.9773170948028564,0.013857933692634106,0.008824983611702919
logistic,,0,702,mitdb/201-202,mitdb/201,70,18500,ARR,ARR,0.6831502318382263,0.26065242290496826,0.05619734153151512
logistic,,0,703,mitdb/201-202,mitdb/201,70,22500,ARR,ARR,0.8266368508338928,0.16649925708770752,0.006863857619464397
logistic,,0,704,mitdb/201-202,mitdb/201,70,23500,ARR,ARR,0.9971709847450256,0.001626809942536056,0.0012023074086755514
logistic,,0,705,mitdb/201-202,mitdb/201,70,25500,ARR,ARR,0.9796135425567627,0.009426570497453213,0.010960003361105919
logistic,,0,706,mitdb/201-202,mitdb/201,70,27000,ARR,ARR,0.8855777978897095,0.11138144135475159,0.0030407642479985952
logistic,,0,707,mitdb/201-202,mitdb/201,70,27500,ARR,ARR,0.9846561551094055,0.011990952305495739,0.003352790605276823
logistic,,0,708,mitdb/201-202,mitdb/201,70,44000,ARR,ARR,0.8709523677825928,0.12172506749629974,0.007322566583752632
logistic,,0,709,mitdb/201-202,mitdb/201,70,64000,ARR,ARR,0.6274128556251526,0.36935845017433167,0.003228746820241213
logistic,,0,710,mitdb/201-202,mitdb/202,71,1500,ARR,ARR,0.9996579885482788,5.476763908518478e-05,0.00028725515585392714
logistic,,0,711,mitdb/201-202,mitdb/202,71,4000,ARR,ARR,0.998462438583374,4.935530523653142e-05,0.0014881911920383573
logistic,,0,712,mitdb/201-202,mitdb/202,71,14000,ARR,ARR,0.9932524561882019,0.0001792209077393636,0.006568303797394037
logistic,,0,713,mitdb/201-202,mitdb/202,71,17500,ARR,ARR,0.999652624130249,2.3707489162916318e-05,0.00032371110864914954
logistic,,0,714,mitdb/201-202,mitdb/202,71,26000,ARR,ARR,0.997860848903656,0.0007002424681559205,0.0014388777781277895
logistic,,0,715,mitdb/201-202,mitdb/202,71,37000,ARR,ARR,0.9991158843040466,0.0006684785475954413,0.0002155790280085057
logistic,,0,716,mitdb/201-202,mitdb/202,71,41500,ARR,ARR,0.9999834299087524,1.0710911737987772e-05,5.877306648471858e-06
logistic,,0,717,mitdb/201-202,mitdb/202,71,50500,ARR,ARR,0.9905285239219666,0.00023370252165477723,0.009237716905772686
logistic,,0,718,mitdb/201-202,mitdb/202,71,53500,ARR,ARR,0.9991550445556641,6.123376806499436e-05,0.0007837615557946265
logistic,,0,719,mitdb/201-202,mitdb/202,71,64000,ARR,NSR,0.4244872033596039,0.03916888311505318,0.5363439321517944
logistic,,0,760,mitdb/209,mitdb/209,76,11000,ARR,NSR,0.22673657536506653,0.009196852333843708,0.7640665769577026
logistic,,0,761,mitdb/209,mitdb/209,76,16500,ARR,ARR,0.8733330965042114,0.005289319436997175,0.1213776171207428
logistic,,0,762,mitdb/209,mitdb/209,76,24000,ARR,NSR,0.37669023871421814,0.00020188326016068459,0.6231078505516052
logistic,,0,763,mitdb/209,mitdb/209,76,32500,ARR,ARR,0.7610431909561157,0.0015301265520974994,0.23742662370204926
logistic,,0,764,mitdb/209,mitdb/209,76,43000,ARR,ARR,0.8761705756187439,0.0016478205798193812,0.12218154221773148
logistic,,0,765,mitdb/209,mitdb/209,76,45000,ARR,NSR,0.42275604605674744,0.000923086772672832,0.5763208270072937
logistic,,0,766,mitdb/209,mitdb/209,76,49000,ARR,ARR,0.7763660550117493,0.0029055115301162004,0.22072842717170715
logistic,,0,767,mitdb/209,mitdb/209,76,50000,ARR,CHF,0.26507291197776794,0.6363749504089355,0.09855210781097412
logistic,,0,768,mitdb/209,mitdb/209,76,55500,ARR,ARR,0.9170792102813721,0.0301960576325655,0.05272476375102997
logistic,,0,769,mitdb/209,mitdb/209,76,56000,ARR,ARR,0.971673309803009,0.01258015539497137,0.015746623277664185
logistic,,0,860,mitdb/221,mitdb/221,86,3000,ARR,ARR,0.9965999722480774,0.00017704407218843699,0.0032230704091489315
logistic,,0,861,mitdb/221,mitdb/221,86,4000,ARR,ARR,0.986635148525238,0.01243027113378048,0.0009345331927761436
logistic,,0,862,mitdb/221,mitdb/221,86,10000,ARR,ARR,0.9999847412109375,1.2684965440712404e-05,2.6504371817281935e-06
logistic,,0,863,mitdb/221,mitdb/221,86,15000,ARR,ARR,0.9966641068458557,0.001106557436287403,0.0022292672656476498
logistic,,0,864,mitdb/221,mitdb/221,86,23000,ARR,ARR,0.9998679161071777,0.00012630464334506541,5.755932306783507e-06
logistic,,0,865,mitdb/221,mitdb/221,86,27000,ARR,ARR,0.9998990297317505,3.164726877002977e-05,6.929321534698829e-05
logistic,,0,866,mitdb/221,mitdb/221,86,27500,ARR,ARR,0.996286153793335,0.00019404322665650398,0.0035197162069380283
logistic,,0,867,mitdb/221,mitdb/221,86,37000,ARR,ARR,0.9995792508125305,1.0741036930994596e-05,0.0004100398800801486
logistic,,0,868,mitdb/221,mitdb/221,86,53000,ARR,ARR,0.9979469180107117,0.0019352523377165198,0.00011786822869908065
logistic,,0,869,mitdb/221,mitdb/221,86,56000,ARR,ARR,0.9833984375,0.00020334942382760346,0.016398118808865547
logistic,,0,890,mitdb/223,mitdb/223,89,3000,ARR,ARR,0.9630939364433289,0.030047208070755005,0.006858837325125933
logistic,,0,891,mitdb/223,mitdb/223,89,21000,ARR,ARR,0.9115415811538696,0.07001557946205139,0.01844286359846592
logistic,,0,892,mitdb/223,mitdb/223,89,31500,ARR,ARR,0.9876208901405334,0.012354894541203976,2.4253844458144158e-05
logistic,,0,893,mitdb/223,mitdb/223,89,37500,ARR,ARR,0.9954766631126404,0.004472485743463039,5.0906117394333705e-05
logistic,,0,894,mitdb/223,mitdb/223,89,39000,ARR,ARR,0.9885259866714478,0.00901491753757,0.002459075767546892
logistic,,0,895,mitdb/223,mitdb/223,89,47000,ARR,ARR,0.993113100528717,0.006492901127785444,0.0003939762245863676
logistic,,0,896,mitdb/223,mitdb/223,89,47500,ARR,ARR,0.9983680844306946,0.0012951565440744162,0.0003368388570379466
logistic,,0,897,mitdb/223,mitdb/223,89,49000,ARR,ARR,0.9991975426673889,0.0007197741069830954,8.26407631393522e-05
logistic,,0,898,mitdb/223,mitdb/223,89,54500,ARR,CHF,0.3425780236721039,0.6574187874794006,3.1788340493221767e-06
logistic,,0,899,mitdb/223,mitdb/223,89,56000,ARR,ARR,0.9814479947090149,0.016137465834617615,0.0024144467897713184
logistic,,0,920,mitdb/231,mitdb/231,92,2000,ARR,ARR,0.996514618396759,0.001030053710564971,0.002455403096973896
logistic,,0,921,mitdb/231,mitdb/231,92,23000,ARR,ARR,0.9721135497093201,4.833813363802619e-05,0.02783810719847679
logistic,,0,922,mitdb/231,mitdb/231,92,25500,ARR,ARR,0.9721807241439819,0.00026786659145727754,0.02755148708820343
logistic,,0,923,mitdb/231,mitdb/231,92,34500,ARR,ARR,0.8625901341438293,0.02728920988738537,0.11012061685323715
logistic,,0,924,mitdb/231,mitdb/231,92,40000,ARR,ARR,0.9975534081459045,0.0006955259595997632,0.0017510668840259314
logistic,,0,925,mitdb/231,mitdb/231,92,45500,ARR,ARR,0.7982975244522095,0.0004198869864922017,0.2012825459241867
logistic,,0,926,mitdb/231,mitdb/231,92,54000,ARR,ARR,0.9839153289794922,4.085151431354461e-06,0.016080589964985847
logistic,,0,927,mitdb/231,mitdb/231,92,55000,ARR,ARR,0.9436627626419067,8.548096275262651e-08,0.056337177753448486
logistic,,0,928,mitdb/231,mitdb/231,92,56500,ARR,ARR,0.9999741315841675,1.3778138630016201e-08,2.5912069759215228e-05
logistic,,0,929,mitdb/231,mitdb/231,92,57000,ARR,ARR,0.9696779251098633,1.9545352643035585e-06,0.03032015636563301
logistic,,0,980,chfdb/chf11,chfdb/chf11,98,500,CHF,CHF,0.03622044622898102,0.9637794494628906,7.00642530659934e-08
logistic,,0,981,chfdb/chf11,chfdb/chf11,98,16500,CHF,CHF,0.0007349505322054029,0.9992648959159851,1.1431595225985802e-07
logistic,,0,982,chfdb/chf11,chfdb/chf11,98,27500,CHF,CHF,7.439692126354203e-05,0.9999256134033203,1.3573109747255785e-08
logistic,,0,983,chfdb/chf11,chfdb/chf11,98,34000,CHF,CHF,0.0009876698022708297,0.9990116357803345,7.379002227025921e-07
logistic,,0,984,chfdb/chf11,chfdb/chf11,98,42000,CHF,CHF,4.074171374668367e-05,0.9999592304229736,3.7050922330195135e-09
logistic,,0,985,chfdb/chf11,chfdb/chf11,98,43000,CHF,CHF,0.00018264591926708817,0.999817430973053,4.719137081110603e-09
logistic,,0,986,chfdb/chf11,chfdb/chf11,98,51500,CHF,CHF,0.0019561101216822863,0.9980438947677612,3.963527728245708e-09
logistic,,0,987,chfdb/chf11,chfdb/chf11,98,55500,CHF,CHF,0.03845074027776718,0.9615486264228821,5.943570045019442e-07
logistic,,0,988,chfdb/chf11,chfdb/chf11,98,56000,CHF,CHF,0.0013179383240640163,0.9986820816993713,3.375665857952015e-10
logistic,,0,989,chfdb/chf11,chfdb/chf11,98,61500,CHF,CHF,0.004859395325183868,0.995140552520752,9.115940224901919e-10
logistic,,0,1010,chfdb/chf14,chfdb/chf14,101,2000,CHF,CHF,0.3784053921699524,0.6215943694114685,1.8649321020802745e-07
logistic,,0,1011,chfdb/chf14,chfdb/chf14,101,15500,CHF,CHF,0.006226122844964266,0.9937738180160522,4.054330760006053e-10
logistic,,0,1012,chfdb/chf14,chfdb/chf14,101,23500,CHF,CHF,0.0041453540325164795,0.9958546757698059,4.2210243633711286e-10
logistic,,0,1013,chfdb/chf14,chfdb/chf14,101,31500,CHF,ARR,0.7561678886413574,0.24383211135864258,7.218802444697303e-09
logistic,,0,1014,chfdb/chf14,chfdb/chf14,101,33000,CHF,CHF,0.1366509199142456,0.8633490800857544,2.7452875528410914e-08
logistic,,0,1015,chfdb/chf14,chfdb/chf14,101,36500,CHF,CHF,0.0007333262474276125,0.9992658495903015,7.99679412466503e-07
logistic,,0,1016,chfdb/chf14,chfdb/chf14,101,46000,CHF,ARR,0.7388426661491394,0.261157363653183,4.2505284625349304e-08
logistic,,0,1017,chfdb/chf14,chfdb/chf14,101,52000,CHF,CHF,0.0016426907386630774,0.9983569979667664,2.568221191268094e-07
logistic,,0,1018,chfdb/chf14,chfdb/chf14,101,58500,CHF,CHF,0.004811312071979046,0.9951887130737305,7.61827489981215e-09
logistic,,0,1019,chfdb/chf14,chfdb/chf14,101,62500,CHF,CHF,0.037920933216810226,0.9620790481567383,1.6372505129425008e-08
logistic,,0,1060,chfdb/chf04,chfdb/chf04,106,2500,CHF,CHF,0.0003617286856751889,0.9983589053153992,0.0012793636415153742
logistic,,0,1061,chfdb/chf04,chfdb/chf04,106,3000,CHF,CHF,0.037575673311948776,0.9439055919647217,0.018518751487135887
logistic,,0,1062,chfdb/chf04,chfdb/chf04,106,4000,CHF,CHF,0.02258201129734516,0.9697650074958801,0.007652936968952417
logistic,,0,1063,chfdb/chf04,chfdb/chf04,106,16000,CHF,ARR,0.861234188079834,0.04072282090783119,0.09804297983646393
logistic,,0,1064,chfdb/chf04,chfdb/chf04,106,16500,CHF,CHF,0.004332090262323618,0.9827868938446045,0.01288098469376564
logistic,,0,1065,chfdb/chf04,chfdb/chf04,106,18000,CHF,CHF,0.059397462755441666,0.9324547052383423,0.008147872984409332
logistic,,0,1066,chfdb/chf04,chfdb/chf04,106,28500,CHF,CHF,0.07118532061576843,0.9273321628570557,0.001482567866332829
logistic,,0,1067,chfdb/chf04,chfdb/chf04,106,36500,CHF,CHF,0.03470228984951973,0.9630169868469238,0.002280690474435687
logistic,,0,1068,chfdb/chf04,chfdb/chf04,106,41000,CHF,CHF,0.024367423728108406,0.9689176678657532,0.006714988499879837
logistic,,0,1069,chfdb/chf04,chfdb/chf04,106,63000,CHF,CHF,0.21398140490055084,0.7781063318252563,0.007912330329418182
logistic,,0,1140,chfdb/chf11,chfdb/chf11,114,7500,CHF,CHF,0.04426763579249382,0.9557318091392517,5.93996901443461e-07
logistic,,0,1141,chfdb/chf11,chfdb/chf11,114,13500,CHF,CHF,0.012579402886331081,0.9874204993247986,1.4302497675089398e-07
logistic,,0,1142,chfdb/chf11,chfdb/chf11,114,21000,CHF,CHF,0.18365466594696045,0.8163448572158813,4.827083444070013e-07
logistic,,0,1143,chfdb/chf11,chfdb/chf11,114,21500,CHF,CHF,0.15354636311531067,0.8464529514312744,6.229726068340824e-07
logistic,,0,1144,chfdb/chf11,chfdb/chf11,114,28000,CHF,CHF,0.024717671796679497,0.975281834602356,4.113459795007657e-07
logistic,,0,1145,chfdb/chf11,chfdb/chf11,114,29000,CHF,CHF,0.019646894186735153,0.9803531169891357,4.8843961764077903e-08
logistic,,0,1146,chfdb/chf11,chfdb/chf11,114,44000,CHF,CHF,0.004496143199503422,0.9955034852027893,3.342937020534009e-07
logistic,,0,1147,chfdb/chf11,chfdb/chf11,114,52500,CHF,CHF,0.004958417732268572,0.9950414299964905,1.253343384632899e-07
logistic,,0,1148,chfdb/chf11,chfdb/chf11,114,54000,CHF,CHF,0.47888854146003723,0.5210716724395752,3.979739631176926e-05
logistic,,0,1149,chfdb/chf11,chfdb/chf11,114,64000,CHF,CHF,0.06535735726356506,0.9346325993537903,1.005776630336186e-05
logistic,,0,1170,chfdb/chf14,chfdb/chf14,117,1000,CHF,CHF,1.325681387243094e-05,0.9999867677688599,1.3838004353505795e-10
logistic,,0,1171,chfdb/chf14,chfdb/chf14,117,5500,CHF,CHF,0.0018493746174499393,0.9981505274772644,6.129123164555494e-08
logistic,,0,1172,chfdb/chf14,chfdb/chf14,117,10000,CHF,CHF,0.00014079755055718124,0.9998592138290405,3.123303926599874e-08
logistic,,0,1173,chfdb/chf14,chfdb/chf14,117,12500,CHF,CHF,0.0008117738761939108,0.999188244342804,7.817357428052674e-09
logistic,,0,1174,chfdb/chf14,chfdb/chf14,117,14000,CHF,CHF,8.965718006948009e-05,0.9999103546142578,1.0465905475598447e-08
logistic,,0,1175,chfdb/chf14,chfdb/chf14,117,24000,CHF,CHF,0.0007252938230521977,0.9992746710777283,5.7134414532811206e-08
logistic,,0,1176,chfdb/chf14,chfdb/chf14,117,30000,CHF,CHF,0.00023114318901207298,0.9997689127922058,8.598643574941889e-09
logistic,,0,1177,chfdb/chf14,chfdb/chf14,117,46500,CHF,CHF,0.000204849784495309,0.999795138835907,9.780005694182137e-10
logistic,,0,1178,chfdb/chf14,chfdb/chf14,117,53500,CHF,CHF,0.0004900721833109856,0.9995099306106567,6.814863673376692e-10
logistic,,0,1179,chfdb/chf14,chfdb/chf14,117,63000,CHF,CHF,0.0001706676121102646,0.9998292922973633,4.098245298678194e-09
logistic,,0,1200,chfdb/chf04,chfdb/chf04,120,2000,CHF,ARR,0.4795311987400055,0.4512551426887512,0.0692136138677597
logistic,,0,1201,chfdb/chf04,chfdb/chf04,120,8000,CHF,CHF,0.06654118001461029,0.9325253963470459,0.0009332935442216694
logistic,,0,1202,chfdb/chf04,chfdb/chf04,120,19500,CHF,CHF,0.051870837807655334,0.9469515085220337,0.0011776305036619306
logistic,,0,1203,chfdb/chf04,chfdb/chf04,120,22000,CHF,CHF,0.0002762139483820647,0.999671220779419,5.2498013246804476e-05
logistic,,0,1204,chfdb/chf04,chfdb/chf04,120,33500,CHF,CHF,0.06347464770078659,0.9348414540290833,0.001683845417574048
logistic,,0,1205,chfdb/chf04,chfdb/chf04,120,40500,CHF,CHF,0.009786061942577362,0.9874566197395325,0.002757283626124263
logistic,,0,1206,chfdb/chf04,chfdb/chf04,120,44000,CHF,ARR,0.5261256098747253,0.4720013737678528,0.0018730285810306668
logistic,,0,1207,chfdb/chf04,chfdb/chf04,120,52500,CHF,CHF,0.048690732568502426,0.9484447836875916,0.0028644113335758448
logistic,,0,1208,chfdb/chf04,chfdb/chf04,120,63000,CHF,CHF,0.01936650648713112,0.9804055690765381,0.0002278967440361157
logistic,,0,1209,chfdb/chf04,chfdb/chf04,120,64000,CHF,CHF,0.2050679624080658,0.7816656231880188,0.01326641533523798
logistic,,0,1260,nsrdb/16265,nsrdb/16265,126,8000,NSR,CHF,0.21516408026218414,0.7813688516616821,0.0034671176690608263
logistic,,0,1261,nsrdb/16265,nsrdb/16265,126,10500,NSR,CHF,0.001788876485079527,0.9884868860244751,0.009724292904138565
logistic,,0,1262,nsrdb/16265,nsrdb/16265,126,16000,NSR,CHF,0.07001306861639023,0.9223978519439697,0.007589065469801426
logistic,,0,1263,nsrdb/16265,nsrdb/16265,126,19500,NSR,CHF,0.008512599393725395,0.9371194839477539,0.054367952048778534
logistic,,0,1264,nsrdb/16265,nsrdb/16265,126,24500,NSR,CHF,0.050481755286455154,0.8965998291969299,0.052918415516614914
logistic,,0,1265,nsrdb/16265,nsrdb/16265,126,30000,NSR,CHF,0.02215740457177162,0.969448983669281,0.008393694646656513
logistic,,0,1266,nsrdb/16265,nsrdb/16265,126,39500,NSR,CHF,0.01631489023566246,0.9471685886383057,0.03651653230190277
logistic,,0,1267,nsrdb/16265,nsrdb/16265,126,47500,NSR,CHF,0.005810559261590242,0.9904791712760925,0.0037102855276316404
logistic,,0,1268,nsrdb/16265,nsrdb/16265,126,48500,NSR,CHF,0.08990813046693802,0.883288562297821,0.026803316548466682
logistic,,0,1269,nsrdb/16265,nsrdb/16265,126,63500,NSR,CHF,0.051920365542173386,0.8631947040557861,0.08488493412733078
logistic,,0,1320,nsrdb/19090,nsrdb/19090,132,500,NSR,NSR,0.004724600352346897,0.07126660645008087,0.9240087866783142
logistic,,0,1321,nsrdb/19090,nsrdb/19090,132,3000,NSR,NSR,0.005995871964842081,0.07260384410619736,0.9214003086090088
logistic,,0,1322,nsrdb/19090,nsrdb/19090,132,4000,NSR,NSR,0.003533163806423545,0.006016671657562256,0.9904502034187317
logistic,,0,1323,nsrdb/19090,nsrdb/19090,132,20500,NSR,NSR,0.06523344665765762,0.0008399293292313814,0.9339265823364258
logistic,,0,1324,nsrdb/19090,nsrdb/19090,132,22000,NSR,ARR,0.6469278931617737,0.0005459279636852443,0.3525262176990509
logistic,,0,1325,nsrdb/19090,nsrdb/19090,132,41500,NSR,ARR,0.7903617024421692,0.0029632090590894222,0.20667509734630585
logistic,,0,1326,nsrdb/19090,nsrdb/19090,132,55000,NSR,NSR,0.23838187754154205,0.011293289251625538,0.7503248453140259
logistic,,0,1327,nsrdb/19090,nsrdb/19090,132,55500,NSR,NSR,0.1809300184249878,0.007192315999418497,0.8118776679039001
logistic,,0,1328,nsrdb/19090,nsrdb/19090,132,59000,NSR,NSR,0.1685628890991211,0.005752869416028261,0.8256841897964478
logistic,,0,1329,nsrdb/19090,nsrdb/19090,132,64000,NSR,NSR,0.2341238558292389,0.00018279463984072208,0.7656933665275574
logistic,,0,1340,nsrdb/19140,nsrdb/19140,134,0,NSR,NSR,0.009990320540964603,0.08772045373916626,0.9022892117500305
logistic,,0,1341,nsrdb/19140,nsrdb/19140,134,3000,NSR,NSR,0.011676204390823841,0.08648242056369781,0.9018413424491882
logistic,,0,1342,nsrdb/19140,nsrdb/19140,134,6500,NSR,NSR,0.24336490035057068,0.02240510657429695,0.7342299222946167
logistic,,0,1343,nsrdb/19140,nsrdb/19140,134,15500,NSR,NSR,0.09167089313268661,0.023587077856063843,0.884742021560669
logistic,,0,1344,nsrdb/19140,nsrdb/19140,134,21000,NSR,NSR,0.1040925532579422,0.013835272751748562,0.8820722103118896
logistic,,0,1345,nsrdb/19140,nsrdb/19140,134,37500,NSR,ARR,0.8281990885734558,0.04056943207979202,0.13123153150081635
logistic,,0,1346,nsrdb/19140,nsrdb/19140,134,38500,NSR,NSR,0.28155291080474854,0.11821133643388748,0.6002357602119446
logistic,,0,1347,nsrdb/19140,nsrdb/19140,134,41500,NSR,NSR,0.13056138157844543,0.10488255321979523,0.7645560503005981
logistic,,0,1348,nsrdb/19140,nsrdb/19140,134,58000,NSR,ARR,0.6414834856987,0.011211476288735867,0.3473050892353058
logistic,,0,1349,nsrdb/19140,nsrdb/19140,134,65000,NSR,NSR,0.38029715418815613,0.06743090599775314,0.5522719621658325
logistic,,0,1360,nsrdb/16265,nsrdb/16265,136,5000,NSR,NSR,0.0016457723686471581,8.98093367140973e-06,0.9983452558517456
logistic,,0,1361,nsrdb/16265,nsrdb/16265,136,9000,NSR,NSR,0.007942300289869308,1.6278461771435104e-05,0.9920414090156555
logistic,,0,1362,nsrdb/16265,nsrdb/16265,136,14500,NSR,NSR,0.00026439063367433846,1.5676761222493951e-06,0.9997339844703674
logistic,,0,1363,nsrdb/16265,nsrdb/16265,136,16500,NSR,NSR,0.00018655670282896608,2.691630015760893e-06,0.9998107552528381
logistic,,0,1364,nsrdb/16265,nsrdb/16265,136,29500,NSR,ARR,0.9333488345146179,0.0016792227979749441,0.06497200578451157
logistic,,0,1365,nsrdb/16265,nsrdb/16265,136,37500,NSR,ARR,0.9073244333267212,0.0004035176243633032,0.09227197617292404
logistic,,0,1366,nsrdb/16265,nsrdb/16265,136,47000,NSR,ARR,0.6840065717697144,0.017899164929986,0.2980942726135254
logistic,,0,1367,nsrdb/16265,nsrdb/16265,136,49000,NSR,NSR,6.375312750606099e-06,1.8259558487443428e-07,0.9999934434890747
logistic,,0,1368,nsrdb/16265,nsrdb/16265,136,51500,NSR,ARR,0.7156780362129211,0.0005910377367399633,0.28373095393180847
logistic,,0,1369,nsrdb/16265,nsrdb/16265,136,60500,NSR,ARR,0.9236825704574585,0.0027375391218811274,0.07357987761497498
logistic,,0,1440,nsrdb/16786,nsrdb/16786,144,2000,NSR,NSR,0.005629984196275473,0.00012810515181627125,0.9942418932914734
logistic,,0,1441,nsrdb/16786,nsrdb/16786,144,9500,NSR,NSR,0.00015163386706262827,2.287247116328217e-05,0.9998255372047424
logistic,,0,1442,nsrdb/16786,nsrdb/16786,144,19000,NSR,NSR,0.0012310078600421548,0.00020360590133350343,0.9985653758049011
logistic,,0,1443,nsrdb/16786,nsrdb/16786,144,28500,NSR,NSR,0.0025350074283778667,0.00020374319865368307,0.9972612857818604
logistic,,0,1444,nsrdb/16786,nsrdb/16786,144,37000,NSR,NSR,0.0012935686390846968,0.00020525301806628704,0.998501181602478
logistic,,0,1445,nsrdb/16786,nsrdb/16786,144,46000,NSR,NSR,0.0004818564048036933,0.00010369296796852723,0.9994144439697266
logistic,,0,1446,nsrdb/16786,nsrdb/16786,144,50000,NSR,NSR,0.001629061996936798,1.7764559743227437e-05,0.9983532428741455
logistic,,0,1447,nsrdb/16786,nsrdb/16786,144,54000,NSR,NSR,0.0013223050627857447,3.474327240837738e-05,0.9986429810523987
logistic,,0,1448,nsrdb/16786,nsrdb/16786,144,62000,NSR,NSR,0.002608527662232518,8.006655116332695e-05,0.9973114728927612
logistic,,0,1449,nsrdb/16786,nsrdb/16786,144,65000,NSR,NSR,0.00023750407854095101,6.790441693738103e-05,0.9996945858001709
logistic,,0,1520,nsrdb/19090,nsrdb/19090,152,0,NSR,NSR,0.009299195371568203,0.07477468997240067,0.9159260988235474
logistic,,0,1521,nsrdb/19090,nsrdb/19090,152,8000,NSR,NSR,0.005187964532524347,0.014635998755693436,0.9801760315895081
logistic,,0,1522,nsrdb/19090,nsrdb/19090,152,26000,NSR,NSR,0.0006850165664218366,0.0021510422229766846,0.9971639513969421
logistic,,0,1523,nsrdb/19090,nsrdb/19090,152,28000,NSR,NSR,2.803089410008397e-05,0.0012498480500653386,0.9987221360206604
logistic,,0,1524,nsrdb/19090,nsrdb/19090,152,33500,NSR,NSR,5.199371662456542e-05,0.0355280376970768,0.964419960975647
logistic,,0,1525,nsrdb/19090,nsrdb/19090,152,35000,NSR,NSR,9.634550951886922e-05,0.0037686547730118036,0.9961349964141846
logistic,,0,1526,nsrdb/19090,nsrdb/19090,152,41500,NSR,NSR,4.7219225962180644e-05,0.007288850843906403,0.9926639795303345
logistic,,0,1527,nsrdb/19090,nsrdb/19090,152,51000,NSR,NSR,0.00024356911308132112,0.02016889862716198,0.9795875549316406
logistic,,0,1528,nsrdb/19090,nsrdb/19090,152,61000,NSR,NSR,0.0005209657829254866,0.003240726189687848,0.9962382316589355
logistic,,0,1529,nsrdb/19090,nsrdb/19090,152,64000,NSR,NSR,0.00435072835534811,0.0032011293806135654,0.992448091506958
logistic,,0,1540,nsrdb/19140,nsrdb/19140,154,4500,NSR,NSR,0.001902072923257947,0.0017713744891807437,0.9963265061378479
logistic,,0,1541,nsrdb/19140,nsrdb/19140,154,5500,NSR,NSR,0.0037834306713193655,0.002255025552585721,0.99396151304245
logistic,,0,1542,nsrdb/19140,nsrdb/19140,154,7000,NSR,NSR,0.024670399725437164,0.005661626812070608,0.969667911529541
logistic,,0,1543,nsrdb/19140,nsrdb/19140,154,10000,NSR,NSR,0.0004154598282184452,0.014081006869673729,0.9855035543441772
logistic,,0,1544,nsrdb/19140,nsrdb/19140,154,17000,NSR,NSR,0.0005519681726582348,0.0030662822537124157,0.9963817596435547
logistic,,0,1545,nsrdb/19140,nsrdb/19140,154,29000,NSR,NSR,0.0010195499053224921,0.011261907406151295,0.9877185821533203
logistic,,0,1546,nsrdb/19140,nsrdb/19140,154,41000,NSR,NSR,0.00045060436241328716,0.019130686298012733,0.9804187417030334
logistic,,0,1547,nsrdb/19140,nsrdb/19140,154,50500,NSR,NSR,0.006260661408305168,0.0020316215232014656,0.9917077422142029
logistic,,0,1548,nsrdb/19140,nsrdb/19140,154,62000,NSR,NSR,0.005713546648621559,0.015645615756511688,0.9786408543586731
logistic,,0,1549,nsrdb/19140,nsrdb/19140,154,64000,NSR,NSR,0.000505872187204659,0.002480815863236785,0.9970133304595947
logistic,,0,1600,nsrdb/16786,nsrdb/16786,160,5500,NSR,ARR,0.9387178421020508,0.00015158223686739802,0.06113052740693092
logistic,,0,1601,nsrdb/16786,nsrdb/16786,160,12000,NSR,ARR,0.9853197932243347,0.0003127400123048574,0.01436743512749672
logistic,,0,1602,nsrdb/16786,nsrdb/16786,160,21500,NSR,ARR,0.9140939116477966,0.021650485694408417,0.06425556540489197
logistic,,0,1603,nsrdb/16786,nsrdb/16786,160,25000,NSR,ARR,0.5077438354492188,0.012458938173949718,0.47979721426963806
logistic,,0,1604,nsrdb/16786,nsrdb/16786,160,30000,NSR,ARR,0.9523950815200806,0.02795281819999218,0.019652118906378746
logistic,,0,1605,nsrdb/16786,nsrdb/16786,160,35000,NSR,ARR,0.5198071002960205,0.005490749608725309,0.4747021794319153
logistic,,0,1606,nsrdb/16786,nsrdb/16786,160,47000,NSR,ARR,0.8789485096931458,0.006981266662478447,0.11407022178173065
logistic,,0,1607,nsrdb/16786,nsrdb/16786,160,52000,NSR,ARR,0.7948023080825806,0.0032126514706760645,0.20198512077331543
logistic,,0,1608,nsrdb/16786,nsrdb/16786,160,54500,NSR,NSR,0.3666921555995941,0.004441478755325079,0.6288663744926453
logistic,,0,1609,nsrdb/16786,nsrdb/16786,160,64000,NSR,ARR,0.7333807945251465,0.036482490599155426,0.2301367223262787
swin,0,0,30,mitdb/112,mitdb/112,3,8500,ARR,ARR,0.9997445940971375,3.74461778847035e-05,0.00021795733482576907
swin,0,0,31,mitdb/112,mitdb/112,3,24500,ARR,NSR,0.05592167377471924,0.03838207945227623,0.9056962132453918
swin,0,0,32,mitdb/112,mitdb/112,3,37500,ARR,ARR,0.999755322933197,9.12054892978631e-05,0.000153488086652942
swin,0,0,33,mitdb/112,mitdb/112,3,40000,ARR,ARR,0.9958012700080872,0.00024578667944297194,0.003952853847295046
swin,0,0,34,mitdb/112,mitdb/112,3,41500,ARR,ARR,0.9986492991447449,0.00029578135581687093,0.0010548456339165568
swin,0,0,35,mitdb/112,mitdb/112,3,43000,ARR,ARR,0.9991205334663391,0.00017308421956840903,0.0007064119563437998
swin,0,0,36,mitdb/112,mitdb/112,3,44500,ARR,NSR,0.000502362847328186,0.197842076420784,0.8016554713249207
swin,0,0,37,mitdb/112,mitdb/112,3,52500,ARR,NSR,0.21713796257972717,0.0019478386966511607,0.7809141874313354
swin,0,0,38,mitdb/112,mitdb/112,3,56000,ARR,NSR,6.367461173795164e-05,0.0027975328266620636,0.9971387386322021
swin,0,0,39,mitdb/112,mitdb/112,3,58000,ARR,ARR,0.9998317956924438,7.741574518149719e-05,9.069376392289996e-05
swin,0,0,60,mitdb/115,mitdb/115,6,3000,ARR,ARR,0.9998534917831421,5.6901510106399655e-05,8.961372077465057e-05
swin,0,0,61,mitdb/115,mitdb/115,6,13000,ARR,ARR,0.9998520612716675,5.518422040040605e-05,9.268344001611695e-05
swin,0,0,62,mitdb/115,mitdb/115,6,14000,ARR,ARR,0.9998127818107605,4.0646729758009315e-05,0.0001466182729927823
swin,0,0,63,mitdb/115,mitdb/115,6,26000,ARR,ARR,0.9997983574867249,4.627406451618299e-05,0.00015542969049420208
swin,0,0,64,mitdb/115,mitdb/115,6,36000,ARR,ARR,0.9995113611221313,3.87023865187075e-05,0.0004499454516917467
swin,0,0,65,mitdb/115,mitdb/115,6,43500,ARR,ARR,0.999854326248169,5.344862074707635e-05,9.230628347722813e-05
swin,0,0,66,mitdb/115,mitdb/115,6,48000,ARR,ARR,0.999819815158844,5.025227801525034e-05,0.0001299025898333639
swin,0,0,67,mitdb/115,mitdb/115,6,48500,ARR,ARR,0.9998441934585571,4.881725908489898e-05,0.0001069691134034656
swin,0,0,68,mitdb/115,mitdb/115,6,54500,ARR,ARR,0.9998394250869751,4.913308293907903e-05,0.00011144795280415565
swin,0,0,69,mitdb/115,mitdb/115,6,64500,ARR,ARR,0.9998003840446472,4.192495543975383e-05,0.0001576631038915366
swin,0,0,90,mitdb/118,mitdb/118,9,7000,ARR,ARR,0.9998565912246704,7.841611659387127e-05,6.490275700343773e-05
swin,0,0,91,mitdb/118,mitdb/118,9,8500,ARR,ARR,0.9997739195823669,0.000190889069926925,3.521357211866416e-05
swin,0,0,92,mitdb/118,mitdb/118,9,11500,ARR,ARR,0.999858021736145,8.411606540903449e-05,5.7788751291809604e-05
swin,0,0,93,mitdb/118,mitdb/118,9,44000,ARR,ARR,0.9997968077659607,0.0001634589716559276,3.980414476245642e-05
swin,0,0,94,mitdb/118,mitdb/118,9,44500,ARR,ARR,0.9895825386047363,0.010253554210066795,0.00016389030497521162
swin,0,0,95,mitdb/118,mitdb/118,9,46000,ARR,CHF,0.00025398883735761046,0.9996680021286011,7.804980123182759e-05
swin,0,0,96,mitdb/118,mitdb/118,9,47000,ARR,CHF,0.01799960620701313,0.9819006323814392,9.972528641810641e-05
swin,0,0,97,mitdb/118,mitdb/118,9,57500,ARR,ARR,0.9978971481323242,0.0020051682367920876,9.769622556632385e-05
swin,0,0,98,mitdb/118,mitdb/118,9,58500,ARR,ARR,0.5054827928543091,0.4935881793498993,0.0009289988083764911
swin,0,0,99,mitdb/118,mitdb/118,9,63500,ARR,CHF,0.003002079902216792,0.9969460368156433,5.183573011890985e-05
swin,0,0,110,mitdb/101,mitdb/101,11,2500,ARR,ARR,0.99985671043396,6.237413617782295e-05,8.092985808616504e-05
swin,0,0,111,mitdb/101,mitdb/101,11,9000,ARR,ARR,0.9995883107185364,8.079809776972979e-05,0.0003308999293949455
swin,0,0,112,mitdb/101,mitdb/101,11,16000,ARR,ARR,0.9998427629470825,6.121528713265434e-05,9.596237214282155e-05
swin,0,0,113,mitdb/101,mitdb/101,11,26000,ARR,ARR,0.9998431205749512,7.242268475238234e-05,8.43454254209064e-05
swin,0,0,114,mitdb/101,mitdb/101,11,27500,ARR,ARR,0.999854326248169,6.628983828704804e-05,7.939666829770431e-05
swin,0,0,115,mitdb/101,mitdb/101,11,33000,ARR,ARR,0.9965932965278625,0.00014546161401085556,0.0032612511422485113
swin,0,0,116,mitdb/101,mitdb/101,11,41000,ARR,ARR,0.9840413331985474,0.0009569402318447828,0.01500170398503542
swin,0,0,117,mitdb/101,mitdb/101,11,44500,ARR,ARR,0.9998528957366943,8.242468175012618e-05,6.458231655415148e-05
swin,0,0,118,mitdb/101,mitdb/101,11,53000,ARR,ARR,0.9993882179260254,0.0001589508610777557,0.0004528019344434142
swin,0,0,119,mitdb/101,mitdb/101,11,59500,ARR,ARR,0.9998564720153809,7.846929656807333e-05,6.506463250843808e-05
swin,0,0,170,mitdb/201-202,mitdb/201,17,500,ARR,ARR,0.9998235106468201,0.00013188358570914716,4.4606982555706054e-05
swin,0,0,171,mitdb/201-202,mitdb/201,17,19000,ARR,ARR,0.9998533725738525,9.663306991569698e-05,4.994898699806072e-05
swin,0,0,172,mitdb/201-202,mitdb/201,17,20000,ARR,ARR,0.9998522996902466,9.581340418662876e-05,5.1791867008432746e-05
swin,0,0,173,mitdb/201-202,mitdb/201,17,26000,ARR,ARR,0.9998490810394287,0.00010293165541952476,4.796349094249308e-05
swin,0,0,174,mitdb/201-202,mitdb/201,17,30000,ARR,ARR,0.9998539686203003,9.225450048688799e-05,5.371528459363617e-05
swin,0,0,175,mitdb/201-202,mitdb/201,17,30500,ARR,ARR,0.9998432397842407,0.00011158982670167461,4.513850944931619e-05
swin,0,0,176,mitdb/201-202,mitdb/201,17,43500,ARR,ARR,0.9998480081558228,0.00010238632239634171,4.9633090384304523e-05
swin,0,0,177,mitdb/201-202,mitdb/201,17,49500,ARR,ARR,0.9998612403869629,7.89247133070603e-05,5.98446094954852e-05
swin,0,0,178,mitdb/201-202,mitdb/201,17,61500,ARR,ARR,0.9997616410255432,0.00019715566304512322,4.118521974305622e-05
swin,0,0,179,mitdb/201-202,mitdb/201,17,64000,ARR,ARR,0.9998500347137451,0.00010185837891185656,4.802055991603993e-05
swin,0,0,180,mitdb/201-202,mitdb/202,18,4000,ARR,ARR,0.9998538494110107,9.021475852932781e-05,5.589730790234171e-05
swin,0,0,181,mitdb/201-202,mitdb/202,18,11500,ARR,ARR,0.9998542070388794,9.218346531270072e-05,5.359550777939148e-05
swin,0,0,182,mitdb/201-202,mitdb/202,18,17000,ARR,ARR,0.9998553991317749,8.79631916177459e-05,5.657922520185821e-05
swin,0,0,183,mitdb/201-202,mitdb/202,18,17500,ARR,ARR,0.9998620748519897,7.431157428072765e-05,6.36900367680937e-05
swin,0,0,184,mitdb/201-202,mitdb/202,18,19500,ARR,ARR,0.9998550415039062,9.012353257276118e-05,5.482443157234229e-05
swin,0,0,185,mitdb/201-202,mitdb/202,18,35000,ARR,ARR,0.9998608827590942,7.440274930559099e-05,6.468750507337973e-05
swin,0,0,186,mitdb/201-202,mitdb/202,18,45500,ARR,ARR,0.9998571872711182,8.711482951184735e-05,5.565838728216477e-05
swin,0,0,187,mitdb/201-202,mitdb/202,18,53000,ARR,ARR,0.999854564666748,9.17972283787094e-05,5.360836075851694e-05
swin,0,0,188,mitdb/201-202,mitdb/202,18,56500,ARR,ARR,0.9998530149459839,9.366879385197535e-05,5.322833749232814e-05
swin,0,0,189,mitdb/201-202,mitdb/202,18,61000,ARR,ARR,0.9998576641082764,8.666069334140047e-05,5.567790140048601e-05
swin,0,0,240,mitdb/209,mitdb/209,24,1500,ARR,ARR,0.99982088804245,5.3206735174171627e-05,0.0001259841228602454
swin,0,0,241,mitdb/209,mitdb/209,24,7000,ARR,ARR,0.9975138902664185,0.00014058133820071816,0.0023455184418708086
swin,0,0,242,mitdb/209,mitdb/209,24,15500,ARR,ARR,0.8424502015113831,0.0003583989746402949,0.15719139575958252
swin,0,0,243,mitdb/209,mitdb/209,24,19500,ARR,NSR,0.00015995079593267292,0.0002013205230468884,0.9996387958526611
swin,0,0,244,mitdb/209,mitdb/209,24,22000,ARR,ARR,0.9998157620429993,5.153731399332173e-05,0.0001327785721514374
swin,0,0,245,mitdb/209,mitdb/209,24,29500,ARR,NSR,0.0008370291325263679,0.00015843725122977048,0.9990045428276062
swin,0,0,246,mitdb/209,mitdb/209,24,33000,ARR,NSR,0.038750890642404556,0.0037099344190210104,0.9575391411781311
swin,0,0,247,mitdb/209,mitdb/209,24,41000,ARR,ARR,0.6085830926895142,0.00038004081579856575,0.3910369575023651
swin,0,0,248,mitdb/209,mitdb/209,24,45000,ARR,NSR,0.00015300462837330997,0.00017271452816203237,0.9996743202209473
swin,0,0,249,mitdb/209,mitdb/209,24,48000,ARR,ARR,0.9970421195030212,0.00013738186680711806,0.0028204258996993303
swin,0,0,340,mitdb/221,mitdb/221,34,5000,ARR,ARR,0.9998488426208496,9.080635936697945e-05,6.0332156863296404e-05
swin,0,0,341,mitdb/221,mitdb/221,34,11000,ARR,ARR,0.9998161196708679,9.648434206610546e-05,8.733533468330279e-05
swin,0,0,342,mitdb/221,mitdb/221,34,12500,ARR,ARR,0.9998586177825928,7.858667231630534e-05,6.282324466155842e-05
swin,0,0,343,mitdb/221,mitdb/221,34,20500,ARR,ARR,0.9998430013656616,0.00010926147660939023,4.765738776768558e-05
swin,0,0,344,mitdb/221,mitdb/221,34,37000,ARR,ARR,0.9998571872711182,8.638175495434552e-05,5.634106128127314e-05
swin,0,0,345,mitdb/221,mitdb/221,34,43500,ARR,ARR,0.9998581409454346,8.539573900634423e-05,5.6498283811379224e-05
swin,0,0,346,mitdb/221,mitdb/221,34,44000,ARR,ARR,0.9998503923416138,0.00010037521860795096,4.91967803100124e-05
swin,0,0,347,mitdb/221,mitdb/221,34,56500,ARR,ARR,0.9998494386672974,0.00010483528603799641,4.5684893848374486e-05
swin,0,0,348,mitdb/221,mitdb/221,34,64000,ARR,ARR,0.9998513460159302,9.81819539447315e-05,5.040828182245605e-05
swin,0,0,349,mitdb/221,mitdb/221,34,64500,ARR,ARR,0.9998251795768738,0.00012510512897279114,4.971125235897489e-05
swin,0,0,360,mitdb/223,mitdb/223,36,4500,ARR,ARR,0.9998573064804077,6.833491352153942e-05,7.442377682309598e-05
swin,0,0,361,mitdb/223,mitdb/223,36,16000,ARR,ARR,0.9998500347137451,9.336991934105754e-05,5.6571097957203165e-05
swin,0,0,362,mitdb/223,mitdb/223,36,19000,ARR,ARR,0.9998596906661987,7.71931154304184e-05,6.304195267148316e-05
swin,0,0,363,mitdb/223,mitdb/223,36,24500,ARR,ARR,0.9998563528060913,6.175958696985617e-05,8.190146036213264e-05
swin,0,0,364,mitdb/223,mitdb/223,36,38500,ARR,ARR,0.9998581409454346,6.249800935620442e-05,7.93479266576469e-05
swin,0,0,365,mitdb/223,mitdb/223,36,39500,ARR,ARR,0.9998589754104614,7.021862984402105e-05,7.07919753040187e-05
swin,0,0,366,mitdb/223,mitdb/223,36,40000,ARR,ARR,0.9998557567596436,6.41921506030485e-05,7.993476174306124e-05
swin,0,0,367,mitdb/223,mitdb/223,36,44000,ARR,ARR,0.9998534917831421,5.6810531532391906e-05,8.961952698882669e-05
swin,0,0,368,mitdb/223,mitdb/223,36,46500,ARR,ARR,0.9998589754104614,6.276206840993837e-05,7.824478961993009e-05
swin,0,0,369,mitdb/223,mitdb/223,36,59500,ARR,ARR,0.9998512268066406,5.975669773761183e-05,8.901260298443958e-05
swin,0,0,390,mitdb/231,mitdb/231,39,7500,ARR,ARR,0.9990687966346741,0.0001064338066498749,0.0008247419609688222
swin,0,0,391,mitdb/231,mitdb/231,39,14500,ARR,ARR,0.9998471736907959,5.7094122894341126e-05,9.567887173034251e-05
swin,0,0,392,mitdb/231,mitdb/231,39,24000,ARR,ARR,0.9998553991317749,5.830291411257349e-05,8.63191089592874e-05
swin,0,0,393,mitdb/231,mitdb/231,39,26500,ARR,ARR,0.9998593330383301,6.451317312894389e-05,7.614801870658994e-05
swin,0,0,394,mitdb/231,mitdb/231,39,27500,ARR,ARR,0.9998515844345093,5.558275370276533e-05,9.284882980864495e-05
swin,0,0,395,mitdb/231,mitdb/231,39,28500,ARR,ARR,0.9998576641082764,6.244626274565235e-05,7.987052958924323e-05
swin,0,0,396,mitdb/231,mitdb/231,39,37000,ARR,ARR,0.9983338713645935,0.00029232027009129524,0.0013739074347540736
swin,0,0,397,mitdb/231,mitdb/231,39,41500,ARR,ARR,0.9998589754104614,6.092484181863256e-05,8.005197014426813e-05
swin,0,0,398,mitdb/231,mitdb/231,39,47500,ARR,ARR,0.9998568296432495,7.150698365876451e-05,7.164035923779011e-05
swin,0,0,399,mitdb/231,mitdb/231,39,52000,ARR,ARR,0.9998576641082764,6.806611054344103e-05,7.420827751047909e-05
swin,0,0,450,mitdb/101,mitdb/101,45,6500,ARR,ARR,0.9998544454574585,5.812763993162662e-05,8.740850898902863e-05
swin,0,0,451,mitdb/101,mitdb/101,45,11000,ARR,ARR,0.9998618364334106,7.780190935591236e-05,6.029359792592004e-05
swin,0,0,452,mitdb/101,mitdb/101,45,18000,ARR,ARR,0.9998588562011719,8.259827882284299e-05,5.856559073436074e-05
swin,0,0,453,mitdb/101,mitdb/101,45,22500,ARR,ARR,0.9998575448989868,8.741070632822812e-05,5.501479972735979e-05
swin,0,0,454,mitdb/101,mitdb/101,45,26000,ARR,ARR,0.9998579025268555,8.388317655771971e-05,5.814114774693735e-05
swin,0,0,455,mitdb/101,mitdb/101,45,39000,ARR,ARR,0.999862551689148,7.233374344650656e-05,6.503053737105802e-05
swin,0,0,456,mitdb/101,mitdb/101,45,39500,ARR,ARR,0.9998612403869629,7.668804028071463e-05,6.204579403856769e-05
swin,0,0,457,mitdb/101,mitdb/101,45,46000,ARR,ARR,0.9998619556427002,6.828721234342083e-05,6.970076356083155e-05
swin,0,0,458,mitdb/101,mitdb/101,45,48500,ARR,ARR,0.999862790107727,6.879241118440405e-05,6.837792170699686e-05
swin,0,0,459,mitdb/101,mitdb/101,45,51000,ARR,ARR,0.9998596906661987,6.306215800577775e-05,7.722309237578884e-05
swin,0,0,560,mitdb/112,mitdb/112,56,4500,ARR,NSR,0.004708265420049429,8.206490747397766e-05,0.9952096343040466
swin,0,0,561,mitdb/112,mitdb/112,56,9500,ARR,NSR,0.4109577536582947,0.0003809930640272796,0.588661253452301
swin,0,0,562,mitdb/112,mitdb/112,56,12500,ARR,NSR,0.0025224429555237293,6.396297976607457e-05,0.9974135756492615
swin,0,0,563,mitdb/112,mitdb/112,56,16000,ARR,ARR,0.9910077452659607,0.00014866830315440893,0.008843686431646347
swin,0,0,564,mitdb/112,mitdb/112,56,17500,ARR,ARR,0.9980500936508179,0.00014123164874035865,0.0018086358904838562
swin,0,0,565,mitdb/112,mitdb/112,56,28000,ARR,ARR,0.9989268183708191,3.378176552359946e-05,0.0010394008131697774
swin,0,0,566,mitdb/112,mitdb/112,56,35500,ARR,NSR,0.18117758631706238,0.0005073100910522044,0.8183152079582214
swin,0,0,567,mitdb/112,mitdb/112,56,37000,ARR,NSR,0.0005267907399684191,0.00010497227049199864,0.9993682503700256
swin,0,0,568,mitdb/112,mitdb/112,56,49000,ARR,ARR,0.992965579032898,0.00018611001723911613,0.006848342251032591
swin,0,0,569,mitdb/112,mitdb/112,56,51000,ARR,ARR,0.9984090924263,2.7551066523301415e-05,0.001563429948873818
swin,0,0,590,mitdb/115,mitdb/115,59,7500,ARR,ARR,0.9998552799224854,6.016356564941816e-05,8.447864092886448e-05
swin,0,0,591,mitdb/115,mitdb/115,59,9500,ARR,ARR,0.9993182420730591,0.0005653349217027426,0.00011640183947747573
swin,0,0,592,mitdb/115,mitdb/115,59,10500,ARR,ARR,0.9998584985733032,6.863902672193944e-05,7.280745194293559e-05
swin,0,0,593,mitdb/115,mitdb/115,59,38000,ARR,ARR,0.9998562335968018,8.364266250282526e-05,6.008558557368815e-05
swin,0,0,594,mitdb/115,mitdb/115,59,38500,ARR,ARR,0.9998570680618286,8.61168882693164e-05,5.671627150150016e-05
swin,0,0,595,mitdb/115,mitdb/115,59,47000,ARR,ARR,0.9997794032096863,5.940920891589485e-05,0.0001612381311133504
swin,0,0,596,mitdb/115,mitdb/115,59,55500,ARR,ARR,0.9998502731323242,9.293073526350781e-05,5.678304660250433e-05
swin,0,0,597,mitdb/115,mitdb/115,59,60500,ARR,ARR,0.9998557567596436,7.334002293646336e-05,7.090532017173246e-05
swin,0,0,598,mitdb/115,mitdb/115,59,61000,ARR,ARR,0.9998576641082764,7.730199286015704e-05,6.496773130493239e-05
swin,0,0,599,mitdb/115,mitdb/115,59,64000,ARR,ARR,0.9986805319786072,0.0009346125880256295,0.00038485287223011255
swin,0,0,620,mitdb/118,mitdb/118,62,7000,ARR,NSR,0.06643429398536682,0.00042117878911085427,0.9331446290016174
swin,0,0,621,mitdb/118,mitdb/118,62,19500,ARR,NSR,0.0036469034384936094,0.00039269967237487435,0.9959602952003479
swin,0,0,622,mitdb/118,mitdb/118,62,30000,ARR,ARR,0.9998435974121094,5.793712625745684e-05,9.84352664090693e-05
swin,0,0,623,mitdb/118,mitdb/118,62,39500,ARR,ARR,0.9991656541824341,4.2671123082982376e-05,0.000791750499047339
swin,0,0,624,mitdb/118,mitdb/118,62,45000,ARR,ARR,0.9989339709281921,7.648624159628525e-05,0.000989532214589417
swin,0,0,625,mitdb/118,mitdb/118,62,47500,ARR,NSR,0.0001400607725372538,0.0008257098379544914,0.9990342855453491
swin,0,0,626,mitdb/118,mitdb/118,62,53500,ARR,ARR,0.9842479825019836,0.0002037482481682673,0.015548148192465305
swin,0,0,627,mitdb/118,mitdb/118,62,57500,ARR,ARR,0.998049259185791,0.00026518036611378193,0.0016855176072567701
swin,0,0,628,mitdb/118,mitdb/118,62,64000,ARR,CHF,0.001446951529942453,0.9978360533714294,0.000716951850336045
swin,0,0,629,mitdb/118,mitdb/118,62,65000,ARR,CHF,0.149714857339859,0.8008930087089539,0.04939207807183266
swin,0,0,700,mitdb/201-202,mitdb/201,70,0,ARR,ARR,0.9991511106491089,0.00017186737386509776,0.0006770145846530795
swin,0,0,701,mitdb/201-202,mitdb/201,70,15000,ARR,ARR,0.9998443126678467,9.846829198068008e-05,5.7168053899658844e-05
swin,0,0,702,mitdb/201-202,mitdb/201,70,18500,ARR,ARR,0.9998375177383423,0.00011061810073442757,5.184936890145764e-05
swin,0,0,703,mitdb/201-202,mitdb/201,70,22500,ARR,ARR,0.9994413256645203,0.0005090414779260755,4.9605856474954635e-05
swin,0,0,704,mitdb/201-202,mitdb/201,70,23500,ARR,ARR,0.9998492002487183,9.688920545158908e-05,5.3922125516692176e-05
swin,0,0,705,mitdb/201-202,mitdb/201,70,25500,ARR,ARR,0.9995620846748352,0.00034197192871943116,9.58732416620478e-05
swin,0,0,706,mitdb/201-202,mitdb/201,70,27000,ARR,ARR,0.9995404481887817,0.0004161289252806455,4.350631570559926e-05
swin,0,0,707,mitdb/201-202,mitdb/201,70,27500,ARR,ARR,0.9996519088745117,0.00031616477645002306,3.188048140145838e-05
swin,0,0,708,mitdb/201-202,mitdb/201,70,44000,ARR,ARR,0.9998340606689453,0.00011829740105895326,4.756638008984737e-05
swin,0,0,709,mitdb/201-202,mitdb/201,70,64000,ARR,ARR,0.9749330878257751,0.025030627846717834,3.624200326157734e-05
swin,0,0,710,mitdb/201-202,mitdb/202,71,1500,ARR,ARR,0.9998574256896973,8.567890472477302e-05,5.68867071706336e-05
swin,0,0,711,mitdb/201-202,mitdb/202,71,4000,ARR,ARR,0.9998581409454346,8.640078158350661e-05,5.541041900869459e-05
swin,0,0,712,mitdb/201-202,mitdb/202,71,14000,ARR,ARR,0.9998595714569092,8.178402640623972e-05,5.860412784386426e-05
swin,0,0,713,mitdb/201-202,mitdb/202,71,17500,ARR,ARR,0.9998601675033569,8.058887760853395e-05,5.929050166741945e-05
swin,0,0,714,mitdb/201-202,mitdb/202,71,26000,ARR,ARR,0.999860405921936,8.181326847989112e-05,5.782736843684688e-05
swin,0,0,715,mitdb/201-202,mitdb/202,71,37000,ARR,ARR,0.9998537302017212,9.116403089137748e-05,5.511567724170163e-05
swin,0,0,716,mitdb/201-202,mitdb/202,71,41500,ARR,ARR,0.9998582601547241,8.466657163808122e-05,5.7036631915252656e-05
swin,0,0,717,mitdb/201-202,mitdb/202,71,50500,ARR,ARR,0.9998599290847778,7.795661076670513e-05,6.209467392181978e-05
swin,0,0,718,mitdb/201-202,mitdb/202,71,53500,ARR,ARR,0.99985671043396,9.081538883037865e-05,5.243450141279027e-05
swin,0,0,719,mitdb/201-202,mitdb/202,71,64000,ARR,ARR,0.9998468160629272,8.300743502331898e-05,7.02053148415871e-05
swin,0,0,760,mitdb/209,mitdb/209,76,11000,ARR,NSR,0.006020556204020977,8.355940371984616e-05,0.993895947933197
swin,0,0,761,mitdb/209,mitdb/209,76,16500,ARR,ARR,0.9997989535331726,4.0207502024713904e-05,0.0001609329628990963
swin,0,0,762,mitdb/209,mitdb/209,76,24000,ARR,ARR,0.9998003840446472,4.036862083012238e-05,0.00015927806089166552
swin,0,0,763,mitdb/209,mitdb/209,76,32500,ARR,ARR,0.9997170567512512,4.4760792661691085e-05,0.00023814426094759256
swin,0,0,764,mitdb/209,mitdb/209,76,43000,ARR,ARR,0.9998519420623779,5.282947313389741e-05,9.528241207590327e-05
swin,0,0,765,mitdb/209,mitdb/209,76,45000,ARR,NSR,0.06899278610944748,0.00027570745442062616,0.9307315349578857
swin,0,0,766,mitdb/209,mitdb/209,76,49000,ARR,ARR,0.9992246627807617,4.634814104065299e-05,0.0007289625937119126
swin,0,0,767,mitdb/209,mitdb/209,76,50000,ARR,NSR,0.16978496313095093,0.0008387329871766269,0.8293762803077698
swin,0,0,768,mitdb/209,mitdb/209,76,55500,ARR,ARR,0.9981309771537781,3.7322686694096774e-05,0.0018316229106858373
swin,0,0,769,mitdb/209,mitdb/209,76,56000,ARR,ARR,0.9998565912246704,7.378247391898185e-05,6.95700291544199e-05
swin,0,0,860,mitdb/221,mitdb/221,86,3000,ARR,ARR,0.9998592138290405,5.812426388729364e-05,8.264417556347325e-05
swin,0,0,861,mitdb/221,mitdb/221,86,4000,ARR,ARR,0.9998583793640137,7.569585432065651e-05,6.596846651518717e-05
swin,0,0,862,mitdb/221,mitdb/221,86,10000,ARR,ARR,0.9998600482940674,8.483751298626885e-05,5.5068267101887614e-05
swin,0,0,863,mitdb/221,mitdb/221,86,15000,ARR,ARR,0.9998584985733032,7.992210157681257e-05,6.152129935799167e-05
swin,0,0,864,mitdb/221,mitdb/221,86,23000,ARR,ARR,0.9998526573181152,9.62887643254362e-05,5.1012080803047866e-05
swin,0,0,865,mitdb/221,mitdb/221,86,27000,ARR,ARR,0.9998606443405151,8.458429510938004e-05,5.4659558372804895e-05
swin,0,0,866,mitdb/221,mitdb/221,86,27500,ARR,ARR,0.999862790107727,7.729147910140455e-05,5.9917343605775386e-05
swin,0,0,867,mitdb/221,mitdb/221,86,37000,ARR,ARR,0.9998588562011719,8.658867591293529e-05,5.462850458570756e-05
swin,0,0,868,mitdb/221,mitdb/221,86,53000,ARR,ARR,0.9998470544815063,8.536092354916036e-05,6.753170600859448e-05
swin,0,0,869,mitdb/221,mitdb/221,86,56000,ARR,ARR,0.999862790107727,7.230010669445619e-05,6.489084626082331e-05
swin,0,0,890,mitdb/223,mitdb/223,89,3000,ARR,ARR,0.99985671043396,7.968123827595264e-05,6.352196942316368e-05
swin,0,0,891,mitdb/223,mitdb/223,89,21000,ARR,ARR,0.9998570680618286,6.809457408962771e-05,7.480580825358629e-05
swin,0,0,892,mitdb/223,mitdb/223,89,31500,ARR,ARR,0.9998562335968018,8.393728785449639e-05,5.9823029005201533e-05
swin,0,0,893,mitdb/223,mitdb/223,89,37500,ARR,ARR,0.9998601675033569,7.418398308800533e-05,6.571527774212882e-05
swin,0,0,894,mitdb/223,mitdb/223,89,39000,ARR,ARR,0.999852180480957,9.006700565805659e-05,5.772441363660619e-05
swin,0,0,895,mitdb/223,mitdb/223,89,47000,ARR,ARR,0.9998576641082764,6.669932190561667e-05,7.55865839892067e-05
swin,0,0,896,mitdb/223,mitdb/223,89,47500,ARR,ARR,0.9998588562011719,7.842107879696414e-05,6.268249853746966e-05
swin,0,0,897,mitdb/223,mitdb/223,89,49000,ARR,ARR,0.9998593330383301,7.566460408270359e-05,6.501302414108068e-05
swin,0,0,898,mitdb/223,mitdb/223,89,54500,ARR,ARR,0.9998112320899963,0.00012914033140987158,5.960291309747845e-05
swin,0,0,899,mitdb/223,mitdb/223,89,56000,ARR,ARR,0.999860405921936,6.896756531205028e-05,7.054601155687124e-05
swin,0,0,920,mitdb/231,mitdb/231,92,2000,ARR,ARR,0.9988235831260681,0.0009510955424048007,0.00022531964350491762
swin,0,0,921,mitdb/231,mitdb/231,92,23000,ARR,ARR,0.9998501539230347,7.074188033584505e-05,7.905061647761613e-05
swin,0,0,922,mitdb/231,mitdb/231,92,25500,ARR,ARR,0.9998519420623779,7.75727239670232e-05,7.03898404026404e-05
swin,0,0,923,mitdb/231,mitdb/231,92,34500,ARR,ARR,0.9996474981307983,0.00029423387604765594,5.827717177453451e-05
swin,0,0,924,mitdb/231,mitdb/231,92,40000,ARR,ARR,0.9998418092727661,8.958642865763977e-05,6.857376138214022e-05
swin,0,0,925,mitdb/231,mitdb/231,92,45500,ARR,ARR,0.9998406171798706,5.9271140344208106e-05,0.00010009777179220691
swin,0,0,926,mitdb/231,mitdb/231,92,54000,ARR,ARR,0.9998329877853394,4.8590925871394575e-05,0.00011841036030091345
swin,0,0,927,mitdb/231,mitdb/231,92,55000,ARR,ARR,0.9998506307601929,5.677445369656198e-05,9.256300108972937e-05
swin,0,0,928,mitdb/231,mitdb/231,92,56500,ARR,ARR,0.9998576641082764,6.14171294728294e-05,8.089953189482912e-05
swin,0,0,929,mitdb/231,mitdb/231,92,57000,ARR,ARR,0.9998569488525391,6.093582123867236e-05,8.212481043301523e-05
swin,0,0,980,chfdb/chf11,chfdb/chf11,98,500,CHF,CHF,0.010321400128304958,0.9896211624145508,5.7372399169253185e-05
swin,0,0,981,chfdb/chf11,chfdb/chf11,98,16500,CHF,CHF,0.00010530657164053991,0.9997705817222595,0.00012407932081259787
swin,0,0,982,chfdb/chf11,chfdb/chf11,98,27500,CHF,CHF,8.647652430227026e-05,0.9997672438621521,0.0001463287480873987
swin,0,0,983,chfdb/chf11,chfdb/chf11,98,34000,CHF,CHF,0.00012132441770518199,0.9997755885124207,0.00010306050535291433
swin,0,0,984,chfdb/chf11,chfdb/chf11,98,42000,CHF,CHF,9.36479409574531e-05,0.9997753500938416,0.00013096081966068596
swin,0,0,985,chfdb/chf11,chfdb/chf11,98,43000,CHF,CHF,0.00011529542825883254,0.9997705817222595,0.00011411488230805844
swin,0,0,986,chfdb/chf11,chfdb/chf11,98,51500,CHF,CHF,0.00011834852921310812,0.9997608065605164,0.00012082243483746424
swin,0,0,987,chfdb/chf11,chfdb/chf11,98,55500,CHF,CHF,0.10916565358638763,0.8901272416114807,0.0007071199943311512
swin,0,0,988,chfdb/chf11,chfdb/chf11,98,56000,CHF,CHF,0.00012070604861946777,0.9997794032096863,9.99201656668447e-05
swin,0,0,989,chfdb/chf11,chfdb/chf11,98,61500,CHF,CHF,0.00021059463324490935,0.9997184872627258,7.086361438268796e-05
swin,0,0,1010,chfdb/chf14,chfdb/chf14,101,2000,CHF,CHF,0.0004950573202222586,0.9994478821754456,5.710317054763436e-05
swin,0,0,1011,chfdb/chf14,chfdb/chf14,101,15500,CHF,CHF,0.0001766849309206009,0.9997333884239197,8.995201642392203e-05
swin,0,0,1012,chfdb/chf14,chfdb/chf14,101,23500,CHF,CHF,0.0001503400126239285,0.9997513890266418,9.828876500250772e-05
swin,0,0,1013,chfdb/chf14,chfdb/chf14,101,31500,CHF,ARR,0.9823130965232849,0.01763560064136982,5.1346145482966676e-05
swin,0,0,1014,chfdb/chf14,chfdb/chf14,101,33000,CHF,CHF,0.001108068972826004,0.9987793564796448,0.00011259441816946492
swin,0,0,1015,chfdb/chf14,chfdb/chf14,101,36500,CHF,CHF,0.0036557288840413094,0.9960713386535645,0.0002729895059019327
swin,0,0,1016,chfdb/chf14,chfdb/chf14,101,46000,CHF,ARR,0.6161723136901855,0.3833334743976593,0.0004942278028465807
swin,0,0,1017,chfdb/chf14,chfdb/chf14,101,52000,CHF,CHF,0.0001406298397341743,0.9997487664222717,0.00011064309364883229
swin,0,0,1018,chfdb/chf14,chfdb/chf14,101,58500,CHF,CHF,0.00018208910478278995,0.9997319579124451,8.589164644945413e-05
swin,0,0,1019,chfdb/chf14,chfdb/chf14,101,62500,CHF,CHF,0.00013904555817134678,0.9997594952583313,0.00010148546425625682
swin,0,0,1060,chfdb/chf04,chfdb/chf04,106,2500,CHF,CHF,0.008977670222520828,0.962252676486969,0.028769657015800476
swin,0,0,1061,chfdb/chf04,chfdb/chf04,106,3000,CHF,ARR,0.9525130391120911,0.047050658613443375,0.0004362744220998138
swin,0,0,1062,chfdb/chf04,chfdb/chf04,106,4000,CHF,NSR,0.0005408132565207779,0.00016207571025006473,0.999297022819519
swin,0,0,1063,chfdb/chf04,chfdb/chf04,106,16000,CHF,ARR,0.9990687966346741,0.00021719455253332853,0.0007140471716411412
swin,0,0,1064,chfdb/chf04,chfdb/chf04,106,16500,CHF,ARR,0.978636622428894,0.0005216426216065884,0.0208418108522892
swin,0,0,1065,chfdb/chf04,chfdb/chf04,106,18000,CHF,ARR,0.9984616041183472,0.0008551034843549132,0.0006833120714873075
swin,0,0,1066,chfdb/chf04,chfdb/chf04,106,28500,CHF,CHF,0.3952118754386902,0.6041369438171387,0.0006511848187074065
swin,0,0,1067,chfdb/chf04,chfdb/chf04,106,36500,CHF,ARR,0.9996449947357178,0.00027193932328373194,8.30630524433218e-05
swin,0,0,1068,chfdb/chf04,chfdb/chf04,106,41000,CHF,ARR,0.9773480892181396,0.00011258328595431522,0.022539416328072548
swin,0,0,1069,chfdb/chf04,chfdb/chf04,106,63000,CHF,ARR,0.9992474317550659,0.0001223836443386972,0.0006302191759459674
swin,0,0,1140,chfdb/chf11,chfdb/chf11,114,7500,CHF,ARR,0.9974949359893799,0.0024730567820370197,3.197709520463832e-05
swin,0,0,1141,chfdb/chf11,chfdb/chf11,114,13500,CHF,ARR,0.7185778617858887,0.28129735589027405,0.00012480051373131573
swin,0,0,1142,chfdb/chf11,chfdb/chf11,114,21000,CHF,ARR,0.9995930790901184,0.0003727165749296546,3.4197422792203724e-05
swin,0,0,1143,chfdb/chf11,chfdb/chf11,114,21500,CHF,ARR,0.9987106323242188,0.0012649301206693053,2.4434155420749448e-05
swin,0,0,1144,chfdb/chf11,chfdb/chf11,114,28000,CHF,ARR,0.8266918063163757,0.17322705686092377,8.105923188850284e-05
swin,0,0,1145,chfdb/chf11,chfdb/chf11,114,29000,CHF,CHF,0.0020906173158437014,0.9978049397468567,0.00010446160013088956
swin,0,0,1146,chfdb/chf11,chfdb/chf11,114,44000,CHF,CHF,0.00019805069314315915,0.9997220635414124,7.987584103830159e-05
swin,0,0,1147,chfdb/chf11,chfdb/chf11,114,52500,CHF,CHF,0.0010803150944411755,0.9988038539886475,0.00011577865370782092
swin,0,0,1148,chfdb/chf11,chfdb/chf11,114,54000,CHF,ARR,0.9964973330497742,0.003476188750937581,2.65428789134603e-05
swin,0,0,1149,chfdb/chf11,chfdb/chf11,114,64000,CHF,CHF,0.00019956764299422503,0.9996895790100098,0.00011082345008617267
swin,0,0,1170,chfdb/chf14,chfdb/chf14,117,1000,CHF,CHF,8.096951933111995e-05,0.9997544884681702,0.00016453950956929475
swin,0,0,1171,chfdb/chf14,chfdb/chf14,117,5500,CHF,CHF,0.00012550422979984432,0.9997429251670837,0.00013157623470760882
swin,0,0,1172,chfdb/chf14,chfdb/chf14,117,10000,CHF,CHF,8.263835479738191e-05,0.999756395816803,0.000160917523317039
swin,0,0,1173,chfdb/chf14,chfdb/chf14,117,12500,CHF,CHF,0.0012686944101005793,0.9986514449119568,7.985332194948569e-05
swin,0,0,1174,chfdb/chf14,chfdb/chf14,117,14000,CHF,CHF,7.617459050379694e-05,0.9997408986091614,0.00018295636982657015
swin,0,0,1175,chfdb/chf14,chfdb/chf14,117,24000,CHF,CHF,8.949365292210132e-05,0.9997649788856506,0.0001455888559576124
swin,0,0,1176,chfdb/chf14,chfdb/chf14,117,30000,CHF,CHF,9.430920181330293e-05,0.999756395816803,0.00014925005962140858
swin,0,0,1177,chfdb/chf14,chfdb/chf14,117,46500,CHF,CHF,8.277309825643897e-05,0.9997538924217224,0.00016327950288541615
swin,0,0,1178,chfdb/chf14,chfdb/chf14,117,53500,CHF,CHF,8.630652882857248e-05,0.9997574687004089,0.00015623384388163686
swin,0,0,1179,chfdb/chf14,chfdb/chf14,117,63000,CHF,CHF,8.280183101305738e-05,0.9997710585594177,0.00014616348198615015
swin,0,0,1200,chfdb/chf04,chfdb/chf04,120,2000,CHF,CHF,0.362849622964859,0.5842046737670898,0.052945736795663834
swin,0,0,1201,chfdb/chf04,chfdb/chf04,120,8000,CHF,CHF,0.00024388042220380157,0.9996622800827026,9.385012526763603e-05
swin,0,0,1202,chfdb/chf04,chfdb/chf04,120,19500,CHF,CHF,0.002025807974860072,0.9978863596916199,8.781357610132545e-05
swin,0,0,1203,chfdb/chf04,chfdb/chf04,120,22000,CHF,CHF,0.0001356140710413456,0.9995303153991699,0.00033409084426239133
swin,0,0,1204,chfdb/chf04,chfdb/chf04,120,33500,CHF,CHF,0.00017179139831569046,0.9997281432151794,0.0001000134288915433
swin,0,0,1205,chfdb/chf04,chfdb/chf04,120,40500,CHF,CHF,0.0015152975684031844,0.9979708790779114,0.0005138213164173067
swin,0,0,1206,chfdb/chf04,chfdb/chf04,120,44000,CHF,CHF,0.00020411427249200642,0.9989251494407654,0.0008707459201104939
swin,0,0,1207,chfdb/chf04,chfdb/chf04,120,52500,CHF,CHF,0.0019010684918612242,0.997811496257782,0.0002874465426430106
swin,0,0,1208,chfdb/chf04,chfdb/chf04,120,63000,CHF,CHF,0.0001902652729768306,0.9996774196624756,0.00013230368494987488
swin,0,0,1209,chfdb/chf04,chfdb/chf04,120,64000,CHF,CHF,0.00040604203240945935,0.9964544773101807,0.003139498410746455
swin,0,0,1260,nsrdb/16265,nsrdb/16265,126,8000,NSR,CHF,0.00027470639906823635,0.9991338849067688,0.0005913938512094319
swin,0,0,1261,nsrdb/16265,nsrdb/16265,126,10500,NSR,CHF,0.00010305747855454683,0.9997671246528625,0.0001298698625760153
swin,0,0,1262,nsrdb/16265,nsrdb/16265,126,16000,NSR,CHF,0.004670541733503342,0.993606686592102,0.0017227509524673223
swin,0,0,1263,nsrdb/16265,nsrdb/16265,126,19500,NSR,CHF,0.00013676041271537542,0.9996659755706787,0.00019732865621335804
swin,0,0,1264,nsrdb/16265,nsrdb/16265,126,24500,NSR,NSR,0.0011205252958461642,0.24749518930912018,0.7513842582702637
swin,0,0,1265,nsrdb/16265,nsrdb/16265,126,30000,NSR,CHF,0.00021927863417658955,0.9963234663009644,0.003457264509052038
swin,0,0,1266,nsrdb/16265,nsrdb/16265,126,39500,NSR,ARR,0.8588429093360901,0.1080891489982605,0.03306795284152031
swin,0,0,1267,nsrdb/16265,nsrdb/16265,126,47500,NSR,CHF,0.0004503884119912982,0.9978824257850647,0.0016671851044520736
swin,0,0,1268,nsrdb/16265,nsrdb/16265,126,48500,NSR,ARR,0.8458961248397827,0.060711927711963654,0.09339191019535065
swin,0,0,1269,nsrdb/16265,nsrdb/16265,126,63500,NSR,ARR,0.9890807867050171,0.010732785798609257,0.00018638366600498557
swin,0,0,1320,nsrdb/19090,nsrdb/19090,132,500,NSR,NSR,0.0001958591165021062,0.0001268237829208374,0.999677300453186
swin,0,0,1321,nsrdb/19090,nsrdb/19090,132,3000,NSR,NSR,0.00018093333346769214,0.0001508401910541579,0.9996682405471802
swin,0,0,1322,nsrdb/19090,nsrdb/19090,132,4000,NSR,NSR,0.00014900992391631007,0.00017806552932597697,0.9996730089187622
swin,0,0,1323,nsrdb/19090,nsrdb/19090,132,20500,NSR,NSR,0.0002339859784115106,0.0001338705769740045,0.9996321201324463
swin,0,0,1324,nsrdb/19090,nsrdb/19090,132,22000,NSR,NSR,0.48612716794013977,0.0003141963970847428,0.5135586261749268
swin,0,0,1325,nsrdb/19090,nsrdb/19090,132,41500,NSR,NSR,0.00029424592503346503,0.00015364478167612106,0.9995521903038025
swin,0,0,1326,nsrdb/19090,nsrdb/19090,132,55000,NSR,NSR,0.00014870254381094128,0.00016517187759745866,0.9996861219406128
swin,0,0,1327,nsrdb/19090,nsrdb/19090,132,55500,NSR,NSR,0.00013531875447370112,0.00018732011085376143,0.999677300453186
swin,0,0,1328,nsrdb/19090,nsrdb/19090,132,59000,NSR,NSR,0.000193484389455989,0.0001372210099361837,0.9996693134307861
swin,0,0,1329,nsrdb/19090,nsrdb/19090,132,64000,NSR,NSR,0.006264562252908945,0.0002115194220095873,0.9935239553451538
swin,0,0,1340,nsrdb/19140,nsrdb/19140,134,0,NSR,NSR,0.00026818717014975846,0.00010358773579355329,0.9996281862258911
swin,0,0,1341,nsrdb/19140,nsrdb/19140,134,3000,NSR,NSR,0.0002373026218265295,0.00011652513057924807,0.9996461868286133
swin,0,0,1342,nsrdb/19140,nsrdb/19140,134,6500,NSR,NSR,0.00020812895672861487,0.00015272502787411213,0.9996390342712402
swin,0,0,1343,nsrdb/19140,nsrdb/19140,134,15500,NSR,NSR,0.0005663092597387731,8.750215783948079e-05,0.9993460774421692
swin,0,0,1344,nsrdb/19140,nsrdb/19140,134,21000,NSR,NSR,0.06624537706375122,0.0001676540996413678,0.9335870146751404
swin,0,0,1345,nsrdb/19140,nsrdb/19140,134,37500,NSR,NSR,0.05674007534980774,8.115477976389229e-05,0.9431787133216858
swin,0,0,1346,nsrdb/19140,nsrdb/19140,134,38500,NSR,NSR,0.0006827518809586763,8.839835209073499e-05,0.999228835105896
swin,0,0,1347,nsrdb/19140,nsrdb/19140,134,41500,NSR,NSR,0.057299770414829254,0.004136782139539719,0.9385634660720825
swin,0,0,1348,nsrdb/19140,nsrdb/19140,134,58000,NSR,ARR,0.5658018589019775,0.0003480821324046701,0.4338500201702118
swin,0,0,1349,nsrdb/19140,nsrdb/19140,134,65000,NSR,ARR,0.9664788246154785,0.0026077325455844402,0.030913475900888443
swin,0,0,1360,nsrdb/16265,nsrdb/16265,136,5000,NSR,ARR,0.9982302784919739,9.91370907286182e-05,0.0016705997986719012
swin,0,0,1361,nsrdb/16265,nsrdb/16265,136,9000,NSR,ARR,0.9962890148162842,7.915536843938753e-05,0.0036318351048976183
swin,0,0,1362,nsrdb/16265,nsrdb/16265,136,14500,NSR,NSR,0.00025380501756444573,0.00011821650696219876,0.999627947807312
swin,0,0,1363,nsrdb/16265,nsrdb/16265,136,16500,NSR,NSR,0.00023078198137227446,0.00012323124974500388,0.9996459484100342
swin,0,0,1364,nsrdb/16265,nsrdb/16265,136,29500,NSR,ARR,0.999830961227417,0.00012264151882845908,4.6397897676797584e-05
swin,0,0,1365,nsrdb/16265,nsrdb/16265,136,37500,NSR,ARR,0.9998470544815063,6.758105882909149e-05,8.529443584848195e-05
swin,0,0,1366,nsrdb/16265,nsrdb/16265,136,47000,NSR,ARR,0.9990200996398926,0.000864830450154841,0.00011501084372866899
swin,0,0,1367,nsrdb/16265,nsrdb/16265,136,49000,NSR,NSR,0.0002421200042590499,0.0001216876698890701,0.999636173248291
swin,0,0,1368,nsrdb/16265,nsrdb/16265,136,51500,NSR,ARR,0.999701201915741,8.712532871868461e-05,0.00021164357895031571
swin,0,0,1369,nsrdb/16265,nsrdb/16265,136,60500,NSR,ARR,0.9998418092727661,9.73035057540983e-05,6.095303251640871e-05
swin,0,0,1440,nsrdb/16786,nsrdb/16786,144,2000,NSR,NSR,0.00019553879974409938,0.0001388597156619653,0.9996656179428101
swin,0,0,1441,nsrdb/16786,nsrdb/16786,144,9500,NSR,NSR,0.00027983455220237374,0.00010693513468140736,0.999613344669342
swin,0,0,1442,nsrdb/16786,nsrdb/16786,144,19000,NSR,NSR,0.0002887581067625433,0.00010194957576459274,0.9996092915534973
swin,0,0,1443,nsrdb/16786,nsrdb/16786,144,28500,NSR,NSR,0.0003344841825310141,0.00010102431406266987,0.9995644688606262
swin,0,0,1444,nsrdb/16786,nsrdb/16786,144,37000,NSR,NSR,0.00023532773775514215,0.00012045056064380333,0.9996441602706909
swin,0,0,1445,nsrdb/16786,nsrdb/16786,144,46000,NSR,NSR,0.00025180986267514527,0.00011020299280062318,0.9996379613876343
swin,0,0,1446,nsrdb/16786,nsrdb/16786,144,50000,NSR,NSR,0.00056317268172279,7.818155427230522e-05,0.9993587136268616
swin,0,0,1447,nsrdb/16786,nsrdb/16786,144,54000,NSR,NSR,0.000284798996290192,0.00010424347419757396,0.999610960483551
swin,0,0,1448,nsrdb/16786,nsrdb/16786,144,62000,NSR,NSR,0.00024555763229727745,0.00011436241766205058,0.9996399879455566
swin,0,0,1449,nsrdb/16786,nsrdb/16786,144,65000,NSR,NSR,0.0002829483419191092,0.00010242941789329052,0.9996145963668823
swin,0,0,1520,nsrdb/19090,nsrdb/19090,152,0,NSR,NSR,0.00016154456534422934,0.00015153219283092767,0.9996868371963501
swin,0,0,1521,nsrdb/19090,nsrdb/19090,152,8000,NSR,NSR,0.0001514800387667492,0.0001702523441053927,0.9996782541275024
swin,0,0,1522,nsrdb/19090,nsrdb/19090,152,26000,NSR,NSR,0.00018415472004562616,0.0001372006954625249,0.9996787309646606
swin,0,0,1523,nsrdb/19090,nsrdb/19090,152,28000,NSR,NSR,0.0001588456070749089,0.00016363553004339337,0.9996775388717651
swin,0,0,1524,nsrdb/19090,nsrdb/19090,152,33500,NSR,NSR,0.00016166588466148823,0.0001531524321762845,0.9996851682662964
swin,0,0,1525,nsrdb/19090,nsrdb/19090,152,35000,NSR,NSR,0.00014610009384341538,0.00017138609837274998,0.9996825456619263
swin,0,0,1526,nsrdb/19090,nsrdb/19090,152,41500,NSR,NSR,0.00011847585119539872,0.0006567589589394629,0.9992246627807617
swin,0,0,1527,nsrdb/19090,nsrdb/19090,152,51000,NSR,NSR,0.00015260792861226946,0.00016850388783495873,0.9996788501739502
swin,0,0,1528,nsrdb/19090,nsrdb/19090,152,61000,NSR,NSR,0.00013469044642988592,0.00022326041653286666,0.999642014503479
swin,0,0,1529,nsrdb/19090,nsrdb/19090,152,64000,NSR,NSR,0.0001302915479755029,0.00019787141354754567,0.9996719360351562
swin,0,0,1540,nsrdb/19140,nsrdb/19140,154,4500,NSR,NSR,0.00016276395763270557,0.00017006011330522597,0.9996671676635742
swin,0,0,1541,nsrdb/19140,nsrdb/19140,154,5500,NSR,NSR,0.00015826431626919657,0.00015781412366777658,0.9996839761734009
swin,0,0,1542,nsrdb/19140,nsrdb/19140,154,7000,NSR,NSR,0.00014043606643099338,0.00017731850675772876,0.9996823072433472
swin,0,0,1543,nsrdb/19140,nsrdb/19140,154,10000,NSR,NSR,0.00013593636685982347,0.00025642963009886444,0.9996076226234436
swin,0,0,1544,nsrdb/19140,nsrdb/19140,154,17000,NSR,NSR,0.00017373551963828504,0.00015071703819558024,0.9996755123138428
swin,0,0,1545,nsrdb/19140,nsrdb/19140,154,29000,NSR,NSR,0.0003009954816661775,0.00011249395902268589,0.9995865225791931
swin,0,0,1546,nsrdb/19140,nsrdb/19140,154,41000,NSR,NSR,0.0006701964302919805,0.0005175179685465991,0.9988123178482056
swin,0,0,1547,nsrdb/19140,nsrdb/19140,154,50500,NSR,NSR,0.005879019852727652,8.198009163606912e-05,0.9940389394760132
swin,0,0,1548,nsrdb/19140,nsrdb/19140,154,62000,NSR,ARR,0.8835881352424622,0.0013305980246514082,0.11508134007453918
swin,0,0,1549,nsrdb/19140,nsrdb/19140,154,64000,NSR,NSR,0.0002784091921057552,0.00011646201892290264,0.9996052384376526
swin,0,0,1600,nsrdb/16786,nsrdb/16786,160,5500,NSR,NSR,0.0010878448374569416,0.0001814313291106373,0.9987307190895081
swin,0,0,1601,nsrdb/16786,nsrdb/16786,160,12000,NSR,ARR,0.9932483434677124,0.0001977915089810267,0.00655390415340662
swin,0,0,1602,nsrdb/16786,nsrdb/16786,160,21500,NSR,NSR,0.015622979961335659,0.0009292156319133937,0.983447790145874
swin,0,0,1603,nsrdb/16786,nsrdb/16786,160,25000,NSR,NSR,0.00016036428860388696,0.0002740846248343587,0.9995655417442322
swin,0,0,1604,nsrdb/16786,nsrdb/16786,160,30000,NSR,ARR,0.9817832112312317,0.00028036386356689036,0.0179363414645195
swin,0,0,1605,nsrdb/16786,nsrdb/16786,160,35000,NSR,NSR,0.000155397123307921,0.000177429843461141,0.9996671676635742
swin,0,0,1606,nsrdb/16786,nsrdb/16786,160,47000,NSR,NSR,0.0022237286902964115,0.00020877977658528835,0.9975675344467163
swin,0,0,1607,nsrdb/16786,nsrdb/16786,160,52000,NSR,NSR,0.00037593988236039877,0.0001185361688840203,0.9995055198669434
swin,0,0,1608,nsrdb/16786,nsrdb/16786,160,54500,NSR,NSR,0.00030120450537651777,0.00013999857765156776,0.9995587468147278
swin,0,0,1609,nsrdb/16786,nsrdb/16786,160,64000,NSR,NSR,0.0002536162792239338,0.00013284252781886607,0.9996135830879211
swin,1,0,30,mitdb/112,mitdb/112,3,8500,ARR,ARR,0.9655133485794067,5.556099858949892e-05,0.034431032836437225
swin,1,0,31,mitdb/112,mitdb/112,3,24500,ARR,NSR,0.0027632678393274546,0.0002631459210533649,0.9969736337661743
swin,1,0,32,mitdb/112,mitdb/112,3,37500,ARR,ARR,0.9994168281555176,0.00041672398219816387,0.0001664385199546814
swin,1,0,33,mitdb/112,mitdb/112,3,40000,ARR,ARR,0.9989161491394043,0.0009963458869606256,8.754678856348619e-05
swin,1,0,34,mitdb/112,mitdb/112,3,41500,ARR,ARR,0.9987515211105347,6.859468703623861e-05,0.0011798350606113672
swin,1,0,35,mitdb/112,mitdb/112,3,43000,ARR,ARR,0.9998242259025574,4.8115034587681293e-05,0.0001275943941436708
swin,1,0,36,mitdb/112,mitdb/112,3,44500,ARR,CHF,0.026036614552140236,0.9738485813140869,0.0001148321243817918
swin,1,0,37,mitdb/112,mitdb/112,3,52500,ARR,NSR,0.002697345335036516,0.017430057749152184,0.9798725843429565
swin,1,0,38,mitdb/112,mitdb/112,3,56000,ARR,CHF,0.00023703137412667274,0.9707323908805847,0.029030635952949524
swin,1,0,39,mitdb/112,mitdb/112,3,58000,ARR,ARR,0.8904697299003601,0.09347659349441528,0.0160535741597414
swin,1,0,60,mitdb/115,mitdb/115,6,3000,ARR,ARR,0.9998362064361572,3.20925610139966e-05,0.00013166935241315514
swin,1,0,61,mitdb/115,mitdb/115,6,13000,ARR,ARR,0.9998072981834412,2.904434222728014e-05,0.00016365083865821362
swin,1,0,62,mitdb/115,mitdb/115,6,14000,ARR,ARR,0.9995965361595154,2.121956458722707e-05,0.0003822828584816307
swin,1,0,63,mitdb/115,mitdb/115,6,26000,ARR,ARR,0.9998136162757874,2.984095954161603e-05,0.00015665321552660316
swin,1,0,64,mitdb/115,mitdb/115,6,36000,ARR,ARR,0.9996896982192993,2.366441003687214e-05,0.0002865506976377219
swin,1,0,65,mitdb/115,mitdb/115,6,43500,ARR,ARR,0.9998306035995483,3.248854773119092e-05,0.00013683798897545785
swin,1,0,66,mitdb/115,mitdb/115,6,48000,ARR,ARR,0.9998114705085754,3.096550426562317e-05,0.00015752627223264426
swin,1,0,67,mitdb/115,mitdb/115,6,48500,ARR,ARR,0.9996639490127563,2.766409670584835e-05,0.0003084403870161623
swin,1,0,68,mitdb/115,mitdb/115,6,54500,ARR,ARR,0.9998432397842407,3.6963552702218294e-05,0.00011975905363215134
swin,1,0,69,mitdb/115,mitdb/115,6,64500,ARR,ARR,0.9997076392173767,2.4605753424111754e-05,0.0002677599841263145
swin,1,0,90,mitdb/118,mitdb/118,9,7000,ARR,ARR,0.9998551607131958,0.00011348387488396838,3.133009158773348e-05
swin,1,0,91,mitdb/118,mitdb/118,9,8500,ARR,ARR,0.9996830224990845,0.00029621293651871383,2.069883339572698e-05
swin,1,0,92,mitdb/118,mitdb/118,9,11500,ARR,ARR,0.9998383522033691,0.00013099405623506755,3.0645202059531584e-05
swin,1,0,93,mitdb/118,mitdb/118,9,44000,ARR,ARR,0.9958771467208862,0.0040945797227323055,2.819585643010214e-05
swin,1,0,94,mitdb/118,mitdb/118,9,44500,ARR,ARR,0.7120215892791748,0.2874325215816498,0.0005459143430925906
swin,1,0,95,mitdb/118,mitdb/118,9,46000,ARR,CHF,0.00041075758053921163,0.9995056390762329,8.361724758287892e-05
swin,1,0,96,mitdb/118,mitdb/118,9,47000,ARR,CHF,0.00026555958902463317,0.9996929168701172,4.1558261727914214e-05
swin,1,0,97,mitdb/118,mitdb/118,9,57500,ARR,CHF,0.288501113653183,0.7114319205284119,6.695021147606894e-05
swin,1,0,98,mitdb/118,mitdb/118,9,58500,ARR,CHF,0.0030137794092297554,0.996658444404602,0.0003277492360211909
swin,1,0,99,mitdb/118,mitdb/118,9,63500,ARR,CHF,0.05677840858697891,0.9430707693099976,0.0001508564018877223
swin,1,0,110,mitdb/101,mitdb/101,11,2500,ARR,ARR,0.9998611211776733,4.2678191675804555e-05,9.62206395342946e-05
swin,1,0,111,mitdb/101,mitdb/101,11,9000,ARR,ARR,0.9998637437820435,4.8872527258936316e-05,8.735715528018773e-05
swin,1,0,112,mitdb/101,mitdb/101,11,16000,ARR,ARR,0.9998502731323242,3.685933188535273e-05,0.00011282645573373884
swin,1,0,113,mitdb/101,mitdb/101,11,26000,ARR,ARR,0.9998617172241211,4.721930963569321e-05,9.101508476305753e-05
swin,1,0,114,mitdb/101,mitdb/101,11,27500,ARR,ARR,0.9998798370361328,5.913784116273746e-05,6.108564411988482e-05
swin,1,0,115,mitdb/101,mitdb/101,11,33000,ARR,ARR,0.9998379945755005,4.4799220631830394e-05,0.00011721461487468332
swin,1,0,116,mitdb/101,mitdb/101,11,41000,ARR,ARR,0.9998736381530762,4.3140727939317e-05,8.313911530422047e-05
swin,1,0,117,mitdb/101,mitdb/101,11,44500,ARR,ARR,0.9998681545257568,5.411866004578769e-05,7.768688374198973e-05
swin,1,0,118,mitdb/101,mitdb/101,11,53000,ARR,ARR,0.9998712539672852,5.9715337556554005e-05,6.907040369696915e-05
swin,1,0,119,mitdb/101,mitdb/101,11,59500,ARR,ARR,0.9998795986175537,6.222167576197535e-05,5.818700810777955e-05
swin,1,0,170,mitdb/201-202,mitdb/201,17,500,ARR,ARR,0.9998630285263062,0.00010182181722484529,3.51536255038809e-05
swin,1,0,171,mitdb/201-202,mitdb/201,17,19000,ARR,ARR,0.99986732006073,9.859864076133817e-05,3.4113210858777165e-05
swin,1,0,172,mitdb/201-202,mitdb/201,17,20000,ARR,ARR,0.9998869895935059,6.399642006726936e-05,4.90084603370633e-05
swin,1,0,173,mitdb/201-202,mitdb/201,17,26000,ARR,ARR,0.9998846054077148,7.205847941804677e-05,4.32298329542391e-05
swin,1,0,174,mitdb/201-202,mitdb/201,17,30000,ARR,ARR,0.9998819828033447,7.69319522078149e-05,4.116080526728183e-05
swin,1,0,175,mitdb/201-202,mitdb/201,17,30500,ARR,ARR,0.9998724460601807,9.288460569223389e-05,3.468378781690262e-05
swin,1,0,176,mitdb/201-202,mitdb/201,17,43500,ARR,ARR,0.999873161315918,8.888560842024162e-05,3.791193739743903e-05
swin,1,0,177,mitdb/201-202,mitdb/201,17,49500,ARR,ARR,0.999884843826294,6.899279833305627e-05,4.616544538293965e-05
swin,1,0,178,mitdb/201-202,mitdb/201,17,61500,ARR,ARR,0.9998822212219238,7.892591384006664e-05,3.888970968546346e-05
swin,1,0,179,mitdb/201-202,mitdb/201,17,64000,ARR,ARR,0.9998857975006104,7.122354145394638e-05,4.291069126338698e-05
swin,1,0,180,mitdb/201-202,mitdb/202,18,4000,ARR,ARR,0.9998893737792969,6.168739491840824e-05,4.886063470621593e-05
swin,1,0,181,mitdb/201-202,mitdb/202,18,11500,ARR,ARR,0.9998846054077148,7.546832785010338e-05,3.994984217570163e-05
swin,1,0,182,mitdb/201-202,mitdb/202,18,17000,ARR,ARR,0.9998852014541626,7.072958396747708e-05,4.4133852497907355e-05
swin,1,0,183,mitdb/201-202,mitdb/202,18,17500,ARR,ARR,0.9998890161514282,6.143510108813643e-05,4.9607871915213764e-05
swin,1,0,184,mitdb/201-202,mitdb/202,18,19500,ARR,ARR,0.9998867511749268,6.758786912541837e-05,4.5695840526605025e-05
swin,1,0,185,mitdb/201-202,mitdb/202,18,35000,ARR,ARR,0.9998886585235596,6.344625580823049e-05,4.792203981196508e-05
swin,1,0,186,mitdb/201-202,mitdb/202,18,45500,ARR,ARR,0.9998893737792969,6.18637859588489e-05,4.877795436186716e-05
swin,1,0,187,mitdb/201-202,mitdb/202,18,53000,ARR,ARR,0.9998865127563477,6.968984962441027e-05,4.374613126856275e-05
swin,1,0,188,mitdb/201-202,mitdb/202,18,56500,ARR,ARR,0.9998831748962402,7.486371760023758e-05,4.201456977170892e-05
swin,1,0,189,mitdb/201-202,mitdb/202,18,61000,ARR,ARR,0.999890923500061,6.005861723679118e-05,4.896721293334849e-05
swin,1,0,240,mitdb/209,mitdb/209,24,1500,ARR,ARR,0.999854326248169,8.340847853105515e-05,6.21817889623344e-05
swin,1,0,241,mitdb/209,mitdb/209,24,7000,ARR,ARR,0.9998576641082764,5.7715533330338076e-05,8.459194941679016e-05
swin,1,0,242,mitdb/209,mitdb/209,24,15500,ARR,ARR,0.9935425519943237,3.7113721191417426e-05,0.006420337129384279
swin,1,0,243,mitdb/209,mitdb/209,24,19500,ARR,NSR,0.00015353571507148445,0.0001145944552263245,0.9997318387031555
swin,1,0,244,mitdb/209,mitdb/209,24,22000,ARR,ARR,0.9998748302459717,6.217719055712223e-05,6.294870399869978e-05
swin,1,0,245,mitdb/209,mitdb/209,24,29500,ARR,NSR,0.020706312730908394,0.00022820424055680633,0.9790655374526978
swin,1,0,246,mitdb/209,mitdb/209,24,33000,ARR,ARR,0.999731719493866,3.95860115531832e-05,0.0002286959788762033
swin,1,0,247,mitdb/209,mitdb/209,24,41000,ARR,ARR,0.9995409250259399,3.6615889257518575e-05,0.00042251861304976046
swin,1,0,248,mitdb/209,mitdb/209,24,45000,ARR,NSR,9.424627933185548e-05,0.00010822806507349014,0.999797523021698
swin,1,0,249,mitdb/209,mitdb/209,24,48000,ARR,ARR,0.9998341798782349,3.4603002859512344e-05,0.00013123547250870615
swin,1,0,340,mitdb/221,mitdb/221,34,5000,ARR,ARR,0.9998700618743896,9.040251461556181e-05,3.9544473111163825e-05
swin,1,0,341,mitdb/221,mitdb/221,34,11000,ARR,ARR,0.9998069405555725,3.153243233100511e-05,0.00016153886099345982
swin,1,0,342,mitdb/221,mitdb/221,34,12500,ARR,ARR,0.9998865127563477,6.29140340606682e-05,5.0534337788121775e-05
swin,1,0,343,mitdb/221,mitdb/221,34,20500,ARR,ARR,0.9998818635940552,7.757311686873436e-05,4.0486887883162126e-05
swin,1,0,344,mitdb/221,mitdb/221,34,37000,ARR,ARR,0.9998807907104492,7.723665476078168e-05,4.199672184768133e-05
swin,1,0,345,mitdb/221,mitdb/221,34,43500,ARR,ARR,0.9998836517333984,6.966094224480912e-05,4.666967652156018e-05
swin,1,0,346,mitdb/221,mitdb/221,34,44000,ARR,ARR,0.999887228012085,6.387856410583481e-05,4.882555003860034e-05
swin,1,0,347,mitdb/221,mitdb/221,34,56500,ARR,ARR,0.9998714923858643,9.194519225275144e-05,3.6579200241249055e-05
swin,1,0,348,mitdb/221,mitdb/221,34,64000,ARR,ARR,0.9998828172683716,7.692028157180175e-05,4.027666000183672e-05
swin,1,0,349,mitdb/221,mitdb/221,34,64500,ARR,ARR,0.9998832941055298,7.359139999607578e-05,4.3172261939616874e-05
swin,1,0,360,mitdb/223,mitdb/223,36,4500,ARR,ARR,0.9998069405555725,0.00013176322681829333,6.124759966041893e-05
swin,1,0,361,mitdb/223,mitdb/223,36,16000,ARR,ARR,0.999861478805542,0.0001054410677170381,3.3070245990529656e-05
swin,1,0,362,mitdb/223,mitdb/223,36,19000,ARR,ARR,0.9998552799224854,0.0001130407108576037,3.170524360029958e-05
swin,1,0,363,mitdb/223,mitdb/223,36,24500,ARR,ARR,0.9998868703842163,7.117337372619659e-05,4.195614383206703e-05
swin,1,0,364,mitdb/223,mitdb/223,36,38500,ARR,ARR,0.9998899698257446,6.732202018611133e-05,4.2677915189415216e-05
swin,1,0,365,mitdb/223,mitdb/223,36,39500,ARR,ARR,0.9998695850372314,9.271043381886557e-05,3.765248038689606e-05
swin,1,0,366,mitdb/223,mitdb/223,36,40000,ARR,ARR,0.9998906850814819,6.35922042420134e-05,4.564153277897276e-05
swin,1,0,367,mitdb/223,mitdb/223,36,44000,ARR,ARR,0.999893069267273,6.113849667599425e-05,4.573689147946425e-05
swin,1,0,368,mitdb/223,mitdb/223,36,46500,ARR,ARR,0.9998779296875,8.493965287925676e-05,3.710200689965859e-05
swin,1,0,369,mitdb/223,mitdb/223,36,59500,ARR,ARR,0.999891996383667,4.942102532368153e-05,5.846819476573728e-05
swin,1,0,390,mitdb/231,mitdb/231,39,7500,ARR,ARR,0.9998563528060913,3.418656706344336e-05,0.00010937741899397224
swin,1,0,391,mitdb/231,mitdb/231,39,14500,ARR,ARR,0.999886155128479,4.658374746213667e-05,6.719424709444866e-05
swin,1,0,392,mitdb/231,mitdb/231,39,24000,ARR,ARR,0.9983834028244019,7.349964289460331e-05,0.0015430919593200088
swin,1,0,393,mitdb/231,mitdb/231,39,26500,ARR,ARR,0.9998893737792969,6.1987986555323e-05,4.8601359594613314e-05
swin,1,0,394,mitdb/231,mitdb/231,39,27500,ARR,ARR,0.999886155128479,5.1720766350626945e-05,6.213391316123307e-05
swin,1,0,395,mitdb/231,mitdb/231,39,28500,ARR,ARR,0.999890923500061,4.6239882067311555e-05,6.280011439230293e-05
swin,1,0,396,mitdb/231,mitdb/231,39,37000,ARR,ARR,0.9995260238647461,7.655522495042533e-05,0.00039754147292114794
swin,1,0,397,mitdb/231,mitdb/231,39,41500,ARR,ARR,0.9998892545700073,4.511261431616731e-05,6.570164987351745e-05
swin,1,0,398,mitdb/231,mitdb/231,39,47500,ARR,ARR,0.9998891353607178,5.57227322133258e-05,5.514123404282145e-05
swin,1,0,399,mitdb/231,mitdb/231,39,52000,ARR,ARR,0.9998883008956909,4.756868656841107e-05,6.416443648049608e-05
swin,1,0,450,mitdb/101,mitdb/101,45,6500,ARR,ARR,0.9998831748962402,5.10649879288394e-05,6.574412691406906e-05
swin,1,0,451,mitdb/101,mitdb/101,45,11000,ARR,ARR,0.9998856782913208,6.721748650306836e-05,4.7122728574322537e-05
swin,1,0,452,mitdb/101,mitdb/101,45,18000,ARR,ARR,0.9998781681060791,4.681331483880058e-05,7.497452315874398e-05
swin,1,0,453,mitdb/101,mitdb/101,45,22500,ARR,ARR,0.9998856782913208,7.087965059326962e-05,4.3423668103059754e-05
swin,1,0,454,mitdb/101,mitdb/101,45,26000,ARR,ARR,0.9998457431793213,0.00012505998893175274,2.920174847531598e-05
swin,1,0,455,mitdb/101,mitdb/101,45,39000,ARR,ARR,0.9998799562454224,7.933073356980458e-05,4.059185448568314e-05
swin,1,0,456,mitdb/101,mitdb/101,45,39500,ARR,ARR,0.9998797178268433,7.84756921348162e-05,4.18533782067243e-05
swin,1,0,457,mitdb/101,mitdb/101,45,46000,ARR,ARR,0.9998420476913452,3.639703936642036e-05,0.0001215589145431295
swin,1,0,458,mitdb/101,mitdb/101,45,48500,ARR,ARR,0.9998838901519775,6.561789632542059e-05,5.0443872169125825e-05
swin,1,0,459,mitdb/101,mitdb/101,45,51000,ARR,ARR,0.9998817443847656,7.158928201533854e-05,4.657777026295662e-05
swin,1,0,560,mitdb/112,mitdb/112,56,4500,ARR,NSR,0.0015188023680821061,4.6233228204073384e-05,0.9984349608421326
swin,1,0,561,mitdb/112,mitdb/112,56,9500,ARR,NSR,0.0020073996856808662,4.32942142651882e-05,0.9979493021965027
swin,1,0,562,mitdb/112,mitdb/112,56,12500,ARR,ARR,0.897472083568573,5.8444409660296515e-05,0.10246948152780533
swin,1,0,563,mitdb/112,mitdb/112,56,16000,ARR,NSR,0.17522242665290833,0.00038588099414482713,0.8243916630744934
swin,1,0,564,mitdb/112,mitdb/112,56,17500,ARR,ARR,0.993550181388855,4.066174733452499e-05,0.006409109104424715
swin,1,0,565,mitdb/112,mitdb/112,56,28000,ARR,ARR,0.9810914993286133,5.405539195635356e-05,0.01885451376438141
swin,1,0,566,mitdb/112,mitdb/112,56,35500,ARR,ARR,0.9780262112617493,3.292929250164889e-05,0.021940916776657104
swin,1,0,567,mitdb/112,mitdb/112,56,37000,ARR,NSR,0.047563400119543076,0.00013062040670774877,0.9523059725761414
swin,1,0,568,mitdb/112,mitdb/112,56,49000,ARR,ARR,0.7995617985725403,0.00018979620654135942,0.20024842023849487
swin,1,0,569,mitdb/112,mitdb/112,56,51000,ARR,ARR,0.882160484790802,4.96730390295852e-05,0.11778981983661652
swin,1,0,590,mitdb/115,mitdb/115,59,7500,ARR,ARR,0.9998863935470581,4.644938962883316e-05,6.709110311930999e-05
swin,1,0,591,mitdb/115,mitdb/115,59,9500,ARR,ARR,0.9998847246170044,4.895033634966239e-05,6.624589877901599e-05
swin,1,0,592,mitdb/115,mitdb/115,59,10500,ARR,ARR,0.9998677968978882,3.5058179491898045e-05,9.72013222053647e-05
swin,1,0,593,mitdb/115,mitdb/115,59,38000,ARR,ARR,0.9998804330825806,5.178364517632872e-05,6.777462112950161e-05
swin,1,0,594,mitdb/115,mitdb/115,59,38500,ARR,ARR,0.9998883008956909,4.6107263187877834e-05,6.555463914992288e-05
swin,1,0,595,mitdb/115,mitdb/115,59,47000,ARR,ARR,0.9998892545700073,5.83370347158052e-05,5.245170905254781e-05
swin,1,0,596,mitdb/115,mitdb/115,59,55500,ARR,ARR,0.9998739957809448,4.831082696910016e-05,7.770882803015411e-05
swin,1,0,597,mitdb/115,mitdb/115,59,60500,ARR,ARR,0.9998857975006104,4.442033969098702e-05,6.973846029723063e-05
swin,1,0,598,mitdb/115,mitdb/115,59,61000,ARR,ARR,0.9998863935470581,5.19765198987443e-05,6.160666816867888e-05
swin,1,0,599,mitdb/115,mitdb/115,59,64000,ARR,ARR,0.9998784065246582,4.414988507051021e-05,7.746883784420788e-05
swin,1,0,620,mitdb/118,mitdb/118,62,7000,ARR,NSR,0.00020608416525647044,7.84682561061345e-05,0.9997155070304871
swin,1,0,621,mitdb/118,mitdb/118,62,19500,ARR,NSR,0.035466380417346954,9.780550317373127e-05,0.9644357562065125
swin,1,0,622,mitdb/118,mitdb/118,62,30000,ARR,ARR,0.999832272529602,3.676967025967315e-05,0.00013099850912112743
swin,1,0,623,mitdb/118,mitdb/118,62,39500,ARR,ARR,0.9815487265586853,2.8081585696781985e-05,0.0184231735765934
swin,1,0,624,mitdb/118,mitdb/118,62,45000,ARR,NSR,0.0003531524271238595,6.973175914026797e-05,0.9995771050453186
swin,1,0,625,mitdb/118,mitdb/118,62,47500,ARR,NSR,8.624247857369483e-05,0.0005541929858736694,0.9993595480918884
swin,1,0,626,mitdb/118,mitdb/118,62,53500,ARR,NSR,0.02959713712334633,0.00017087461310438812,0.9702320694923401
swin,1,0,627,mitdb/118,mitdb/118,62,57500,ARR,ARR,0.5872092843055725,0.0003831609501503408,0.4124075174331665
swin,1,0,628,mitdb/118,mitdb/118,62,64000,ARR,CHF,0.00019661338592413813,0.9994175434112549,0.00038591414340771735
swin,1,0,629,mitdb/118,mitdb/118,62,65000,ARR,NSR,0.0054292757995426655,0.02375144138932228,0.9708192944526672
swin,1,0,700,mitdb/201-202,mitdb/201,70,0,ARR,ARR,0.9998568296432495,5.873237387277186e-05,8.441313548246399e-05
swin,1,0,701,mitdb/201-202,mitdb/201,70,15000,ARR,ARR,0.9998792409896851,6.735116039635614e-05,5.335700188879855e-05
swin,1,0,702,mitdb/201-202,mitdb/201,70,18500,ARR,ARR,0.9998651742935181,9.511181997368112e-05,3.97199546569027e-05
swin,1,0,703,mitdb/201-202,mitdb/201,70,22500,ARR,ARR,0.9990240335464478,0.000748072809074074,0.00022793268726672977
swin,1,0,704,mitdb/201-202,mitdb/201,70,23500,ARR,ARR,0.9998871088027954,6.498848233604804e-05,4.794884807779454e-05
swin,1,0,705,mitdb/201-202,mitdb/201,70,25500,ARR,ARR,0.999545156955719,0.0001514299656264484,0.0003033260290976614
swin,1,0,706,mitdb/201-202,mitdb/201,70,27000,ARR,ARR,0.9994755387306213,0.0004633208445739001,6.112024857429788e-05
swin,1,0,707,mitdb/201-202,mitdb/201,70,27500,ARR,ARR,0.9993564486503601,0.0006193636800162494,2.4145478164427914e-05
swin,1,0,708,mitdb/201-202,mitdb/201,70,44000,ARR,ARR,0.9998825788497925,7.179924432421103e-05,4.5688633690588176e-05
swin,1,0,709,mitdb/201-202,mitdb/201,70,64000,ARR,ARR,0.998309850692749,0.00155089539475739,0.00013929567649029195
swin,1,0,710,mitdb/201-202,mitdb/202,71,1500,ARR,ARR,0.999885082244873,6.994075374677777e-05,4.495596658671275e-05
swin,1,0,711,mitdb/201-202,mitdb/202,71,4000,ARR,ARR,0.9998879432678223,5.3807143558515236e-05,5.8231791626894847e-05
swin,1,0,712,mitdb/201-202,mitdb/202,71,14000,ARR,ARR,0.999887228012085,6.24048916506581e-05,5.0280741561437026e-05
swin,1,0,713,mitdb/201-202,mitdb/202,71,17500,ARR,ARR,0.9998865127563477,6.68986831442453e-05,4.6652992750750855e-05
swin,1,0,714,mitdb/201-202,mitdb/202,71,26000,ARR,ARR,0.9998880624771118,6.0818405472673476e-05,5.118478657095693e-05
swin,1,0,715,mitdb/201-202,mitdb/202,71,37000,ARR,ARR,0.99988853931427,5.832175156683661e-05,5.3142077376833186e-05
swin,1,0,716,mitdb/201-202,mitdb/202,71,41500,ARR,ARR,0.9998869895935059,6.534039857797325e-05,4.7737135901115835e-05
swin,1,0,717,mitdb/201-202,mitdb/202,71,50500,ARR,ARR,0.9998883008956909,5.278395110508427e-05,5.883877747692168e-05
swin,1,0,718,mitdb/201-202,mitdb/202,71,53500,ARR,ARR,0.9998856782913208,7.036005990812555e-05,4.402474587550387e-05
swin,1,0,719,mitdb/201-202,mitdb/202,71,64000,ARR,ARR,0.9998810291290283,6.553427374456078e-05,5.3399911848828197e-05
swin,1,0,760,mitdb/209,mitdb/209,76,11000,ARR,NSR,0.013039584271609783,6.933481199666858e-05,0.9868910908699036
swin,1,0,761,mitdb/209,mitdb/209,76,16500,ARR,ARR,0.9997642636299133,3.868557178066112e-05,0.00019698288815561682
swin,1,0,762,mitdb/209,mitdb/209,76,24000,ARR,ARR,0.9994016885757446,2.1458368792082183e-05,0.0005769014824181795
swin,1,0,763,mitdb/209,mitdb/209,76,32500,ARR,ARR,0.9997528195381165,2.630150629556738e-05,0.00022089353296905756
swin,1,0,764,mitdb/209,mitdb/209,76,43000,ARR,ARR,0.9998786449432373,4.769100632984191e-05,7.371348328888416e-05
swin,1,0,765,mitdb/209,mitdb/209,76,45000,ARR,NSR,0.0002810807491187006,6.425353058148175e-05,0.9996546506881714
swin,1,0,766,mitdb/209,mitdb/209,76,49000,ARR,NSR,0.19541166722774506,0.0004437103634700179,0.8041446208953857
swin,1,0,767,mitdb/209,mitdb/209,76,50000,ARR,ARR,0.9571031332015991,0.0008947624592110515,0.04200216755270958
swin,1,0,768,mitdb/209,mitdb/209,76,55500,ARR,ARR,0.9991350769996643,6.963481428101659e-05,0.0007952787564136088
swin,1,0,769,mitdb/209,mitdb/209,76,56000,ARR,ARR,0.9998810291290283,5.314339796314016e-05,6.577740714419633e-05
swin,1,0,860,mitdb/221,mitdb/221,86,3000,ARR,ARR,0.9998835325241089,4.9796581151895225e-05,6.659732753178105e-05
swin,1,0,861,mitdb/221,mitdb/221,86,4000,ARR,ARR,0.999883770942688,4.357321449788287e-05,7.26060607121326e-05
swin,1,0,862,mitdb/221,mitdb/221,86,10000,ARR,ARR,0.9998878240585327,6.226350524229929e-05,4.994794653612189e-05
swin,1,0,863,mitdb/221,mitdb/221,86,15000,ARR,ARR,0.9997897744178772,5.937238529440947e-05,0.0001509031280875206
swin,1,0,864,mitdb/221,mitdb/221,86,23000,ARR,ARR,0.9998847246170044,4.674282172345556e-05,6.856009713374078e-05
swin,1,0,865,mitdb/221,mitdb/221,86,27000,ARR,ARR,0.9998873472213745,6.276102794799954e-05,4.979752702638507e-05
swin,1,0,866,mitdb/221,mitdb/221,86,27500,ARR,ARR,0.9998871088027954,5.3095645853318274e-05,5.9801484894705936e-05
swin,1,0,867,mitdb/221,mitdb/221,86,37000,ARR,ARR,0.9998897314071655,5.778066042694263e-05,5.2398441766854376e-05
swin,1,0,868,mitdb/221,mitdb/221,86,53000,ARR,ARR,0.9995176792144775,6.752028275514022e-05,0.00041476526530459523
swin,1,0,869,mitdb/221,mitdb/221,86,56000,ARR,ARR,0.999887228012085,5.9496418543858454e-05,5.330092608346604e-05
swin,1,0,890,mitdb/223,mitdb/223,89,3000,ARR,ARR,0.9998805522918701,8.296148735098541e-05,3.647551056928933e-05
swin,1,0,891,mitdb/223,mitdb/223,89,21000,ARR,ARR,0.9998911619186401,6.442410813178867e-05,4.450924461707473e-05
swin,1,0,892,mitdb/223,mitdb/223,89,31500,ARR,ARR,0.9998676776885986,9.711764141684398e-05,3.512386683723889e-05
swin,1,0,893,mitdb/223,mitdb/223,89,37500,ARR,ARR,0.9998838901519775,7.791708776494488e-05,3.81602076231502e-05
swin,1,0,894,mitdb/223,mitdb/223,89,39000,ARR,ARR,0.9998842477798462,7.387449295492843e-05,4.18245981563814e-05
swin,1,0,895,mitdb/223,mitdb/223,89,47000,ARR,ARR,0.9998756647109985,8.947069727582857e-05,3.4816956031136215e-05
swin,1,0,896,mitdb/223,mitdb/223,89,47500,ARR,ARR,0.9998873472213745,7.050290878396481e-05,4.224762597004883e-05
swin,1,0,897,mitdb/223,mitdb/223,89,49000,ARR,ARR,0.9998804330825806,7.775350968586281e-05,4.181012263870798e-05
swin,1,0,898,mitdb/223,mitdb/223,89,54500,ARR,ARR,0.944764256477356,0.05516192317008972,7.392752740997821e-05
swin,1,0,899,mitdb/223,mitdb/223,89,56000,ARR,ARR,0.9998829364776611,7.607578299939632e-05,4.1035971662495285e-05
swin,1,0,920,mitdb/231,mitdb/231,92,2000,ARR,ARR,0.9988510608673096,0.0009925643680617213,0.00015632757276762277
swin,1,0,921,mitdb/231,mitdb/231,92,23000,ARR,ARR,0.9998884201049805,5.644614066113718e-05,5.502924250322394e-05
swin,1,0,922,mitdb/231,mitdb/231,92,25500,ARR,ARR,0.9998780488967896,7.399792229989544e-05,4.7975583584047854e-05
swin,1,0,923,mitdb/231,mitdb/231,92,34500,ARR,ARR,0.9854186773300171,0.014422996900975704,0.00015838030958548188
swin,1,0,924,mitdb/231,mitdb/231,92,40000,ARR,ARR,0.999811589717865,0.00015187563258223236,3.6545588955050334e-05
swin,1,0,925,mitdb/231,mitdb/231,92,45500,ARR,ARR,0.99988853931427,5.663465344696306e-05,5.4796419135527685e-05
swin,1,0,926,mitdb/231,mitdb/231,92,54000,ARR,ARR,0.9998842477798462,4.316851118346676e-05,7.25774370948784e-05
swin,1,0,927,mitdb/231,mitdb/231,92,55000,ARR,ARR,0.9998708963394165,3.9147587813204154e-05,8.997545955935493e-05
swin,1,0,928,mitdb/231,mitdb/231,92,56500,ARR,ARR,0.9998843669891357,5.010521272197366e-05,6.561441841768101e-05
swin,1,0,929,mitdb/231,mitdb/231,92,57000,ARR,ARR,0.9998892545700073,5.395026528276503e-05,5.676197906723246e-05
swin,1,0,980,chfdb/chf11,chfdb/chf11,98,500,CHF,CHF,0.000677154865115881,0.9992895126342773,3.3270040148636326e-05
swin,1,0,981,chfdb/chf11,chfdb/chf11,98,16500,CHF,CHF,0.00012970922398380935,0.9998236298561096,4.670538692153059e-05
swin,1,0,982,chfdb/chf11,chfdb/chf11,98,27500,CHF,CHF,8.629493095213547e-05,0.9998586177825928,5.508725007530302e-05
swin,1,0,983,chfdb/chf11,chfdb/chf11,98,34000,CHF,CHF,7.869819819461554e-05,0.999862551689148,5.8695302868727595e-05
swin,1,0,984,chfdb/chf11,chfdb/chf11,98,42000,CHF,CHF,7.388742233160883e-05,0.9998637437820435,6.234352622414008e-05
swin,1,0,985,chfdb/chf11,chfdb/chf11,98,43000,CHF,CHF,9.1402223915793e-05,0.9998548030853271,5.3815674618817866e-05
swin,1,0,986,chfdb/chf11,chfdb/chf11,98,51500,CHF,CHF,0.00010211041808361188,0.999848484992981,4.93792504130397e-05
swin,1,0,987,chfdb/chf11,chfdb/chf11,98,55500,CHF,CHF,0.0003826572501566261,0.9995748400688171,4.2458432290004566e-05
swin,1,0,988,chfdb/chf11,chfdb/chf11,98,56000,CHF,CHF,0.0006700875237584114,0.9992959499359131,3.3943026210181415e-05
swin,1,0,989,chfdb/chf11,chfdb/chf11,98,61500,CHF,CHF,0.0003329892933834344,0.9996351003646851,3.19361497531645e-05
swin,1,0,1010,chfdb/chf14,chfdb/chf14,101,2000,CHF,CHF,0.005691328551620245,0.9942836165428162,2.5060382540686987e-05
swin,1,0,1011,chfdb/chf14,chfdb/chf14,101,15500,CHF,CHF,0.0008393465541303158,0.9991318583488464,2.8860022212029435e-05
swin,1,0,1012,chfdb/chf14,chfdb/chf14,101,23500,CHF,CHF,0.0001181529660243541,0.9998283386230469,5.3477768233278766e-05
swin,1,0,1013,chfdb/chf14,chfdb/chf14,101,31500,CHF,CHF,0.3693123161792755,0.6305973529815674,9.034739923663437e-05
swin,1,0,1014,chfdb/chf14,chfdb/chf14,101,33000,CHF,CHF,0.1722167581319809,0.8277149796485901,6.825089803896844e-05
swin,1,0,1015,chfdb/chf14,chfdb/chf14,101,36500,CHF,CHF,0.032197918742895126,0.9676958322525024,0.00010624632705003023
swin,1,0,1016,chfdb/chf14,chfdb/chf14,101,46000,CHF,ARR,0.7070395946502686,0.2928597033023834,0.00010072698933072388
swin,1,0,1017,chfdb/chf14,chfdb/chf14,101,52000,CHF,CHF,0.0038832423742860556,0.9960730075836182,4.3792719225166366e-05
swin,1,0,1018,chfdb/chf14,chfdb/chf14,101,58500,CHF,CHF,0.0003392605867702514,0.999625563621521,3.5137738450430334e-05
swin,1,0,1019,chfdb/chf14,chfdb/chf14,101,62500,CHF,CHF,0.00015743736003059894,0.9997932314872742,4.939098289469257e-05
swin,1,0,1060,chfdb/chf04,chfdb/chf04,106,2500,CHF,CHF,0.0019298205152153969,0.9471591711044312,0.05091099441051483
swin,1,0,1061,chfdb/chf04,chfdb/chf04,106,3000,CHF,ARR,0.9995641112327576,0.00021718208154197782,0.000218633416807279
swin,1,0,1062,chfdb/chf04,chfdb/chf04,106,4000,CHF,ARR,0.9771968722343445,0.00040933158015832305,0.022393738850951195
swin,1,0,1063,chfdb/chf04,chfdb/chf04,106,16000,CHF,ARR,0.9998553991317749,4.0678864024812356e-05,0.0001039179478539154
swin,1,0,1064,chfdb/chf04,chfdb/chf04,106,16500,CHF,ARR,0.9972781538963318,9.93805006146431e-05,0.0026224784087389708
swin,1,0,1065,chfdb/chf04,chfdb/chf04,106,18000,CHF,ARR,0.9997382760047913,7.913823355920613e-05,0.00018253638700116426
swin,1,0,1066,chfdb/chf04,chfdb/chf04,106,28500,CHF,ARR,0.9987026453018188,0.001213963609188795,8.328674448421225e-05
swin,1,0,1067,chfdb/chf04,chfdb/chf04,106,36500,CHF,ARR,0.999573290348053,0.0003025447076652199,0.00012418765982147306
swin,1,0,1068,chfdb/chf04,chfdb/chf04,106,41000,CHF,ARR,0.9997003078460693,4.184095814707689e-05,0.0002578768180683255
swin,1,0,1069,chfdb/chf04,chfdb/chf04,106,63000,CHF,ARR,0.5116917490959167,0.00046359567204490304,0.48784464597702026
swin,1,0,1140,chfdb/chf11,chfdb/chf11,114,7500,CHF,CHF,0.12024681270122528,0.8796930909156799,6.0087641031714156e-05
swin,1,0,1141,chfdb/chf11,chfdb/chf11,114,13500,CHF,CHF,0.10582929849624634,0.8941269516944885,4.371595787233673e-05
swin,1,0,1142,chfdb/chf11,chfdb/chf11,114,21000,CHF,CHF,0.034334905445575714,0.965419590473175,0.0002455210196785629
swin,1,0,1143,chfdb/chf11,chfdb/chf11,114,21500,CHF,ARR,0.9780608415603638,0.021901810541749,3.7315381632652134e-05
swin,1,0,1144,chfdb/chf11,chfdb/chf11,114,28000,CHF,CHF,0.3944036662578583,0.6055154800415039,8.081438136287034e-05
swin,1,0,1145,chfdb/chf11,chfdb/chf11,114,29000,CHF,CHF,0.0006838694680482149,0.9992897510528564,2.6386682293377817e-05
swin,1,0,1146,chfdb/chf11,chfdb/chf11,114,44000,CHF,CHF,0.00024955731350928545,0.999708354473114,4.200954572297633e-05
swin,1,0,1147,chfdb/chf11,chfdb/chf11,114,52500,CHF,CHF,8.519900438841432e-05,0.9998538494110107,6.092632975196466e-05
swin,1,0,1148,chfdb/chf11,chfdb/chf11,114,54000,CHF,CHF,0.0006972253904677927,0.9992376565933228,6.509148806799203e-05
swin,1,0,1149,chfdb/chf11,chfdb/chf11,114,64000,CHF,CHF,0.000345173932146281,0.9996211528778076,3.3653806895017624e-05
swin,1,0,1170,chfdb/chf14,chfdb/chf14,117,1000,CHF,CHF,7.863822247600183e-05,0.9998573064804077,6.402735743904486e-05
swin,1,0,1171,chfdb/chf14,chfdb/chf14,117,5500,CHF,CHF,0.00012491831148508936,0.9998193383216858,5.573658927460201e-05
swin,1,0,1172,chfdb/chf14,chfdb/chf14,117,10000,CHF,CHF,6.770967593183741e-05,0.9998620748519897,7.021374767646194e-05
swin,1,0,1173,chfdb/chf14,chfdb/chf14,117,12500,CHF,CHF,0.00010209545871475711,0.9998432397842407,5.4582764278165996e-05
swin,1,0,1174,chfdb/chf14,chfdb/chf14,117,14000,CHF,CHF,7.076479960232973e-05,0.9998623132705688,6.687345739919692e-05
swin,1,0,1175,chfdb/chf14,chfdb/chf14,117,24000,CHF,CHF,7.510649447795004e-05,0.9998574256896973,6.749867316102609e-05
swin,1,0,1176,chfdb/chf14,chfdb/chf14,117,30000,CHF,CHF,7.60375041863881e-05,0.9998575448989868,6.638102058786899e-05
swin,1,0,1177,chfdb/chf14,chfdb/chf14,117,46500,CHF,CHF,7.485483365599066e-05,0.9998569488525391,6.822132127126679e-05
swin,1,0,1178,chfdb/chf14,chfdb/chf14,117,53500,CHF,CHF,8.478264498990029e-05,0.9998568296432495,5.841865640832111e-05
swin,1,0,1179,chfdb/chf14,chfdb/chf14,117,63000,CHF,CHF,8.845484990160912e-05,0.999852180480957,5.937722744420171e-05
swin,1,0,1200,chfdb/chf04,chfdb/chf04,120,2000,CHF,ARR,0.9138287305831909,0.060837991535663605,0.025333307683467865
swin,1,0,1201,chfdb/chf04,chfdb/chf04,120,8000,CHF,ARR,0.9478139877319336,0.0491332933306694,0.003052734537050128
swin,1,0,1202,chfdb/chf04,chfdb/chf04,120,19500,CHF,ARR,0.522530198097229,0.4767915904521942,0.0006781448610126972
swin,1,0,1203,chfdb/chf04,chfdb/chf04,120,22000,CHF,CHF,0.001548937289044261,0.9953340888023376,0.003116939915344119
swin,1,0,1204,chfdb/chf04,chfdb/chf04,120,33500,CHF,CHF,0.0018387578893452883,0.9981011748313904,6.009347634972073e-05
swin,1,0,1205,chfdb/chf04,chfdb/chf04,120,40500,CHF,CHF,0.010659105144441128,0.9892101883888245,0.00013070405111648142
swin,1,0,1206,chfdb/chf04,chfdb/chf04,120,44000,CHF,ARR,0.9916942715644836,0.008197911083698273,0.00010784673213493079
swin,1,0,1207,chfdb/chf04,chfdb/chf04,120,52500,CHF,CHF,0.000358157412847504,0.9995855689048767,5.625570338452235e-05
swin,1,0,1208,chfdb/chf04,chfdb/chf04,120,63000,CHF,CHF,8.096230158116668e-05,0.9994413256645203,0.0004776537243742496
swin,1,0,1209,chfdb/chf04,chfdb/chf04,120,64000,CHF,CHF,0.014656967483460903,0.9717056155204773,0.013637485913932323
swin,1,0,1260,nsrdb/16265,nsrdb/16265,126,8000,NSR,CHF,6.0464451962616295e-05,0.9997122883796692,0.0002272804413223639
swin,1,0,1261,nsrdb/16265,nsrdb/16265,126,10500,NSR,CHF,4.7256875404855236e-05,0.9998130202293396,0.00013971631415188313
swin,1,0,1262,nsrdb/16265,nsrdb/16265,126,16000,NSR,CHF,7.676221139263362e-05,0.9998094439506531,0.00011379404895706102
swin,1,0,1263,nsrdb/16265,nsrdb/16265,126,19500,NSR,CHF,0.00030236534075811505,0.8383301496505737,0.1613675355911255
swin,1,0,1264,nsrdb/16265,nsrdb/16265,126,24500,NSR,NSR,0.00036826662835665047,0.027768272906541824,0.9718634486198425
swin,1,0,1265,nsrdb/16265,nsrdb/16265,126,30000,NSR,CHF,0.0004891933058388531,0.9841784834861755,0.015332269482314587
swin,1,0,1266,nsrdb/16265,nsrdb/16265,126,39500,NSR,CHF,0.03474489226937294,0.9046379327774048,0.06061713770031929
swin,1,0,1267,nsrdb/16265,nsrdb/16265,126,47500,NSR,CHF,5.30120414623525e-05,0.9997140765190125,0.00023294553102459759
swin,1,0,1268,nsrdb/16265,nsrdb/16265,126,48500,NSR,ARR,0.709022581577301,0.2391331046819687,0.051844317466020584
swin,1,0,1269,nsrdb/16265,nsrdb/16265,126,63500,NSR,ARR,0.6981987357139587,0.2972632348537445,0.004538062959909439
swin,1,0,1320,nsrdb/19090,nsrdb/19090,132,500,NSR,NSR,0.00013267959002405405,7.642632408533245e-05,0.9997909665107727
swin,1,0,1321,nsrdb/19090,nsrdb/19090,132,3000,NSR,NSR,0.0001091890298994258,0.00010739426215877756,0.999783456325531
swin,1,0,1322,nsrdb/19090,nsrdb/19090,132,4000,NSR,NSR,9.375994704896584e-05,0.00011046398867620155,0.9997957348823547
swin,1,0,1323,nsrdb/19090,nsrdb/19090,132,20500,NSR,NSR,0.00012793572386726737,8.95340635906905e-05,0.9997826218605042
swin,1,0,1324,nsrdb/19090,nsrdb/19090,132,22000,NSR,ARR,0.9617106914520264,4.845294097322039e-05,0.03824085742235184
swin,1,0,1325,nsrdb/19090,nsrdb/19090,132,41500,NSR,NSR,0.002350027672946453,0.00013556299381889403,0.9975143671035767
swin,1,0,1326,nsrdb/19090,nsrdb/19090,132,55000,NSR,NSR,9.090848470805213e-05,0.00011674828419927508,0.9997922778129578
swin,1,0,1327,nsrdb/19090,nsrdb/19090,132,55500,NSR,NSR,8.503763820044696e-05,0.00012782192789018154,0.9997872710227966
swin,1,0,1328,nsrdb/19090,nsrdb/19090,132,59000,NSR,NSR,0.00014706376532558352,9.139648318523541e-05,0.9997615218162537
swin,1,0,1329,nsrdb/19090,nsrdb/19090,132,64000,NSR,NSR,0.00030353444162756205,6.718037911923602e-05,0.9996292591094971
swin,1,0,1340,nsrdb/19140,nsrdb/19140,134,0,NSR,NSR,0.00029993473435752094,4.7706274926895276e-05,0.9996523857116699
swin,1,0,1341,nsrdb/19140,nsrdb/19140,134,3000,NSR,NSR,0.0004588735173456371,4.537063432508148e-05,0.9994957447052002
swin,1,0,1342,nsrdb/19140,nsrdb/19140,134,6500,NSR,ARR,0.8779452443122864,0.0002956716634798795,0.1217590719461441
swin,1,0,1343,nsrdb/19140,nsrdb/19140,134,15500,NSR,NSR,0.00025301342247985303,7.201644621090963e-05,0.9996750354766846
swin,1,0,1344,nsrdb/19140,nsrdb/19140,134,21000,NSR,NSR,0.011759968474507332,4.431077468325384e-05,0.9881957769393921
swin,1,0,1345,nsrdb/19140,nsrdb/19140,134,37500,NSR,NSR,0.00414843438193202,0.00011277000157861039,0.9957387447357178
swin,1,0,1346,nsrdb/19140,nsrdb/19140,134,38500,NSR,NSR,0.009203418157994747,0.0039826687425374985,0.986814022064209
swin,1,0,1347,nsrdb/19140,nsrdb/19140,134,41500,NSR,NSR,0.00011143666779389605,0.0003477135905995965,0.9995409250259399
swin,1,0,1348,nsrdb/19140,nsrdb/19140,134,58000,NSR,NSR,0.0013309172354638577,0.0020392106380313635,0.9966298937797546
swin,1,0,1349,nsrdb/19140,nsrdb/19140,134,65000,NSR,CHF,0.00048494437942281365,0.9989991784095764,0.0005158903659321368
swin,1,0,1360,nsrdb/16265,nsrdb/16265,136,5000,NSR,ARR,0.9980185031890869,2.171372943848837e-05,0.0019597667269408703
swin,1,0,1361,nsrdb/16265,nsrdb/16265,136,9000,NSR,ARR,0.9755339026451111,6.687981658615172e-05,0.024399299174547195
swin,1,0,1362,nsrdb/16265,nsrdb/16265,136,14500,NSR,NSR,0.0006066432106308639,6.572451820829883e-05,0.9993276596069336
swin,1,0,1363,nsrdb/16265,nsrdb/16265,136,16500,NSR,NSR,0.0005439778324216604,9.707303979666904e-05,0.9993589520454407
swin,1,0,1364,nsrdb/16265,nsrdb/16265,136,29500,NSR,ARR,0.9993150234222412,3.137857493129559e-05,0.0006536900764331222
swin,1,0,1365,nsrdb/16265,nsrdb/16265,136,37500,NSR,ARR,0.9998571872711182,4.2027822928503156e-05,0.0001007007303996943
swin,1,0,1366,nsrdb/16265,nsrdb/16265,136,47000,NSR,ARR,0.9426769614219666,0.00021261062647681683,0.057110387831926346
swin,1,0,1367,nsrdb/16265,nsrdb/16265,136,49000,NSR,NSR,0.0004448488471098244,4.6944576752139255e-05,0.999508261680603
swin,1,0,1368,nsrdb/16265,nsrdb/16265,136,51500,NSR,ARR,0.9986265897750854,0.00017741764895617962,0.0011960534611716866
swin,1,0,1369,nsrdb/16265,nsrdb/16265,136,60500,NSR,ARR,0.9954802989959717,2.965159001178108e-05,0.004489973187446594
swin,1,0,1440,nsrdb/16786,nsrdb/16786,144,2000,NSR,NSR,0.00024046450562309474,6.346664304146543e-05,0.9996960163116455
swin,1,0,1441,nsrdb/16786,nsrdb/16786,144,9500,NSR,NSR,0.00013371671957429498,8.040954708121717e-05,0.999785840511322
swin,1,0,1442,nsrdb/16786,nsrdb/16786,144,19000,NSR,NSR,0.0002233021514257416,6.40601065242663e-05,0.9997125267982483
swin,1,0,1443,nsrdb/16786,nsrdb/16786,144,28500,NSR,NSR,0.00015797473315615207,7.271305366884917e-05,0.999769389629364
swin,1,0,1444,nsrdb/16786,nsrdb/16786,144,37000,NSR,NSR,0.00015473758685402572,7.220142288133502e-05,0.9997730851173401
swin,1,0,1445,nsrdb/16786,nsrdb/16786,144,46000,NSR,NSR,0.00015748580335639417,7.547083805548027e-05,0.9997671246528625
swin,1,0,1446,nsrdb/16786,nsrdb/16786,144,50000,NSR,NSR,0.0015837126411497593,3.926713179680519e-05,0.9983769655227661
swin,1,0,1447,nsrdb/16786,nsrdb/16786,144,54000,NSR,NSR,0.0002043794229393825,6.583812501048669e-05,0.9997298121452332
swin,1,0,1448,nsrdb/16786,nsrdb/16786,144,62000,NSR,NSR,0.0005040544201619923,4.6930777898523957e-05,0.9994489550590515
swin,1,0,1449,nsrdb/16786,nsrdb/16786,144,65000,NSR,NSR,0.00017543778812978417,6.71474845148623e-05,0.9997574687004089
swin,1,0,1520,nsrdb/19090,nsrdb/19090,152,0,NSR,NSR,0.00011434866610215977,9.697485074866563e-05,0.9997887015342712
swin,1,0,1521,nsrdb/19090,nsrdb/19090,152,8000,NSR,NSR,7.072932930896059e-05,0.00020975743245799094,0.9997195601463318
swin,1,0,1522,nsrdb/19090,nsrdb/19090,152,26000,NSR,NSR,0.00010237527749268338,0.00010400848259450868,0.9997935891151428
swin,1,0,1523,nsrdb/19090,nsrdb/19090,152,28000,NSR,NSR,7.974846812430769e-05,0.00014811281289439648,0.9997721314430237
swin,1,0,1524,nsrdb/19090,nsrdb/19090,152,33500,NSR,NSR,9.156883606920019e-05,0.00014649888908024877,0.9997619986534119
swin,1,0,1525,nsrdb/19090,nsrdb/19090,152,35000,NSR,NSR,7.047472172416747e-05,0.0001942957896972075,0.9997352957725525
swin,1,0,1526,nsrdb/19090,nsrdb/19090,152,41500,NSR,NSR,6.735287752235308e-05,0.0005140561261214316,0.9994186162948608
swin,1,0,1527,nsrdb/19090,nsrdb/19090,152,51000,NSR,NSR,9.129756654147059e-05,0.00021341437241062522,0.9996953010559082
swin,1,0,1528,nsrdb/19090,nsrdb/19090,152,61000,NSR,NSR,7.090085273375735e-05,0.0008531303610652685,0.9990760087966919
swin,1,0,1529,nsrdb/19090,nsrdb/19090,152,64000,NSR,NSR,8.059940591920167e-05,0.00017935200594365597,0.9997400641441345
swin,1,0,1540,nsrdb/19140,nsrdb/19140,154,4500,NSR,NSR,8.095610974123701e-05,0.00016532078734599054,0.9997537732124329
swin,1,0,1541,nsrdb/19140,nsrdb/19140,154,5500,NSR,NSR,8.654616976855323e-05,0.00018410224583931267,0.999729335308075
swin,1,0,1542,nsrdb/19140,nsrdb/19140,154,7000,NSR,NSR,7.689173799008131e-05,0.00020360772032290697,0.9997195601463318
swin,1,0,1543,nsrdb/19140,nsrdb/19140,154,10000,NSR,NSR,5.115731619298458e-05,0.0007690535276196897,0.9991797804832458
swin,1,0,1544,nsrdb/19140,nsrdb/19140,154,17000,NSR,NSR,0.00011653210822260007,8.672716649016365e-05,0.9997966885566711
swin,1,0,1545,nsrdb/19140,nsrdb/19140,154,29000,NSR,NSR,0.0006836021202616394,4.271400757716037e-05,0.9992735981941223
swin,1,0,1546,nsrdb/19140,nsrdb/19140,154,41000,NSR,NSR,0.00014626042684540153,0.00032636625110171735,0.9995273351669312
swin,1,0,1547,nsrdb/19140,nsrdb/19140,154,50500,NSR,NSR,0.0016529741697013378,0.00012315501226112247,0.9982238411903381
swin,1,0,1548,nsrdb/19140,nsrdb/19140,154,62000,NSR,NSR,0.00146330741699785,0.002410499146208167,0.9961262345314026
swin,1,0,1549,nsrdb/19140,nsrdb/19140,154,64000,NSR,NSR,0.000142056102049537,9.376789239468053e-05,0.9997641444206238
swin,1,0,1600,nsrdb/16786,nsrdb/16786,160,5500,NSR,NSR,0.0001265055179828778,0.0001988027652259916,0.9996746778488159
swin,1,0,1601,nsrdb/16786,nsrdb/16786,160,12000,NSR,NSR,0.01660238951444626,0.009262149222195148,0.9741355180740356
swin,1,0,1602,nsrdb/16786,nsrdb/16786,160,21500,NSR,NSR,0.00010422556078992784,0.00011346446262905374,0.999782383441925
swin,1,0,1603,nsrdb/16786,nsrdb/16786,160,25000,NSR,NSR,0.001218485413119197,0.00019598210928961635,0.99858558177948
swin,1,0,1604,nsrdb/16786,nsrdb/16786,160,30000,NSR,NSR,0.0044317422434687614,0.00010884273069677874,0.9954593777656555
swin,1,0,1605,nsrdb/16786,nsrdb/16786,160,35000,NSR,NSR,0.00010034715523943305,0.00011042503319913521,0.9997891783714294
swin,1,0,1606,nsrdb/16786,nsrdb/16786,160,47000,NSR,NSR,8.940859697759151e-05,0.00019233902276027948,0.9997182488441467
swin,1,0,1607,nsrdb/16786,nsrdb/16786,160,52000,NSR,NSR,9.062224125955254e-05,0.00011889697634615004,0.9997904896736145
swin,1,0,1608,nsrdb/16786,nsrdb/16786,160,54500,NSR,NSR,0.0003203670494258404,0.00017797184409573674,0.9995015859603882
swin,1,0,1609,nsrdb/16786,nsrdb/16786,160,64000,NSR,NSR,5.9730849898187444e-05,0.0002384340186836198,0.9997017979621887
swin,2,0,30,mitdb/112,mitdb/112,3,8500,ARR,ARR,0.9996582269668579,3.532930713845417e-05,0.0003065129858441651
swin,2,0,31,mitdb/112,mitdb/112,3,24500,ARR,ARR,0.9998339414596558,6.135473086033016e-05,0.00010464468505233526
swin,2,0,32,mitdb/112,mitdb/112,3,37500,ARR,ARR,0.8194045424461365,0.18007001280784607,0.0005253974813967943
swin,2,0,33,mitdb/112,mitdb/112,3,40000,ARR,ARR,0.9998615980148315,6.777865201001987e-05,7.050573913147673e-05
swin,2,0,34,mitdb/112,mitdb/112,3,41500,ARR,CHF,0.00023608100309502333,0.9913723468780518,0.008391598239541054
swin,2,0,35,mitdb/112,mitdb/112,3,43000,ARR,ARR,0.7881602644920349,0.006562360562384129,0.20527738332748413
swin,2,0,36,mitdb/112,mitdb/112,3,44500,ARR,CHF,0.02831500768661499,0.9646268486976624,0.0070581878535449505
swin,2,0,37,mitdb/112,mitdb/112,3,52500,ARR,ARR,0.999658465385437,0.0002499712281860411,9.157769818557426e-05
swin,2,0,38,mitdb/112,mitdb/112,3,56000,ARR,NSR,8.365983376279473e-05,0.032233431935310364,0.9676828980445862
swin,2,0,39,mitdb/112,mitdb/112,3,58000,ARR,NSR,0.00010878575994865969,0.3386712074279785,0.6612200140953064
swin,2,0,60,mitdb/115,mitdb/115,6,3000,ARR,ARR,0.9998373985290527,3.373647996340878e-05,0.00012882992450613528
swin,2,0,61,mitdb/115,mitdb/115,6,13000,ARR,ARR,0.999822199344635,3.47274835803546e-05,0.0001430887496098876
swin,2,0,62,mitdb/115,mitdb/115,6,14000,ARR,ARR,0.9995465874671936,2.084379411826376e-05,0.0004325857444200665
swin,2,0,63,mitdb/115,mitdb/115,6,26000,ARR,ARR,0.9998010993003845,2.934420990641229e-05,0.000169652616023086
swin,2,0,64,mitdb/115,mitdb/115,6,36000,ARR,ARR,0.9997488856315613,2.6534751668805256e-05,0.0002245632349513471
swin,2,0,65,mitdb/115,mitdb/115,6,43500,ARR,ARR,0.9998254179954529,3.174746598233469e-05,0.00014287757221609354
swin,2,0,66,mitdb/115,mitdb/115,6,48000,ARR,ARR,0.9998534917831421,3.640363138401881e-05,0.00011015140626113862
swin,2,0,67,mitdb/115,mitdb/115,6,48500,ARR,ARR,0.9998250603675842,3.198723788955249e-05,0.00014306420052889735
swin,2,0,68,mitdb/115,mitdb/115,6,54500,ARR,ARR,0.9998229146003723,3.108485907432623e-05,0.00014604578609578311
swin,2,0,69,mitdb/115,mitdb/115,6,64500,ARR,ARR,0.9997580647468567,2.7442969440016896e-05,0.00021451398788485676
swin,2,0,90,mitdb/118,mitdb/118,9,7000,ARR,ARR,0.9998596906661987,7.86343589425087e-05,6.16345860180445e-05
swin,2,0,91,mitdb/118,mitdb/118,9,8500,ARR,ARR,0.9987428784370422,0.0011456715874373913,0.00011142736912006512
swin,2,0,92,mitdb/118,mitdb/118,9,11500,ARR,ARR,0.9998704195022583,7.259443373186514e-05,5.692320701200515e-05
swin,2,0,93,mitdb/118,mitdb/118,9,44000,ARR,ARR,0.9996895790100098,0.0002602847816888243,5.011298708268441e-05
swin,2,0,94,mitdb/118,mitdb/118,9,44500,ARR,ARR,0.9918381571769714,0.00802671629935503,0.0001351090904790908
swin,2,0,95,mitdb/118,mitdb/118,9,46000,ARR,CHF,0.001280232914723456,0.9986971020698547,2.2707552489009686e-05
swin,2,0,96,mitdb/118,mitdb/118,9,47000,ARR,CHF,0.02039249800145626,0.9795524477958679,5.507402602233924e-05
swin,2,0,97,mitdb/118,mitdb/118,9,57500,ARR,CHF,0.3689405024051666,0.6309190988540649,0.00014044911949895322
swin,2,0,98,mitdb/118,mitdb/118,9,58500,ARR,CHF,0.39392217993736267,0.6059610843658447,0.0001167704031104222
swin,2,0,99,mitdb/118,mitdb/118,9,63500,ARR,CHF,0.001964614959433675,0.9980108141899109,2.4641298296046443e-05
swin,2,0,110,mitdb/101,mitdb/101,11,2500,ARR,ARR,0.9998672008514404,5.202411557547748e-05,8.087253081612289e-05
swin,2,0,111,mitdb/101,mitdb/101,11,9000,ARR,ARR,0.9998670816421509,5.3131207096157596e-05,7.973505125846714e-05
swin,2,0,112,mitdb/101,mitdb/101,11,16000,ARR,ARR,0.9998624324798584,5.317957402439788e-05,8.433201583102345e-05
swin,2,0,113,mitdb/101,mitdb/101,11,26000,ARR,ARR,0.9998639822006226,4.933812306262553e-05,8.66790214786306e-05
swin,2,0,114,mitdb/101,mitdb/101,11,27500,ARR,ARR,0.9998713731765747,5.7590306823840365e-05,7.104322139639407e-05
swin,2,0,115,mitdb/101,mitdb/101,11,33000,ARR,ARR,0.9998570680618286,5.4620228183921427e-05,8.835293556330726e-05
swin,2,0,116,mitdb/101,mitdb/101,11,41000,ARR,ARR,0.9996764659881592,2.4168602976715192e-05,0.00029933956102468073
swin,2,0,117,mitdb/101,mitdb/101,11,44500,ARR,ARR,0.9997716546058655,0.00010193132766289636,0.00012650522694457322
swin,2,0,118,mitdb/101,mitdb/101,11,53000,ARR,ARR,0.999871015548706,6.852071965113282e-05,6.047209171811119e-05
swin,2,0,119,mitdb/101,mitdb/101,11,59500,ARR,ARR,0.99986732006073,7.023266516625881e-05,6.244764517759904e-05
swin,2,0,170,mitdb/201-202,mitdb/201,17,500,ARR,ARR,0.9998695850372314,8.029635500861332e-05,5.006520950701088e-05
swin,2,0,171,mitdb/201-202,mitdb/201,17,19000,ARR,ARR,0.9998743534088135,6.921152089489624e-05,5.637535286950879e-05
swin,2,0,172,mitdb/201-202,mitdb/201,17,20000,ARR,ARR,0.9998644590377808,8.831913146423176e-05,4.724943937617354e-05
swin,2,0,173,mitdb/201-202,mitdb/201,17,26000,ARR,ARR,0.9998708963394165,8.169218199327588e-05,4.738358620670624e-05
swin,2,0,174,mitdb/201-202,mitdb/201,17,30000,ARR,ARR,0.9998704195022583,7.970133447088301e-05,4.987420470570214e-05
swin,2,0,175,mitdb/201-202,mitdb/201,17,30500,ARR,ARR,0.9998667240142822,8.729387627681717e-05,4.6004151954548433e-05
swin,2,0,176,mitdb/201-202,mitdb/201,17,43500,ARR,ARR,0.9998701810836792,7.97579632489942e-05,5.0007169193122536e-05
swin,2,0,177,mitdb/201-202,mitdb/201,17,49500,ARR,ARR,0.9998712539672852,6.020384171279147e-05,6.854766252217814e-05
swin,2,0,178,mitdb/201-202,mitdb/201,17,61500,ARR,ARR,0.999870777130127,7.510943396482617e-05,5.409538061940111e-05
swin,2,0,179,mitdb/201-202,mitdb/201,17,64000,ARR,ARR,0.9998726844787598,7.421073678415269e-05,5.305914601194672e-05
swin,2,0,180,mitdb/201-202,mitdb/202,18,4000,ARR,ARR,0.9998717308044434,5.896632865187712e-05,6.919979205122218e-05
swin,2,0,181,mitdb/201-202,mitdb/202,18,11500,ARR,ARR,0.9998719692230225,7.50929830246605e-05,5.2954768761992455e-05
swin,2,0,182,mitdb/201-202,mitdb/202,18,17000,ARR,ARR,0.9998719692230225,6.845135794719681e-05,5.960079579381272e-05
swin,2,0,183,mitdb/201-202,mitdb/202,18,17500,ARR,ARR,0.9998729228973389,6.966982618905604e-05,5.732698991778307e-05
swin,2,0,184,mitdb/201-202,mitdb/202,18,19500,ARR,ARR,0.999873161315918,6.879981083329767e-05,5.808683636132628e-05
swin,2,0,185,mitdb/201-202,mitdb/202,18,35000,ARR,ARR,0.9998719692230225,6.854013190604746e-05,5.949352271272801e-05
swin,2,0,186,mitdb/201-202,mitdb/202,18,45500,ARR,ARR,0.9998725652694702,6.48040950181894e-05,6.255084736039862e-05
swin,2,0,187,mitdb/201-202,mitdb/202,18,53000,ARR,ARR,0.9998714923858643,6.79481090628542e-05,6.053166725905612e-05
swin,2,0,188,mitdb/201-202,mitdb/202,18,56500,ARR,ARR,0.9998722076416016,7.504066888941452e-05,5.262467311695218e-05
swin,2,0,189,mitdb/201-202,mitdb/202,18,61000,ARR,ARR,0.999875545501709,6.17086625425145e-05,6.269168079597875e-05
swin,2,0,240,mitdb/209,mitdb/209,24,1500,ARR,ARR,0.9996782541275024,3.423440648475662e-05,0.00028757209656760097
swin,2,0,241,mitdb/209,mitdb/209,24,7000,ARR,ARR,0.9931555390357971,2.8005970307276584e-05,0.006816334556788206
swin,2,0,242,mitdb/209,mitdb/209,24,15500,ARR,ARR,0.9350964426994324,5.8276913478039205e-05,0.0648452416062355
swin,2,0,243,mitdb/209,mitdb/209,24,19500,ARR,NSR,0.0009261597297154367,4.576618812279776e-05,0.9990280866622925
swin,2,0,244,mitdb/209,mitdb/209,24,22000,ARR,ARR,0.9998341798782349,3.708591975737363e-05,0.00012868143676314503
swin,2,0,245,mitdb/209,mitdb/209,24,29500,ARR,NSR,0.02260199375450611,9.195713209919631e-05,0.977306067943573
swin,2,0,246,mitdb/209,mitdb/209,24,33000,ARR,ARR,0.9954956769943237,1.888285441964399e-05,0.004485469777137041
swin,2,0,247,mitdb/209,mitdb/209,24,41000,ARR,NSR,0.03688162565231323,0.00021628261310979724,0.9629021286964417
swin,2,0,248,mitdb/209,mitdb/209,24,45000,ARR,NSR,0.00011052779882447794,6.753606430720538e-05,0.9998219609260559
swin,2,0,249,mitdb/209,mitdb/209,24,48000,ARR,ARR,0.9991018772125244,3.741960972547531e-05,0.0008607117342762649
swin,2,0,340,mitdb/221,mitdb/221,34,5000,ARR,ARR,0.9998718500137329,5.8722671383293346e-05,6.939767627045512e-05
swin,2,0,341,mitdb/221,mitdb/221,34,11000,ARR,ARR,0.9990296363830566,0.00010863502393476665,0.000861799344420433
swin,2,0,342,mitdb/221,mitdb/221,34,12500,ARR,ARR,0.999832034111023,5.367636913433671e-05,0.00011433279723860323
swin,2,0,343,mitdb/221,mitdb/221,34,20500,ARR,ARR,0.9998780488967896,5.603043973678723e-05,6.589682743651792e-05
swin,2,0,344,mitdb/221,mitdb/221,34,37000,ARR,ARR,0.9998772144317627,5.793272066512145e-05,6.48802742944099e-05
swin,2,0,345,mitdb/221,mitdb/221,34,43500,ARR,ARR,0.9998739957809448,5.5097560107242316e-05,7.093360181897879e-05
swin,2,0,346,mitdb/221,mitdb/221,34,44000,ARR,ARR,0.9998766183853149,5.491771298693493e-05,6.83832258800976e-05
swin,2,0,347,mitdb/221,mitdb/221,34,56500,ARR,ARR,0.9998793601989746,6.03070184297394e-05,6.0345853853505105e-05
swin,2,0,348,mitdb/221,mitdb/221,34,64000,ARR,ARR,0.999876856803894,5.703970236936584e-05,6.598894105991349e-05
swin,2,0,349,mitdb/221,mitdb/221,34,64500,ARR,ARR,0.9998769760131836,6.0917689552297816e-05,6.214288441697136e-05
swin,2,0,360,mitdb/223,mitdb/223,36,4500,ARR,ARR,0.9998624324798584,4.2491144995437935e-05,9.514104021945968e-05
swin,2,0,361,mitdb/223,mitdb/223,36,16000,ARR,ARR,0.9998759031295776,6.908831710461527e-05,5.493668868439272e-05
swin,2,0,362,mitdb/223,mitdb/223,36,19000,ARR,ARR,0.9998757839202881,5.987208351143636e-05,6.432415830204263e-05
swin,2,0,363,mitdb/223,mitdb/223,36,24500,ARR,ARR,0.999862551689148,4.067159170517698e-05,9.682250674813986e-05
swin,2,0,364,mitdb/223,mitdb/223,36,38500,ARR,ARR,0.9998694658279419,4.279772110749036e-05,8.769488340476528e-05
swin,2,0,365,mitdb/223,mitdb/223,36,39500,ARR,ARR,0.9998737573623657,4.7017441829666495e-05,7.927398837637156e-05
swin,2,0,366,mitdb/223,mitdb/223,36,40000,ARR,ARR,0.9998680353164673,4.24204881710466e-05,8.954684744821861e-05
swin,2,0,367,mitdb/223,mitdb/223,36,44000,ARR,ARR,0.9998664855957031,4.116876516491175e-05,9.232730371877551e-05
swin,2,0,368,mitdb/223,mitdb/223,36,46500,ARR,ARR,0.9998747110366821,5.16972468176391e-05,7.353394175879657e-05
swin,2,0,369,mitdb/223,mitdb/223,36,59500,ARR,ARR,0.9998701810836792,5.036900984123349e-05,7.936765177873895e-05
swin,2,0,390,mitdb/231,mitdb/231,39,7500,ARR,ARR,0.9998059868812561,4.5842247345717624e-05,0.0001481193903600797
swin,2,0,391,mitdb/231,mitdb/231,39,14500,ARR,ARR,0.999863862991333,4.176611400907859e-05,9.44274288485758e-05
swin,2,0,392,mitdb/231,mitdb/231,39,24000,ARR,ARR,0.999834418296814,3.543373168213293e-05,0.00013014704745728523
swin,2,0,393,mitdb/231,mitdb/231,39,26500,ARR,ARR,0.9998772144317627,5.598493589786813e-05,6.676032353425398e-05
swin,2,0,394,mitdb/231,mitdb/231,39,27500,ARR,ARR,0.9998610019683838,4.470204657991417e-05,9.422736911801621e-05
swin,2,0,395,mitdb/231,mitdb/231,39,28500,ARR,ARR,0.9998626708984375,4.950202492182143e-05,8.787537080934271e-05
swin,2,0,396,mitdb/231,mitdb/231,39,37000,ARR,ARR,0.9984935522079468,0.0006553406710736454,0.0008510228362865746
swin,2,0,397,mitdb/231,mitdb/231,39,41500,ARR,ARR,0.9998694658279419,4.7388759412569925e-05,8.306086965603754e-05
swin,2,0,398,mitdb/231,mitdb/231,39,47500,ARR,ARR,0.9998723268508911,5.6504850363126025e-05,7.115177140804008e-05
swin,2,0,399,mitdb/231,mitdb/231,39,52000,ARR,ARR,0.9998596906661987,4.249576886650175e-05,9.779691754374653e-05
swin,2,0,450,mitdb/101,mitdb/101,45,6500,ARR,ARR,0.9998527765274048,4.185971192782745e-05,0.00010541571828071028
swin,2,0,451,mitdb/101,mitdb/101,45,11000,ARR,ARR,0.999875545501709,6.159707118058577e-05,6.281706009758636e-05
swin,2,0,452,mitdb/101,mitdb/101,45,18000,ARR,ARR,0.9998717308044434,4.8565430915914476e-05,7.977915811352432e-05
swin,2,0,453,mitdb/101,mitdb/101,45,22500,ARR,ARR,0.9998745918273926,6.118227611295879e-05,6.427158950828016e-05
swin,2,0,454,mitdb/101,mitdb/101,45,26000,ARR,ARR,0.9998661279678345,7.671468483749777e-05,5.712679558200762e-05
swin,2,0,455,mitdb/101,mitdb/101,45,39000,ARR,ARR,0.9998681545257568,6.626799586229026e-05,6.55530602671206e-05
swin,2,0,456,mitdb/101,mitdb/101,45,39500,ARR,ARR,0.9998713731765747,6.460562872234732e-05,6.404634041246027e-05
swin,2,0,457,mitdb/101,mitdb/101,45,46000,ARR,ARR,0.9998635053634644,4.383779378258623e-05,9.257177589461207e-05
swin,2,0,458,mitdb/101,mitdb/101,45,48500,ARR,ARR,0.9998664855957031,5.082786447019316e-05,8.269964018836617e-05
swin,2,0,459,mitdb/101,mitdb/101,45,51000,ARR,ARR,0.9998650550842285,7.480476779164746e-05,6.00862258579582e-05
swin,2,0,560,mitdb/112,mitdb/112,56,4500,ARR,NSR,0.2150994837284088,5.782520383945666e-05,0.7848426699638367
swin,2,0,561,mitdb/112,mitdb/112,56,9500,ARR,ARR,0.9984853863716125,2.0952991690137424e-05,0.0014936848310753703
swin,2,0,562,mitdb/112,mitdb/112,56,12500,ARR,ARR,0.9530501365661621,4.678390541812405e-05,0.04690311849117279
swin,2,0,563,mitdb/112,mitdb/112,56,16000,ARR,NSR,0.40051862597465515,0.00041332669206894934,0.5990679860115051
swin,2,0,564,mitdb/112,mitdb/112,56,17500,ARR,ARR,0.9994086027145386,2.291191412950866e-05,0.000568513001780957
swin,2,0,565,mitdb/112,mitdb/112,56,28000,ARR,ARR,0.9990608096122742,2.3357197278528474e-05,0.0009159079054370522
swin,2,0,566,mitdb/112,mitdb/112,56,35500,ARR,ARR,0.9996613264083862,2.2665210053673945e-05,0.00031605924596078694
swin,2,0,567,mitdb/112,mitdb/112,56,37000,ARR,ARR,0.8933380842208862,5.383780808188021e-05,0.10660801827907562
swin,2,0,568,mitdb/112,mitdb/112,56,49000,ARR,ARR,0.9980306029319763,3.1043437047628686e-05,0.001938296016305685
swin,2,0,569,mitdb/112,mitdb/112,56,51000,ARR,ARR,0.9995163679122925,2.0910118109895848e-05,0.000462730647996068
swin,2,0,590,mitdb/115,mitdb/115,59,7500,ARR,ARR,0.9998738765716553,4.970277223037556e-05,7.645526056876406e-05
swin,2,0,591,mitdb/115,mitdb/115,59,9500,ARR,ARR,0.999869704246521,4.831978731090203e-05,8.195201371563599e-05
swin,2,0,592,mitdb/115,mitdb/115,59,10500,ARR,ARR,0.9995847344398499,3.386722528375685e-05,0.00038140732795000076
swin,2,0,593,mitdb/115,mitdb/115,59,38000,ARR,ARR,0.9994702935218811,5.337822585715912e-05,0.0004763853212352842
swin,2,0,594,mitdb/115,mitdb/115,59,38500,ARR,ARR,0.9995309114456177,5.224971755524166e-05,0.0004167639708612114
swin,2,0,595,mitdb/115,mitdb/115,59,47000,ARR,ARR,0.9998219609260559,9.323772974312305e-05,8.490120671922341e-05
swin,2,0,596,mitdb/115,mitdb/115,59,55500,ARR,ARR,0.9989442229270935,7.237427780637518e-05,0.0009834443917497993
swin,2,0,597,mitdb/115,mitdb/115,59,60500,ARR,ARR,0.9998705387115479,4.4012704165652394e-05,8.546531171305105e-05
swin,2,0,598,mitdb/115,mitdb/115,59,61000,ARR,ARR,0.9998785257339478,5.923575008637272e-05,6.219919305294752e-05
swin,2,0,599,mitdb/115,mitdb/115,59,64000,ARR,ARR,0.9998708963394165,4.739198993775062e-05,8.163136953953654e-05
swin,2,0,620,mitdb/118,mitdb/118,62,7000,ARR,ARR,0.9253915548324585,0.0001596406800672412,0.07444876432418823
swin,2,0,621,mitdb/118,mitdb/118,62,19500,ARR,NSR,0.4840960204601288,0.0009347401210106909,0.5149692893028259
swin,2,0,622,mitdb/118,mitdb/118,62,30000,ARR,ARR,0.999818742275238,3.365532393218018e-05,0.00014767528045922518
swin,2,0,623,mitdb/118,mitdb/118,62,39500,ARR,ARR,0.9996065497398376,2.0210356524330564e-05,0.00037316797534003854
swin,2,0,624,mitdb/118,mitdb/118,62,45000,ARR,ARR,0.9964235424995422,9.011676593217999e-05,0.003486335976049304
swin,2,0,625,mitdb/118,mitdb/118,62,47500,ARR,NSR,0.0005680063623003662,0.005208486691117287,0.9942235350608826
swin,2,0,626,mitdb/118,mitdb/118,62,53500,ARR,ARR,0.9998388290405273,5.218224396230653e-05,0.00010890835983445868
swin,2,0,627,mitdb/118,mitdb/118,62,57500,ARR,ARR,0.9964691400527954,0.0005886536673642695,0.0029423015657812357
swin,2,0,628,mitdb/118,mitdb/118,62,64000,ARR,CHF,0.002191184787079692,0.9976277947425842,0.00018101383466273546
swin,2,0,629,mitdb/118,mitdb/118,62,65000,ARR,ARR,0.6990426778793335,0.2953783869743347,0.00557892769575119
swin,2,0,700,mitdb/201-202,mitdb/201,70,0,ARR,ARR,0.9992117881774902,0.00012099205196136609,0.0006671713781543076
swin,2,0,701,mitdb/201-202,mitdb/201,70,15000,ARR,ARR,0.9998759031295776,6.116556323831901e-05,6.292795296758413e-05
swin,2,0,702,mitdb/201-202,mitdb/201,70,18500,ARR,ARR,0.999847412109375,0.00010177140211453661,5.080445407656953e-05
swin,2,0,703,mitdb/201-202,mitdb/201,70,22500,ARR,ARR,0.9998703002929688,6.129250687081367e-05,6.836852116975933e-05
swin,2,0,704,mitdb/201-202,mitdb/201,70,23500,ARR,ARR,0.9998700618743896,6.165368540678173e-05,6.834418309153989e-05
swin,2,0,705,mitdb/201-202,mitdb/201,70,25500,ARR,ARR,0.9989526271820068,0.0008078396203927696,0.0002395073970546946
swin,2,0,706,mitdb/201-202,mitdb/201,70,27000,ARR,ARR,0.9998738765716553,6.440063589252532e-05,6.179943738970906e-05
swin,2,0,707,mitdb/201-202,mitdb/201,70,27500,ARR,ARR,0.9998266100883484,0.00012528631486929953,4.820443791686557e-05
swin,2,0,708,mitdb/201-202,mitdb/201,70,44000,ARR,ARR,0.999874472618103,6.256529013626277e-05,6.297606887528673e-05
swin,2,0,709,mitdb/201-202,mitdb/201,70,64000,ARR,ARR,0.7787044644355774,0.22106391191482544,0.00023158598924055696
swin,2,0,710,mitdb/201-202,mitdb/202,71,1500,ARR,ARR,0.9998754262924194,5.9478978073457256e-05,6.505971396109089e-05
swin,2,0,711,mitdb/201-202,mitdb/202,71,4000,ARR,ARR,0.999873161315918,5.215612327447161e-05,7.466596434824169e-05
swin,2,0,712,mitdb/201-202,mitdb/202,71,14000,ARR,ARR,0.9998712539672852,5.457513179862872e-05,7.417370943585411e-05
swin,2,0,713,mitdb/201-202,mitdb/202,71,17500,ARR,ARR,0.999874472618103,6.763940473319963e-05,5.7941346312873065e-05
swin,2,0,714,mitdb/201-202,mitdb/202,71,26000,ARR,ARR,0.9998750686645508,5.72106109757442e-05,6.773659697500989e-05
swin,2,0,715,mitdb/201-202,mitdb/202,71,37000,ARR,ARR,0.9998722076416016,5.424625123851001e-05,7.355121488217264e-05
swin,2,0,716,mitdb/201-202,mitdb/202,71,41500,ARR,ARR,0.9998723268508911,5.8671648730523884e-05,6.896108243381605e-05
swin,2,0,717,mitdb/201-202,mitdb/202,71,50500,ARR,ARR,0.9998762607574463,6.057370774215087e-05,6.311946344794706e-05
swin,2,0,718,mitdb/201-202,mitdb/202,71,53500,ARR,ARR,0.9998757839202881,6.183928780956194e-05,6.228449638001621e-05
swin,2,0,719,mitdb/201-202,mitdb/202,71,64000,ARR,ARR,0.9998587369918823,4.165050995652564e-05,9.964944911189377e-05
swin,2,0,760,mitdb/209,mitdb/209,76,11000,ARR,NSR,0.19415417313575745,0.00027511510415934026,0.805570662021637
swin,2,0,761,mitdb/209,mitdb/209,76,16500,ARR,ARR,0.9997718930244446,3.019949326699134e-05,0.00019793536921497434
swin,2,0,762,mitdb/209,mitdb/209,76,24000,ARR,ARR,0.9995155334472656,4.0277187508763745e-05,0.00044420978520065546
swin,2,0,763,mitdb/209,mitdb/209,76,32500,ARR,ARR,0.9998134970664978,3.3168907975777984e-05,0.00015333943883888423
swin,2,0,764,mitdb/209,mitdb/209,76,43000,ARR,ARR,0.9998565912246704,4.45284676970914e-05,9.883322491077706e-05
swin,2,0,765,mitdb/209,mitdb/209,76,45000,ARR,ARR,0.9619988799095154,0.0006085205241106451,0.037392642349004745
swin,2,0,766,mitdb/209,mitdb/209,76,49000,ARR,ARR,0.5962494015693665,0.00029211147921159863,0.40345850586891174
swin,2,0,767,mitdb/209,mitdb/209,76,50000,ARR,ARR,0.6912811398506165,0.28505828976631165,0.023660533130168915
swin,2,0,768,mitdb/209,mitdb/209,76,55500,ARR,ARR,0.9998303651809692,4.346804416854866e-05,0.00012605117808561772
swin,2,0,769,mitdb/209,mitdb/209,76,56000,ARR,ARR,0.999868631362915,6.873181700939313e-05,6.253074388951063e-05
swin,2,0,860,mitdb/221,mitdb/221,86,3000,ARR,ARR,0.9998608827590942,4.448218169272877e-05,9.457955457037315e-05
swin,2,0,861,mitdb/221,mitdb/221,86,4000,ARR,ARR,0.9998621940612793,4.338320286478847e-05,9.444131865166128e-05
swin,2,0,862,mitdb/221,mitdb/221,86,10000,ARR,ARR,0.999871015548706,6.480306183220819e-05,6.412564835045487e-05
swin,2,0,863,mitdb/221,mitdb/221,86,15000,ARR,ARR,0.9998629093170166,5.067376696388237e-05,8.644982881378382e-05
swin,2,0,864,mitdb/221,mitdb/221,86,23000,ARR,ARR,0.9998753070831299,6.87152351019904e-05,5.602071905741468e-05
swin,2,0,865,mitdb/221,mitdb/221,86,27000,ARR,ARR,0.9998736381530762,5.7009176089195535e-05,6.940925231901929e-05
swin,2,0,866,mitdb/221,mitdb/221,86,27500,ARR,ARR,0.9998711347579956,5.8341986004961655e-05,7.054764137137681e-05
swin,2,0,867,mitdb/221,mitdb/221,86,37000,ARR,ARR,0.9998762607574463,5.7410063163843006e-05,6.631183350691572e-05
swin,2,0,868,mitdb/221,mitdb/221,86,53000,ARR,ARR,0.9998668432235718,7.104242831701413e-05,6.209877028595656e-05
swin,2,0,869,mitdb/221,mitdb/221,86,56000,ARR,ARR,0.9998667240142822,4.410892870509997e-05,8.911021723179147e-05
swin,2,0,890,mitdb/223,mitdb/223,89,3000,ARR,ARR,0.9998769760131836,6.0674927226500586e-05,6.231141742318869e-05
swin,2,0,891,mitdb/223,mitdb/223,89,21000,ARR,ARR,0.9998688697814941,4.628558599506505e-05,8.485792204737663e-05
swin,2,0,892,mitdb/223,mitdb/223,89,31500,ARR,ARR,0.9998763799667358,5.557602707995102e-05,6.803610449424013e-05
swin,2,0,893,mitdb/223,mitdb/223,89,37500,ARR,ARR,0.9998760223388672,6.102572660893202e-05,6.291553290793672e-05
swin,2,0,894,mitdb/223,mitdb/223,89,39000,ARR,ARR,0.9998714923858643,5.540772690437734e-05,7.305295002879575e-05
swin,2,0,895,mitdb/223,mitdb/223,89,47000,ARR,ARR,0.9998747110366821,6.401137943612412e-05,6.124340870883316e-05
swin,2,0,896,mitdb/223,mitdb/223,89,47500,ARR,ARR,0.9998745918273926,5.535740274353884e-05,7.011940761003643e-05
swin,2,0,897,mitdb/223,mitdb/223,89,49000,ARR,ARR,0.9998762607574463,6.017004488967359e-05,6.354029756039381e-05
swin,2,0,898,mitdb/223,mitdb/223,89,54500,ARR,ARR,0.9998123049736023,0.0001275296090170741,6.02019572397694e-05
swin,2,0,899,mitdb/223,mitdb/223,89,56000,ARR,ARR,0.9998764991760254,5.655996938003227e-05,6.688824942102656e-05
swin,2,0,920,mitdb/231,mitdb/231,92,2000,ARR,ARR,0.9986843466758728,0.0010184922721236944,0.00029721236205659807
swin,2,0,921,mitdb/231,mitdb/231,92,23000,ARR,ARR,0.9998735189437866,4.739265568787232e-05,7.89814002928324e-05
swin,2,0,922,mitdb/231,mitdb/231,92,25500,ARR,ARR,0.9998774528503418,5.0287635531276464e-05,7.220813859021291e-05
swin,2,0,923,mitdb/231,mitdb/231,92,34500,ARR,ARR,0.9986009001731873,0.0012405466986820102,0.00015855534002184868
swin,2,0,924,mitdb/231,mitdb/231,92,40000,ARR,ARR,0.9998507499694824,8.487151353619993e-05,6.436931289499626e-05
swin,2,0,925,mitdb/231,mitdb/231,92,45500,ARR,ARR,0.999876856803894,5.012973633711226e-05,7.298329001059756e-05
swin,2,0,926,mitdb/231,mitdb/231,92,54000,ARR,ARR,0.9998782873153687,5.229813905316405e-05,6.931781535968184e-05
swin,2,0,927,mitdb/231,mitdb/231,92,55000,ARR,ARR,0.9998782873153687,5.2793089707847685e-05,6.886337359901518e-05
swin,2,0,928,mitdb/231,mitdb/231,92,56500,ARR,ARR,0.9998769760131836,6.052212484064512e-05,6.241336086532101e-05
swin,2,0,929,mitdb/231,mitdb/231,92,57000,ARR,ARR,0.9998775720596313,5.7918266975320876e-05,6.442698213504627e-05
swin,2,0,980,chfdb/chf11,chfdb/chf11,98,500,CHF,ARR,0.7447792887687683,0.255142480134964,7.822380575817078e-05
swin,2,0,981,chfdb/chf11,chfdb/chf11,98,16500,CHF,CHF,0.00014191711670719087,0.9998219609260559,3.6197197914589196e-05
swin,2,0,982,chfdb/chf11,chfdb/chf11,98,27500,CHF,CHF,7.573595212306827e-05,0.9998700618743896,5.41880217497237e-05
swin,2,0,983,chfdb/chf11,chfdb/chf11,98,34000,CHF,CHF,0.00018613792781252414,0.9997797608375549,3.4163709642598405e-05
swin,2,0,984,chfdb/chf11,chfdb/chf11,98,42000,CHF,CHF,7.164636190282181e-05,0.9998719692230225,5.632459942717105e-05
swin,2,0,985,chfdb/chf11,chfdb/chf11,98,43000,CHF,CHF,8.890572644304484e-05,0.9998610019683838,5.0124115659855306e-05
swin,2,0,986,chfdb/chf11,chfdb/chf11,98,51500,CHF,CHF,0.00028798813582398,0.9996838569641113,2.8205953640281223e-05
swin,2,0,987,chfdb/chf11,chfdb/chf11,98,55500,CHF,CHF,0.03390215337276459,0.9658990502357483,0.00019878623425029218
swin,2,0,988,chfdb/chf11,chfdb/chf11,98,56000,CHF,CHF,0.000305037887301296,0.999665379524231,2.960290657938458e-05
swin,2,0,989,chfdb/chf11,chfdb/chf11,98,61500,CHF,CHF,0.0011470008175820112,0.9988318085670471,2.1245474272291176e-05
swin,2,0,1010,chfdb/chf14,chfdb/chf14,101,2000,CHF,ARR,0.9284104704856873,0.07154985517263412,3.977589585701935e-05
swin,2,0,1011,chfdb/chf14,chfdb/chf14,101,15500,CHF,CHF,0.0005988639895804226,0.99937504529953,2.6128995159524493e-05
swin,2,0,1012,chfdb/chf14,chfdb/chf14,101,23500,CHF,CHF,0.00031734214280731976,0.9996496438980103,3.3031155908247456e-05
swin,2,0,1013,chfdb/chf14,chfdb/chf14,101,31500,CHF,ARR,0.8139454126358032,0.1859915554523468,6.293786282185465e-05
swin,2,0,1014,chfdb/chf14,chfdb/chf14,101,33000,CHF,ARR,0.9885977506637573,0.011368299834430218,3.392071812413633e-05
swin,2,0,1015,chfdb/chf14,chfdb/chf14,101,36500,CHF,ARR,0.9526840448379517,0.047232553362846375,8.338010957231745e-05
swin,2,0,1016,chfdb/chf14,chfdb/chf14,101,46000,CHF,ARR,0.6885559558868408,0.31115642189979553,0.0002876398793887347
swin,2,0,1017,chfdb/chf14,chfdb/chf14,101,52000,CHF,CHF,0.00030649572727270424,0.9996572732925415,3.623516749939881e-05
swin,2,0,1018,chfdb/chf14,chfdb/chf14,101,58500,CHF,CHF,0.0007955222972668707,0.9991735816001892,3.085757634835318e-05
swin,2,0,1019,chfdb/chf14,chfdb/chf14,101,62500,CHF,CHF,0.0028283342253416777,0.9971325397491455,3.910110899596475e-05
swin,2,0,1060,chfdb/chf04,chfdb/chf04,106,2500,CHF,CHF,3.727669172803871e-05,0.9994750618934631,0.0004876676248386502
swin,2,0,1061,chfdb/chf04,chfdb/chf04,106,3000,CHF,ARR,0.947817325592041,0.04939191788434982,0.0027907146140933037
swin,2,0,1062,chfdb/chf04,chfdb/chf04,106,4000,CHF,ARR,0.9856093525886536,0.01012866199016571,0.004261964000761509
swin,2,0,1063,chfdb/chf04,chfdb/chf04,106,16000,CHF,ARR,0.9987043142318726,0.0005317781469784677,0.0007638688548468053
swin,2,0,1064,chfdb/chf04,chfdb/chf04,106,16500,CHF,ARR,0.9752844572067261,0.022193655371665955,0.002521802904084325
swin,2,0,1065,chfdb/chf04,chfdb/chf04,106,18000,CHF,ARR,0.9998445510864258,9.51777255977504e-05,6.019930515321903e-05
swin,2,0,1066,chfdb/chf04,chfdb/chf04,106,28500,CHF,ARR,0.9511597752571106,0.04879383742809296,4.637270831153728e-05
swin,2,0,1067,chfdb/chf04,chfdb/chf04,106,36500,CHF,ARR,0.9977779984474182,0.001976253231987357,0.0002457701484672725
swin,2,0,1068,chfdb/chf04,chfdb/chf04,106,41000,CHF,ARR,0.9997707009315491,3.358605317771435e-05,0.00019566943228710443
swin,2,0,1069,chfdb/chf04,chfdb/chf04,106,63000,CHF,ARR,0.9989147186279297,0.0009551724651828408,0.0001301060983678326
swin,2,0,1140,chfdb/chf11,chfdb/chf11,114,7500,CHF,ARR,0.9842616319656372,0.015712084248661995,2.6271603928762488e-05
swin,2,0,1141,chfdb/chf11,chfdb/chf11,114,13500,CHF,ARR,0.5751066207885742,0.424764484167099,0.00012887729099020362
swin,2,0,1142,chfdb/chf11,chfdb/chf11,114,21000,CHF,ARR,0.9926141500473022,0.007345221936702728,4.062606967636384e-05
swin,2,0,1143,chfdb/chf11,chfdb/chf11,114,21500,CHF,ARR,0.978377103805542,0.021593045443296432,2.9838583941455e-05
swin,2,0,1144,chfdb/chf11,chfdb/chf11,114,28000,CHF,ARR,0.5560616850852966,0.4438072741031647,0.0001310123479925096
swin,2,0,1145,chfdb/chf11,chfdb/chf11,114,29000,CHF,CHF,0.0027785906568169594,0.9971985816955566,2.27797881962033e-05
swin,2,0,1146,chfdb/chf11,chfdb/chf11,114,44000,CHF,CHF,0.0002547851181589067,0.9997074007987976,3.7829424400115386e-05
swin,2,0,1147,chfdb/chf11,chfdb/chf11,114,52500,CHF,CHF,0.00027088605565950274,0.9996850490570068,4.4056348997401074e-05
swin,2,0,1148,chfdb/chf11,chfdb/chf11,114,54000,CHF,CHF,0.399519145488739,0.6004178524017334,6.300202221609652e-05
swin,2,0,1149,chfdb/chf11,chfdb/chf11,114,64000,CHF,CHF,0.0006691794842481613,0.9992983341217041,3.250657027820125e-05
swin,2,0,1170,chfdb/chf14,chfdb/chf14,117,1000,CHF,CHF,0.0001287903869524598,0.9998327493667603,3.8373018469428644e-05
swin,2,0,1171,chfdb/chf14,chfdb/chf14,117,5500,CHF,ARR,0.9612169861793518,0.03862188011407852,0.00016109607531689107
swin,2,0,1172,chfdb/chf14,chfdb/chf14,117,10000,CHF,CHF,0.0001855131413321942,0.9997829794883728,3.154524529236369e-05
swin,2,0,1173,chfdb/chf14,chfdb/chf14,117,12500,CHF,CHF,0.0009740450186654925,0.9989985823631287,2.7338615836924873e-05
swin,2,0,1174,chfdb/chf14,chfdb/chf14,117,14000,CHF,CHF,0.0007621140102855861,0.9992119073867798,2.5942395950551145e-05
swin,2,0,1175,chfdb/chf14,chfdb/chf14,117,24000,CHF,CHF,0.00319578405469656,0.996773898601532,3.0293496820377186e-05
swin,2,0,1176,chfdb/chf14,chfdb/chf14,117,30000,CHF,CHF,0.4484196901321411,0.551326334476471,0.0002539767883718014
swin,2,0,1177,chfdb/chf14,chfdb/chf14,117,46500,CHF,CHF,0.00018938769062515348,0.9997740387916565,3.662425297079608e-05
swin,2,0,1178,chfdb/chf14,chfdb/chf14,117,53500,CHF,CHF,0.000318822538247332,0.9996517896652222,2.9402293876046315e-05
swin,2,0,1179,chfdb/chf14,chfdb/chf14,117,63000,CHF,CHF,0.0001059914065990597,0.9998517036437988,4.2317245970480144e-05
swin,2,0,1200,chfdb/chf04,chfdb/chf04,120,2000,CHF,ARR,0.9639458656311035,0.018426135182380676,0.017627976834774017
swin,2,0,1201,chfdb/chf04,chfdb/chf04,120,8000,CHF,CHF,0.007046934217214584,0.9928019046783447,0.00015122459444683045
swin,2,0,1202,chfdb/chf04,chfdb/chf04,120,19500,CHF,CHF,0.0008105749730020761,0.999147891998291,4.1528714064043015e-05
swin,2,0,1203,chfdb/chf04,chfdb/chf04,120,22000,CHF,CHF,4.171346881776117e-05,0.9998014569282532,0.00015682366210967302
swin,2,0,1204,chfdb/chf04,chfdb/chf04,120,33500,CHF,CHF,0.00028817023849114776,0.9996637105941772,4.8099147534230724e-05
swin,2,0,1205,chfdb/chf04,chfdb/chf04,120,40500,CHF,CHF,0.004323523957282305,0.9954614043235779,0.00021501799346879125
swin,2,0,1206,chfdb/chf04,chfdb/chf04,120,44000,CHF,CHF,0.00026997263194061816,0.9996813535690308,4.8690471885493025e-05
swin,2,0,1207,chfdb/chf04,chfdb/chf04,120,52500,CHF,ARR,0.715122640132904,0.2846793234348297,0.0001980597007786855
swin,2,0,1208,chfdb/chf04,chfdb/chf04,120,63000,CHF,CHF,0.000989982159808278,0.9989649057388306,4.513254316407256e-05
swin,2,0,1209,chfdb/chf04,chfdb/chf04,120,64000,CHF,CHF,0.003565138205885887,0.9958699345588684,0.0005648536025546491
swin,2,0,1260,nsrdb/16265,nsrdb/16265,126,8000,NSR,CHF,0.00012038371642120183,0.9998224377632141,5.720094122807495e-05
swin,2,0,1261,nsrdb/16265,nsrdb/16265,126,10500,NSR,CHF,5.286290615913458e-05,0.9998656511306763,8.14980739960447e-05
swin,2,0,1262,nsrdb/16265,nsrdb/16265,126,16000,NSR,ARR,0.826452374458313,0.17310893535614014,0.0004386867512948811
swin,2,0,1263,nsrdb/16265,nsrdb/16265,126,19500,NSR,CHF,0.0009095179848372936,0.9990563988685608,3.408577322261408e-05
swin,2,0,1264,nsrdb/16265,nsrdb/16265,126,24500,NSR,CHF,6.298851076280698e-05,0.9997640252113342,0.00017293737619183958
swin,2,0,1265,nsrdb/16265,nsrdb/16265,126,30000,NSR,CHF,4.533497485681437e-05,0.9998632669448853,9.137266170000657e-05
swin,2,0,1266,nsrdb/16265,nsrdb/16265,126,39500,NSR,CHF,0.11095692962408066,0.8343976736068726,0.05464538186788559
swin,2,0,1267,nsrdb/16265,nsrdb/16265,126,47500,NSR,CHF,4.9133479478769004e-05,0.9998761415481567,7.471832941519096e-05
swin,2,0,1268,nsrdb/16265,nsrdb/16265,126,48500,NSR,ARR,0.6549233794212341,0.3360225558280945,0.009054021909832954
swin,2,0,1269,nsrdb/16265,nsrdb/16265,126,63500,NSR,ARR,0.7531605958938599,0.23786546289920807,0.008973919786512852
swin,2,0,1320,nsrdb/19090,nsrdb/19090,132,500,NSR,NSR,9.884779865387827e-05,6.687234417768195e-05,0.9998342990875244
swin,2,0,1321,nsrdb/19090,nsrdb/19090,132,3000,NSR,NSR,9.831800707615912e-05,7.698736590100452e-05,0.9998247027397156
swin,2,0,1322,nsrdb/19090,nsrdb/19090,132,4000,NSR,NSR,0.00012427105684764683,6.594463775400072e-05,0.9998098015785217
swin,2,0,1323,nsrdb/19090,nsrdb/19090,132,20500,NSR,NSR,0.0023765151854604483,3.1023148039821535e-05,0.9975923895835876
swin,2,0,1324,nsrdb/19090,nsrdb/19090,132,22000,NSR,NSR,0.4275284707546234,0.0001587597216712311,0.5723128318786621
swin,2,0,1325,nsrdb/19090,nsrdb/19090,132,41500,NSR,NSR,0.0014740769984200597,3.572255445760675e-05,0.9984902143478394
swin,2,0,1326,nsrdb/19090,nsrdb/19090,132,55000,NSR,NSR,0.00020024360856041312,5.341420546756126e-05,0.9997463822364807
swin,2,0,1327,nsrdb/19090,nsrdb/19090,132,55500,NSR,NSR,8.078401879174635e-05,8.763638470554724e-05,0.9998315572738647
swin,2,0,1328,nsrdb/19090,nsrdb/19090,132,59000,NSR,NSR,0.00020306229998823255,4.751764936372638e-05,0.9997493624687195
swin,2,0,1329,nsrdb/19090,nsrdb/19090,132,64000,NSR,NSR,0.003128901356831193,0.00014856335474178195,0.9967226386070251
swin,2,0,1340,nsrdb/19140,nsrdb/19140,134,0,NSR,NSR,0.0001971607853192836,4.390173853607848e-05,0.9997590184211731
swin,2,0,1341,nsrdb/19140,nsrdb/19140,134,3000,NSR,NSR,0.00015774802886880934,4.888307012151927e-05,0.9997933506965637
swin,2,0,1342,nsrdb/19140,nsrdb/19140,134,6500,NSR,NSR,0.0005204027984291315,0.00027472563670016825,0.9992049336433411
swin,2,0,1343,nsrdb/19140,nsrdb/19140,134,15500,NSR,NSR,0.00014337881293613464,5.7819557696348056e-05,0.9997988343238831
swin,2,0,1344,nsrdb/19140,nsrdb/19140,134,21000,NSR,ARR,0.97406005859375,6.39803329249844e-05,0.025875961408019066
swin,2,0,1345,nsrdb/19140,nsrdb/19140,134,37500,NSR,NSR,0.33090102672576904,0.0025777530390769243,0.6665211915969849
swin,2,0,1346,nsrdb/19140,nsrdb/19140,134,38500,NSR,NSR,0.009781860746443272,0.0005273799179121852,0.9896907806396484
swin,2,0,1347,nsrdb/19140,nsrdb/19140,134,41500,NSR,NSR,0.17823760211467743,0.00022100910427980125,0.8215413689613342
swin,2,0,1348,nsrdb/19140,nsrdb/19140,134,58000,NSR,ARR,0.9998553991317749,4.750972948386334e-05,9.701638191472739e-05
swin,2,0,1349,nsrdb/19140,nsrdb/19140,134,65000,NSR,ARR,0.9657520055770874,0.0022563915699720383,0.031991563737392426
swin,2,0,1360,nsrdb/16265,nsrdb/16265,136,5000,NSR,NSR,0.35735809803009033,0.00014399498468264937,0.6424978971481323
swin,2,0,1361,nsrdb/16265,nsrdb/16265,136,9000,NSR,ARR,0.9937847852706909,5.06880933244247e-05,0.006164491642266512
swin,2,0,1362,nsrdb/16265,nsrdb/16265,136,14500,NSR,NSR,0.0005886157741770148,4.236940367263742e-05,0.9993689656257629
swin,2,0,1363,nsrdb/16265,nsrdb/16265,136,16500,NSR,NSR,0.00020462553948163986,5.7130113418679684e-05,0.9997382760047913
swin,2,0,1364,nsrdb/16265,nsrdb/16265,136,29500,NSR,ARR,0.9998650550842285,7.556178024969995e-05,5.9415997384348884e-05
swin,2,0,1365,nsrdb/16265,nsrdb/16265,136,37500,NSR,ARR,0.9998227953910828,3.91229368688073e-05,0.00013816288264933974
swin,2,0,1366,nsrdb/16265,nsrdb/16265,136,47000,NSR,ARR,0.9994872808456421,0.00018260267097502947,0.000330088339978829
swin,2,0,1367,nsrdb/16265,nsrdb/16265,136,49000,NSR,NSR,0.00024115302949212492,4.362349500297569e-05,0.9997151494026184
swin,2,0,1368,nsrdb/16265,nsrdb/16265,136,51500,NSR,ARR,0.9936356544494629,0.0018815579824149609,0.004482707008719444
swin,2,0,1369,nsrdb/16265,nsrdb/16265,136,60500,NSR,ARR,0.9997832179069519,3.449178984737955e-05,0.00018232851289212704
swin,2,0,1440,nsrdb/16786,nsrdb/16786,144,2000,NSR,NSR,9.952922846423462e-05,6.812218634877354e-05,0.999832272529602
swin,2,0,1441,nsrdb/16786,nsrdb/16786,144,9500,NSR,NSR,7.64853903092444e-05,8.567648910684511e-05,0.9998377561569214
swin,2,0,1442,nsrdb/16786,nsrdb/16786,144,19000,NSR,NSR,0.00011408884893171489,6.312306504696608e-05,0.9998227953910828
swin,2,0,1443,nsrdb/16786,nsrdb/16786,144,28500,NSR,NSR,0.03892038017511368,0.0001941734371939674,0.9608854651451111
swin,2,0,1444,nsrdb/16786,nsrdb/16786,144,37000,NSR,NSR,7.742197340121493e-05,9.609424159862101e-05,0.9998264908790588
swin,2,0,1445,nsrdb/16786,nsrdb/16786,144,46000,NSR,NSR,0.00010288602788932621,6.694774492643774e-05,0.9998301267623901
swin,2,0,1446,nsrdb/16786,nsrdb/16786,144,50000,NSR,NSR,0.000124659069115296,6.005367686157115e-05,0.9998152852058411
swin,2,0,1447,nsrdb/16786,nsrdb/16786,144,54000,NSR,NSR,8.934507059166208e-05,7.147026190068573e-05,0.9998390674591064
swin,2,0,1448,nsrdb/16786,nsrdb/16786,144,62000,NSR,NSR,0.0001141686225309968,6.210905849002302e-05,0.9998237490653992
swin,2,0,1449,nsrdb/16786,nsrdb/16786,144,65000,NSR,NSR,0.00014070418546907604,5.201048406888731e-05,0.9998072981834412
swin,2,0,1520,nsrdb/19090,nsrdb/19090,152,0,NSR,NSR,8.384933607885614e-05,8.323362999362871e-05,0.9998329877853394
swin,2,0,1521,nsrdb/19090,nsrdb/19090,152,8000,NSR,NSR,4.273901868145913e-05,0.0003893031971529126,0.9995679259300232
swin,2,0,1522,nsrdb/19090,nsrdb/19090,152,26000,NSR,NSR,7.264157466124743e-05,8.958282705862075e-05,0.9998377561569214
swin,2,0,1523,nsrdb/19090,nsrdb/19090,152,28000,NSR,NSR,5.608794526779093e-05,0.0001633436477277428,0.9997804760932922
swin,2,0,1524,nsrdb/19090,nsrdb/19090,152,33500,NSR,NSR,4.803431511390954e-05,0.00027515829424373806,0.9996768236160278
swin,2,0,1525,nsrdb/19090,nsrdb/19090,152,35000,NSR,NSR,4.4839809561381117e-05,0.00022722721041645855,0.9997279047966003
swin,2,0,1526,nsrdb/19090,nsrdb/19090,152,41500,NSR,NSR,3.2024858228396624e-05,0.0017375502502545714,0.998230516910553
swin,2,0,1527,nsrdb/19090,nsrdb/19090,152,51000,NSR,NSR,4.224754229653627e-05,0.0004545830888673663,0.9995031356811523
swin,2,0,1528,nsrdb/19090,nsrdb/19090,152,61000,NSR,NSR,4.2310788558097556e-05,0.0004148758016526699,0.9995428323745728
swin,2,0,1529,nsrdb/19090,nsrdb/19090,152,64000,NSR,NSR,6.065553316147998e-05,0.000230382225709036,0.9997089505195618
swin,2,0,1540,nsrdb/19140,nsrdb/19140,154,4500,NSR,NSR,5.033429988543503e-05,0.00018043875752482563,0.9997692704200745
swin,2,0,1541,nsrdb/19140,nsrdb/19140,154,5500,NSR,NSR,6.220555223990232e-05,0.0001476112229283899,0.9997901320457458
swin,2,0,1542,nsrdb/19140,nsrdb/19140,154,7000,NSR,NSR,4.940548024023883e-05,0.000303417444229126,0.9996471405029297
swin,2,0,1543,nsrdb/19140,nsrdb/19140,154,10000,NSR,NSR,2.749178202066105e-05,0.0016212728805840015,0.9983512163162231
swin,2,0,1544,nsrdb/19140,nsrdb/19140,154,17000,NSR,NSR,6.557255983352661e-05,0.00010268259939039126,0.9998316764831543
swin,2,0,1545,nsrdb/19140,nsrdb/19140,154,29000,NSR,NSR,0.008550919592380524,0.00012595094449352473,0.9913231134414673
swin,2,0,1546,nsrdb/19140,nsrdb/19140,154,41000,NSR,NSR,0.031351570039987564,0.3146666884422302,0.6539817452430725
swin,2,0,1547,nsrdb/19140,nsrdb/19140,154,50500,NSR,NSR,0.0014911394100636244,6.759921961929649e-05,0.9984412789344788
swin,2,0,1548,nsrdb/19140,nsrdb/19140,154,62000,NSR,NSR,5.712472557206638e-05,0.00019211831386201084,0.9997507929801941
swin,2,0,1549,nsrdb/19140,nsrdb/19140,154,64000,NSR,NSR,6.978719466133043e-05,0.00012016085383947939,0.9998100399971008
swin,2,0,1600,nsrdb/16786,nsrdb/16786,160,5500,NSR,ARR,0.9986483454704285,0.00017783994553610682,0.0011738163884729147
swin,2,0,1601,nsrdb/16786,nsrdb/16786,160,12000,NSR,ARR,0.9998332262039185,9.28339286474511e-05,7.389404345303774e-05
swin,2,0,1602,nsrdb/16786,nsrdb/16786,160,21500,NSR,ARR,0.927118182182312,0.0007808379596099257,0.07210102677345276
swin,2,0,1603,nsrdb/16786,nsrdb/16786,160,25000,NSR,NSR,0.0003769555187318474,4.131698005949147e-05,0.9995817542076111
swin,2,0,1604,nsrdb/16786,nsrdb/16786,160,30000,NSR,ARR,0.9996901750564575,0.00014868400467094034,0.00016114366007968783
swin,2,0,1605,nsrdb/16786,nsrdb/16786,160,35000,NSR,NSR,0.40033501386642456,0.00025347794871777296,0.5994115471839905
swin,2,0,1606,nsrdb/16786,nsrdb/16786,160,47000,NSR,NSR,0.00015359721146523952,6.791995110688731e-05,0.9997784495353699
swin,2,0,1607,nsrdb/16786,nsrdb/16786,160,52000,NSR,ARR,0.6357572078704834,0.000305603927699849,0.3639371693134308
swin,2,0,1608,nsrdb/16786,nsrdb/16786,160,54500,NSR,NSR,6.765434227418154e-05,0.0001716363476589322,0.9997606873512268
swin,2,0,1609,nsrdb/16786,nsrdb/16786,160,64000,NSR,NSR,0.00013430781837087125,0.02755272388458252,0.972312867641449
logistic,,1,20,mitdb/111,mitdb/111,2,0,ARR,ARR,0.9966199398040771,0.00018076217384077609,0.0031993049196898937
logistic,,1,21,mitdb/111,mitdb/111,2,500,ARR,ARR,0.9993365406990051,2.471192055963911e-05,0.0006387289613485336
logistic,,1,22,mitdb/111,mitdb/111,2,1500,ARR,ARR,0.9920726418495178,0.0003631689178291708,0.007564241532236338
logistic,,1,23,mitdb/111,mitdb/111,2,7500,ARR,ARR,0.9999817609786987,6.758596668987593e-07,1.7567328541190363e-05
logistic,,1,24,mitdb/111,mitdb/111,2,25000,ARR,ARR,0.9999796152114868,3.5105442748317728e-06,1.6916997992666438e-05
logistic,,1,25,mitdb/111,mitdb/111,2,25500,ARR,ARR,0.9985294342041016,5.381167648010887e-05,0.00141678168438375
logistic,,1,26,mitdb/111,mitdb/111,2,29000,ARR,ARR,0.9914233088493347,4.937813173455652e-06,0.008571775630116463
logistic,,1,27,mitdb/111,mitdb/111,2,34000,ARR,ARR,0.9992764592170715,4.626651843864238e-06,0.000718925439286977
logistic,,1,28,mitdb/111,mitdb/111,2,42000,ARR,ARR,0.9971784353256226,0.00010035836749011651,0.0027212870772928
logistic,,1,29,mitdb/111,mitdb/111,2,43000,ARR,ARR,0.9994282126426697,1.3276572872200632e-06,0.0005704155191779137
logistic,,1,50,mitdb/114,mitdb/114,5,2500,ARR,ARR,0.9977678060531616,8.295130138336049e-10,0.0022322386503219604
logistic,,1,51,mitdb/114,mitdb/114,5,5000,ARR,ARR,0.9975427389144897,6.877504676872093e-10,0.0024573130067437887
logistic,,1,52,mitdb/114,mitdb/114,5,15500,ARR,ARR,0.9994612336158752,6.02544569794361e-10,0.0005387227283790708
logistic,,1,53,mitdb/114,mitdb/114,5,20000,ARR,ARR,0.9981552958488464,9.727401106829348e-10,0.0018446554895490408
logistic,,1,54,mitdb/114,mitdb/114,5,23500,ARR,ARR,0.9992719292640686,2.9360791575783196e-10,0.0007281083380803466
logistic,,1,55,mitdb/114,mitdb/114,5,25000,ARR,ARR,0.9858732223510742,1.2692223272381398e-08,0.014126736670732498
logistic,,1,56,mitdb/114,mitdb/114,5,38000,ARR,ARR,0.9918970465660095,1.5343010772994603e-07,0.008102872408926487
logistic,,1,57,mitdb/114,mitdb/114,5,50000,ARR,ARR,0.9736437797546387,4.541565346016796e-08,0.02635621465742588
logistic,,1,58,mitdb/114,mitdb/114,5,51500,ARR,ARR,0.999670147895813,2.9581215699181485e-08,0.0003298336814623326
logistic,,1,59,mitdb/114,mitdb/114,5,52000,ARR,ARR,0.9912521243095398,3.907671963787607e-09,0.008747901767492294
logistic,,1,220,mitdb/102,mitdb/102,22,4000,ARR,ARR,0.8769012093544006,0.004480105824768543,0.1186186745762825
logistic,,1,221,mitdb/102,mitdb/102,22,11000,ARR,ARR,0.9843289852142334,0.012156960554420948,0.003513999516144395
logistic,,1,222,mitdb/102,mitdb/102,22,19500,ARR,ARR,0.999327540397644,0.0002691835688892752,0.00040331087075173855
logistic,,1,223,mitdb/102,mitdb/102,22,24500,ARR,NSR,0.3911416232585907,0.005057542119175196,0.603800892829895
logistic,,1,224,mitdb/102,mitdb/102,22,33500,ARR,ARR,0.8156533241271973,0.009647867642343044,0.1746988147497177
logistic,,1,225,mitdb/102,mitdb/102,22,42500,ARR,ARR,0.8255065679550171,0.009803235530853271,0.16469022631645203
logistic,,1,226,mitdb/102,mitdb/102,22,45500,ARR,ARR,0.7222096920013428,0.0032594259828329086,0.27453088760375977
logistic,,1,227,mitdb/102,mitdb/102,22,46000,ARR,ARR,0.9000828862190247,0.003068336984142661,0.09684883058071136
logistic,,1,228,mitdb/102,mitdb/102,22,47500,ARR,ARR,0.7100370526313782,0.030498528853058815,0.25946441292762756
logistic,,1,229,mitdb/102,mitdb/102,22,59500,ARR,ARR,0.7323884963989258,0.002264827722683549,0.2653467059135437
logistic,,1,230,mitdb/208,mitdb/208,23,4500,ARR,ARR,0.9036535620689392,0.0033783623948693275,0.09296809136867523
logistic,,1,231,mitdb/208,mitdb/208,23,8000,ARR,ARR,0.9510495662689209,8.775217429501936e-05,0.048862673342227936
logistic,,1,232,mitdb/208,mitdb/208,23,8500,ARR,ARR,0.9937028288841248,7.1011992986314e-05,0.006226218305528164
logistic,,1,233,mitdb/208,mitdb/208,23,17500,ARR,ARR,0.9990641474723816,3.645704055088572e-06,0.0009321937104687095
logistic,,1,234,mitdb/208,mitdb/208,23,38000,ARR,ARR,0.9890426993370056,5.223825792199932e-05,0.010905048809945583
logistic,,1,235,mitdb/208,mitdb/208,23,47000,ARR,CHF,0.4314327836036682,0.5489031672477722,0.01966407336294651
logistic,,1,236,mitdb/208,mitdb/208,23,55500,ARR,ARR,0.997258186340332,1.9847602743539028e-06,0.0027397582307457924
logistic,,1,237,mitdb/208,mitdb/208,23,57500,ARR,ARR,0.9998632669448853,4.281778274162207e-07,0.00013623943959828466
logistic,,1,238,mitdb/208,mitdb/208,23,62500,ARR,ARR,0.9999232292175293,1.5706332590070815e-07,7.661619019927457e-05
logistic,,1,239,mitdb/208,mitdb/208,23,63500,ARR,ARR,0.9999374151229858,4.3219125700488803e-07,6.216003384906799e-05
logistic,,1,280,mitdb/214,mitdb/214,28,0,ARR,ARR,0.9999092817306519,1.2066422641510144e-05,7.861298945499584e-05
logistic,,1,281,mitdb/214,mitdb/214,28,7000,ARR,ARR,0.9997606873512268,0.00010549400030868128,0.00013380902237258852
logistic,,1,282,mitdb/214,mitdb/214,28,11000,ARR,ARR,0.9953011274337769,0.004365420900285244,0.0003333549830131233
logistic,,1,283,mitdb/214,mitdb/214,28,25500,ARR,ARR,0.6350117921829224,0.01872909627854824,0.34625914692878723
logistic,,1,284,mitdb/214,mitdb/214,28,28000,ARR,ARR,0.9987285733222961,0.0001895690948003903,0.0010819344315677881
logistic,,1,285,mitdb/214,mitdb/214,28,33000,ARR,ARR,0.9999585151672363,1.7692562437332526e-07,4.141545286984183e-05
logistic,,1,286,mitdb/214,mitdb/214,28,35500,ARR,ARR,0.9997687935829163,6.900275184307247e-05,0.00016221812984440476
logistic,,1,287,mitdb/214,mitdb/214,28,48500,ARR,ARR,0.9998818635940552,3.926580029656179e-05,7.885907689342275e-05
logistic,,1,288,mitdb/214,mitdb/214,28,58000,ARR,ARR,0.9991471767425537,0.00011020793317584321,0.0007426952943205833
logistic,,1,289,mitdb/214,mitdb/214,28,63000,ARR,ARR,0.9993864297866821,3.645873584900983e-05,0.0005770495627075434
logistic,,1,290,mitdb/215,mitdb/215,29,0,ARR,NSR,0.04126466438174248,0.0002546294708736241,0.958480715751648
logistic,,1,291,mitdb/215,mitdb/215,29,2500,ARR,NSR,0.0779980719089508,0.0022107791155576706,0.9197912216186523
logistic,,1,292,mitdb/215,mitdb/215,29,19500,ARR,NSR,0.29075896739959717,0.0052051302045583725,0.7040358781814575
logistic,,1,293,mitdb/215,mitdb/215,29,26500,ARR,ARR,0.9913289546966553,4.837176220462425e-06,0.008666184730827808
logistic,,1,294,mitdb/215,mitdb/215,29,27000,ARR,ARR,0.7128757834434509,0.05660539120435715,0.2305188626050949
logistic,,1,295,mitdb/215,mitdb/215,29,42000,ARR,NSR,0.05960885062813759,0.00018326117424294353,0.9402078986167908
logistic,,1,296,mitdb/215,mitdb/215,29,52000,ARR,NSR,0.10303536802530289,0.02250633016228676,0.8744583129882812
logistic,,1,297,mitdb/215,mitdb/215,29,59500,ARR,NSR,0.13787780702114105,0.025956807658076286,0.8361654281616211
logistic,,1,298,mitdb/215,mitdb/215,29,62500,ARR,NSR,0.14105908572673798,0.005526366643607616,0.8534144759178162
logistic,,1,299,mitdb/215,mitdb/215,29,63000,ARR,NSR,0.3095782697200775,0.02365739643573761,0.6667643189430237
logistic,,1,300,mitdb/217,mitdb/217,30,6000,ARR,ARR,0.9888024926185608,0.011187468655407429,1.0007763194153085e-05
logistic,,1,301,mitdb/217,mitdb/217,30,8000,ARR,ARR,0.819362998008728,0.1805625855922699,7.440914487233385e-05
logistic,,1,302,mitdb/217,mitdb/217,30,17500,ARR,ARR,0.9747471809387207,0.025239750742912292,1.295985475735506e-05
logistic,,1,303,mitdb/217,mitdb/217,30,18000,ARR,ARR,0.9888908863067627,0.011083387769758701,2.5693683710414916e-05
logistic,,1,304,mitdb/217,mitdb/217,30,36500,ARR,ARR,0.9829313158988953,0.013907359912991524,0.0031613879837095737
logistic,,1,305,mitdb/217,mitdb/217,30,37500,ARR,ARR,0.9975920915603638,0.0019975483883172274,0.00041039465577341616
logistic,,1,306,mitdb/217,mitdb/217,30,43000,ARR,ARR,0.7845444083213806,0.21544574201107025,9.827069334278349e-06
logistic,,1,307,mitdb/217,mitdb/217,30,48500,ARR,ARR,0.999302864074707,0.0006353933131322265,6.174000009195879e-05
logistic,,1,308,mitdb/217,mitdb/217,30,56500,ARR,ARR,0.9612658023834229,0.03848792240023613,0.00024625795776955783
logistic,,1,309,mitdb/217,mitdb/217,30,57000,ARR,ARR,0.99934321641922,0.000637593911960721,1.918025009217672e-05
logistic,,1,310,mitdb/219,mitdb/219,31,7500,ARR,ARR,0.9574227929115295,0.00994885340332985,0.032628435641527176
logistic,,1,311,mitdb/219,mitdb/219,31,18000,ARR,ARR,0.9524022936820984,0.01205437071621418,0.035543348640203476
logistic,,1,312,mitdb/219,mitdb/219,31,18500,ARR,ARR,0.9453513026237488,0.04233584180474281,0.012312819249927998
logistic,,1,313,mitdb/219,mitdb/219,31,19000,ARR,NSR,0.351287841796875,0.22555626928806305,0.42315587401390076
logistic,,1,314,mitdb/219,mitdb/219,31,23000,ARR,ARR,0.7517094016075134,0.03416433930397034,0.21412624418735504
logistic,,1,315,mitdb/219,mitdb/219,31,25500,ARR,ARR,0.7192690968513489,0.036665741354227066,0.24406515061855316
logistic,,1,316,mitdb/219,mitdb/219,31,36000,ARR,ARR,0.9876366257667542,0.008540233597159386,0.0038231804501265287
logistic,,1,317,mitdb/219,mitdb/219,31,44000,ARR,ARR,0.44275423884391785,0.14777246117591858,0.4094732701778412
logistic,,1,318,mitdb/219,mitdb/219,31,59500,ARR,ARR,0.5834445953369141,0.18972304463386536,0.22683243453502655
logistic,,1,319,mitdb/219,mitdb/219,31,61000,ARR,ARR,0.9423926472663879,0.004674355499446392,0.052933014929294586
logistic,,1,460,mitdb/102,mitdb/102,46,11000,ARR,ARR,0.7385491132736206,1.7876585843623616e-05,0.2614330053329468
logistic,,1,461,mitdb/102,mitdb/102,46,12500,ARR,ARR,0.6833062767982483,0.3165620267391205,0.00013172527542337775
logistic,,1,462,mitdb/102,mitdb/102,46,14000,ARR,ARR,0.935300886631012,2.570068863860797e-05,0.06467337906360626
logistic,,1,463,mitdb/102,mitdb/102,46,17500,ARR,ARR,0.814663290977478,4.715079558081925e-05,0.18528953194618225
logistic,,1,464,mitdb/102,mitdb/102,46,28000,ARR,ARR,0.7836123108863831,0.21637465059757233,1.3053801922069397e-05
logistic,,1,465,mitdb/102,mitdb/102,46,31500,ARR,ARR,0.9046052694320679,0.09538033604621887,1.4400131476577371e-05
logistic,,1,466,mitdb/102,mitdb/102,46,37000,ARR,ARR,0.5240901112556458,0.47589969635009766,1.018909733829787e-05
logistic,,1,467,mitdb/102,mitdb/102,46,44000,ARR,ARR,0.8367271423339844,0.16326367855072021,9.186874194710981e-06
logistic,,1,468,mitdb/102,mitdb/102,46,44500,ARR,ARR,0.6405378580093384,0.3594591021537781,3.0674991648993455e-06
logistic,,1,469,mitdb/102,mitdb/102,46,50000,ARR,ARR,0.924267053604126,0.07569951564073563,3.3375115890521556e-05
logistic,,1,510,mitdb/107,mitdb/107,51,3000,ARR,CHF,0.3650056719779968,0.6349799036979675,1.448846251150826e-05
logistic,,1,511,mitdb/107,mitdb/107,51,20000,ARR,CHF,0.13173185288906097,0.8682680130004883,2.337229858540013e-07
logistic,,1,512,mitdb/107,mitdb/107,51,20500,ARR,CHF,0.2110796421766281,0.7888933420181274,2.7022424546885304e-05
logistic,,1,513,mitdb/107,mitdb/107,51,24500,ARR,CHF,0.1914096474647522,0.8082981705665588,0.0002922734711319208
logistic,,1,514,mitdb/107,mitdb/107,51,35000,ARR,CHF,0.45742523670196533,0.5425683856010437,6.430117082345532e-06
logistic,,1,515,mitdb/107,mitdb/107,51,37000,ARR,CHF,0.2917265295982361,0.7082628011703491,1.0653724530129693e-05
logistic,,1,516,mitdb/107,mitdb/107,51,38500,ARR,CHF,0.27377739548683167,0.7259307503700256,0.00029190501663833857
logistic,,1,517,mitdb/107,mitdb/107,51,40500,ARR,ARR,0.601327121257782,0.3935433626174927,0.005129505880177021
logistic,,1,518,mitdb/107,mitdb/107,51,41500,ARR,CHF,0.4511273205280304,0.5468837022781372,0.0019889059476554394
logistic,,1,519,mitdb/107,mitdb/107,51,53000,ARR,CHF,0.415439635515213,0.584161639213562,0.00039875792572274804
logistic,,1,540,mitdb/111,mitdb/111,54,10000,ARR,ARR,0.9997891783714294,7.107952842488885e-05,0.00013974829926155508
logistic,,1,541,mitdb/111,mitdb/111,54,13000,ARR,ARR,0.9999418258666992,5.707339005311951e-05,1.1225258731428767e-06
logistic,,1,542,mitdb/111,mitdb/111,54,15500,ARR,ARR,0.9847821593284607,0.015208722092211246,9.039086762641091e-06
logistic,,1,543,mitdb/111,mitdb/111,54,26500,ARR,ARR,0.9958743453025818,0.004072129260748625,5.351669096853584e-05
logistic,,1,544,mitdb/111,mitdb/111,54,28000,ARR,ARR,0.9985722303390503,0.0014026360586285591,2.5094777811318636e-05
logistic,,1,545,mitdb/111,mitdb/111,54,40000,ARR,ARR,0.9990350008010864,0.0009339118259958923,3.112818376393989e-05
logistic,,1,546,mitdb/111,mitdb/111,54,42500,ARR,ARR,0.9990398287773132,0.00019695790251716971,0.0007631626212969422
logistic,,1,547,mitdb/111,mitdb/111,54,50500,ARR,ARR,0.9999266862869263,1.6975560356513597e-05,5.63372959732078e-05
logistic,,1,548,mitdb/111,mitdb/111,54,59000,ARR,ARR,0.9999212026596069,5.998385313432664e-05,1.888202859845478e-05
logistic,,1,549,mitdb/111,mitdb/111,54,64500,ARR,ARR,0.9992257356643677,0.0006519772578030825,0.0001223448198288679
logistic,,1,580,mitdb/114,mitdb/114,58,9000,ARR,ARR,0.9997307658195496,8.045177679605331e-08,0.0002690991386771202
logistic,,1,581,mitdb/114,mitdb/114,58,14500,ARR,ARR,0.9982060194015503,1.624166770852753e-06,0.0017922887345775962
logistic,,1,582,mitdb/114,mitdb/114,58,17000,ARR,ARR,0.9816226959228516,1.1638211617537308e-05,0.018365655094385147
logistic,,1,583,mitdb/114,mitdb/114,58,17500,ARR,ARR,0.9994389414787292,1.512026074124151e-06,0.0005594647373072803
logistic,,1,584,mitdb/114,mitdb/114,58,19000,ARR,ARR,0.9999654293060303,3.734729858706487e-09,3.457323691691272e-05
logistic,,1,585,mitdb/114,mitdb/114,58,25000,ARR,ARR,0.9974668025970459,4.1912091575113664e-08,0.0025332095101475716
logistic,,1,586,mitdb/114,mitdb/114,58,33500,ARR,ARR,0.9987128973007202,9.993271987696062e-07,0.0012861822033300996
logistic,,1,587,mitdb/114,mitdb/114,58,34500,ARR,ARR,0.9992750287055969,4.763637662108522e-08,0.0007250343332998455
logistic,,1,588,mitdb/114,mitdb/114,58,41500,ARR,ARR,0.9990831613540649,7.734088285360485e-07,0.0009161332272924483
logistic,,1,589,mitdb/114,mitdb/114,58,46500,ARR,ARR,0.9930053353309631,1.2919419134505006e-07,0.006994625087827444
logistic,,1,750,mitdb/208,mitdb/208,75,15500,ARR,ARR,0.9902800917625427,0.009512609802186489,0.00020733663404826075
logistic,,1,751,mitdb/208,mitdb/208,75,20000,ARR,ARR,0.8826523423194885,0.11695467680692673,0.0003930260718334466
logistic,,1,752,mitdb/208,mitdb/208,75,28000,ARR,ARR,0.9665520787239075,0.03207177296280861,0.0013761409791186452
logistic,,1,753,mitdb/208,mitdb/208,75,32000,ARR,ARR,0.9917981624603271,0.007497921120375395,0.0007039514021016657
logistic,,1,754,mitdb/208,mitdb/208,75,45500,ARR,ARR,0.9920626282691956,0.007108987309038639,0.0008282682974822819
logistic,,1,755,mitdb/208,mitdb/208,75,50500,ARR,ARR,0.9983426332473755,0.0011452768230810761,0.0005121445283293724
logistic,,1,756,mitdb/208,mitdb/208,75,51500,ARR,ARR,0.9993384480476379,0.0005904528661631048,7.109221769496799e-05
logistic,,1,757,mitdb/208,mitdb/208,75,59000,ARR,ARR,0.9973980188369751,0.0024771997705101967,0.00012489393702708185
logistic,,1,758,mitdb/208,mitdb/208,75,59500,ARR,ARR,0.9985462427139282,0.001163684413768351,0.0002901118132285774
logistic,,1,759,mitdb/208,mitdb/208,75,60000,ARR,ARR,0.9825100302696228,0.0164484865963459,0.001041456707753241
logistic,,1,770,mitdb/107,mitdb/107,77,2500,ARR,ARR,0.970702588558197,0.028394516557455063,0.0009028948843479156
logistic,,1,771,mitdb/107,mitdb/107,77,5500,ARR,ARR,0.8701145052909851,0.12316156178712845,0.006723916158080101
logistic,,1,772,mitdb/107,mitdb/107,77,26000,ARR,ARR,0.9568722248077393,0.04291946813464165,0.00020825436513405293
logistic,,1,773,mitdb/107,mitdb/107,77,27000,ARR,ARR,0.7135191559791565,0.2595445513725281,0.0269362460821867
logistic,,1,774,mitdb/107,mitdb/107,77,28000,ARR,ARR,0.946816623210907,0.04613883048295975,0.007044532801955938
logistic,,1,775,mitdb/107,mitdb/107,77,33000,ARR,ARR,0.7042510509490967,0.29492804408073425,0.0008208858198486269
logistic,,1,776,mitdb/107,mitdb/107,77,35500,ARR,ARR,0.9670001268386841,0.032572340220212936,0.0004275540413800627
logistic,,1,777,mitdb/107,mitdb/107,77,43500,ARR,ARR,0.5891216993331909,0.41031309962272644,0.0005652054096572101
logistic,,1,778,mitdb/107,mitdb/107,77,45000,ARR,ARR,0.713325023651123,0.2865764796733856,9.850974311120808e-05
logistic,,1,779,mitdb/107,mitdb/107,77,62500,ARR,ARR,0.9572854042053223,0.04039258882403374,0.002321932464838028
logistic,,1,810,mitdb/214,mitdb/214,81,11000,ARR,ARR,0.9979937076568604,0.0019678035750985146,3.851029396173544e-05
logistic,,1,811,mitdb/214,mitdb/214,81,12000,ARR,ARR,0.999969482421875,3.039954390260391e-05,1.3586442548785271e-07
logistic,,1,812,mitdb/214,mitdb/214,81,12500,ARR,ARR,0.9999368190765381,5.921892443438992e-05,3.928224487026455e-06
logistic,,1,813,mitdb/214,mitdb/214,81,18000,ARR,ARR,0.9999003410339355,9.870059147942811e-05,8.986215789263952e-07
logistic,,1,814,mitdb/214,mitdb/214,81,22500,ARR,ARR,0.9917764663696289,0.00816042535007,6.316715735010803e-05
logistic,,1,815,mitdb/214,mitdb/214,81,32000,ARR,ARR,0.9923627376556396,0.007633681874722242,3.5948207823821576e-06
logistic,,1,816,mitdb/214,mitdb/214,81,37500,ARR,ARR,0.9981796741485596,0.0018179293256253004,2.4305443275807193e-06
logistic,,1,817,mitdb/214,mitdb/214,81,43000,ARR,ARR,0.9967480897903442,0.003251049667596817,8.772252044764173e-07
logistic,,1,818,mitdb/214,mitdb/214,81,45000,ARR,ARR,0.9999902248382568,6.123783350631129e-06,3.7465222249011276e-06
logistic,,1,819,mitdb/214,mitdb/214,81,47500,ARR,ARR,0.9983580708503723,0.001538785407319665,0.00010312660742783919
logistic,,1,820,mitdb/215,mitdb/215,82,500,ARR,ARR,0.5681990385055542,0.3069583475589752,0.124842569231987
logistic,,1,821,mitdb/215,mitdb/215,82,9500,ARR,ARR,0.8955169320106506,0.00405676756054163,0.10042629390954971
logistic,,1,822,mitdb/215,mitdb/215,82,15500,ARR,ARR,0.4150756001472473,0.23218005895614624,0.35274431109428406
logistic,,1,823,mitdb/215,mitdb/215,82,20000,ARR,ARR,0.9699869155883789,0.0038073109462857246,0.026205791160464287
logistic,,1,824,mitdb/215,mitdb/215,82,22000,ARR,ARR,0.913098156452179,0.08354399353265762,0.0033579424489289522
logistic,,1,825,mitdb/215,mitdb/215,82,27500,ARR,ARR,0.8250072598457336,0.0687132328748703,0.10627947747707367
logistic,,1,826,mitdb/215,mitdb/215,82,28000,ARR,ARR,0.9036436676979065,0.0005330736748874187,0.0958232581615448
logistic,,1,827,mitdb/215,mitdb/215,82,42500,ARR,ARR,0.753469705581665,0.08288583159446716,0.1636444628238678
logistic,,1,828,mitdb/215,mitdb/215,82,55000,ARR,ARR,0.8111647963523865,0.04675736650824547,0.14207783341407776
logistic,,1,829,mitdb/215,mitdb/215,82,59500,ARR,ARR,0.9714602828025818,0.015324225649237633,0.01321557629853487
logistic,,1,830,mitdb/217,mitdb/217,83,500,ARR,ARR,0.966489851474762,0.0022604833357036114,0.031249606981873512
logistic,,1,831,mitdb/217,mitdb/217,83,5000,ARR,ARR,0.9732417464256287,0.0011480971006676555,0.02561015449464321
logistic,,1,832,mitdb/217,mitdb/217,83,9000,ARR,ARR,0.9601951837539673,0.010124108754098415,0.029680684208869934
logistic,,1,833,mitdb/217,mitdb/217,83,18500,ARR,ARR,0.9799612164497375,0.0001197565215989016,0.01991906575858593
logistic,,1,834,mitdb/217,mitdb/217,83,23000,ARR,ARR,0.9994230270385742,7.4295990089012776e-06,0.0005696055013686419
logistic,,1,835,mitdb/217,mitdb/217,83,26000,ARR,ARR,0.9915852546691895,0.0002186126512242481,0.008196204900741577
logistic,,1,836,mitdb/217,mitdb/217,83,26500,ARR,ARR,0.999994158744812,1.5158267387960223e-06,4.269716100679943e-06
logistic,,1,837,mitdb/217,mitdb/217,83,32500,ARR,ARR,0.9682744741439819,0.0006906557246111333,0.031034959480166435
logistic,,1,838,mitdb/217,mitdb/217,83,39000,ARR,ARR,0.9155849814414978,0.003820047015324235,0.0805949941277504
logistic,,1,839,mitdb/217,mitdb/217,83,61500,ARR,ARR,0.9930958151817322,0.0005549483466893435,0.0063492003828287125
logistic,,1,840,mitdb/219,mitdb/219,84,12500,ARR,ARR,0.9887164831161499,0.0003256358904764056,0.010957816615700722
logistic,,1,841,mitdb/219,mitdb/219,84,13000,ARR,ARR,0.9864458441734314,0.003416761290282011,0.010137349367141724
logistic,,1,842,mitdb/219,mitdb/219,84,16000,ARR,ARR,0.9694404602050781,0.005720195360481739,0.024839362129569054
logistic,,1,843,mitdb/219,mitdb/219,84,27000,ARR,ARR,0.9909805655479431,0.003863241523504257,0.00515624787658453
logistic,,1,844,mitdb/219,mitdb/219,84,32500,ARR,ARR,0.9972394704818726,3.5519435186870396e-05,0.0027249804697930813
logistic,,1,845,mitdb/219,mitdb/219,84,40000,ARR,ARR,0.9692302346229553,0.0005493141943588853,0.03022053837776184
logistic,,1,846,mitdb/219,mitdb/219,84,52500,ARR,ARR,0.9999340772628784,5.501989335243707e-07,6.534248677780852e-05
logistic,,1,847,mitdb/219,mitdb/219,84,54500,ARR,ARR,0.9959891438484192,0.00011045673454646021,0.0039004103746265173
logistic,,1,848,mitdb/219,mitdb/219,84,62000,ARR,ARR,0.9829348921775818,0.001405880437232554,0.01565929502248764
logistic,,1,849,mitdb/219,mitdb/219,84,62500,ARR,ARR,0.9802424311637878,6.0241989558562636e-05,0.01969726011157036
logistic,,1,960,chfdb/chf01,chfdb/chf01,96,18500,CHF,ARR,0.5300778150558472,0.4689560830593109,0.0009660548530519009
logistic,,1,961,chfdb/chf01,chfdb/chf01,96,23000,CHF,ARR,0.9532052278518677,0.046780943870544434,1.3868329915567301e-05
logistic,,1,962,chfdb/chf01,chfdb/chf01,96,27000,CHF,ARR,0.9206416010856628,0.0790257528424263,0.00033265084493905306
logistic,,1,963,chfdb/chf01,chfdb/chf01,96,33500,CHF,CHF,0.27128323912620544,0.7285078167915344,0.00020898395450785756
logistic,,1,964,chfdb/chf01,chfdb/chf01,96,35500,CHF,CHF,0.016822336241602898,0.9831579923629761,1.9650709873531014e-05
logistic,,1,965,chfdb/chf01,chfdb/chf01,96,36500,CHF,CHF,0.23999716341495514,0.756740927696228,0.003261958248913288
logistic,,1,966,chfdb/chf01,chfdb/chf01,96,41000,CHF,CHF,0.12375059723854065,0.8761523962020874,9.705033153295517e-05
logistic,,1,967,chfdb/chf01,chfdb/chf01,96,43500,CHF,CHF,0.014907214790582657,0.98503577709198,5.7017317885765806e-05
logistic,,1,968,chfdb/chf01,chfdb/chf01,96,55500,CHF,ARR,0.9676151275634766,0.03217221423983574,0.00021259748609736562
logistic,,1,969,chfdb/chf01,chfdb/chf01,96,60000,CHF,ARR,0.6933510303497314,0.3065944015979767,5.454774509416893e-05
logistic,,1,1000,chfdb/chf13,chfdb/chf13,100,1000,CHF,CHF,0.07580899447202682,0.7967565059661865,0.12743447721004486
logistic,,1,1001,chfdb/chf13,chfdb/chf13,100,7500,CHF,NSR,0.13118809461593628,0.24780380725860596,0.6210080981254578
logistic,,1,1002,chfdb/chf13,chfdb/chf13,100,12500,CHF,NSR,0.18223485350608826,0.24895907938480377,0.5688060522079468
logistic,,1,1003,chfdb/chf13,chfdb/chf13,100,25500,CHF,NSR,0.011053362861275673,0.07281999289989471,0.9161266684532166
logistic,,1,1004,chfdb/chf13,chfdb/chf13,100,32000,CHF,NSR,0.1419583559036255,0.04140220582485199,0.8166394829750061
logistic,,1,1005,chfdb/chf13,chfdb/chf13,100,43000,CHF,NSR,0.003256075317040086,0.32220935821533203,0.6745346188545227
logistic,,1,1006,chfdb/chf13,chfdb/chf13,100,44000,CHF,NSR,0.14310956001281738,0.17335575819015503,0.6835346817970276
logistic,,1,1007,chfdb/chf13,chfdb/chf13,100,47000,CHF,NSR,0.030504655092954636,0.4191816747188568,0.5503136515617371
logistic,,1,1008,chfdb/chf13,chfdb/chf13,100,57000,CHF,ARR,0.6277550458908081,0.18615137040615082,0.18609362840652466
logistic,,1,1009,chfdb/chf13,chfdb/chf13,100,62500,CHF,CHF,0.09657083451747894,0.7217628359794617,0.18166625499725342
logistic,,1,1030,chfdb/chf01,chfdb/chf01,103,9000,CHF,ARR,0.5736626386642456,0.426082968711853,0.0002543975133448839
logistic,,1,1031,chfdb/chf01,chfdb/chf01,103,22500,CHF,CHF,0.23952548205852509,0.7601906657218933,0.0002838716609403491
logistic,,1,1032,chfdb/chf01,chfdb/chf01,103,26500,CHF,ARR,0.6670559644699097,0.3328035771846771,0.00014040840324014425
logistic,,1,1033,chfdb/chf01,chfdb/chf01,103,27500,CHF,ARR,0.8897614479064941,0.11023376137018204,4.766914116771659e-06
logistic,,1,1034,chfdb/chf01,chfdb/chf01,103,34500,CHF,CHF,0.15320630371570587,0.8467875123023987,6.170324923004955e-06
logistic,,1,1035,chfdb/chf01,chfdb/chf01,103,41500,CHF,ARR,0.791130006313324,0.2084135115146637,0.0004564644186757505
logistic,,1,1036,chfdb/chf01,chfdb/chf01,103,49500,CHF,CHF,0.07755984365940094,0.9224306344985962,9.608160326024517e-06
logistic,,1,1037,chfdb/chf01,chfdb/chf01,103,52500,CHF,CHF,0.1298452466726303,0.8701518774032593,2.8447684599086642e-06
logistic,,1,1038,chfdb/chf01,chfdb/chf01,103,55500,CHF,ARR,0.5065922141075134,0.49340346455574036,4.3299955905240495e-06
logistic,,1,1039,chfdb/chf01,chfdb/chf01,103,57000,CHF,CHF,0.03559962660074234,0.9643732905387878,2.6960435207001865e-05
logistic,,1,1080,chfdb/chf05,chfdb/chf05,108,0,CHF,CHF,2.426126411592122e-05,0.9898526072502136,0.010123047977685928
logistic,,1,1081,chfdb/chf05,chfdb/chf05,108,500,CHF,CHF,6.213616143213585e-05,0.9692994356155396,0.03063845820724964
logistic,,1,1082,chfdb/chf05,chfdb/chf05,108,7000,CHF,CHF,4.051266660098918e-05,0.9958407282829285,0.004118718672543764
logistic,,1,1083,chfdb/chf05,chfdb/chf05,108,8000,CHF,CHF,0.0002074015501420945,0.884765625,0.1150270402431488
logistic,,1,1084,chfdb/chf05,chfdb/chf05,108,20000,CHF,CHF,0.0003334438952151686,0.9971486926078796,0.0025178680662065744
logistic,,1,1085,chfdb/chf05,chfdb/chf05,108,33000,CHF,CHF,2.8728676625178196e-05,0.9977757334709167,0.002195526147261262
logistic,,1,1086,chfdb/chf05,chfdb/chf05,108,33500,CHF,CHF,0.00018567829101812094,0.9767330288887024,0.02308122254908085
logistic,,1,1087,chfdb/chf05,chfdb/chf05,108,36500,CHF,CHF,1.893792432383634e-05,0.9998586177825928,0.00012236894690431654
logistic,,1,1088,chfdb/chf05,chfdb/chf05,108,51500,CHF,CHF,0.00021210641716606915,0.9991651773452759,0.0006227187113836408
logistic,,1,1089,chfdb/chf05,chfdb/chf05,108,55500,CHF,CHF,0.014563041739165783,0.8768523335456848,0.10858455300331116
logistic,,1,1160,chfdb/chf13,chfdb/chf13,116,4000,CHF,ARR,0.5867840647697449,0.38137397170066833,0.03184192255139351
logistic,,1,1161,chfdb/chf13,chfdb/chf13,116,5500,CHF,CHF,0.1367272436618805,0.861331582069397,0.0019412931287661195
logistic,,1,1162,chfdb/chf13,chfdb/chf13,116,8500,CHF,CHF,0.03703339770436287,0.9529848098754883,0.00998178031295538
logistic,,1,1163,chfdb/chf13,chfdb/chf13,116,15500,CHF,CHF,0.02458825148642063,0.9751049876213074,0.00030678079929202795
logistic,,1,1164,chfdb/chf13,chfdb/chf13,116,21500,CHF,CHF,0.03830337896943092,0.959277331829071,0.002419308526441455
logistic,,1,1165,chfdb/chf13,chfdb/chf13,116,36000,CHF,CHF,0.006811920553445816,0.9930303692817688,0.00015764334239065647
logistic,,1,1166,chfdb/chf13,chfdb/chf13,116,50500,CHF,CHF,0.2614775002002716,0.7383549809455872,0.0001675261155469343
logistic,,1,1167,chfdb/chf13,chfdb/chf13,116,53500,CHF,CHF,0.24806252121925354,0.7509982585906982,0.0009392452193424106
logistic,,1,1168,chfdb/chf13,chfdb/chf13,116,58000,CHF,CHF,0.011546744965016842,0.9866344928741455,0.001818765653297305
logistic,,1,1169,chfdb/chf13,chfdb/chf13,116,61000,CHF,ARR,0.62563157081604,0.3725212514400482,0.0018472346710041165
logistic,,1,1210,chfdb/chf05,chfdb/chf05,121,6500,CHF,CHF,0.011304782703518867,0.9882821440696716,0.00041306641651317477
logistic,,1,1211,chfdb/chf05,chfdb/chf05,121,13500,CHF,CHF,0.00011865478154504672,0.9990496039390564,0.0008317567990161479
logistic,,1,1212,chfdb/chf05,chfdb/chf05,121,23500,CHF,CHF,0.001412391196936369,0.9980691075325012,0.0005185551126487553
logistic,,1,1213,chfdb/chf05,chfdb/chf05,121,24000,CHF,CHF,0.0059688277542591095,0.9939914345741272,3.965296127717011e-05
logistic,,1,1214,chfdb/chf05,chfdb/chf05,121,33000,CHF,CHF,0.00031003105686977506,0.9985003471374512,0.001189586939290166
logistic,,1,1215,chfdb/chf05,chfdb/chf05,121,34500,CHF,CHF,0.0004848736571148038,0.9978128671646118,0.0017022524261847138
logistic,,1,1216,chfdb/chf05,chfdb/chf05,121,35500,CHF,CHF,0.0062779998406767845,0.988837718963623,0.004884255118668079
logistic,,1,1217,chfdb/chf05,chfdb/chf05,121,47500,CHF,CHF,0.057244542986154556,0.9360528588294983,0.006702701095491648
logistic,,1,1218,chfdb/chf05,chfdb/chf05,121,58000,CHF,CHF,0.007888314314186573,0.9741093516349792,0.018002353608608246
logistic,,1,1219,chfdb/chf05,chfdb/chf05,121,63000,CHF,CHF,0.0005253670969977975,0.9770095348358154,0.022465061396360397
logistic,,1,1270,nsrdb/17052,nsrdb/17052,127,3500,NSR,ARR,0.9848790764808655,0.0006464272155426443,0.01447446458041668
logistic,,1,1271,nsrdb/17052,nsrdb/17052,127,10000,NSR,NSR,0.16000543534755707,0.0006508576916530728,0.8393436670303345
logistic,,1,1272,nsrdb/17052,nsrdb/17052,127,15000,NSR,ARR,0.7280017733573914,0.0012110777897760272,0.2707871198654175
logistic,,1,1273,nsrdb/17052,nsrdb/17052,127,18000,NSR,ARR,0.8723143339157104,0.0004272359365131706,0.12725837528705597
logistic,,1,1274,nsrdb/17052,nsrdb/17052,127,35000,NSR,NSR,0.2552737891674042,0.12946774065494537,0.6152584552764893
logistic,,1,1275,nsrdb/17052,nsrdb/17052,127,37000,NSR,NSR,0.39158791303634644,0.004654909484088421,0.6037571430206299
logistic,,1,1276,nsrdb/17052,nsrdb/17052,127,39500,NSR,ARR,0.8376898169517517,0.035456523299217224,0.12685368955135345
logistic,,1,1277,nsrdb/17052,nsrdb/17052,127,47500,NSR,NSR,0.17688480019569397,0.05059296265244484,0.7725223302841187
logistic,,1,1278,nsrdb/17052,nsrdb/17052,127,57000,NSR,ARR,0.8468173146247864,0.018482130020856857,0.13470050692558289
logistic,,1,1279,nsrdb/17052,nsrdb/17052,127,65000,NSR,NSR,0.44814303517341614,0.012282554060220718,0.539574384689331
logistic,,1,1310,nsrdb/19088,nsrdb/19088,131,2500,NSR,NSR,0.004890519194304943,0.0522039532661438,0.9429055452346802
logistic,,1,1311,nsrdb/19088,nsrdb/19088,131,4500,NSR,NSR,0.2184707522392273,0.03490515053272247,0.7466241121292114
logistic,,1,1312,nsrdb/19088,nsrdb/19088,131,11000,NSR,NSR,0.32134807109832764,0.024606388062238693,0.654045581817627
logistic,,1,1313,nsrdb/19088,nsrdb/19088,131,18500,NSR,NSR,0.06563331186771393,0.021946044638752937,0.9124206900596619
logistic,,1,1314,nsrdb/19088,nsrdb/19088,131,21500,NSR,NSR,0.04739996790885925,0.003694279817864299,0.9489057660102844
logistic,,1,1315,nsrdb/19088,nsrdb/19088,131,25000,NSR,NSR,0.19891931116580963,0.10450982302427292,0.696570873260498
logistic,,1,1316,nsrdb/19088,nsrdb/19088,131,48000,NSR,NSR,0.01754045858979225,0.0017451081657782197,0.9807144999504089
logistic,,1,1317,nsrdb/19088,nsrdb/19088,131,51000,NSR,NSR,0.07898540794849396,0.004037890117615461,0.9169766902923584
logistic,,1,1318,nsrdb/19088,nsrdb/19088,131,62500,NSR,NSR,0.09792453795671463,0.0014949545729905367,0.9005805850028992
logistic,,1,1319,nsrdb/19088,nsrdb/19088,131,63000,NSR,NSR,0.02470978908240795,0.00043972040293738246,0.9748504757881165
logistic,,1,1350,nsrdb/19830,nsrdb/19830,135,1500,NSR,NSR,0.01693609356880188,0.2551096975803375,0.7279542088508606
logistic,,1,1351,nsrdb/19830,nsrdb/19830,135,6500,NSR,NSR,0.09972913563251495,0.07003804296255112,0.8302328586578369
logistic,,1,1352,nsrdb/19830,nsrdb/19830,135,12500,NSR,NSR,0.08857429772615433,0.050439849495887756,0.8609858751296997
logistic,,1,1353,nsrdb/19830,nsrdb/19830,135,20500,NSR,NSR,0.12278854101896286,0.010268772020936012,0.8669426441192627
logistic,,1,1354,nsrdb/19830,nsrdb/19830,135,37000,NSR,NSR,0.01106433104723692,0.03226741775870323,0.9566682577133179
logistic,,1,1355,nsrdb/19830,nsrdb/19830,135,44500,NSR,NSR,0.0037281769327819347,0.02083040587604046,0.9754413962364197
logistic,,1,1356,nsrdb/19830,nsrdb/19830,135,49000,NSR,NSR,0.013465010561048985,0.014511490240693092,0.9720234274864197
logistic,,1,1357,nsrdb/19830,nsrdb/19830,135,52500,NSR,NSR,0.01213895995169878,0.016684435307979584,0.9711766242980957
logistic,,1,1358,nsrdb/19830,nsrdb/19830,135,57000,NSR,NSR,0.016086675226688385,0.00882050208747387,0.9750927686691284
logistic,,1,1359,nsrdb/19830,nsrdb/19830,135,60000,NSR,NSR,0.009007614105939865,0.006888918578624725,0.9841034412384033
logistic,,1,1420,nsrdb/16539,nsrdb/16539,142,1500,NSR,NSR,0.002460417104884982,0.0010667560854926705,0.9964727759361267
logistic,,1,1421,nsrdb/16539,nsrdb/16539,142,3000,NSR,NSR,0.00024164900241885334,4.3910455133300275e-05,0.9997144341468811
logistic,,1,1422,nsrdb/16539,nsrdb/16539,142,6000,NSR,NSR,0.00281159277074039,0.007049256004393101,0.9901391267776489
logistic,,1,1423,nsrdb/16539,nsrdb/16539,142,13000,NSR,NSR,0.00021685822866857052,0.004915785975754261,0.9948673248291016
logistic,,1,1424,nsrdb/16539,nsrdb/16539,142,14000,NSR,NSR,0.008590459823608398,0.00421857088804245,0.9871909618377686
logistic,,1,1425,nsrdb/16539,nsrdb/16539,142,22000,NSR,NSR,0.00021932550589554012,0.0008567923796363175,0.9989238381385803
logistic,,1,1426,nsrdb/16539,nsrdb/16539,142,29000,NSR,NSR,0.0007013544091023505,0.01718895509839058,0.9821096658706665
logistic,,1,1427,nsrdb/16539,nsrdb/16539,142,34000,NSR,NSR,1.970637822523713e-05,4.520809306995943e-05,0.9999350309371948
logistic,,1,1428,nsrdb/16539,nsrdb/16539,142,46000,NSR,NSR,0.00015577311569359154,0.0005745076923631132,0.9992696642875671
logistic,,1,1429,nsrdb/16539,nsrdb/16539,142,52000,NSR,NSR,0.00018893342348746955,0.00979932677000761,0.9900117516517639
logistic,,1,1460,nsrdb/17052,nsrdb/17052,146,1500,NSR,NSR,0.0018148237140849233,7.34261266188696e-06,0.9981778860092163
logistic,,1,1461,nsrdb/17052,nsrdb/17052,146,9000,NSR,NSR,0.007269606925547123,1.1246078429394402e-05,0.9927191734313965
logistic,,1,1462,nsrdb/17052,nsrdb/17052,146,24500,NSR,NSR,0.003060410963371396,0.002615920500829816,0.99432373046875
logistic,,1,1463,nsrdb/17052,nsrdb/17052,146,33500,NSR,NSR,0.0021478673443198204,7.534940232289955e-05,0.9977768063545227
logistic,,1,1464,nsrdb/17052,nsrdb/17052,146,36500,NSR,NSR,0.005138889886438847,5.722114565287484e-06,0.9948554039001465
logistic,,1,1465,nsrdb/17052,nsrdb/17052,146,38500,NSR,NSR,0.0003975081199314445,0.00016462753410451114,0.9994378685951233
logistic,,1,1466,nsrdb/17052,nsrdb/17052,146,41500,NSR,NSR,0.0023140583653002977,0.00046085630310699344,0.9972251653671265
logistic,,1,1467,nsrdb/17052,nsrdb/17052,146,43500,NSR,NSR,0.00039809299050830305,0.0001691433717496693,0.9994327425956726
logistic,,1,1468,nsrdb/17052,nsrdb/17052,146,48000,NSR,NSR,0.0014448771253228188,6.867519459774485e-06,0.9985482096672058
logistic,,1,1469,nsrdb/17052,nsrdb/17052,146,58000,NSR,NSR,0.0006677781930193305,1.15966040539206e-05,0.9993206262588501
logistic,,1,1510,nsrdb/19088,nsrdb/19088,151,2500,NSR,NSR,0.016278715804219246,0.1384078860282898,0.8453134298324585
logistic,,1,1511,nsrdb/19088,nsrdb/19088,151,4000,NSR,NSR,0.0006534562562592328,0.02280559204518795,0.9765409827232361
logistic,,1,1512,nsrdb/19088,nsrdb/19088,151,11500,NSR,NSR,0.00013639236567541957,4.662474384531379e-05,0.9998169541358948
logistic,,1,1513,nsrdb/19088,nsrdb/19088,151,14500,NSR,NSR,0.0010908689582720399,4.428919783094898e-05,0.9988648891448975
logistic,,1,1514,nsrdb/19088,nsrdb/19088,151,31500,NSR,NSR,0.0011872878530994058,0.001872865715995431,0.9969398975372314
logistic,,1,1515,nsrdb/19088,nsrdb/19088,151,40500,NSR,NSR,9.776054866961204e-06,1.9423676349106245e-05,0.9999707937240601
logistic,,1,1516,nsrdb/19088,nsrdb/19088,151,49000,NSR,NSR,0.002798449480906129,0.00023386739485431463,0.9969677329063416
logistic,,1,1517,nsrdb/19088,nsrdb/19088,151,52000,NSR,NSR,0.00013060813944321126,8.32641962915659e-05,0.9997861981391907
logistic,,1,1518,nsrdb/19088,nsrdb/19088,151,54500,NSR,NSR,0.003760491730645299,0.0007329274667426944,0.9955065250396729
logistic,,1,1519,nsrdb/19088,nsrdb/19088,151,61000,NSR,NSR,0.0001653071230975911,6.829371704952791e-05,0.9997664093971252
logistic,,1,1550,nsrdb/19830,nsrdb/19830,155,1500,NSR,NSR,0.003305843798443675,0.16274479031562805,0.8339493274688721
logistic,,1,1551,nsrdb/19830,nsrdb/19830,155,11000,NSR,NSR,0.0040209353901445866,0.0028273926582187414,0.9931516647338867
logistic,,1,1552,nsrdb/19830,nsrdb/19830,155,23500,NSR,NSR,0.0019456706941127777,0.002283606445416808,0.9957707524299622
logistic,,1,1553,nsrdb/19830,nsrdb/19830,155,25000,NSR,NSR,0.0006105604697950184,0.000881528074387461,0.9985079169273376
logistic,,1,1554,nsrdb/19830,nsrdb/19830,155,36000,NSR,NSR,0.0013247680617496371,0.0008250993560068309,0.9978501796722412
logistic,,1,1555,nsrdb/19830,nsrdb/19830,155,41500,NSR,NSR,0.00035244502942077816,0.004782184958457947,0.994865357875824
logistic,,1,1556,nsrdb/19830,nsrdb/19830,155,49500,NSR,NSR,0.0014331190614029765,0.00012970615352969617,0.998437225818634
logistic,,1,1557,nsrdb/19830,nsrdb/19830,155,52500,NSR,NSR,0.00140309426933527,0.002467571059241891,0.9961292743682861
logistic,,1,1558,nsrdb/19830,nsrdb/19830,155,58000,NSR,NSR,0.0012967400252819061,0.0008089853217825294,0.9978943467140198
logistic,,1,1559,nsrdb/19830,nsrdb/19830,155,59000,NSR,NSR,0.00015580939361825585,0.00046568334801122546,0.9993784427642822
logistic,,1,1580,nsrdb/16539,nsrdb/16539,158,500,NSR,NSR,0.10442295670509338,0.0002618714643176645,0.8953151702880859
logistic,,1,1581,nsrdb/16539,nsrdb/16539,158,1000,NSR,NSR,0.0105901462957263,0.0013310130452737212,0.9880788922309875
logistic,,1,1582,nsrdb/16539,nsrdb/16539,158,3000,NSR,NSR,0.023125993087887764,3.622585063567385e-05,0.9768377542495728
logistic,,1,1583,nsrdb/16539,nsrdb/16539,158,18500,NSR,NSR,0.11250878125429153,0.02004336006939411,0.8674479126930237
logistic,,1,1584,nsrdb/16539,nsrdb/16539,158,23000,NSR,NSR,0.02437436953186989,6.236992339836434e-05,0.9755632877349854
logistic,,1,1585,nsrdb/16539,nsrdb/16539,158,29500,NSR,NSR,0.0015280781080946326,0.00030120075098238885,0.9981707334518433
logistic,,1,1586,nsrdb/16539,nsrdb/16539,158,37500,NSR,NSR,0.02062540501356125,0.0231183934956789,0.9562561511993408
logistic,,1,1587,nsrdb/16539,nsrdb/16539,158,40000,NSR,NSR,0.16961921751499176,0.0006119501194916666,0.8297688364982605
logistic,,1,1588,nsrdb/16539,nsrdb/16539,158,45000,NSR,NSR,0.24997779726982117,0.002895649056881666,0.747126579284668
logistic,,1,1589,nsrdb/16539,nsrdb/16539,158,62500,NSR,NSR,0.09836042672395706,0.005832068622112274,0.8958074450492859
swin,0,1,20,mitdb/111,mitdb/111,2,0,ARR,ARR,0.9998735189437866,7.32902844902128e-05,5.319498086464591e-05
swin,0,1,21,mitdb/111,mitdb/111,2,500,ARR,ARR,0.9998735189437866,7.837819430278614e-05,4.8074114602059126e-05
swin,0,1,22,mitdb/111,mitdb/111,2,1500,ARR,ARR,0.9998732805252075,7.101720257196575e-05,5.560744830290787e-05
swin,0,1,23,mitdb/111,mitdb/111,2,7500,ARR,ARR,0.9998722076416016,7.674031803617254e-05,5.105449599795975e-05
swin,0,1,24,mitdb/111,mitdb/111,2,25000,ARR,ARR,0.9998759031295776,6.93729380145669e-05,5.4661122703691944e-05
swin,0,1,25,mitdb/111,mitdb/111,2,25500,ARR,ARR,0.9998562335968018,9.554388088872656e-05,4.820595859200694e-05
swin,0,1,26,mitdb/111,mitdb/111,2,29000,ARR,ARR,0.9998773336410522,5.8918038121191785e-05,6.379623664543033e-05
swin,0,1,27,mitdb/111,mitdb/111,2,34000,ARR,ARR,0.9998774528503418,6.467377534136176e-05,5.778954073321074e-05
swin,0,1,28,mitdb/111,mitdb/111,2,42000,ARR,ARR,0.9998769760131836,6.463082536356524e-05,5.8400553825777024e-05
swin,0,1,29,mitdb/111,mitdb/111,2,43000,ARR,ARR,0.9998749494552612,7.221801206469536e-05,5.276517913443968e-05
swin,0,1,50,mitdb/114,mitdb/114,5,2500,ARR,ARR,0.9998737573623657,5.645188139169477e-05,6.978126475587487e-05
swin,0,1,51,mitdb/114,mitdb/114,5,5000,ARR,ARR,0.9998735189437866,6.201313226483762e-05,6.44736792310141e-05
swin,0,1,52,mitdb/114,mitdb/114,5,15500,ARR,ARR,0.9998748302459717,5.829648580402136e-05,6.682787352474406e-05
swin,0,1,53,mitdb/114,mitdb/114,5,20000,ARR,ARR,0.9998743534088135,5.455844075186178e-05,7.106579869287089e-05
swin,0,1,54,mitdb/114,mitdb/114,5,23500,ARR,ARR,0.9998748302459717,5.4756015742896125e-05,7.04042031429708e-05
swin,0,1,55,mitdb/114,mitdb/114,5,25000,ARR,ARR,0.9998723268508911,5.290042463457212e-05,7.472360448446125e-05
swin,0,1,56,mitdb/114,mitdb/114,5,38000,ARR,ARR,0.9994994401931763,7.724290480837226e-05,0.0004232848878018558
swin,0,1,57,mitdb/114,mitdb/114,5,50000,ARR,ARR,0.9998495578765869,4.550128142000176e-05,0.0001049254133249633
swin,0,1,58,mitdb/114,mitdb/114,5,51500,ARR,ARR,0.999841570854187,4.462978904484771e-05,0.00011386523692635819
swin,0,1,59,mitdb/114,mitdb/114,5,52000,ARR,ARR,0.9998749494552612,6.444026803364977e-05,6.058154031052254e-05
swin,0,1,220,mitdb/102,mitdb/102,22,4000,ARR,ARR,0.9998698234558105,5.409718141891062e-05,7.608943997183815e-05
swin,0,1,221,mitdb/102,mitdb/102,22,11000,ARR,ARR,0.9998663663864136,6.396568642230704e-05,6.966843648115173e-05
swin,0,1,222,mitdb/102,mitdb/102,22,19500,ARR,ARR,0.9998703002929688,5.714545113733038e-05,7.263202132890001e-05
swin,0,1,223,mitdb/102,mitdb/102,22,24500,ARR,ARR,0.9998618364334106,5.418204455054365e-05,8.39516069390811e-05
swin,0,1,224,mitdb/102,mitdb/102,22,33500,ARR,ARR,0.99986732006073,5.191043601371348e-05,8.069405157584697e-05
swin,0,1,225,mitdb/102,mitdb/102,22,42500,ARR,ARR,0.9998688697814941,5.8682806411525235e-05,7.249904592754319e-05
swin,0,1,226,mitdb/102,mitdb/102,22,45500,ARR,ARR,0.9998602867126465,5.109918492962606e-05,8.85749323060736e-05
swin,0,1,227,mitdb/102,mitdb/102,22,46000,ARR,ARR,0.9998700618743896,5.5154538131318986e-05,7.471637945855036e-05
swin,0,1,228,mitdb/102,mitdb/102,22,47500,ARR,ARR,0.999868631362915,6.035240221535787e-05,7.105799886630848e-05
swin,0,1,229,mitdb/102,mitdb/102,22,59500,ARR,ARR,0.9998645782470703,5.442113251774572e-05,8.095172233879566e-05
swin,0,1,230,mitdb/208,mitdb/208,23,4500,ARR,ARR,0.5783880949020386,0.002400188473984599,0.419211745262146
swin,0,1,231,mitdb/208,mitdb/208,23,8000,ARR,ARR,0.9993815422058105,0.00012795382644981146,0.0004904854577034712
swin,0,1,232,mitdb/208,mitdb/208,23,8500,ARR,ARR,0.999855637550354,8.178923599189147e-05,6.256810593185946e-05
swin,0,1,233,mitdb/208,mitdb/208,23,17500,ARR,ARR,0.9998701810836792,6.341539119603112e-05,6.642251537414268e-05
swin,0,1,234,mitdb/208,mitdb/208,23,38000,ARR,ARR,0.9979305267333984,0.00011569925845833495,0.0019537087064236403
swin,0,1,235,mitdb/208,mitdb/208,23,47000,ARR,ARR,0.9044577479362488,0.09388045966625214,0.001661728834733367
swin,0,1,236,mitdb/208,mitdb/208,23,55500,ARR,ARR,0.9998716115951538,5.062214404460974e-05,7.770115917082876e-05
swin,0,1,237,mitdb/208,mitdb/208,23,57500,ARR,ARR,0.9998724460601807,5.996411346131936e-05,6.757929804734886e-05
swin,0,1,238,mitdb/208,mitdb/208,23,62500,ARR,ARR,0.9994451403617859,0.00042236087028868496,0.00013243161083664745
swin,0,1,239,mitdb/208,mitdb/208,23,63500,ARR,ARR,0.9985954165458679,0.0011462853290140629,0.00025827568606473505
swin,0,1,280,mitdb/214,mitdb/214,28,0,ARR,ARR,0.9998044371604919,0.00013172834587749094,6.39095960650593e-05
swin,0,1,281,mitdb/214,mitdb/214,28,7000,ARR,ARR,0.9995912909507751,0.00032841478241607547,8.028478623600677e-05
swin,0,1,282,mitdb/214,mitdb/214,28,11000,ARR,ARR,0.9998654127120972,8.593211532570422e-05,4.858805186813697e-05
swin,0,1,283,mitdb/214,mitdb/214,28,25500,ARR,ARR,0.9998389482498169,0.00011828353308374062,4.277295374777168e-05
swin,0,1,284,mitdb/214,mitdb/214,28,28000,ARR,ARR,0.9995456337928772,0.00036091951187700033,9.34161216719076e-05
swin,0,1,285,mitdb/214,mitdb/214,28,33000,ARR,ARR,0.9998723268508911,7.984153489815071e-05,4.783089752891101e-05
swin,0,1,286,mitdb/214,mitdb/214,28,35500,ARR,ARR,0.9998760223388672,6.481940363300964e-05,5.909527317271568e-05
swin,0,1,287,mitdb/214,mitdb/214,28,48500,ARR,ARR,0.9998745918273926,6.406952161341906e-05,6.123913044575602e-05
swin,0,1,288,mitdb/214,mitdb/214,28,58000,ARR,ARR,0.9998663663864136,8.50421711220406e-05,4.8670608521206304e-05
swin,0,1,289,mitdb/214,mitdb/214,28,63000,ARR,ARR,0.999872088432312,7.160026143537834e-05,5.623652396025136e-05
swin,0,1,290,mitdb/215,mitdb/215,29,0,ARR,NSR,0.16503165662288666,0.00014998453843872994,0.8348183631896973
swin,0,1,291,mitdb/215,mitdb/215,29,2500,ARR,NSR,0.0006690642330795527,0.0001145371061284095,0.9992163181304932
swin,0,1,292,mitdb/215,mitdb/215,29,19500,ARR,NSR,0.00621430529281497,0.0001632688072277233,0.9936224818229675
swin,0,1,293,mitdb/215,mitdb/215,29,26500,ARR,ARR,0.9998800754547119,5.7909910538000986e-05,6.196707545313984e-05
swin,0,1,294,mitdb/215,mitdb/215,29,27000,ARR,ARR,0.9968396425247192,5.279200922814198e-05,0.0031075901351869106
swin,0,1,295,mitdb/215,mitdb/215,29,42000,ARR,NSR,0.032887812703847885,0.0002488929603714496,0.9668633341789246
swin,0,1,296,mitdb/215,mitdb/215,29,52000,ARR,ARR,0.9883043766021729,0.0010886328527703881,0.010606992989778519
swin,0,1,297,mitdb/215,mitdb/215,29,59500,ARR,NSR,0.009920374490320683,0.012486175633966923,0.9775934219360352
swin,0,1,298,mitdb/215,mitdb/215,29,62500,ARR,NSR,0.03112306445837021,0.00022799457656219602,0.9686490297317505
swin,0,1,299,mitdb/215,mitdb/215,29,63000,ARR,ARR,0.9912152290344238,0.00024879799457266927,0.008535927161574364
swin,0,1,300,mitdb/217,mitdb/217,30,6000,ARR,ARR,0.9991186261177063,0.0008613560348749161,2.004032830882352e-05
swin,0,1,301,mitdb/217,mitdb/217,30,8000,ARR,ARR,0.8946200609207153,0.10527170449495316,0.00010829589882632717
swin,0,1,302,mitdb/217,mitdb/217,30,17500,ARR,ARR,0.9599746465682983,0.03993472829461098,9.06152417883277e-05
swin,0,1,303,mitdb/217,mitdb/217,30,18000,ARR,ARR,0.9996669292449951,0.0003075134882237762,2.5610941520426422e-05
swin,0,1,304,mitdb/217,mitdb/217,30,36500,ARR,ARR,0.9986775517463684,0.0012988412054255605,2.3616252292413265e-05
swin,0,1,305,mitdb/217,mitdb/217,30,37500,ARR,ARR,0.9997168183326721,0.00022649775200989097,5.6566255807410926e-05
swin,0,1,306,mitdb/217,mitdb/217,30,43000,ARR,ARR,0.9995989203453064,0.00037700365646742284,2.4037914045038633e-05
swin,0,1,307,mitdb/217,mitdb/217,30,48500,ARR,ARR,0.9998096823692322,0.00015639136836398393,3.4025433706119657e-05
swin,0,1,308,mitdb/217,mitdb/217,30,56500,ARR,ARR,0.9997993111610413,0.00016547800623811781,3.524813291733153e-05
swin,0,1,309,mitdb/217,mitdb/217,30,57000,ARR,ARR,0.9996129870414734,0.00036432742490433156,2.2798365534981713e-05
swin,0,1,310,mitdb/219,mitdb/219,31,7500,ARR,ARR,0.9986022114753723,0.0007480186177417636,0.0006497410940937698
swin,0,1,311,mitdb/219,mitdb/219,31,18000,ARR,ARR,0.9998663663864136,6.456150731537491e-05,6.898862920934334e-05
swin,0,1,312,mitdb/219,mitdb/219,31,18500,ARR,ARR,0.9998595714569092,6.944780034245923e-05,7.091803126968443e-05
swin,0,1,313,mitdb/219,mitdb/219,31,19000,ARR,ARR,0.9998558759689331,5.2262221288401634e-05,9.188756666844711e-05
swin,0,1,314,mitdb/219,mitdb/219,31,23000,ARR,ARR,0.9994049072265625,0.0004223668365739286,0.0001727963099256158
swin,0,1,315,mitdb/219,mitdb/219,31,25500,ARR,ARR,0.9998623132705688,5.1795006584143266e-05,8.580934081692249e-05
swin,0,1,316,mitdb/219,mitdb/219,31,36000,ARR,ARR,0.9998669624328613,6.302738620433956e-05,6.992594717303291e-05
swin,0,1,317,mitdb/219,mitdb/219,31,44000,ARR,ARR,0.9998666048049927,5.9895977756241336e-05,7.347662904066965e-05
swin,0,1,318,mitdb/219,mitdb/219,31,59500,ARR,ARR,0.9998657703399658,7.250221096910536e-05,6.171571294544265e-05
swin,0,1,319,mitdb/219,mitdb/219,31,61000,ARR,ARR,0.9998370409011841,8.721672929823399e-05,7.566565909655765e-05
swin,0,1,460,mitdb/102,mitdb/102,46,11000,ARR,ARR,0.9972676038742065,0.0001531965535832569,0.002579217776656151
swin,0,1,461,mitdb/102,mitdb/102,46,12500,ARR,CHF,0.00024764935369603336,0.9996907711029053,6.164521619211882e-05
swin,0,1,462,mitdb/102,mitdb/102,46,14000,ARR,ARR,0.9997232556343079,0.00017689287778921425,9.990025864681229e-05
swin,0,1,463,mitdb/102,mitdb/102,46,17500,ARR,ARR,0.9987144470214844,0.00015831165364943445,0.001127178082242608
swin,0,1,464,mitdb/102,mitdb/102,46,28000,ARR,CHF,0.00020334692089818418,0.9997357726097107,6.092535477364436e-05
swin,0,1,465,mitdb/102,mitdb/102,46,31500,ARR,CHF,0.0017724772915244102,0.9981845021247864,4.3039352021878585e-05
swin,0,1,466,mitdb/102,mitdb/102,46,37000,ARR,CHF,0.001331612467765808,0.9986355900764465,3.27571906382218e-05
swin,0,1,467,mitdb/102,mitdb/102,46,44000,ARR,CHF,0.0001943559618666768,0.9997387528419495,6.6934029746335e-05
swin,0,1,468,mitdb/102,mitdb/102,46,44500,ARR,CHF,0.0002938277611974627,0.9996529817581177,5.316163878887892e-05
swin,0,1,469,mitdb/102,mitdb/102,46,50000,ARR,CHF,0.020902268588542938,0.979058563709259,3.922567339031957e-05
swin,0,1,510,mitdb/107,mitdb/107,51,3000,ARR,ARR,0.9875169396400452,0.012418615631759167,6.434952229028568e-05
swin,0,1,511,mitdb/107,mitdb/107,51,20000,ARR,ARR,0.9996134638786316,0.00036186768556945026,2.4612396373413503e-05
swin,0,1,512,mitdb/107,mitdb/107,51,20500,ARR,ARR,0.9996691942214966,0.0003028494247701019,2.797491652017925e-05
swin,0,1,513,mitdb/107,mitdb/107,51,24500,ARR,ARR,0.9455732703208923,0.05433274805545807,9.401690476806834e-05
swin,0,1,514,mitdb/107,mitdb/107,51,35000,ARR,CHF,0.05685720220208168,0.9430533051490784,8.954673103289679e-05
swin,0,1,515,mitdb/107,mitdb/107,51,37000,ARR,CHF,0.20098836719989777,0.7988489866256714,0.0001626642479095608
swin,0,1,516,mitdb/107,mitdb/107,51,38500,ARR,ARR,0.9951443076133728,0.004818719811737537,3.689256845973432e-05
swin,0,1,517,mitdb/107,mitdb/107,51,40500,ARR,ARR,0.9998331069946289,0.00012938356667291373,3.74222217942588e-05
swin,0,1,518,mitdb/107,mitdb/107,51,41500,ARR,ARR,0.9996377229690552,0.00031983430380932987,4.240485213813372e-05
swin,0,1,519,mitdb/107,mitdb/107,51,53000,ARR,CHF,0.041279394179582596,0.9585813879966736,0.00013917380420025438
swin,0,1,540,mitdb/111,mitdb/111,54,10000,ARR,ARR,0.9998779296875,6.89381267875433e-05,5.31931800651364e-05
swin,0,1,541,mitdb/111,mitdb/111,54,13000,ARR,ARR,0.9998738765716553,7.327011553570628e-05,5.283330028760247e-05
swin,0,1,542,mitdb/111,mitdb/111,54,15500,ARR,ARR,0.9998717308044434,8.125317981466651e-05,4.690712739829905e-05
swin,0,1,543,mitdb/111,mitdb/111,54,26500,ARR,ARR,0.9998733997344971,7.703238952672109e-05,4.955201075063087e-05
swin,0,1,544,mitdb/111,mitdb/111,54,28000,ARR,ARR,0.9998717308044434,7.726335752522573e-05,5.103091098135337e-05
swin,0,1,545,mitdb/111,mitdb/111,54,40000,ARR,ARR,0.9998716115951538,8.153603266691789e-05,4.679894482251257e-05
swin,0,1,546,mitdb/111,mitdb/111,54,42500,ARR,ARR,0.999875545501709,7.0450063503813e-05,5.3972577006788924e-05
swin,0,1,547,mitdb/111,mitdb/111,54,50500,ARR,ARR,0.9998753070831299,7.192125485744327e-05,5.28282871528063e-05
swin,0,1,548,mitdb/111,mitdb/111,54,59000,ARR,ARR,0.9998773336410522,6.772873894078657e-05,5.494384095072746e-05
swin,0,1,549,mitdb/111,mitdb/111,54,64500,ARR,ARR,0.9998764991760254,6.90550878061913e-05,5.450556636787951e-05
swin,0,1,580,mitdb/114,mitdb/114,58,9000,ARR,ARR,0.9998724460601807,6.654400931438431e-05,6.1031736549921334e-05
swin,0,1,581,mitdb/114,mitdb/114,58,14500,ARR,ARR,0.9998729228973389,5.820976730319671e-05,6.889007636345923e-05
swin,0,1,582,mitdb/114,mitdb/114,58,17000,ARR,ARR,0.9998753070831299,6.677803321508691e-05,5.793752643512562e-05
swin,0,1,583,mitdb/114,mitdb/114,58,17500,ARR,ARR,0.9998747110366821,6.356849917210639e-05,6.17591358604841e-05
swin,0,1,584,mitdb/114,mitdb/114,58,19000,ARR,ARR,0.9998743534088135,5.9190046158619225e-05,6.637720071012154e-05
swin,0,1,585,mitdb/114,mitdb/114,58,25000,ARR,ARR,0.9998757839202881,6.194370507728308e-05,6.223473610589281e-05
swin,0,1,586,mitdb/114,mitdb/114,58,33500,ARR,ARR,0.9998688697814941,5.0413251301506534e-05,8.07098695077002e-05
swin,0,1,587,mitdb/114,mitdb/114,58,34500,ARR,ARR,0.9998761415481567,6.205417594173923e-05,6.172624125611037e-05
swin,0,1,588,mitdb/114,mitdb/114,58,41500,ARR,ARR,0.9998742341995239,6.003030648571439e-05,6.565995136043057e-05
swin,0,1,589,mitdb/114,mitdb/114,58,46500,ARR,ARR,0.9998751878738403,6.845295138191432e-05,5.63202120247297e-05
swin,0,1,750,mitdb/208,mitdb/208,75,15500,ARR,ARR,0.9998669624328613,8.772569708526134e-05,4.528985300567001e-05
swin,0,1,751,mitdb/208,mitdb/208,75,20000,ARR,ARR,0.9998576641082764,9.777955710887909e-05,4.462986544240266e-05
swin,0,1,752,mitdb/208,mitdb/208,75,28000,ARR,ARR,0.9998729228973389,7.465690578101203e-05,5.241695180302486e-05
swin,0,1,753,mitdb/208,mitdb/208,75,32000,ARR,ARR,0.9998719692230225,7.406193617498502e-05,5.401089583756402e-05
swin,0,1,754,mitdb/208,mitdb/208,75,45500,ARR,ARR,0.9990594983100891,0.0007834078860469162,0.00015714802430011332
swin,0,1,755,mitdb/208,mitdb/208,75,50500,ARR,ARR,0.9998738765716553,7.309291686397046e-05,5.3047220717417076e-05
swin,0,1,756,mitdb/208,mitdb/208,75,51500,ARR,ARR,0.999839186668396,0.0001221575221279636,3.8633090298390016e-05
swin,0,1,757,mitdb/208,mitdb/208,75,59000,ARR,ARR,0.9998435974121094,0.00012003958545392379,3.63698200089857e-05
swin,0,1,758,mitdb/208,mitdb/208,75,59500,ARR,ARR,0.9998781681060791,6.54876057524234e-05,5.632172178593464e-05
swin,0,1,759,mitdb/208,mitdb/208,75,60000,ARR,ARR,0.9998785257339478,6.749294698238373e-05,5.401897942647338e-05
swin,0,1,770,mitdb/107,mitdb/107,77,2500,ARR,CHF,0.20130394399166107,0.7984167337417603,0.000279278086964041
swin,0,1,771,mitdb/107,mitdb/107,77,5500,ARR,ARR,0.6066874265670776,0.392910897731781,0.0004015980812255293
swin,0,1,772,mitdb/107,mitdb/107,77,26000,ARR,ARR,0.9961463212966919,0.0038029225543141365,5.06644464621786e-05
swin,0,1,773,mitdb/107,mitdb/107,77,27000,ARR,CHF,0.004533334635198116,0.9954209923744202,4.569968950818293e-05
swin,0,1,774,mitdb/107,mitdb/107,77,28000,ARR,CHF,0.011640417389571667,0.9882906675338745,6.895439582876861e-05
swin,0,1,775,mitdb/107,mitdb/107,77,33000,ARR,CHF,0.014107882976531982,0.9858522415161133,3.9851518522482365e-05
swin,0,1,776,mitdb/107,mitdb/107,77,35500,ARR,ARR,0.9959808588027954,0.00392170948907733,9.749448508955538e-05
swin,0,1,777,mitdb/107,mitdb/107,77,43500,ARR,CHF,0.0001561344543006271,0.999776303768158,6.759032839909196e-05
swin,0,1,778,mitdb/107,mitdb/107,77,45000,ARR,CHF,0.0012980976607650518,0.9986633062362671,3.8550508179469034e-05
swin,0,1,779,mitdb/107,mitdb/107,77,62500,ARR,CHF,0.004831693600863218,0.9951024055480957,6.593069701921195e-05
swin,0,1,810,mitdb/214,mitdb/214,81,11000,ARR,ARR,0.9998651742935181,8.804294338915497e-05,4.666552194976248e-05
swin,0,1,811,mitdb/214,mitdb/214,81,12000,ARR,ARR,0.9998773336410522,6.405826570698991e-05,5.860058809048496e-05
swin,0,1,812,mitdb/214,mitdb/214,81,12500,ARR,ARR,0.9998772144317627,6.764977297279984e-05,5.506521847564727e-05
swin,0,1,813,mitdb/214,mitdb/214,81,18000,ARR,ARR,0.9998724460601807,6.383340951288119e-05,6.365924491547048e-05
swin,0,1,814,mitdb/214,mitdb/214,81,22500,ARR,ARR,0.9998764991760254,6.588390533579513e-05,5.760323256254196e-05
swin,0,1,815,mitdb/214,mitdb/214,81,32000,ARR,ARR,0.9998749494552612,5.835595584358089e-05,6.658424535999075e-05
swin,0,1,816,mitdb/214,mitdb/214,81,37500,ARR,ARR,0.9998749494552612,5.857758878846653e-05,6.650928844464943e-05
swin,0,1,817,mitdb/214,mitdb/214,81,43000,ARR,ARR,0.9998775720596313,6.345735891954973e-05,5.895098365726881e-05
swin,0,1,818,mitdb/214,mitdb/214,81,45000,ARR,ARR,0.9998772144317627,6.069919254514389e-05,6.215143366716802e-05
swin,0,1,819,mitdb/214,mitdb/214,81,47500,ARR,ARR,0.9998781681060791,6.348875467665493e-05,5.831236194353551e-05
swin,0,1,820,mitdb/215,mitdb/215,82,500,ARR,ARR,0.9998682737350464,7.466431270586327e-05,5.705232615582645e-05
swin,0,1,821,mitdb/215,mitdb/215,82,9500,ARR,ARR,0.9998773336410522,5.614973633782938e-05,6.646410474786535e-05
swin,0,1,822,mitdb/215,mitdb/215,82,15500,ARR,ARR,0.9998753070831299,5.173954559722915e-05,7.290234498213977e-05
swin,0,1,823,mitdb/215,mitdb/215,82,20000,ARR,ARR,0.9998757839202881,5.561092621064745e-05,6.858982669655234e-05
swin,0,1,824,mitdb/215,mitdb/215,82,22000,ARR,ARR,0.9998781681060791,5.738597974414006e-05,6.44687534077093e-05
swin,0,1,825,mitdb/215,mitdb/215,82,27500,ARR,ARR,0.999708354473114,0.00025903593632392585,3.255367118981667e-05
swin,0,1,826,mitdb/215,mitdb/215,82,28000,ARR,ARR,0.9998701810836792,7.035327143967152e-05,5.949239493929781e-05
swin,0,1,827,mitdb/215,mitdb/215,82,42500,ARR,ARR,0.9998538494110107,5.7869081501848996e-05,8.821036317385733e-05
swin,0,1,828,mitdb/215,mitdb/215,82,55000,ARR,ARR,0.9998723268508911,4.959559373673983e-05,7.809360977262259e-05
swin,0,1,829,mitdb/215,mitdb/215,82,59500,ARR,ARR,0.9998795986175537,6.518537702504545e-05,5.523839354282245e-05
swin,0,1,830,mitdb/217,mitdb/217,83,500,ARR,ARR,0.9942653775215149,5.0677404942689463e-05,0.005683874245733023
swin,0,1,831,mitdb/217,mitdb/217,83,5000,ARR,ARR,0.999850869178772,4.25936232204549e-05,0.00010654385550878942
swin,0,1,832,mitdb/217,mitdb/217,83,9000,ARR,ARR,0.9992656111717224,2.8309548724791966e-05,0.0007060214411467314
swin,0,1,833,mitdb/217,mitdb/217,83,18500,ARR,ARR,0.9998739957809448,5.9686579334083945e-05,6.630176358157769e-05
swin,0,1,834,mitdb/217,mitdb/217,83,23000,ARR,ARR,0.999874472618103,6.22173902229406e-05,6.32599403616041e-05
swin,0,1,835,mitdb/217,mitdb/217,83,26000,ARR,ARR,0.9998683929443359,5.096697714179754e-05,8.053721103351563e-05
swin,0,1,836,mitdb/217,mitdb/217,83,26500,ARR,ARR,0.9998756647109985,5.7922021369449794e-05,6.635082536377013e-05
swin,0,1,837,mitdb/217,mitdb/217,83,32500,ARR,ARR,0.9998500347137451,4.3445234041428193e-05,0.00010661633859854192
swin,0,1,838,mitdb/217,mitdb/217,83,39000,ARR,ARR,0.9991258978843689,3.149218173348345e-05,0.0008427001885138452
swin,0,1,839,mitdb/217,mitdb/217,83,61500,ARR,ARR,0.9998496770858765,5.101586793898605e-05,9.929707448463887e-05
swin,0,1,840,mitdb/219,mitdb/219,84,12500,ARR,ARR,0.9997983574867249,3.634439053712413e-05,0.00016528608102817088
swin,0,1,841,mitdb/219,mitdb/219,84,13000,ARR,ARR,0.9998238682746887,3.73095172108151e-05,0.00013887057139072567
swin,0,1,842,mitdb/219,mitdb/219,84,16000,ARR,ARR,0.9998487234115601,4.094016912858933e-05,0.00011041180550819263
swin,0,1,843,mitdb/219,mitdb/219,84,27000,ARR,ARR,0.9998652935028076,5.1712537242565304e-05,8.292296843137592e-05
swin,0,1,844,mitdb/219,mitdb/219,84,32500,ARR,ARR,0.999858021736145,4.701836223830469e-05,9.503152978140861e-05
swin,0,1,845,mitdb/219,mitdb/219,84,40000,ARR,ARR,0.9998359680175781,4.067132613272406e-05,0.00012340050307102501
swin,0,1,846,mitdb/219,mitdb/219,84,52500,ARR,ARR,0.999840259552002,4.4806802179664373e-05,0.00011484605784062296
swin,0,1,847,mitdb/219,mitdb/219,84,54500,ARR,ARR,0.9998550415039062,4.3781688873423263e-05,0.00010118609498022124
swin,0,1,848,mitdb/219,mitdb/219,84,62000,ARR,ARR,0.999847412109375,4.2416053474880755e-05,0.00011017741780960932
swin,0,1,849,mitdb/219,mitdb/219,84,62500,ARR,ARR,0.9998358488082886,4.166425424045883e-05,0.0001223625586135313
swin,0,1,960,chfdb/chf01,chfdb/chf01,96,18500,CHF,CHF,0.0004562812973745167,0.9991051554679871,0.00043856212869286537
swin,0,1,961,chfdb/chf01,chfdb/chf01,96,23000,CHF,CHF,0.0001397614978486672,0.9997538924217224,0.00010639806714607403
swin,0,1,962,chfdb/chf01,chfdb/chf01,96,27000,CHF,CHF,7.649100734852254e-05,0.9997643828392029,0.0001591557083884254
swin,0,1,963,chfdb/chf01,chfdb/chf01,96,33500,CHF,CHF,6.793931970605627e-05,0.9997841715812683,0.00014786732208449394
swin,0,1,964,chfdb/chf01,chfdb/chf01,96,35500,CHF,CHF,7.278977136593312e-05,0.999798595905304,0.0001286088809138164
swin,0,1,965,chfdb/chf01,chfdb/chf01,96,36500,CHF,CHF,6.874599057482556e-05,0.9997782111167908,0.00015303381951525807
swin,0,1,966,chfdb/chf01,chfdb/chf01,96,41000,CHF,CHF,7.868291868362576e-05,0.9997828602790833,0.00013847315858583897
swin,0,1,967,chfdb/chf01,chfdb/chf01,96,43500,CHF,CHF,6.126772495917976e-05,0.999783456325531,0.00015531860117334872
swin,0,1,968,chfdb/chf01,chfdb/chf01,96,55500,CHF,CHF,0.00012774518108926713,0.9997703433036804,0.00010189280146732926
swin,0,1,969,chfdb/chf01,chfdb/chf01,96,60000,CHF,CHF,7.65934310038574e-05,0.999778687953949,0.00014469350571744144
swin,0,1,1000,chfdb/chf13,chfdb/chf13,100,1000,CHF,CHF,0.00011730528058251366,0.9996824264526367,0.00020034443878103048
swin,0,1,1001,chfdb/chf13,chfdb/chf13,100,7500,CHF,ARR,0.9657644629478455,0.0006813588552176952,0.033554211258888245
swin,0,1,1002,chfdb/chf13,chfdb/chf13,100,12500,CHF,NSR,0.2921335995197296,0.009032655507326126,0.6988337635993958
swin,0,1,1003,chfdb/chf13,chfdb/chf13,100,25500,CHF,NSR,0.00013720267452299595,0.0001725390029605478,0.9996902942657471
swin,0,1,1004,chfdb/chf13,chfdb/chf13,100,32000,CHF,ARR,0.9787551760673523,0.0007669047336094081,0.02047790214419365
swin,0,1,1005,chfdb/chf13,chfdb/chf13,100,43000,CHF,NSR,8.359714411199093e-05,0.000320248247589916,0.9995960593223572
swin,0,1,1006,chfdb/chf13,chfdb/chf13,100,44000,CHF,ARR,0.8864551782608032,0.0064431047067046165,0.10710170865058899
swin,0,1,1007,chfdb/chf13,chfdb/chf13,100,47000,CHF,NSR,0.0015213345177471638,0.49297261238098145,0.5055060386657715
swin,0,1,1008,chfdb/chf13,chfdb/chf13,100,57000,CHF,ARR,0.9957506656646729,0.0006035859696567059,0.0036456924863159657
swin,0,1,1009,chfdb/chf13,chfdb/chf13,100,62500,CHF,NSR,0.00047458874178119004,0.2807765007019043,0.718748927116394
swin,0,1,1030,chfdb/chf01,chfdb/chf01,103,9000,CHF,CHF,0.0006546289660036564,0.9992963075637817,4.900782005279325e-05
swin,0,1,1031,chfdb/chf01,chfdb/chf01,103,22500,CHF,CHF,7.257855759235099e-05,0.9997777342796326,0.00014972513599786907
swin,0,1,1032,chfdb/chf01,chfdb/chf01,103,26500,CHF,CHF,0.00015023915329948068,0.9997650980949402,8.469889871776104e-05
swin,0,1,1033,chfdb/chf01,chfdb/chf01,103,27500,CHF,CHF,0.0004902365617454052,0.9994447827339172,6.497379945358261e-05
swin,0,1,1034,chfdb/chf01,chfdb/chf01,103,34500,CHF,CHF,0.00018944287148769945,0.9997192025184631,9.128364763455465e-05
swin,0,1,1035,chfdb/chf01,chfdb/chf01,103,41500,CHF,CHF,7.914179150247946e-05,0.9997774958610535,0.00014339025074150413
swin,0,1,1036,chfdb/chf01,chfdb/chf01,103,49500,CHF,CHF,8.475627691950649e-05,0.9997861981391907,0.00012903937022201717
swin,0,1,1037,chfdb/chf01,chfdb/chf01,103,52500,CHF,CHF,0.0001475098542869091,0.9997603297233582,9.211795259034261e-05
swin,0,1,1038,chfdb/chf01,chfdb/chf01,103,55500,CHF,CHF,0.0004663372237700969,0.9994592070579529,7.447563984896988e-05
swin,0,1,1039,chfdb/chf01,chfdb/chf01,103,57000,CHF,CHF,0.00015817313396837562,0.9997513890266418,9.047552885022014e-05
swin,0,1,1080,chfdb/chf05,chfdb/chf05,108,0,CHF,CHF,4.2054543882841244e-05,0.9996726512908936,0.0002852923353202641
swin,0,1,1081,chfdb/chf05,chfdb/chf05,108,500,CHF,CHF,4.0197555790655315e-05,0.999622106552124,0.00033772492315620184
swin,0,1,1082,chfdb/chf05,chfdb/chf05,108,7000,CHF,CHF,4.5283144572749734e-05,0.9996942281723022,0.00026046426501125097
swin,0,1,1083,chfdb/chf05,chfdb/chf05,108,8000,CHF,CHF,4.765324774780311e-05,0.9997265934944153,0.00022577082563657314
swin,0,1,1084,chfdb/chf05,chfdb/chf05,108,20000,CHF,CHF,5.167644485482015e-05,0.9997527003288269,0.0001956013438757509
swin,0,1,1085,chfdb/chf05,chfdb/chf05,108,33000,CHF,CHF,4.8875892389332876e-05,0.9997504353523254,0.00020068966841790825
swin,0,1,1086,chfdb/chf05,chfdb/chf05,108,33500,CHF,CHF,4.952947347192094e-05,0.9996874332427979,0.0002630107628647238
swin,0,1,1087,chfdb/chf05,chfdb/chf05,108,36500,CHF,CHF,6.544975622091442e-05,0.9997949004173279,0.00013961920922156423
swin,0,1,1088,chfdb/chf05,chfdb/chf05,108,51500,CHF,CHF,5.9488422266440466e-05,0.999798595905304,0.0001418868632754311
swin,0,1,1089,chfdb/chf05,chfdb/chf05,108,55500,CHF,CHF,7.376194844255224e-05,0.9998072981834412,0.00011891133908648044
swin,0,1,1160,chfdb/chf13,chfdb/chf13,116,4000,CHF,CHF,0.0003226829576306045,0.9996215105056763,5.5803957366151735e-05
swin,0,1,1161,chfdb/chf13,chfdb/chf13,116,5500,CHF,CHF,0.00017968281463254243,0.9997642636299133,5.606601553154178e-05
swin,0,1,1162,chfdb/chf13,chfdb/chf13,116,8500,CHF,CHF,0.00017172844673041254,0.9997640252113342,6.42269806121476e-05
swin,0,1,1163,chfdb/chf13,chfdb/chf13,116,15500,CHF,CHF,0.00020296586444601417,0.9997426867485046,5.433096157503314e-05
swin,0,1,1164,chfdb/chf13,chfdb/chf13,116,21500,CHF,CHF,0.00019819919543806463,0.9997324347496033,6.938819569768384e-05
swin,0,1,1165,chfdb/chf13,chfdb/chf13,116,36000,CHF,CHF,0.00014459106023423374,0.9997847676277161,7.065303361741826e-05
swin,0,1,1166,chfdb/chf13,chfdb/chf13,116,50500,CHF,CHF,0.002037554746493697,0.9979074001312256,5.508991307578981e-05
swin,0,1,1167,chfdb/chf13,chfdb/chf13,116,53500,CHF,CHF,0.00012308443547226489,0.9998043179512024,7.266602187883109e-05
swin,0,1,1168,chfdb/chf13,chfdb/chf13,116,58000,CHF,CHF,0.00021208645193837583,0.9997220635414124,6.58322824165225e-05
swin,0,1,1169,chfdb/chf13,chfdb/chf13,116,61000,CHF,CHF,0.00024181476328521967,0.9997031092643738,5.510322080226615e-05
swin,0,1,1210,chfdb/chf05,chfdb/chf05,121,6500,CHF,CHF,0.0008164487662725151,0.9988616704940796,0.0003218944766558707
swin,0,1,1211,chfdb/chf05,chfdb/chf05,121,13500,CHF,CHF,0.0001244571467395872,0.9997830986976624,9.250846778741106e-05
swin,0,1,1212,chfdb/chf05,chfdb/chf05,121,23500,CHF,CHF,0.00010108813876286149,0.9998001456260681,9.881623554974794e-05
swin,0,1,1213,chfdb/chf05,chfdb/chf05,121,24000,CHF,CHF,9.045765909831971e-05,0.9997904896736145,0.00011904902203241363
swin,0,1,1214,chfdb/chf05,chfdb/chf05,121,33000,CHF,CHF,9.357065573567525e-05,0.9998003840446472,0.0001060275171766989
swin,0,1,1215,chfdb/chf05,chfdb/chf05,121,34500,CHF,CHF,8.007932046893984e-05,0.9997896552085876,0.00013030762784183025
swin,0,1,1216,chfdb/chf05,chfdb/chf05,121,35500,CHF,CHF,7.804876804584637e-05,0.9997976422309875,0.00012432149378582835
swin,0,1,1217,chfdb/chf05,chfdb/chf05,121,47500,CHF,CHF,0.0013589116279035807,0.9980514049530029,0.0005897246883250773
swin,0,1,1218,chfdb/chf05,chfdb/chf05,121,58000,CHF,CHF,5.830154987052083e-05,0.9997594952583313,0.00018222372455056757
swin,0,1,1219,chfdb/chf05,chfdb/chf05,121,63000,CHF,CHF,7.785105117363855e-05,0.9996951818466187,0.00022695490042679012
swin,0,1,1270,nsrdb/17052,nsrdb/17052,127,3500,NSR,ARR,0.99543297290802,0.00444991746917367,0.00011709194222930819
swin,0,1,1271,nsrdb/17052,nsrdb/17052,127,10000,NSR,NSR,0.0985286682844162,0.0007690505008213222,0.9007022976875305
swin,0,1,1272,nsrdb/17052,nsrdb/17052,127,15000,NSR,ARR,0.9990563988685608,0.0005340618663467467,0.0004095702606718987
swin,0,1,1273,nsrdb/17052,nsrdb/17052,127,18000,NSR,ARR,0.9996155500411987,0.0003331902262289077,5.129655619384721e-05
swin,0,1,1274,nsrdb/17052,nsrdb/17052,127,35000,NSR,CHF,0.0007894759182818234,0.9938154220581055,0.00539512699469924
swin,0,1,1275,nsrdb/17052,nsrdb/17052,127,37000,NSR,NSR,0.05917150899767876,0.0013245666632428765,0.9395039677619934
swin,0,1,1276,nsrdb/17052,nsrdb/17052,127,39500,NSR,ARR,0.9128648638725281,0.08690236508846283,0.00023276652791537344
swin,0,1,1277,nsrdb/17052,nsrdb/17052,127,47500,NSR,NSR,0.0012997461017221212,0.0450778529047966,0.9536224007606506
swin,0,1,1278,nsrdb/17052,nsrdb/17052,127,57000,NSR,CHF,0.042400989681482315,0.8242650628089905,0.1333339363336563
swin,0,1,1279,nsrdb/17052,nsrdb/17052,127,65000,NSR,ARR,0.8689756989479065,0.06845328956842422,0.06257100403308868
swin,0,1,1310,nsrdb/19088,nsrdb/19088,131,2500,NSR,NSR,0.00017080384714063257,9.5560317276977e-05,0.9997336268424988
swin,0,1,1311,nsrdb/19088,nsrdb/19088,131,4500,NSR,NSR,0.0020692264661192894,0.00018206682580057532,0.9977486729621887
swin,0,1,1312,nsrdb/19088,nsrdb/19088,131,11000,NSR,ARR,0.7469569444656372,0.004881535656750202,0.24816156923770905
swin,0,1,1313,nsrdb/19088,nsrdb/19088,131,18500,NSR,NSR,8.830818114802241e-05,0.00020263124315533787,0.9997090697288513
swin,0,1,1314,nsrdb/19088,nsrdb/19088,131,21500,NSR,NSR,0.00021339413069654256,0.000102258323749993,0.9996843338012695
swin,0,1,1315,nsrdb/19088,nsrdb/19088,131,25000,NSR,NSR,0.004737170413136482,6.669576396234334e-05,0.9951961636543274
swin,0,1,1316,nsrdb/19088,nsrdb/19088,131,48000,NSR,NSR,0.00010497638868400827,0.00015395323862321675,0.9997410178184509
swin,0,1,1317,nsrdb/19088,nsrdb/19088,131,51000,NSR,NSR,0.005594799295067787,0.0001894566958071664,0.9942156672477722
swin,0,1,1318,nsrdb/19088,nsrdb/19088,131,62500,NSR,NSR,0.003202784340828657,0.00013788093929179013,0.9966592788696289
swin,0,1,1319,nsrdb/19088,nsrdb/19088,131,63000,NSR,NSR,0.0011212821118533611,8.404759864788502e-05,0.998794674873352
swin,0,1,1350,nsrdb/19830,nsrdb/19830,135,1500,NSR,NSR,0.00017507495067548007,0.00012458128912840039,0.9997004270553589
swin,0,1,1351,nsrdb/19830,nsrdb/19830,135,6500,NSR,NSR,0.002715757815167308,0.00048282742500305176,0.9968013763427734
swin,0,1,1352,nsrdb/19830,nsrdb/19830,135,12500,NSR,NSR,0.00021415777155198157,0.00015996718138922006,0.9996259212493896
swin,0,1,1353,nsrdb/19830,nsrdb/19830,135,20500,NSR,NSR,0.17356444895267487,0.00037127736140973866,0.8260643482208252
swin,0,1,1354,nsrdb/19830,nsrdb/19830,135,37000,NSR,NSR,0.0001500466460129246,0.00011297839955659583,0.9997369647026062
swin,0,1,1355,nsrdb/19830,nsrdb/19830,135,44500,NSR,NSR,0.00012790718756150454,0.00012473527749534696,0.9997473359107971
swin,0,1,1356,nsrdb/19830,nsrdb/19830,135,49000,NSR,NSR,0.00016481861530337483,0.00010254140215693042,0.9997326731681824
swin,0,1,1357,nsrdb/19830,nsrdb/19830,135,52500,NSR,NSR,0.00015002788859419525,0.00010550063598202541,0.9997444748878479
swin,0,1,1358,nsrdb/19830,nsrdb/19830,135,57000,NSR,NSR,0.00013419742754194885,0.000115342038043309,0.9997504353523254
swin,0,1,1359,nsrdb/19830,nsrdb/19830,135,60000,NSR,NSR,0.00016977274208329618,9.4725372036919e-05,0.999735414981842
swin,0,1,1420,nsrdb/16539,nsrdb/16539,142,1500,NSR,NSR,0.00014872047177050263,0.00014573564112652093,0.9997054934501648
swin,0,1,1421,nsrdb/16539,nsrdb/16539,142,3000,NSR,NSR,0.00010302254668204114,0.0002455885405652225,0.999651312828064
swin,0,1,1422,nsrdb/16539,nsrdb/16539,142,6000,NSR,NSR,0.0001277817937079817,0.00013019610196352005,0.9997420907020569
swin,0,1,1423,nsrdb/16539,nsrdb/16539,142,13000,NSR,NSR,0.00013766375195700675,0.00011967942555202171,0.9997426867485046
swin,0,1,1424,nsrdb/16539,nsrdb/16539,142,14000,NSR,NSR,0.00025800307048484683,0.00012169211549917236,0.9996203184127808
swin,0,1,1425,nsrdb/16539,nsrdb/16539,142,22000,NSR,NSR,0.00014795186871197075,0.00011822803207905963,0.9997338652610779
swin,0,1,1426,nsrdb/16539,nsrdb/16539,142,29000,NSR,NSR,0.006405440624803305,0.0006153120775707066,0.9929792284965515
swin,0,1,1427,nsrdb/16539,nsrdb/16539,142,34000,NSR,NSR,0.00013939393102191389,0.0001240306010004133,0.999736487865448
swin,0,1,1428,nsrdb/16539,nsrdb/16539,142,46000,NSR,NSR,0.00018415265367366374,0.00010737320553744212,0.9997084736824036
swin,0,1,1429,nsrdb/16539,nsrdb/16539,142,52000,NSR,NSR,0.00010939439380308613,0.00017840634973254055,0.9997121691703796
swin,0,1,1460,nsrdb/17052,nsrdb/17052,146,1500,NSR,NSR,0.00023176943068392575,8.794610039331019e-05,0.9996802806854248
swin,0,1,1461,nsrdb/17052,nsrdb/17052,146,9000,NSR,NSR,0.00013791193487122655,0.0001207653695018962,0.9997413754463196
swin,0,1,1462,nsrdb/17052,nsrdb/17052,146,24500,NSR,NSR,0.00011720036854967475,0.00015212150174193084,0.9997307658195496
swin,0,1,1463,nsrdb/17052,nsrdb/17052,146,33500,NSR,NSR,0.00012676400365307927,0.00012273578613530844,0.9997504353523254
swin,0,1,1464,nsrdb/17052,nsrdb/17052,146,36500,NSR,NSR,0.0001484816602896899,0.0001299058203585446,0.9997215867042542
swin,0,1,1465,nsrdb/17052,nsrdb/17052,146,38500,NSR,NSR,0.0001722638262435794,0.00010861321061383933,0.9997192025184631
swin,0,1,1466,nsrdb/17052,nsrdb/17052,146,41500,NSR,NSR,0.0001347234647255391,0.0001203359424835071,0.9997449517250061
swin,0,1,1467,nsrdb/17052,nsrdb/17052,146,43500,NSR,NSR,0.00013065656821709126,0.00011677348811645061,0.9997525811195374
swin,0,1,1468,nsrdb/17052,nsrdb/17052,146,48000,NSR,NSR,0.0001690934004727751,9.583954670233652e-05,0.9997350573539734
swin,0,1,1469,nsrdb/17052,nsrdb/17052,146,58000,NSR,NSR,0.00016754450916778296,0.00010608499724185094,0.9997263550758362
swin,0,1,1510,nsrdb/19088,nsrdb/19088,151,2500,NSR,NSR,0.00011861461825901642,0.0001387630618410185,0.9997426867485046
swin,0,1,1511,nsrdb/19088,nsrdb/19088,151,4000,NSR,NSR,0.003878997405990958,0.0005088908947072923,0.9956120252609253
swin,0,1,1512,nsrdb/19088,nsrdb/19088,151,11500,NSR,NSR,0.00016686790331732482,9.933065302902833e-05,0.9997338652610779
swin,0,1,1513,nsrdb/19088,nsrdb/19088,151,14500,NSR,NSR,0.0001713707169983536,0.00011374748282833025,0.9997149109840393
swin,0,1,1514,nsrdb/19088,nsrdb/19088,151,31500,NSR,NSR,0.00015184283256530762,0.0001179824976134114,0.9997301697731018
swin,0,1,1515,nsrdb/19088,nsrdb/19088,151,40500,NSR,NSR,0.0002407902356935665,8.181208249880001e-05,0.999677300453186
swin,0,1,1516,nsrdb/19088,nsrdb/19088,151,49000,NSR,ARR,0.7820877432823181,0.00021491818188223988,0.21769742667675018
swin,0,1,1517,nsrdb/19088,nsrdb/19088,151,52000,NSR,NSR,0.00018959051521960646,9.703016985440627e-05,0.9997133612632751
swin,0,1,1518,nsrdb/19088,nsrdb/19088,151,54500,NSR,NSR,0.00020138424588367343,0.00010754709364846349,0.9996911287307739
swin,0,1,1519,nsrdb/19088,nsrdb/19088,151,61000,NSR,NSR,0.0009698870126157999,7.091204315656796e-05,0.9989593029022217
swin,0,1,1550,nsrdb/19830,nsrdb/19830,155,1500,NSR,NSR,0.000297078222502023,7.074182940414175e-05,0.9996321201324463
swin,0,1,1551,nsrdb/19830,nsrdb/19830,155,11000,NSR,NSR,0.00015888620691839606,0.00010924818343482912,0.9997318387031555
swin,0,1,1552,nsrdb/19830,nsrdb/19830,155,23500,NSR,NSR,0.0004859588807448745,0.0001372200931655243,0.9993768334388733
swin,0,1,1553,nsrdb/19830,nsrdb/19830,155,25000,NSR,NSR,0.0001621266856091097,9.511206008028239e-05,0.9997428059577942
swin,0,1,1554,nsrdb/19830,nsrdb/19830,155,36000,NSR,NSR,0.0001613888452993706,0.0001043545053107664,0.9997342228889465
swin,0,1,1555,nsrdb/19830,nsrdb/19830,155,41500,NSR,NSR,0.0001251512730959803,0.00014243778423406184,0.9997324347496033
swin,0,1,1556,nsrdb/19830,nsrdb/19830,155,49500,NSR,NSR,0.00017769847181625664,0.00014712780830450356,0.9996751546859741
swin,0,1,1557,nsrdb/19830,nsrdb/19830,155,52500,NSR,NSR,0.00013487096293829381,0.00011694582644850016,0.999748170375824
swin,0,1,1558,nsrdb/19830,nsrdb/19830,155,58000,NSR,NSR,0.00017835048492997885,9.467218478675932e-05,0.9997269511222839
swin,0,1,1559,nsrdb/19830,nsrdb/19830,155,59000,NSR,NSR,0.00015103249461390078,0.00010073394514620304,0.9997482895851135
swin,0,1,1580,nsrdb/16539,nsrdb/16539,158,500,NSR,NSR,0.0019103747326880693,7.357967842835933e-05,0.9980161190032959
swin,0,1,1581,nsrdb/16539,nsrdb/16539,158,1000,NSR,NSR,0.0010723352897912264,9.490637603448704e-05,0.9988327622413635
swin,0,1,1582,nsrdb/16539,nsrdb/16539,158,3000,NSR,NSR,0.006128350738435984,0.00011536174861248583,0.9937562942504883
swin,0,1,1583,nsrdb/16539,nsrdb/16539,158,18500,NSR,NSR,0.003236983437091112,0.0001766672357916832,0.9965863227844238
swin,0,1,1584,nsrdb/16539,nsrdb/16539,158,23000,NSR,NSR,0.05689550191164017,0.00010007192759076133,0.9430044293403625
swin,0,1,1585,nsrdb/16539,nsrdb/16539,158,29500,NSR,NSR,0.00012732968025375158,0.0001215105367009528,0.9997511506080627
swin,0,1,1586,nsrdb/16539,nsrdb/16539,158,37500,NSR,NSR,0.00015269595314748585,0.00010409591777715832,0.9997432827949524
swin,0,1,1587,nsrdb/16539,nsrdb/16539,158,40000,NSR,NSR,0.06919126957654953,0.0002793868479784578,0.9305292963981628
swin,0,1,1588,nsrdb/16539,nsrdb/16539,158,45000,NSR,ARR,0.8423996567726135,7.073165761539713e-05,0.15752969682216644
swin,0,1,1589,nsrdb/16539,nsrdb/16539,158,62500,NSR,NSR,0.00014576812100131065,0.00011666421050904319,0.999737560749054
swin,1,1,20,mitdb/111,mitdb/111,2,0,ARR,ARR,0.9999104738235474,3.3137221180368215e-05,5.638260699925013e-05
swin,1,1,21,mitdb/111,mitdb/111,2,500,ARR,ARR,0.999916672706604,3.81034187739715e-05,4.523421739577316e-05
swin,1,1,22,mitdb/111,mitdb/111,2,1500,ARR,ARR,0.9999117851257324,3.43228348356206e-05,5.384681935538538e-05
swin,1,1,23,mitdb/111,mitdb/111,2,7500,ARR,ARR,0.9999165534973145,3.64854495273903e-05,4.6990360715426505e-05
swin,1,1,24,mitdb/111,mitdb/111,2,25000,ARR,ARR,0.9999181032180786,3.60183730663266e-05,4.585622446029447e-05
swin,1,1,25,mitdb/111,mitdb/111,2,25500,ARR,ARR,0.999914288520813,3.2933850889094174e-05,5.278361277305521e-05
swin,1,1,26,mitdb/111,mitdb/111,2,29000,ARR,ARR,0.9999159574508667,3.363982250448316e-05,5.0388996896799654e-05
swin,1,1,27,mitdb/111,mitdb/111,2,34000,ARR,ARR,0.9999099969863892,3.198087142664008e-05,5.809501453768462e-05
swin,1,1,28,mitdb/111,mitdb/111,2,42000,ARR,ARR,0.9999165534973145,3.389101038919762e-05,4.9547252274351195e-05
swin,1,1,29,mitdb/111,mitdb/111,2,43000,ARR,ARR,0.9999146461486816,3.786642992054112e-05,4.7434306907234713e-05
swin,1,1,50,mitdb/114,mitdb/114,5,2500,ARR,ARR,0.9999080896377563,3.069270678679459e-05,6.124761421233416e-05
swin,1,1,51,mitdb/114,mitdb/114,5,5000,ARR,ARR,0.9999089241027832,2.8985530661884695e-05,6.205674435477704e-05
swin,1,1,52,mitdb/114,mitdb/114,5,15500,ARR,ARR,0.9999127388000488,4.286272815079428e-05,4.433574576978572e-05
swin,1,1,53,mitdb/114,mitdb/114,5,20000,ARR,ARR,0.999915361404419,3.658443165477365e-05,4.807648656424135e-05
swin,1,1,54,mitdb/114,mitdb/114,5,23500,ARR,ARR,0.9999145269393921,3.1214385671773925e-05,5.425822382676415e-05
swin,1,1,55,mitdb/114,mitdb/114,5,25000,ARR,ARR,0.999903678894043,2.643635161803104e-05,6.983181810937822e-05
swin,1,1,56,mitdb/114,mitdb/114,5,38000,ARR,ARR,0.99854975938797,0.0009453712846152484,0.0005048164748586714
swin,1,1,57,mitdb/114,mitdb/114,5,50000,ARR,ARR,0.9999046325683594,2.7241010684520006e-05,6.801104609621689e-05
swin,1,1,58,mitdb/114,mitdb/114,5,51500,ARR,ARR,0.9999128580093384,3.4103766665793955e-05,5.299987969920039e-05
swin,1,1,59,mitdb/114,mitdb/114,5,52000,ARR,ARR,0.999910831451416,3.1465806387132034e-05,5.773935481556691e-05
swin,1,1,220,mitdb/102,mitdb/102,22,4000,ARR,ARR,0.999664306640625,5.8648980484576896e-05,0.00027706948458217084
swin,1,1,221,mitdb/102,mitdb/102,22,11000,ARR,ARR,0.9999130964279175,5.737216997658834e-05,2.9565379009000026e-05
swin,1,1,222,mitdb/102,mitdb/102,22,19500,ARR,ARR,0.99991774559021,4.983182225259952e-05,3.239938450860791e-05
swin,1,1,223,mitdb/102,mitdb/102,22,24500,ARR,NSR,0.0012012672377750278,0.21333085000514984,0.7854679226875305
swin,1,1,224,mitdb/102,mitdb/102,22,33500,ARR,NSR,0.0019778928253799677,0.31537213921546936,0.6826500296592712
swin,1,1,225,mitdb/102,mitdb/102,22,42500,ARR,ARR,0.9907740950584412,0.00012959683954250067,0.009096338413655758
swin,1,1,226,mitdb/102,mitdb/102,22,45500,ARR,NSR,0.0015408867038786411,0.007777885999530554,0.9906813502311707
swin,1,1,227,mitdb/102,mitdb/102,22,46000,ARR,NSR,0.14207294583320618,0.028614794835448265,0.8293122053146362
swin,1,1,228,mitdb/102,mitdb/102,22,47500,ARR,NSR,0.0093639325350523,0.013728424906730652,0.9769076108932495
swin,1,1,229,mitdb/102,mitdb/102,22,59500,ARR,NSR,0.3565252721309662,0.0028138672932982445,0.64066082239151
swin,1,1,230,mitdb/208,mitdb/208,23,4500,ARR,ARR,0.9997839331626892,2.963952829304617e-05,0.00018638632900547236
swin,1,1,231,mitdb/208,mitdb/208,23,8000,ARR,ARR,0.9944975972175598,0.000286402297206223,0.005216032732278109
swin,1,1,232,mitdb/208,mitdb/208,23,8500,ARR,ARR,0.9998501539230347,4.184714998700656e-05,0.00010803515033330768
swin,1,1,233,mitdb/208,mitdb/208,23,17500,ARR,ARR,0.9998650550842285,4.668866313295439e-05,8.814928878564388e-05
swin,1,1,234,mitdb/208,mitdb/208,23,38000,ARR,ARR,0.9999151229858398,4.158986121183261e-05,4.3220268707955256e-05
swin,1,1,235,mitdb/208,mitdb/208,23,47000,ARR,ARR,0.9837666749954224,0.015624691732227802,0.0006086984067223966
swin,1,1,236,mitdb/208,mitdb/208,23,55500,ARR,ARR,0.9998916387557983,2.60587185039185e-05,8.22649963083677e-05
swin,1,1,237,mitdb/208,mitdb/208,23,57500,ARR,ARR,0.9999173879623413,3.323844066471793e-05,4.928930866299197e-05
swin,1,1,238,mitdb/208,mitdb/208,23,62500,ARR,ARR,0.9998917579650879,6.29202404525131e-05,4.529572470346466e-05
swin,1,1,239,mitdb/208,mitdb/208,23,63500,ARR,ARR,0.9985713958740234,0.00017902500985655934,0.0012496024137362838
swin,1,1,280,mitdb/214,mitdb/214,28,0,ARR,ARR,0.9999147653579712,4.296487895771861e-05,4.2327341361669824e-05
swin,1,1,281,mitdb/214,mitdb/214,28,7000,ARR,ARR,0.999915599822998,3.3827556762844324e-05,5.052269989391789e-05
swin,1,1,282,mitdb/214,mitdb/214,28,11000,ARR,ARR,0.9998747110366821,9.828749170992523e-05,2.6897865609498695e-05
swin,1,1,283,mitdb/214,mitdb/214,28,25500,ARR,ARR,0.99924635887146,4.682140570366755e-05,0.0007068570121191442
swin,1,1,284,mitdb/214,mitdb/214,28,28000,ARR,ARR,0.9993367791175842,0.0004898254410363734,0.0001733342942316085
swin,1,1,285,mitdb/214,mitdb/214,28,33000,ARR,ARR,0.9999200105667114,3.6590321542462334e-05,4.3424493924248964e-05
swin,1,1,286,mitdb/214,mitdb/214,28,35500,ARR,ARR,0.9999186992645264,3.6167402868159115e-05,4.5185286580817774e-05
swin,1,1,287,mitdb/214,mitdb/214,28,48500,ARR,ARR,0.9999184608459473,4.0782040741760284e-05,4.077262929058634e-05
swin,1,1,288,mitdb/214,mitdb/214,28,58000,ARR,ARR,0.9999169111251831,4.326888665673323e-05,3.981481495429762e-05
swin,1,1,289,mitdb/214,mitdb/214,28,63000,ARR,ARR,0.9999116659164429,2.94029523502104e-05,5.886148210265674e-05
swin,1,1,290,mitdb/215,mitdb/215,29,0,ARR,ARR,0.9972447156906128,2.81605425698217e-05,0.002727165585383773
swin,1,1,291,mitdb/215,mitdb/215,29,2500,ARR,NSR,0.00013502303045243025,6.94618938723579e-05,0.9997954964637756
swin,1,1,292,mitdb/215,mitdb/215,29,19500,ARR,NSR,0.0003641623188741505,6.750921602360904e-05,0.9995682835578918
swin,1,1,293,mitdb/215,mitdb/215,29,26500,ARR,ARR,0.9999173879623413,4.1193521610694006e-05,4.132060712436214e-05
swin,1,1,294,mitdb/215,mitdb/215,29,27000,ARR,ARR,0.9987095594406128,0.00015680798969697207,0.001133603393100202
swin,1,1,295,mitdb/215,mitdb/215,29,42000,ARR,NSR,0.003386932425200939,0.023481322452425957,0.9731317758560181
swin,1,1,296,mitdb/215,mitdb/215,29,52000,ARR,CHF,0.0471433587372303,0.8619341850280762,0.09092244505882263
swin,1,1,297,mitdb/215,mitdb/215,29,59500,ARR,NSR,0.050101980566978455,0.00035581470001488924,0.9495421648025513
swin,1,1,298,mitdb/215,mitdb/215,29,62500,ARR,NSR,0.00011234480189159513,8.598664862802252e-05,0.9998016953468323
swin,1,1,299,mitdb/215,mitdb/215,29,63000,ARR,ARR,0.8170098066329956,0.0034481724724173546,0.17954201996326447
swin,1,1,300,mitdb/217,mitdb/217,30,6000,ARR,ARR,0.9998557567596436,0.00012220405915286392,2.201115967181977e-05
swin,1,1,301,mitdb/217,mitdb/217,30,8000,ARR,ARR,0.9997941851615906,0.00017644462059251964,2.946765198430512e-05
swin,1,1,302,mitdb/217,mitdb/217,30,17500,ARR,ARR,0.9999128580093384,5.5778338719392195e-05,3.133551581413485e-05
swin,1,1,303,mitdb/217,mitdb/217,30,18000,ARR,ARR,0.9999194145202637,4.171823456999846e-05,3.890829611918889e-05
swin,1,1,304,mitdb/217,mitdb/217,30,36500,ARR,ARR,0.999573290348053,0.00036625651409849524,6.0419442888814956e-05
swin,1,1,305,mitdb/217,mitdb/217,30,37500,ARR,ARR,0.9999160766601562,3.9616537833353505e-05,4.4394579163054004e-05
swin,1,1,306,mitdb/217,mitdb/217,30,43000,ARR,ARR,0.9999182224273682,4.9553193093743175e-05,3.219512655050494e-05
swin,1,1,307,mitdb/217,mitdb/217,30,48500,ARR,ARR,0.9999183416366577,4.4674266973743215e-05,3.6904297303408384e-05
swin,1,1,308,mitdb/217,mitdb/217,30,56500,ARR,ARR,0.9999178647994995,3.61968413926661e-05,4.586211798596196e-05
swin,1,1,309,mitdb/217,mitdb/217,30,57000,ARR,ARR,0.9998757839202881,9.153175778919831e-05,3.262439349782653e-05
swin,1,1,310,mitdb/219,mitdb/219,31,7500,ARR,ARR,0.9984745383262634,0.0013855664292350411,0.00013983740063849837
swin,1,1,311,mitdb/219,mitdb/219,31,18000,ARR,ARR,0.9992331266403198,0.0007046693353913724,6.216176552698016e-05
swin,1,1,312,mitdb/219,mitdb/219,31,18500,ARR,ARR,0.9918872714042664,0.007971998304128647,0.00014076185470912606
swin,1,1,313,mitdb/219,mitdb/219,31,19000,ARR,ARR,0.9999122619628906,4.985655323253013e-05,3.7880425225012004e-05
swin,1,1,314,mitdb/219,mitdb/219,31,23000,ARR,ARR,0.9998596906661987,0.00010864868818316609,3.156141974614002e-05
swin,1,1,315,mitdb/219,mitdb/219,31,25500,ARR,ARR,0.9999227523803711,4.624999928637408e-05,3.095513238804415e-05
swin,1,1,316,mitdb/219,mitdb/219,31,36000,ARR,ARR,0.9999175071716309,5.47018826182466e-05,2.778066300379578e-05
swin,1,1,317,mitdb/219,mitdb/219,31,44000,ARR,ARR,0.9995543360710144,0.00041849896661005914,2.720802694966551e-05
swin,1,1,318,mitdb/219,mitdb/219,31,59500,ARR,ARR,0.985628604888916,0.014146900735795498,0.00022449226526077837
swin,1,1,319,mitdb/219,mitdb/219,31,61000,ARR,ARR,0.9998935461044312,6.88169602653943e-05,3.7645917473128065e-05
swin,1,1,460,mitdb/102,mitdb/102,46,11000,ARR,ARR,0.9997128844261169,2.6218267521471716e-05,0.00026087186415679753
swin,1,1,461,mitdb/102,mitdb/102,46,12500,ARR,ARR,0.9830273389816284,0.01686023361980915,0.00011239271407248452
swin,1,1,462,mitdb/102,mitdb/102,46,14000,ARR,ARR,0.9814386963844299,0.0010397254955023527,0.017521491274237633
swin,1,1,463,mitdb/102,mitdb/102,46,17500,ARR,ARR,0.999913215637207,3.268094951636158e-05,5.415827035903931e-05
swin,1,1,464,mitdb/102,mitdb/102,46,28000,ARR,CHF,0.40417253971099854,0.5956753492355347,0.00015212682774290442
swin,1,1,465,mitdb/102,mitdb/102,46,31500,ARR,ARR,0.9998300075531006,0.00014573836233466864,2.4182460037991405e-05
swin,1,1,466,mitdb/102,mitdb/102,46,37000,ARR,ARR,0.9992722868919373,0.000711468979716301,1.6190619135159068e-05
swin,1,1,467,mitdb/102,mitdb/102,46,44000,ARR,ARR,0.7677724957466125,0.2320735603570938,0.00015398408868350089
swin,1,1,468,mitdb/102,mitdb/102,46,44500,ARR,ARR,0.999772846698761,0.0002029386960202828,2.421781755401753e-05
swin,1,1,469,mitdb/102,mitdb/102,46,50000,ARR,ARR,0.9949889779090881,0.004983886610716581,2.719779877224937e-05
swin,1,1,510,mitdb/107,mitdb/107,51,3000,ARR,ARR,0.9988294243812561,0.00101137172896415,0.00015920442820060998
swin,1,1,511,mitdb/107,mitdb/107,51,20000,ARR,ARR,0.9998360872268677,0.0001370805111946538,2.6765203074319288e-05
swin,1,1,512,mitdb/107,mitdb/107,51,20500,ARR,ARR,0.9998952150344849,7.977638597367331e-05,2.4978860892588273e-05
swin,1,1,513,mitdb/107,mitdb/107,51,24500,ARR,ARR,0.9997747540473938,0.00020745961228385568,1.7812093574320897e-05
swin,1,1,514,mitdb/107,mitdb/107,51,35000,ARR,ARR,0.9953387975692749,0.004578558262437582,8.254937711171806e-05
swin,1,1,515,mitdb/107,mitdb/107,51,37000,ARR,ARR,0.9998021721839905,0.00016500432684551924,3.292786641395651e-05
swin,1,1,516,mitdb/107,mitdb/107,51,38500,ARR,ARR,0.9998445510864258,0.00013375288108363748,2.167315687984228e-05
swin,1,1,517,mitdb/107,mitdb/107,51,40500,ARR,ARR,0.9998873472213745,8.959871775005013e-05,2.303094333910849e-05
swin,1,1,518,mitdb/107,mitdb/107,51,41500,ARR,ARR,0.9911784529685974,0.008245280012488365,0.0005762999062426388
swin,1,1,519,mitdb/107,mitdb/107,51,53000,ARR,ARR,0.9998605251312256,0.00011812600860139355,2.1378324163379148e-05
swin,1,1,540,mitdb/111,mitdb/111,54,10000,ARR,ARR,0.9999148845672607,3.1435134587809443e-05,5.364837124943733e-05
swin,1,1,541,mitdb/111,mitdb/111,54,13000,ARR,ARR,0.9999186992645264,3.686621494125575e-05,4.4410491682356223e-05
swin,1,1,542,mitdb/111,mitdb/111,54,15500,ARR,ARR,0.9999144077301025,2.8651877073571086e-05,5.697850792785175e-05
swin,1,1,543,mitdb/111,mitdb/111,54,26500,ARR,ARR,0.9999171495437622,3.383699731784873e-05,4.8996753321262076e-05
swin,1,1,544,mitdb/111,mitdb/111,54,28000,ARR,ARR,0.9999185800552368,3.265966006438248e-05,4.8778070777188987e-05
swin,1,1,545,mitdb/111,mitdb/111,54,40000,ARR,ARR,0.9999181032180786,3.631447543739341e-05,4.552844984573312e-05
swin,1,1,546,mitdb/111,mitdb/111,54,42500,ARR,ARR,0.9999170303344727,3.2021318475017324e-05,5.087883255328052e-05
swin,1,1,547,mitdb/111,mitdb/111,54,50500,ARR,ARR,0.9999172687530518,3.739554813364521e-05,4.53490974905435e-05
swin,1,1,548,mitdb/111,mitdb/111,54,59000,ARR,ARR,0.9999181032180786,3.6959372664568946e-05,4.488646663958207e-05
swin,1,1,549,mitdb/111,mitdb/111,54,64500,ARR,ARR,0.9999173879623413,3.2313590054400265e-05,5.025157588534057e-05
swin,1,1,580,mitdb/114,mitdb/114,58,9000,ARR,ARR,0.9999046325683594,3.974380160798319e-05,5.5704149417579174e-05
swin,1,1,581,mitdb/114,mitdb/114,58,14500,ARR,ARR,0.9999114274978638,3.0662438803119585e-05,5.7928849855670705e-05
swin,1,1,582,mitdb/114,mitdb/114,58,17000,ARR,ARR,0.9999051094055176,3.1897314329398796e-05,6.28805864835158e-05
swin,1,1,583,mitdb/114,mitdb/114,58,17500,ARR,ARR,0.9999120235443115,3.509542148094624e-05,5.293119102134369e-05
swin,1,1,584,mitdb/114,mitdb/114,58,19000,ARR,ARR,0.9999148845672607,3.72344657080248e-05,4.791077662957832e-05
swin,1,1,585,mitdb/114,mitdb/114,58,25000,ARR,ARR,0.9999173879623413,3.793817450059578e-05,4.4740652811015025e-05
swin,1,1,586,mitdb/114,mitdb/114,58,33500,ARR,ARR,0.9999090433120728,2.8902368285343982e-05,6.209778075572103e-05
swin,1,1,587,mitdb/114,mitdb/114,58,34500,ARR,ARR,0.9999172687530518,4.343211912782863e-05,3.932276013074443e-05
swin,1,1,588,mitdb/114,mitdb/114,58,41500,ARR,ARR,0.999915599822998,3.6027591704623774e-05,4.838237146032043e-05
swin,1,1,589,mitdb/114,mitdb/114,58,46500,ARR,ARR,0.9999188184738159,3.7442347093019634e-05,4.3781936255982146e-05
swin,1,1,750,mitdb/208,mitdb/208,75,15500,ARR,ARR,0.9999167919158936,2.9236371119623072e-05,5.3967083658790216e-05
swin,1,1,751,mitdb/208,mitdb/208,75,20000,ARR,ARR,0.999911904335022,2.7163148843101226e-05,6.088822192396037e-05
swin,1,1,752,mitdb/208,mitdb/208,75,28000,ARR,ARR,0.9999151229858398,3.6260069464333355e-05,4.8650981625542045e-05
swin,1,1,753,mitdb/208,mitdb/208,75,32000,ARR,ARR,0.9999105930328369,2.7912694349652156e-05,6.154920993139967e-05
swin,1,1,754,mitdb/208,mitdb/208,75,45500,ARR,ARR,0.9992108345031738,0.0005089304177090526,0.00028010172536596656
swin,1,1,755,mitdb/208,mitdb/208,75,50500,ARR,ARR,0.9999101161956787,2.901615334849339e-05,6.0859660152345896e-05
swin,1,1,756,mitdb/208,mitdb/208,75,51500,ARR,ARR,0.9999054670333862,2.6462230380275287e-05,6.807735917391255e-05
swin,1,1,757,mitdb/208,mitdb/208,75,59000,ARR,ARR,0.9999158382415771,3.906505662598647e-05,4.506461482378654e-05
swin,1,1,758,mitdb/208,mitdb/208,75,59500,ARR,ARR,0.9999126195907593,2.6745103241410106e-05,6.0688023950206116e-05
swin,1,1,759,mitdb/208,mitdb/208,75,60000,ARR,ARR,0.9999175071716309,3.3453259675297886e-05,4.902374348603189e-05
swin,1,1,770,mitdb/107,mitdb/107,77,2500,ARR,CHF,0.008032421581447124,0.9904085397720337,0.0015590623952448368
swin,1,1,771,mitdb/107,mitdb/107,77,5500,ARR,CHF,0.09791872650384903,0.9013150930404663,0.0007661878480575979
swin,1,1,772,mitdb/107,mitdb/107,77,26000,ARR,ARR,0.5484755039215088,0.45082345604896545,0.0007010282715782523
swin,1,1,773,mitdb/107,mitdb/107,77,27000,ARR,CHF,0.015394328162074089,0.9843587875366211,0.0002469316532369703
swin,1,1,774,mitdb/107,mitdb/107,77,28000,ARR,CHF,0.0726347416639328,0.926176130771637,0.0011890686582773924
swin,1,1,775,mitdb/107,mitdb/107,77,33000,ARR,ARR,0.7733371257781982,0.22624453902244568,0.00041832844726741314
swin,1,1,776,mitdb/107,mitdb/107,77,35500,ARR,CHF,0.018097426742315292,0.9600511193275452,0.021851422265172005
swin,1,1,777,mitdb/107,mitdb/107,77,43500,ARR,ARR,0.9954556226730347,0.004474923945963383,6.938042497495189e-05
swin,1,1,778,mitdb/107,mitdb/107,77,45000,ARR,CHF,0.0047812145203351974,0.9950799942016602,0.0001388068776577711
swin,1,1,779,mitdb/107,mitdb/107,77,62500,ARR,CHF,0.008476613089442253,0.990149736404419,0.0013736218679696321
swin,1,1,810,mitdb/214,mitdb/214,81,11000,ARR,ARR,0.9999195337295532,4.026634633191861e-05,4.011299824924208e-05
swin,1,1,811,mitdb/214,mitdb/214,81,12000,ARR,ARR,0.9999207258224487,3.954809653805569e-05,3.97029216401279e-05
swin,1,1,812,mitdb/214,mitdb/214,81,12500,ARR,ARR,0.9999188184738159,3.931108949473128e-05,4.181503754807636e-05
swin,1,1,813,mitdb/214,mitdb/214,81,18000,ARR,ARR,0.9999196529388428,3.83895639970433e-05,4.193891800241545e-05
swin,1,1,814,mitdb/214,mitdb/214,81,22500,ARR,ARR,0.9999152421951294,2.931771450676024e-05,5.5387859902111813e-05
swin,1,1,815,mitdb/214,mitdb/214,81,32000,ARR,ARR,0.9999216794967651,4.214018554193899e-05,3.607233156799339e-05
swin,1,1,816,mitdb/214,mitdb/214,81,37500,ARR,ARR,0.9999202489852905,3.779704638873227e-05,4.19986572524067e-05
swin,1,1,817,mitdb/214,mitdb/214,81,43000,ARR,ARR,0.9999192953109741,4.277096741134301e-05,3.788083995459601e-05
swin,1,1,818,mitdb/214,mitdb/214,81,45000,ARR,ARR,0.9999185800552368,3.851310248137452e-05,4.2938216211041436e-05
swin,1,1,819,mitdb/214,mitdb/214,81,47500,ARR,ARR,0.9999206066131592,4.531626109383069e-05,3.40777296514716e-05
swin,1,1,820,mitdb/215,mitdb/215,82,500,ARR,ARR,0.9999171495437622,3.267827560193837e-05,5.0137114158133045e-05
swin,1,1,821,mitdb/215,mitdb/215,82,9500,ARR,ARR,0.9999197721481323,3.412645310163498e-05,4.6137043682392687e-05
swin,1,1,822,mitdb/215,mitdb/215,82,15500,ARR,ARR,0.9999189376831055,3.983658098150045e-05,4.121842357562855e-05
swin,1,1,823,mitdb/215,mitdb/215,82,20000,ARR,ARR,0.999915361404419,2.894718272727914e-05,5.5707350838929415e-05
swin,1,1,824,mitdb/215,mitdb/215,82,22000,ARR,ARR,0.9999133348464966,2.9776731025776826e-05,5.6905024393927306e-05
swin,1,1,825,mitdb/215,mitdb/215,82,27500,ARR,ARR,0.9980593323707581,0.0018875248497352004,5.318750481819734e-05
swin,1,1,826,mitdb/215,mitdb/215,82,28000,ARR,ARR,0.9999125003814697,3.1995437893783674e-05,5.553177834372036e-05
swin,1,1,827,mitdb/215,mitdb/215,82,42500,ARR,ARR,0.9987762570381165,0.00011939874093513936,0.0011043415870517492
swin,1,1,828,mitdb/215,mitdb/215,82,55000,ARR,ARR,0.9999130964279175,3.1383733585244045e-05,5.550804053200409e-05
swin,1,1,829,mitdb/215,mitdb/215,82,59500,ARR,ARR,0.9999182224273682,3.8461628719232976e-05,4.329391595092602e-05
swin,1,1,830,mitdb/217,mitdb/217,83,500,ARR,ARR,0.9997202754020691,2.4446941097266972e-05,0.0002552205405663699
swin,1,1,831,mitdb/217,mitdb/217,83,5000,ARR,ARR,0.999910831451416,2.879363819374703e-05,6.02879845246207e-05
swin,1,1,832,mitdb/217,mitdb/217,83,9000,ARR,NSR,0.020850390195846558,0.003609537845477462,0.9755401015281677
swin,1,1,833,mitdb/217,mitdb/217,83,18500,ARR,ARR,0.9997881054878235,3.8037236663512886e-05,0.00017390443827025592
swin,1,1,834,mitdb/217,mitdb/217,83,23000,ARR,ARR,0.9999129772186279,4.040359999635257e-05,4.666432869271375e-05
swin,1,1,835,mitdb/217,mitdb/217,83,26000,ARR,ARR,0.9999103546142578,3.215707329218276e-05,5.744981172028929e-05
swin,1,1,836,mitdb/217,mitdb/217,83,26500,ARR,ARR,0.9999176263809204,3.7907480873400345e-05,4.441611599759199e-05
swin,1,1,837,mitdb/217,mitdb/217,83,32500,ARR,ARR,0.9968068599700928,3.717384970514104e-05,0.0031559253111481667
swin,1,1,838,mitdb/217,mitdb/217,83,39000,ARR,ARR,0.9998767375946045,2.3373242584057152e-05,9.994180436478928e-05
swin,1,1,839,mitdb/217,mitdb/217,83,61500,ARR,ARR,0.9999123811721802,2.830694393196609e-05,5.933681677561253e-05
swin,1,1,840,mitdb/219,mitdb/219,84,12500,ARR,ARR,0.9999233484268188,3.893844404956326e-05,3.770007242565043e-05
swin,1,1,841,mitdb/219,mitdb/219,84,13000,ARR,ARR,0.9999217987060547,3.697826832649298e-05,4.11941327911336e-05
swin,1,1,842,mitdb/219,mitdb/219,84,16000,ARR,ARR,0.9999239444732666,3.408869815757498e-05,4.191518746665679e-05
swin,1,1,843,mitdb/219,mitdb/219,84,27000,ARR,ARR,0.9999229907989502,4.003628055215813e-05,3.690073936013505e-05
swin,1,1,844,mitdb/219,mitdb/219,84,32500,ARR,ARR,0.9999209642410278,3.5183471482014284e-05,4.390319736558013e-05
swin,1,1,845,mitdb/219,mitdb/219,84,40000,ARR,ARR,0.9999213218688965,3.773358912440017e-05,4.083430394530296e-05
swin,1,1,846,mitdb/219,mitdb/219,84,52500,ARR,ARR,0.9999243021011353,4.063823871547356e-05,3.500617094687186e-05
swin,1,1,847,mitdb/219,mitdb/219,84,54500,ARR,ARR,0.9999210834503174,4.101566082681529e-05,3.796353848883882e-05
swin,1,1,848,mitdb/219,mitdb/219,84,62000,ARR,ARR,0.9999222755432129,3.6650126276072115e-05,4.112220631213859e-05
swin,1,1,849,mitdb/219,mitdb/219,84,62500,ARR,ARR,0.9999229907989502,3.9257753087440506e-05,3.7748268368886784e-05
swin,1,1,960,chfdb/chf01,chfdb/chf01,96,18500,CHF,CHF,0.0019650079775601625,0.9972133040428162,0.0008217180147767067
swin,1,1,961,chfdb/chf01,chfdb/chf01,96,23000,CHF,ARR,0.9500347971916199,0.04958609864115715,0.0003791024209931493
swin,1,1,962,chfdb/chf01,chfdb/chf01,96,27000,CHF,CHF,0.001918650814332068,0.9978731870651245,0.00020816807227674872
swin,1,1,963,chfdb/chf01,chfdb/chf01,96,33500,CHF,CHF,0.00046278201625682414,0.9991651773452759,0.0003720730892382562
swin,1,1,964,chfdb/chf01,chfdb/chf01,96,35500,CHF,CHF,0.00030033363145776093,0.9996281862258911,7.145791460061446e-05
swin,1,1,965,chfdb/chf01,chfdb/chf01,96,36500,CHF,CHF,0.01132798008620739,0.9880561828613281,0.0006158736068755388
swin,1,1,966,chfdb/chf01,chfdb/chf01,96,41000,CHF,CHF,0.0003515380958560854,0.9995359182357788,0.00011255683057243004
swin,1,1,967,chfdb/chf01,chfdb/chf01,96,43500,CHF,CHF,0.004076907876878977,0.9957178235054016,0.00020530217443592846
swin,1,1,968,chfdb/chf01,chfdb/chf01,96,55500,CHF,CHF,0.00034269195748493075,0.9980308413505554,0.0016265043523162603
swin,1,1,969,chfdb/chf01,chfdb/chf01,96,60000,CHF,CHF,0.00045325906830839813,0.9994531273841858,9.357008821098134e-05
swin,1,1,1000,chfdb/chf13,chfdb/chf13,100,1000,CHF,CHF,0.00040794661617837846,0.5542042851448059,0.4453877806663513
swin,1,1,1001,chfdb/chf13,chfdb/chf13,100,7500,CHF,CHF,0.00023628646158613265,0.9995291233062744,0.0002345907996641472
swin,1,1,1002,chfdb/chf13,chfdb/chf13,100,12500,CHF,CHF,0.0019941467326134443,0.9976546168327332,0.0003512946132104844
swin,1,1,1003,chfdb/chf13,chfdb/chf13,100,25500,CHF,NSR,3.934419873985462e-05,0.0004320123407524079,0.9995286464691162
swin,1,1,1004,chfdb/chf13,chfdb/chf13,100,32000,CHF,CHF,0.004206158220767975,0.9913450479507446,0.004448778461664915
swin,1,1,1005,chfdb/chf13,chfdb/chf13,100,43000,CHF,NSR,3.612855289247818e-05,0.0108138183131814,0.9891501069068909
swin,1,1,1006,chfdb/chf13,chfdb/chf13,100,44000,CHF,CHF,0.0002845112176146358,0.9918261766433716,0.00788932852447033
swin,1,1,1007,chfdb/chf13,chfdb/chf13,100,47000,CHF,CHF,0.00015629197878297418,0.9971713423728943,0.002672370756044984
swin,1,1,1008,chfdb/chf13,chfdb/chf13,100,57000,CHF,ARR,0.996826708316803,0.003127364907413721,4.5815970224794e-05
swin,1,1,1009,chfdb/chf13,chfdb/chf13,100,62500,CHF,CHF,0.0006097438163124025,0.9830693006515503,0.016320936381816864
swin,1,1,1030,chfdb/chf01,chfdb/chf01,103,9000,CHF,ARR,0.9999082088470459,4.347777212387882e-05,4.833220737054944e-05
swin,1,1,1031,chfdb/chf01,chfdb/chf01,103,22500,CHF,ARR,0.7045766711235046,0.2951398193836212,0.0002834762854035944
swin,1,1,1032,chfdb/chf01,chfdb/chf01,103,26500,CHF,ARR,0.9254860281944275,0.07443363964557648,8.033256744965911e-05
swin,1,1,1033,chfdb/chf01,chfdb/chf01,103,27500,CHF,ARR,0.9991946816444397,0.0007495046593248844,5.5819931731093675e-05
swin,1,1,1034,chfdb/chf01,chfdb/chf01,103,34500,CHF,CHF,0.02174905687570572,0.9781719446182251,7.901640492491424e-05
swin,1,1,1035,chfdb/chf01,chfdb/chf01,103,41500,CHF,ARR,0.9886801242828369,0.011296089738607407,2.380851947236806e-05
swin,1,1,1036,chfdb/chf01,chfdb/chf01,103,49500,CHF,CHF,0.006893327925354242,0.9930145740509033,9.208851406583562e-05
swin,1,1,1037,chfdb/chf01,chfdb/chf01,103,52500,CHF,CHF,0.04280298948287964,0.9571009278297424,9.60238539846614e-05
swin,1,1,1038,chfdb/chf01,chfdb/chf01,103,55500,CHF,ARR,0.9659634232521057,0.03391436114907265,0.0001221926067955792
swin,1,1,1039,chfdb/chf01,chfdb/chf01,103,57000,CHF,CHF,0.09405558556318283,0.9055426716804504,0.00040166181861422956
swin,1,1,1080,chfdb/chf05,chfdb/chf05,108,0,CHF,CHF,9.894189133774489e-05,0.9997186064720154,0.00018241151701658964
swin,1,1,1081,chfdb/chf05,chfdb/chf05,108,500,CHF,CHF,4.8248952225549147e-05,0.9912835359573364,0.00866819266229868
swin,1,1,1082,chfdb/chf05,chfdb/chf05,108,7000,CHF,CHF,8.107720350380987e-05,0.9996815919876099,0.00023734700516797602
swin,1,1,1083,chfdb/chf05,chfdb/chf05,108,8000,CHF,CHF,6.63965693092905e-05,0.9993939399719238,0.0005396317574195564
swin,1,1,1084,chfdb/chf05,chfdb/chf05,108,20000,CHF,CHF,0.00010699041740735993,0.9997726082801819,0.0001204450090881437
swin,1,1,1085,chfdb/chf05,chfdb/chf05,108,33000,CHF,CHF,9.016225521918386e-05,0.9996799230575562,0.00022997689666226506
swin,1,1,1086,chfdb/chf05,chfdb/chf05,108,33500,CHF,CHF,0.00010733665840234607,0.9995531439781189,0.0003395522362552583
swin,1,1,1087,chfdb/chf05,chfdb/chf05,108,36500,CHF,CHF,7.313355308724567e-05,0.9996029734611511,0.00032393925357609987
swin,1,1,1088,chfdb/chf05,chfdb/chf05,108,51500,CHF,CHF,0.00010265952005283907,0.9997785687446594,0.00011878846999024972
swin,1,1,1089,chfdb/chf05,chfdb/chf05,108,55500,CHF,CHF,7.366284989984706e-05,0.999708354473114,0.00021796231158077717
swin,1,1,1160,chfdb/chf13,chfdb/chf13,116,4000,CHF,CHF,0.07298882305622101,0.9268810153007507,0.0001301797165069729
swin,1,1,1161,chfdb/chf13,chfdb/chf13,116,5500,CHF,CHF,0.0011334511218592525,0.9988202452659607,4.626173904398456e-05
swin,1,1,1162,chfdb/chf13,chfdb/chf13,116,8500,CHF,CHF,0.001110954792238772,0.9988149404525757,7.41610856493935e-05
swin,1,1,1163,chfdb/chf13,chfdb/chf13,116,15500,CHF,CHF,0.00032502631074748933,0.9996065497398376,6.84928018017672e-05
swin,1,1,1164,chfdb/chf13,chfdb/chf13,116,21500,CHF,CHF,0.0003243634128011763,0.9996181726455688,5.740712731494568e-05
swin,1,1,1165,chfdb/chf13,chfdb/chf13,116,36000,CHF,CHF,0.006485294084995985,0.9934677481651306,4.6983168431324884e-05
swin,1,1,1166,chfdb/chf13,chfdb/chf13,116,50500,CHF,CHF,0.006776861846446991,0.9930970072746277,0.00012612638238351792
swin,1,1,1167,chfdb/chf13,chfdb/chf13,116,53500,CHF,ARR,0.7438595294952393,0.2560703754425049,7.017912139417604e-05
swin,1,1,1168,chfdb/chf13,chfdb/chf13,116,58000,CHF,CHF,0.005338051822036505,0.9945886135101318,7.339106377912685e-05
swin,1,1,1169,chfdb/chf13,chfdb/chf13,116,61000,CHF,CHF,0.0007991199381649494,0.9991439580917358,5.6937322369776666e-05
swin,1,1,1210,chfdb/chf05,chfdb/chf05,121,6500,CHF,CHF,0.00011169384379172698,0.9997641444206238,0.0001241424324689433
swin,1,1,1211,chfdb/chf05,chfdb/chf05,121,13500,CHF,CHF,0.0001069404388545081,0.9997726082801819,0.00012051176599925384
swin,1,1,1212,chfdb/chf05,chfdb/chf05,121,23500,CHF,CHF,0.00011198453285032883,0.9997835755348206,0.00010441659833304584
swin,1,1,1213,chfdb/chf05,chfdb/chf05,121,24000,CHF,CHF,0.00010211246990365908,0.9997580647468567,0.000139842857606709
swin,1,1,1214,chfdb/chf05,chfdb/chf05,121,33000,CHF,CHF,0.00010048031253973022,0.9997668862342834,0.0001326838682871312
swin,1,1,1215,chfdb/chf05,chfdb/chf05,121,34500,CHF,CHF,8.742802310734987e-05,0.9997743964195251,0.00013818361912854016
swin,1,1,1216,chfdb/chf05,chfdb/chf05,121,35500,CHF,CHF,9.42261322052218e-05,0.9997765421867371,0.00012928446813020855
swin,1,1,1217,chfdb/chf05,chfdb/chf05,121,47500,CHF,CHF,0.0003902447933796793,0.9995275735855103,8.222962787840515e-05
swin,1,1,1218,chfdb/chf05,chfdb/chf05,121,58000,CHF,CHF,8.595350664108992e-05,0.9997537732124329,0.0001602834672667086
swin,1,1,1219,chfdb/chf05,chfdb/chf05,121,63000,CHF,CHF,8.546513709006831e-05,0.9997455477714539,0.00016898714238777757
swin,1,1,1270,nsrdb/17052,nsrdb/17052,127,3500,NSR,ARR,0.9995883107185364,0.00032720674062147737,8.453206828562543e-05
swin,1,1,1271,nsrdb/17052,nsrdb/17052,127,10000,NSR,NSR,0.01354911457747221,0.0016186716966331005,0.9848321080207825
swin,1,1,1272,nsrdb/17052,nsrdb/17052,127,15000,NSR,ARR,0.9963285326957703,7.169847231125459e-05,0.0035997165832668543
swin,1,1,1273,nsrdb/17052,nsrdb/17052,127,18000,NSR,ARR,0.9998874664306641,4.239829650032334e-05,7.013368303887546e-05
swin,1,1,1274,nsrdb/17052,nsrdb/17052,127,35000,NSR,NSR,0.001437624916434288,0.0012816862436011434,0.9972805976867676
swin,1,1,1275,nsrdb/17052,nsrdb/17052,127,37000,NSR,NSR,0.16221892833709717,0.007541237864643335,0.8302398324012756
swin,1,1,1276,nsrdb/17052,nsrdb/17052,127,39500,NSR,ARR,0.9997902512550354,0.00017453702457714826,3.530574758769944e-05
swin,1,1,1277,nsrdb/17052,nsrdb/17052,127,47500,NSR,NSR,0.004200169816613197,0.00043948565144091845,0.9953603148460388
swin,1,1,1278,nsrdb/17052,nsrdb/17052,127,57000,NSR,ARR,0.9995929598808289,0.0003328238090034574,7.425311196129769e-05
swin,1,1,1279,nsrdb/17052,nsrdb/17052,127,65000,NSR,ARR,0.999886155128479,8.655685815028846e-05,2.7245781893725507e-05
swin,1,1,1310,nsrdb/19088,nsrdb/19088,131,2500,NSR,NSR,0.00010169310553465039,8.995224197860807e-05,0.9998083710670471
swin,1,1,1311,nsrdb/19088,nsrdb/19088,131,4500,NSR,NSR,0.000152381049701944,9.057427087100223e-05,0.9997569918632507
swin,1,1,1312,nsrdb/19088,nsrdb/19088,131,11000,NSR,NSR,0.00011146345786983147,0.0001006996026262641,0.9997878670692444
swin,1,1,1313,nsrdb/19088,nsrdb/19088,131,18500,NSR,NSR,3.921665484085679e-05,0.001168348710052669,0.9987924098968506
swin,1,1,1314,nsrdb/19088,nsrdb/19088,131,21500,NSR,NSR,0.00010446963278809562,8.194271504180506e-05,0.9998134970664978
swin,1,1,1315,nsrdb/19088,nsrdb/19088,131,25000,NSR,NSR,0.0002482931304257363,8.532741776434705e-05,0.9996663331985474
swin,1,1,1316,nsrdb/19088,nsrdb/19088,131,48000,NSR,NSR,0.00016880394832696766,7.265348540386185e-05,0.9997585415840149
swin,1,1,1317,nsrdb/19088,nsrdb/19088,131,51000,NSR,NSR,0.00013894554285798222,8.388431160710752e-05,0.9997771382331848
swin,1,1,1318,nsrdb/19088,nsrdb/19088,131,62500,NSR,NSR,0.00027712961309589446,9.526330541120842e-05,0.9996275901794434
swin,1,1,1319,nsrdb/19088,nsrdb/19088,131,63000,NSR,NSR,0.00013621534162666649,8.092874486465007e-05,0.9997828602790833
swin,1,1,1350,nsrdb/19830,nsrdb/19830,135,1500,NSR,NSR,0.0007555524352937937,0.00046885336632840335,0.9987755417823792
swin,1,1,1351,nsrdb/19830,nsrdb/19830,135,6500,NSR,NSR,0.03259851038455963,0.00020061155373696238,0.9672009348869324
swin,1,1,1352,nsrdb/19830,nsrdb/19830,135,12500,NSR,CHF,0.10382407158613205,0.7032297253608704,0.192946195602417
swin,1,1,1353,nsrdb/19830,nsrdb/19830,135,20500,NSR,NSR,0.00021117093274369836,7.073839515214786e-05,0.9997180104255676
swin,1,1,1354,nsrdb/19830,nsrdb/19830,135,37000,NSR,NSR,7.901065691839904e-05,0.00011092500062659383,0.9998100399971008
swin,1,1,1355,nsrdb/19830,nsrdb/19830,135,44500,NSR,NSR,3.419793938519433e-05,0.0023755852598696947,0.997590184211731
swin,1,1,1356,nsrdb/19830,nsrdb/19830,135,49000,NSR,NSR,0.00013032092829234898,0.00010770693916128948,0.9997619986534119
swin,1,1,1357,nsrdb/19830,nsrdb/19830,135,52500,NSR,NSR,0.000333221658365801,5.705160947400145e-05,0.9996097683906555
swin,1,1,1358,nsrdb/19830,nsrdb/19830,135,57000,NSR,NSR,9.319133823737502e-05,0.00010777555871754885,0.9997990727424622
swin,1,1,1359,nsrdb/19830,nsrdb/19830,135,60000,NSR,NSR,0.00010162305989069864,8.67029229993932e-05,0.9998117089271545
swin,1,1,1420,nsrdb/16539,nsrdb/16539,142,1500,NSR,NSR,0.000107606865640264,9.097211295738816e-05,0.9998014569282532
swin,1,1,1421,nsrdb/16539,nsrdb/16539,142,3000,NSR,NSR,0.00014301034389063716,7.270581409102306e-05,0.9997842907905579
swin,1,1,1422,nsrdb/16539,nsrdb/16539,142,6000,NSR,NSR,0.00010913006553892046,8.390145376324654e-05,0.9998069405555725
swin,1,1,1423,nsrdb/16539,nsrdb/16539,142,13000,NSR,NSR,9.577286982676014e-05,9.254931501345709e-05,0.999811589717865
swin,1,1,1424,nsrdb/16539,nsrdb/16539,142,14000,NSR,NSR,0.005951432976871729,0.00012412127398420125,0.9939244389533997
swin,1,1,1425,nsrdb/16539,nsrdb/16539,142,22000,NSR,NSR,0.00011282571358606219,8.341069769812748e-05,0.9998037219047546
swin,1,1,1426,nsrdb/16539,nsrdb/16539,142,29000,NSR,NSR,0.00010529893916100264,0.00010134364129044116,0.9997934699058533
swin,1,1,1427,nsrdb/16539,nsrdb/16539,142,34000,NSR,NSR,0.00010521707008592784,8.659419836476445e-05,0.999808132648468
swin,1,1,1428,nsrdb/16539,nsrdb/16539,142,46000,NSR,NSR,0.00012198490730952471,7.772170647513121e-05,0.9998003840446472
swin,1,1,1429,nsrdb/16539,nsrdb/16539,142,52000,NSR,NSR,7.010287663433701e-05,0.00013181423128116876,0.9997981190681458
swin,1,1,1460,nsrdb/17052,nsrdb/17052,146,1500,NSR,NSR,0.0001422502682544291,7.429085235344246e-05,0.999783456325531
swin,1,1,1461,nsrdb/17052,nsrdb/17052,146,9000,NSR,NSR,0.00013933118316344917,7.267392356880009e-05,0.9997879862785339
swin,1,1,1462,nsrdb/17052,nsrdb/17052,146,24500,NSR,NSR,0.001181087107397616,5.8334291679784656e-05,0.9987605810165405
swin,1,1,1463,nsrdb/17052,nsrdb/17052,146,33500,NSR,NSR,0.00012798409443348646,7.280917634489015e-05,0.9997991919517517
swin,1,1,1464,nsrdb/17052,nsrdb/17052,146,36500,NSR,NSR,0.00023352909192908555,9.663716627983376e-05,0.9996697902679443
swin,1,1,1465,nsrdb/17052,nsrdb/17052,146,38500,NSR,NSR,0.00010996288619935513,8.239822636824101e-05,0.9998076558113098
swin,1,1,1466,nsrdb/17052,nsrdb/17052,146,41500,NSR,NSR,0.00012315782078076154,7.259239646373317e-05,0.9998043179512024
swin,1,1,1467,nsrdb/17052,nsrdb/17052,146,43500,NSR,NSR,0.00013648034655489028,7.598847150802612e-05,0.9997875094413757
swin,1,1,1468,nsrdb/17052,nsrdb/17052,146,48000,NSR,NSR,0.00017482860130257905,6.221146031748503e-05,0.9997629523277283
swin,1,1,1469,nsrdb/17052,nsrdb/17052,146,58000,NSR,NSR,0.00020305669750086963,6.1751801695209e-05,0.9997351765632629
swin,1,1,1510,nsrdb/19088,nsrdb/19088,151,2500,NSR,NSR,8.604220056440681e-05,0.0001215394222526811,0.9997923970222473
swin,1,1,1511,nsrdb/19088,nsrdb/19088,151,4000,NSR,ARR,0.5438189506530762,0.0012110447278246284,0.45496997237205505
swin,1,1,1512,nsrdb/19088,nsrdb/19088,151,11500,NSR,NSR,0.00015532899124082178,7.163859118008986e-05,0.9997730851173401
swin,1,1,1513,nsrdb/19088,nsrdb/19088,151,14500,NSR,NSR,0.0002376742340857163,7.261884456966072e-05,0.9996898174285889
swin,1,1,1514,nsrdb/19088,nsrdb/19088,151,31500,NSR,NSR,0.0001499831851106137,7.17689617886208e-05,0.9997783303260803
swin,1,1,1515,nsrdb/19088,nsrdb/19088,151,40500,NSR,NSR,0.00012793704809155315,7.8195909736678e-05,0.9997939467430115
swin,1,1,1516,nsrdb/19088,nsrdb/19088,151,49000,NSR,NSR,7.694539817748591e-05,0.00015235989121720195,0.9997707009315491
swin,1,1,1517,nsrdb/19088,nsrdb/19088,151,52000,NSR,NSR,0.00010515365283936262,8.783654629951343e-05,0.9998070597648621
swin,1,1,1518,nsrdb/19088,nsrdb/19088,151,54500,NSR,NSR,0.00011110695049865171,8.50025680847466e-05,0.9998039603233337
swin,1,1,1519,nsrdb/19088,nsrdb/19088,151,61000,NSR,NSR,0.0001235977979376912,7.844719220884144e-05,0.9997979998588562
swin,1,1,1550,nsrdb/19830,nsrdb/19830,155,1500,NSR,NSR,0.00010561598173808306,8.34806269267574e-05,0.9998109936714172
swin,1,1,1551,nsrdb/19830,nsrdb/19830,155,11000,NSR,NSR,0.003507167799398303,0.0001533972390461713,0.9963394403457642
swin,1,1,1552,nsrdb/19830,nsrdb/19830,155,23500,NSR,NSR,0.0001537851057946682,7.646509038750082e-05,0.9997697472572327
swin,1,1,1553,nsrdb/19830,nsrdb/19830,155,25000,NSR,NSR,0.00017138700059149414,6.451379886129871e-05,0.9997641444206238
swin,1,1,1554,nsrdb/19830,nsrdb/19830,155,36000,NSR,NSR,0.0001440723572159186,7.633382483618334e-05,0.9997796416282654
swin,1,1,1555,nsrdb/19830,nsrdb/19830,155,41500,NSR,NSR,0.00011097552487626672,8.707230153959244e-05,0.9998019337654114
swin,1,1,1556,nsrdb/19830,nsrdb/19830,155,49500,NSR,NSR,0.00021068814385216683,6.177530303830281e-05,0.9997275471687317
swin,1,1,1557,nsrdb/19830,nsrdb/19830,155,52500,NSR,NSR,0.00013865884102415293,8.425030682701617e-05,0.9997771382331848
swin,1,1,1558,nsrdb/19830,nsrdb/19830,155,58000,NSR,NSR,0.0002454147324897349,5.588943531620316e-05,0.9996987581253052
swin,1,1,1559,nsrdb/19830,nsrdb/19830,155,59000,NSR,NSR,0.00017632498929742724,6.58220233162865e-05,0.9997579455375671
swin,1,1,1580,nsrdb/16539,nsrdb/16539,158,500,NSR,NSR,0.03608689829707146,0.00018919860303867608,0.9637238383293152
swin,1,1,1581,nsrdb/16539,nsrdb/16539,158,1000,NSR,NSR,0.001930634374730289,4.729876309284009e-05,0.9980220794677734
swin,1,1,1582,nsrdb/16539,nsrdb/16539,158,3000,NSR,NSR,0.00019165249250363559,7.232582720462233e-05,0.9997360110282898
swin,1,1,1583,nsrdb/16539,nsrdb/16539,158,18500,NSR,NSR,0.06292150169610977,8.219861047109589e-05,0.9369962811470032
swin,1,1,1584,nsrdb/16539,nsrdb/16539,158,23000,NSR,NSR,0.0017391166184097528,3.99847085645888e-05,0.9982208609580994
swin,1,1,1585,nsrdb/16539,nsrdb/16539,158,29500,NSR,NSR,0.00011673878907458857,7.891359564382583e-05,0.9998044371604919
swin,1,1,1586,nsrdb/16539,nsrdb/16539,158,37500,NSR,NSR,0.0008996771648526192,4.515530963544734e-05,0.9990552067756653
swin,1,1,1587,nsrdb/16539,nsrdb/16539,158,40000,NSR,NSR,0.4352996051311493,0.00018557236762717366,0.5645148158073425
swin,1,1,1588,nsrdb/16539,nsrdb/16539,158,45000,NSR,ARR,0.9978806972503662,2.217185465269722e-05,0.0020972122438251972
swin,1,1,1589,nsrdb/16539,nsrdb/16539,158,62500,NSR,NSR,0.01042341347783804,0.0003179508785251528,0.9892587065696716
swin,2,1,20,mitdb/111,mitdb/111,2,0,ARR,ARR,0.9999140501022339,4.23211749875918e-05,4.367671499494463e-05
swin,2,1,21,mitdb/111,mitdb/111,2,500,ARR,ARR,0.9999170303344727,3.994664075435139e-05,4.307682320359163e-05
swin,2,1,22,mitdb/111,mitdb/111,2,1500,ARR,ARR,0.9999158382415771,4.0462557080900297e-05,4.3766984163085e-05
swin,2,1,23,mitdb/111,mitdb/111,2,7500,ARR,ARR,0.9999150037765503,4.08062114729546e-05,4.42762284365017e-05
swin,2,1,24,mitdb/111,mitdb/111,2,25000,ARR,ARR,0.9999152421951294,3.9726790419081226e-05,4.501716830418445e-05
swin,2,1,25,mitdb/111,mitdb/111,2,25500,ARR,ARR,0.9999157190322876,3.8641723222099245e-05,4.5679691538680345e-05
swin,2,1,26,mitdb/111,mitdb/111,2,29000,ARR,ARR,0.9999147653579712,3.8078029319876805e-05,4.715696195489727e-05
swin,2,1,27,mitdb/111,mitdb/111,2,34000,ARR,ARR,0.9999158382415771,3.995471342932433e-05,4.420791083248332e-05
swin,2,1,28,mitdb/111,mitdb/111,2,42000,ARR,ARR,0.9999158382415771,3.639007263700478e-05,4.78431538795121e-05
swin,2,1,29,mitdb/111,mitdb/111,2,43000,ARR,ARR,0.999915599822998,3.896481211995706e-05,4.545414776657708e-05
swin,2,1,50,mitdb/114,mitdb/114,5,2500,ARR,ARR,0.9999134540557861,3.05666217172984e-05,5.6047920224955305e-05
swin,2,1,51,mitdb/114,mitdb/114,5,5000,ARR,ARR,0.9999152421951294,2.904036227846518e-05,5.56909290025942e-05
swin,2,1,52,mitdb/114,mitdb/114,5,15500,ARR,ARR,0.9999140501022339,2.9211039873189293e-05,5.674216663464904e-05
swin,2,1,53,mitdb/114,mitdb/114,5,20000,ARR,ARR,0.9999148845672607,2.9456121410476044e-05,5.562228034250438e-05
swin,2,1,54,mitdb/114,mitdb/114,5,23500,ARR,ARR,0.999915361404419,2.9681359592359513e-05,5.4999090934870765e-05
swin,2,1,55,mitdb/114,mitdb/114,5,25000,ARR,ARR,0.9999141693115234,2.702043639146723e-05,5.882162076886743e-05
swin,2,1,56,mitdb/114,mitdb/114,5,38000,ARR,ARR,0.9999102354049683,2.607307214930188e-05,6.362341082422063e-05
swin,2,1,57,mitdb/114,mitdb/114,5,50000,ARR,ARR,0.9999082088470459,2.4614233552711084e-05,6.716933421557769e-05
swin,2,1,58,mitdb/114,mitdb/114,5,51500,ARR,ARR,0.9999139308929443,2.9274955522851087e-05,5.671775943483226e-05
swin,2,1,59,mitdb/114,mitdb/114,5,52000,ARR,ARR,0.9999151229858398,3.046127312700264e-05,5.4356765758711845e-05
swin,2,1,220,mitdb/102,mitdb/102,22,4000,ARR,ARR,0.9998915195465088,3.8249763747444376e-05,7.018422184046358e-05
swin,2,1,221,mitdb/102,mitdb/102,22,11000,ARR,ARR,0.9999175071716309,3.687728531076573e-05,4.5675849833060056e-05
swin,2,1,222,mitdb/102,mitdb/102,22,19500,ARR,ARR,0.9999152421951294,3.863005986204371e-05,4.610604446497746e-05
swin,2,1,223,mitdb/102,mitdb/102,22,24500,ARR,ARR,0.9817428588867188,0.0024877656251192093,0.015769414603710175
swin,2,1,224,mitdb/102,mitdb/102,22,33500,ARR,NSR,0.49374574422836304,0.0009444180759601295,0.5053098797798157
swin,2,1,225,mitdb/102,mitdb/102,22,42500,ARR,ARR,0.9882955551147461,0.011498119682073593,0.00020627252524718642
swin,2,1,226,mitdb/102,mitdb/102,22,45500,ARR,CHF,0.38404789566993713,0.5857803225517273,0.030171766877174377
swin,2,1,227,mitdb/102,mitdb/102,22,46000,ARR,ARR,0.9875800013542175,0.0019756986293941736,0.010444305837154388
swin,2,1,228,mitdb/102,mitdb/102,22,47500,ARR,NSR,0.004067311994731426,0.0010486034443601966,0.9948839545249939
swin,2,1,229,mitdb/102,mitdb/102,22,59500,ARR,ARR,0.9353995323181152,0.04923548921942711,0.01536497101187706
swin,2,1,230,mitdb/208,mitdb/208,23,4500,ARR,ARR,0.9995470643043518,0.00018555870337877423,0.0002674010465852916
swin,2,1,231,mitdb/208,mitdb/208,23,8000,ARR,ARR,0.9994276165962219,0.0005359735223464668,3.634959284681827e-05
swin,2,1,232,mitdb/208,mitdb/208,23,8500,ARR,ARR,0.9996447563171387,0.0003168809344060719,3.837535041384399e-05
swin,2,1,233,mitdb/208,mitdb/208,23,17500,ARR,ARR,0.9998944997787476,7.210875628516078e-05,3.333542190375738e-05
swin,2,1,234,mitdb/208,mitdb/208,23,38000,ARR,ARR,0.9999116659164429,4.807860386790708e-05,4.0238122892333195e-05
swin,2,1,235,mitdb/208,mitdb/208,23,47000,ARR,CHF,0.32051900029182434,0.6761282682418823,0.0033527035266160965
swin,2,1,236,mitdb/208,mitdb/208,23,55500,ARR,ARR,0.9999083280563354,4.095139229320921e-05,5.071842679171823e-05
swin,2,1,237,mitdb/208,mitdb/208,23,57500,ARR,ARR,0.9999133348464966,3.666109114419669e-05,4.992154936189763e-05
swin,2,1,238,mitdb/208,mitdb/208,23,62500,ARR,ARR,0.9999152421951294,3.8408255932154134e-05,4.6389151975745335e-05
swin,2,1,239,mitdb/208,mitdb/208,23,63500,ARR,ARR,0.9999065399169922,5.405821502790786e-05,3.9311355067184195e-05
swin,2,1,280,mitdb/214,mitdb/214,28,0,ARR,ARR,0.9999158382415771,3.973128696088679e-05,4.445371450856328e-05
swin,2,1,281,mitdb/214,mitdb/214,28,7000,ARR,ARR,0.9999157190322876,3.993748759967275e-05,4.43896533397492e-05
swin,2,1,282,mitdb/214,mitdb/214,28,11000,ARR,ARR,0.9995880722999573,0.0003707408322952688,4.1215625969925895e-05
swin,2,1,283,mitdb/214,mitdb/214,28,25500,ARR,ARR,0.9968558549880981,0.003029937157407403,0.00011423842079238966
swin,2,1,284,mitdb/214,mitdb/214,28,28000,ARR,ARR,0.999907374382019,5.48780444660224e-05,3.7816891563124955e-05
swin,2,1,285,mitdb/214,mitdb/214,28,33000,ARR,ARR,0.9999158382415771,4.189110768493265e-05,4.233101935824379e-05
swin,2,1,286,mitdb/214,mitdb/214,28,35500,ARR,ARR,0.9999146461486816,4.128161526750773e-05,4.410653855302371e-05
swin,2,1,287,mitdb/214,mitdb/214,28,48500,ARR,ARR,0.9999146461486816,4.0669481677468866e-05,4.470227213460021e-05
swin,2,1,288,mitdb/214,mitdb/214,28,58000,ARR,ARR,0.9999141693115234,4.3148731492692605e-05,4.263789742253721e-05
swin,2,1,289,mitdb/214,mitdb/214,28,63000,ARR,ARR,0.9999176263809204,3.7782134313602e-05,4.462416109163314e-05
swin,2,1,290,mitdb/215,mitdb/215,29,0,ARR,NSR,0.4945965111255646,9.252197196474299e-05,0.5053109526634216
swin,2,1,291,mitdb/215,mitdb/215,29,2500,ARR,NSR,0.00012516799324657768,9.474957187194377e-05,0.9997801184654236
swin,2,1,292,mitdb/215,mitdb/215,29,19500,ARR,ARR,0.7964230179786682,9.059361764229834e-05,0.2034863978624344
swin,2,1,293,mitdb/215,mitdb/215,29,26500,ARR,ARR,0.9999176263809204,3.569520777091384e-05,4.676656681112945e-05
swin,2,1,294,mitdb/215,mitdb/215,29,27000,ARR,ARR,0.9988945126533508,0.0005162162706255913,0.0005892647895962
swin,2,1,295,mitdb/215,mitdb/215,29,42000,ARR,NSR,9.383320866618305e-05,0.0003268495202064514,0.9995793700218201
swin,2,1,296,mitdb/215,mitdb/215,29,52000,ARR,ARR,0.9886643290519714,0.0008433411712758243,0.010492322035133839
swin,2,1,297,mitdb/215,mitdb/215,29,59500,ARR,NSR,0.00048546039033681154,9.490473166806623e-05,0.9994195699691772
swin,2,1,298,mitdb/215,mitdb/215,29,62500,ARR,NSR,0.001811747788451612,0.000265151378698647,0.9979230761528015
swin,2,1,299,mitdb/215,mitdb/215,29,63000,ARR,ARR,0.9670774936676025,0.0002757672918960452,0.0326467826962471
swin,2,1,300,mitdb/217,mitdb/217,30,6000,ARR,ARR,0.9998595714569092,0.0001095304760383442,3.0866747692925856e-05
swin,2,1,301,mitdb/217,mitdb/217,30,8000,ARR,ARR,0.9998940229415894,7.014866423560306e-05,3.57356111635454e-05
swin,2,1,302,mitdb/217,mitdb/217,30,17500,ARR,ARR,0.9994437098503113,0.0005203257314860821,3.6008565075462684e-05
swin,2,1,303,mitdb/217,mitdb/217,30,18000,ARR,ARR,0.999907374382019,5.070207771495916e-05,4.1940762457670644e-05
swin,2,1,304,mitdb/217,mitdb/217,30,36500,ARR,ARR,0.9998713731765747,9.181356290355325e-05,3.6805875424761325e-05
swin,2,1,305,mitdb/217,mitdb/217,30,37500,ARR,ARR,0.9998277425765991,0.0001381172041874379,3.410577846807428e-05
swin,2,1,306,mitdb/217,mitdb/217,30,43000,ARR,ARR,0.9999077320098877,5.1645187340909615e-05,4.064019594807178e-05
swin,2,1,307,mitdb/217,mitdb/217,30,48500,ARR,ARR,0.9998931884765625,6.813465006416664e-05,3.866717452183366e-05
swin,2,1,308,mitdb/217,mitdb/217,30,56500,ARR,ARR,0.9999110698699951,4.352398536866531e-05,4.540117515716702e-05
swin,2,1,309,mitdb/217,mitdb/217,30,57000,ARR,ARR,0.9998781681060791,8.947613241616637e-05,3.225428736186586e-05
swin,2,1,310,mitdb/219,mitdb/219,31,7500,ARR,ARR,0.9957526922225952,0.00010436074080644175,0.004142946097999811
swin,2,1,311,mitdb/219,mitdb/219,31,18000,ARR,ARR,0.999887228012085,3.2556326914345846e-05,8.023912232602015e-05
swin,2,1,312,mitdb/219,mitdb/219,31,18500,ARR,ARR,0.9999128580093384,4.2365667468402535e-05,4.48000973847229e-05
swin,2,1,313,mitdb/219,mitdb/219,31,19000,ARR,ARR,0.9995332956314087,1.6952462829067372e-05,0.0004497641930356622
swin,2,1,314,mitdb/219,mitdb/219,31,23000,ARR,ARR,0.9997913241386414,9.14754273253493e-05,0.00011717024608515203
swin,2,1,315,mitdb/219,mitdb/219,31,25500,ARR,ARR,0.9998831748962402,2.0356406821520068e-05,9.642991790315136e-05
swin,2,1,316,mitdb/219,mitdb/219,31,36000,ARR,ARR,0.9998877048492432,2.1384859792306088e-05,9.092340769711882e-05
swin,2,1,317,mitdb/219,mitdb/219,31,44000,ARR,ARR,0.7065151929855347,0.00079257384641096,0.29269230365753174
swin,2,1,318,mitdb/219,mitdb/219,31,59500,ARR,ARR,0.9979952573776245,0.0015723354881629348,0.00043244336848147213
swin,2,1,319,mitdb/219,mitdb/219,31,61000,ARR,ARR,0.9998956918716431,3.914157787221484e-05,6.518226291518658e-05
swin,2,1,460,mitdb/102,mitdb/102,46,11000,ARR,ARR,0.9969168901443481,8.065182919381186e-05,0.0030024172738194466
swin,2,1,461,mitdb/102,mitdb/102,46,12500,ARR,CHF,0.002123155165463686,0.9978031516075134,7.368531078100204e-05
swin,2,1,462,mitdb/102,mitdb/102,46,14000,ARR,ARR,0.9999079704284668,2.6731057005235925e-05,6.535317515954375e-05
swin,2,1,463,mitdb/102,mitdb/102,46,17500,ARR,ARR,0.9998290538787842,1.517509463155875e-05,0.00015575556608382612
swin,2,1,464,mitdb/102,mitdb/102,46,28000,ARR,CHF,9.496280108578503e-05,0.9998421669006348,6.279172521317378e-05
swin,2,1,465,mitdb/102,mitdb/102,46,31500,ARR,CHF,0.011208588257431984,0.9887018203735352,8.957767568062991e-05
swin,2,1,466,mitdb/102,mitdb/102,46,37000,ARR,CHF,0.0017954540671780705,0.9981063604354858,9.813640645006672e-05
swin,2,1,467,mitdb/102,mitdb/102,46,44000,ARR,CHF,0.0006012197118252516,0.9993465542793274,5.2264796977397054e-05
swin,2,1,468,mitdb/102,mitdb/102,46,44500,ARR,CHF,0.0008619236759841442,0.9990750551223755,6.300473614828661e-05
swin,2,1,469,mitdb/102,mitdb/102,46,50000,ARR,CHF,0.0037062091287225485,0.9962502121925354,4.3568372348090634e-05
swin,2,1,510,mitdb/107,mitdb/107,51,3000,ARR,ARR,0.9777836203575134,0.022061433643102646,0.00015486583288293332
swin,2,1,511,mitdb/107,mitdb/107,51,20000,ARR,ARR,0.9989389777183533,0.0010197681840509176,4.119185177842155e-05
swin,2,1,512,mitdb/107,mitdb/107,51,20500,ARR,ARR,0.9998842477798462,8.580557914683595e-05,2.9887814889661968e-05
swin,2,1,513,mitdb/107,mitdb/107,51,24500,ARR,ARR,0.9855924248695374,0.014287994243204594,0.00011961148265982047
swin,2,1,514,mitdb/107,mitdb/107,51,35000,ARR,CHF,0.044420789927244186,0.9555116891860962,6.751262117177248e-05
swin,2,1,515,mitdb/107,mitdb/107,51,37000,ARR,ARR,0.9807814359664917,0.01916806772351265,5.0457030738471076e-05
swin,2,1,516,mitdb/107,mitdb/107,51,38500,ARR,ARR,0.9992567896842957,0.00070116703864187,4.2067891627084464e-05
swin,2,1,517,mitdb/107,mitdb/107,51,40500,ARR,ARR,0.9996389150619507,0.0003388616896700114,2.2114460080047138e-05
swin,2,1,518,mitdb/107,mitdb/107,51,41500,ARR,ARR,0.9994845390319824,0.00045854769996367395,5.689304816769436e-05
swin,2,1,519,mitdb/107,mitdb/107,51,53000,ARR,ARR,0.9865531325340271,0.013402803801000118,4.413114220369607e-05
swin,2,1,540,mitdb/111,mitdb/111,54,10000,ARR,ARR,0.9999148845672607,4.333511969889514e-05,4.175681169726886e-05
swin,2,1,541,mitdb/111,mitdb/111,54,13000,ARR,ARR,0.9999129772186279,4.537814675131813e-05,4.1601317207096145e-05
swin,2,1,542,mitdb/111,mitdb/111,54,15500,ARR,ARR,0.9999167919158936,3.82046855520457e-05,4.488965714699589e-05
swin,2,1,543,mitdb/111,mitdb/111,54,26500,ARR,ARR,0.9999144077301025,4.226988312439062e-05,4.3285290303174406e-05
swin,2,1,544,mitdb/111,mitdb/111,54,28000,ARR,ARR,0.9999154806137085,3.7997771869413555e-05,4.64471522718668e-05
swin,2,1,545,mitdb/111,mitdb/111,54,40000,ARR,ARR,0.9999123811721802,4.739648647955619e-05,4.0185459511121735e-05
swin,2,1,546,mitdb/111,mitdb/111,54,42500,ARR,ARR,0.9999139308929443,4.194987559458241e-05,4.413840360939503e-05
swin,2,1,547,mitdb/111,mitdb/111,54,50500,ARR,ARR,0.9999147653579712,4.262971197022125e-05,4.253655060892925e-05
swin,2,1,548,mitdb/111,mitdb/111,54,59000,ARR,ARR,0.9999147653579712,4.173546767560765e-05,4.34559588029515e-05
swin,2,1,549,mitdb/111,mitdb/111,54,64500,ARR,ARR,0.9999145269393921,4.056183388456702e-05,4.493302549235523e-05
swin,2,1,580,mitdb/114,mitdb/114,58,9000,ARR,ARR,0.9999140501022339,4.0129918488673866e-05,4.579210144584067e-05
swin,2,1,581,mitdb/114,mitdb/114,58,14500,ARR,ARR,0.9999173879623413,3.299160744063556e-05,4.961689774063416e-05
swin,2,1,582,mitdb/114,mitdb/114,58,17000,ARR,ARR,0.9999006986618042,6.088201917009428e-05,3.84163431590423e-05
swin,2,1,583,mitdb/114,mitdb/114,58,17500,ARR,ARR,0.9999146461486816,3.0955412512412295e-05,5.4381733207264915e-05
swin,2,1,584,mitdb/114,mitdb/114,58,19000,ARR,ARR,0.9999161958694458,3.388546974747442e-05,4.994164555682801e-05
swin,2,1,585,mitdb/114,mitdb/114,58,25000,ARR,ARR,0.99991774559021,3.723307600012049e-05,4.510524740908295e-05
swin,2,1,586,mitdb/114,mitdb/114,58,33500,ARR,ARR,0.9999147653579712,2.776334440568462e-05,5.7422897953074425e-05
swin,2,1,587,mitdb/114,mitdb/114,58,34500,ARR,ARR,0.9999163150787354,3.744582863873802e-05,4.6259359805844724e-05
swin,2,1,588,mitdb/114,mitdb/114,58,41500,ARR,ARR,0.9999157190322876,3.487398134893738e-05,4.934670141665265e-05
swin,2,1,589,mitdb/114,mitdb/114,58,46500,ARR,ARR,0.9999154806137085,3.489413211354986e-05,4.956222983309999e-05
swin,2,1,750,mitdb/208,mitdb/208,75,15500,ARR,ARR,0.999915599822998,4.0384828025707975e-05,4.401384649099782e-05
swin,2,1,751,mitdb/208,mitdb/208,75,20000,ARR,ARR,0.9999092817306519,5.090634658699855e-05,3.9755475881975144e-05
swin,2,1,752,mitdb/208,mitdb/208,75,28000,ARR,ARR,0.999914288520813,3.696469866554253e-05,4.870859993388876e-05
swin,2,1,753,mitdb/208,mitdb/208,75,32000,ARR,ARR,0.9999158382415771,4.1223480366170406e-05,4.2907806346192956e-05
swin,2,1,754,mitdb/208,mitdb/208,75,45500,ARR,ARR,0.9989909529685974,0.0003361237468197942,0.0006729999440722167
swin,2,1,755,mitdb/208,mitdb/208,75,50500,ARR,ARR,0.9999134540557861,4.291011646273546e-05,4.368252120912075e-05
swin,2,1,756,mitdb/208,mitdb/208,75,51500,ARR,ARR,0.9999115467071533,4.6046767238294706e-05,4.240041016601026e-05
swin,2,1,757,mitdb/208,mitdb/208,75,59000,ARR,ARR,0.9999103546142578,5.082960342406295e-05,3.8832171412650496e-05
swin,2,1,758,mitdb/208,mitdb/208,75,59500,ARR,ARR,0.9999158382415771,3.800717604462989e-05,4.6111475967336446e-05
swin,2,1,759,mitdb/208,mitdb/208,75,60000,ARR,ARR,0.9999147653579712,3.9681635826127604e-05,4.556200292427093e-05
swin,2,1,770,mitdb/107,mitdb/107,77,2500,ARR,ARR,0.797613799571991,0.20211802423000336,0.0002681636833585799
swin,2,1,771,mitdb/107,mitdb/107,77,5500,ARR,ARR,0.5111733078956604,0.48807862401008606,0.0007480603526346385
swin,2,1,772,mitdb/107,mitdb/107,77,26000,ARR,CHF,0.4259190857410431,0.572944700717926,0.001136267906986177
swin,2,1,773,mitdb/107,mitdb/107,77,27000,ARR,CHF,0.0012785322032868862,0.9968331456184387,0.0018883493030443788
swin,2,1,774,mitdb/107,mitdb/107,77,28000,ARR,CHF,0.002436466282233596,0.9972440004348755,0.00031949166441336274
swin,2,1,775,mitdb/107,mitdb/107,77,33000,ARR,CHF,0.011547045782208443,0.9884141683578491,3.880820077029057e-05
swin,2,1,776,mitdb/107,mitdb/107,77,35500,ARR,CHF,0.1952652484178543,0.8041136264801025,0.0006211859290488064
swin,2,1,777,mitdb/107,mitdb/107,77,43500,ARR,CHF,0.003839059267193079,0.9961058497428894,5.510889968718402e-05
swin,2,1,778,mitdb/107,mitdb/107,77,45000,ARR,CHF,0.0011837518541142344,0.9987745881080627,4.170223473920487e-05
swin,2,1,779,mitdb/107,mitdb/107,77,62500,ARR,CHF,0.44783443212509155,0.55014568567276,0.002019860316067934
swin,2,1,810,mitdb/214,mitdb/214,81,11000,ARR,ARR,0.9999120235443115,4.7972043830668554e-05,4.003083813586272e-05
swin,2,1,811,mitdb/214,mitdb/214,81,12000,ARR,ARR,0.9999146461486816,4.498864655033685e-05,4.042482760269195e-05
swin,2,1,812,mitdb/214,mitdb/214,81,12500,ARR,ARR,0.9999127388000488,4.4323740439722314e-05,4.292277662898414e-05
swin,2,1,813,mitdb/214,mitdb/214,81,18000,ARR,ARR,0.9999121427536011,4.348806032794528e-05,4.4304651964921504e-05
swin,2,1,814,mitdb/214,mitdb/214,81,22500,ARR,ARR,0.999914288520813,4.1916657210094854e-05,4.375719072413631e-05
swin,2,1,815,mitdb/214,mitdb/214,81,32000,ARR,ARR,0.9999134540557861,4.608648669091053e-05,4.036171958432533e-05
swin,2,1,816,mitdb/214,mitdb/214,81,37500,ARR,ARR,0.9999135732650757,4.341357634984888e-05,4.307786366553046e-05
swin,2,1,817,mitdb/214,mitdb/214,81,43000,ARR,ARR,0.999913215637207,4.402406921144575e-05,4.2815765482373536e-05
swin,2,1,818,mitdb/214,mitdb/214,81,45000,ARR,ARR,0.9999145269393921,4.193166387267411e-05,4.35137226304505e-05
swin,2,1,819,mitdb/214,mitdb/214,81,47500,ARR,ARR,0.9999144077301025,4.068953057867475e-05,4.4932767195859924e-05
swin,2,1,820,mitdb/215,mitdb/215,82,500,ARR,ARR,0.9999165534973145,3.0638508178526536e-05,5.2820541895926e-05
swin,2,1,821,mitdb/215,mitdb/215,82,9500,ARR,ARR,0.9999189376831055,3.455066689639352e-05,4.649140828405507e-05
swin,2,1,822,mitdb/215,mitdb/215,82,15500,ARR,ARR,0.9999146461486816,3.242985621909611e-05,5.297748793964274e-05
swin,2,1,823,mitdb/215,mitdb/215,82,20000,ARR,ARR,0.9999179840087891,3.3295633329544216e-05,4.87300603708718e-05
swin,2,1,824,mitdb/215,mitdb/215,82,22000,ARR,ARR,0.9999164342880249,3.612171349232085e-05,4.7406170779140666e-05
swin,2,1,825,mitdb/215,mitdb/215,82,27500,ARR,ARR,0.9998999834060669,4.215454464429058e-05,5.77880309720058e-05
swin,2,1,826,mitdb/215,mitdb/215,82,28000,ARR,ARR,0.9999198913574219,3.433823803788982e-05,4.576298670144752e-05
swin,2,1,827,mitdb/215,mitdb/215,82,42500,ARR,ARR,0.9990712404251099,0.00013705104356631637,0.000791660335380584
swin,2,1,828,mitdb/215,mitdb/215,82,55000,ARR,ARR,0.9999170303344727,3.459656363702379e-05,4.844975774176419e-05
swin,2,1,829,mitdb/215,mitdb/215,82,59500,ARR,ARR,0.9999212026596069,3.420280700083822e-05,4.460283162188716e-05
swin,2,1,830,mitdb/217,mitdb/217,83,500,ARR,ARR,0.9988200068473816,0.0001270022476091981,0.0010528864804655313
swin,2,1,831,mitdb/217,mitdb/217,83,5000,ARR,ARR,0.9999116659164429,2.3833297746023163e-05,6.452418165281415e-05
swin,2,1,832,mitdb/217,mitdb/217,83,9000,ARR,ARR,0.9998819828033447,2.3973261704668403e-05,9.406861499883235e-05
swin,2,1,833,mitdb/217,mitdb/217,83,18500,ARR,ARR,0.9999107122421265,2.7423455321695656e-05,6.186150858411565e-05
swin,2,1,834,mitdb/217,mitdb/217,83,23000,ARR,ARR,0.9999083280563354,5.160312502994202e-05,3.999695400125347e-05
swin,2,1,835,mitdb/217,mitdb/217,83,26000,ARR,ARR,0.9999146461486816,4.010568591183983e-05,4.523818279267289e-05
swin,2,1,836,mitdb/217,mitdb/217,83,26500,ARR,ARR,0.9999130964279175,4.211973282508552e-05,4.487061596591957e-05
swin,2,1,837,mitdb/217,mitdb/217,83,32500,ARR,ARR,0.999913215637207,2.524319279473275e-05,6.145598308648914e-05
swin,2,1,838,mitdb/217,mitdb/217,83,39000,ARR,ARR,0.9996121525764465,4.426315354066901e-05,0.00034361210418865085
swin,2,1,839,mitdb/217,mitdb/217,83,61500,ARR,ARR,0.9998892545700073,2.0906729332637042e-05,8.985029126051813e-05
swin,2,1,840,mitdb/219,mitdb/219,84,12500,ARR,ARR,0.9996228218078613,1.5164832802838646e-05,0.0003620017087087035
swin,2,1,841,mitdb/219,mitdb/219,84,13000,ARR,ARR,0.9998248219490051,1.7406753613613546e-05,0.00015785351570229977
swin,2,1,842,mitdb/219,mitdb/219,84,16000,ARR,ARR,0.999871015548706,2.0402529116836376e-05,0.00010853641288122162
swin,2,1,843,mitdb/219,mitdb/219,84,27000,ARR,ARR,0.9998970031738281,2.2375917978934012e-05,8.059614629019052e-05
swin,2,1,844,mitdb/219,mitdb/219,84,32500,ARR,ARR,0.9998841285705566,2.132374902430456e-05,9.457308624405414e-05
swin,2,1,845,mitdb/219,mitdb/219,84,40000,ARR,ARR,0.9998063445091248,1.5669877029722556e-05,0.0001780205057002604
swin,2,1,846,mitdb/219,mitdb/219,84,52500,ARR,ARR,0.999848484992981,1.8612170606502332e-05,0.0001329035294475034
swin,2,1,847,mitdb/219,mitdb/219,84,54500,ARR,ARR,0.9998722076416016,2.0327781385276467e-05,0.00010734194074757397
swin,2,1,848,mitdb/219,mitdb/219,84,62000,ARR,ARR,0.9998743534088135,2.0484912965912372e-05,0.00010518551425775513
swin,2,1,849,mitdb/219,mitdb/219,84,62500,ARR,ARR,0.999821126461029,1.6696802049409598e-05,0.00016223048442043364
swin,2,1,960,chfdb/chf01,chfdb/chf01,96,18500,CHF,CHF,0.00021865074813831598,0.9988056421279907,0.0009757356601767242
swin,2,1,961,chfdb/chf01,chfdb/chf01,96,23000,CHF,CHF,0.0024976381100714207,0.9974672794342041,3.511792601784691e-05
swin,2,1,962,chfdb/chf01,chfdb/chf01,96,27000,CHF,CHF,9.926233178703114e-05,0.9998477697372437,5.289055479806848e-05
swin,2,1,963,chfdb/chf01,chfdb/chf01,96,33500,CHF,CHF,6.642496737185866e-05,0.9998776912689209,5.5909196817083284e-05
swin,2,1,964,chfdb/chf01,chfdb/chf01,96,35500,CHF,CHF,6.75581322866492e-05,0.9998757839202881,5.66097951377742e-05
swin,2,1,965,chfdb/chf01,chfdb/chf01,96,36500,CHF,CHF,7.013318099780008e-05,0.9998612403869629,6.856417167000473e-05
swin,2,1,966,chfdb/chf01,chfdb/chf01,96,41000,CHF,CHF,0.0001035236637108028,0.9998515844345093,4.490120045375079e-05
swin,2,1,967,chfdb/chf01,chfdb/chf01,96,43500,CHF,CHF,6.594588921871036e-05,0.9998764991760254,5.755573511123657e-05
swin,2,1,968,chfdb/chf01,chfdb/chf01,96,55500,CHF,CHF,0.00020560382108669728,0.9997575879096985,3.678589564515278e-05
swin,2,1,969,chfdb/chf01,chfdb/chf01,96,60000,CHF,CHF,0.0002987353946082294,0.9996559619903564,4.528906356426887e-05
swin,2,1,1000,chfdb/chf13,chfdb/chf13,100,1000,CHF,NSR,4.638320024241693e-05,0.20643387734889984,0.7935197353363037
swin,2,1,1001,chfdb/chf13,chfdb/chf13,100,7500,CHF,NSR,0.00040603699744679034,8.060710388235748e-05,0.9995132684707642
swin,2,1,1002,chfdb/chf13,chfdb/chf13,100,12500,CHF,NSR,6.433937232941389e-05,0.003161688568070531,0.9967740178108215
swin,2,1,1003,chfdb/chf13,chfdb/chf13,100,25500,CHF,NSR,0.00010657497477950528,0.00010997239587595686,0.999783456325531
swin,2,1,1004,chfdb/chf13,chfdb/chf13,100,32000,CHF,NSR,0.30041074752807617,0.0006593017606064677,0.6989299058914185
swin,2,1,1005,chfdb/chf13,chfdb/chf13,100,43000,CHF,NSR,0.00010168246808461845,0.00012108384544262663,0.9997772574424744
swin,2,1,1006,chfdb/chf13,chfdb/chf13,100,44000,CHF,NSR,0.014690641313791275,0.00012139994214521721,0.9851878881454468
swin,2,1,1007,chfdb/chf13,chfdb/chf13,100,47000,CHF,NSR,8.198191790143028e-05,0.00013538853090722114,0.9997826218605042
swin,2,1,1008,chfdb/chf13,chfdb/chf13,100,57000,CHF,ARR,0.983069658279419,0.00037632451858371496,0.016554025933146477
swin,2,1,1009,chfdb/chf13,chfdb/chf13,100,62500,CHF,NSR,0.0018053988460451365,0.0010602213442325592,0.9971344470977783
swin,2,1,1030,chfdb/chf01,chfdb/chf01,103,9000,CHF,ARR,0.9998749494552612,9.240207873517647e-05,3.270021261414513e-05
swin,2,1,1031,chfdb/chf01,chfdb/chf01,103,22500,CHF,ARR,0.99097740650177,0.008544755168259144,0.0004778991569764912
swin,2,1,1032,chfdb/chf01,chfdb/chf01,103,26500,CHF,CHF,0.0018306826241314411,0.998117208480835,5.2099840104347095e-05
swin,2,1,1033,chfdb/chf01,chfdb/chf01,103,27500,CHF,ARR,0.9844574332237244,0.015310259535908699,0.0002323509834241122
swin,2,1,1034,chfdb/chf01,chfdb/chf01,103,34500,CHF,CHF,0.4255129098892212,0.5739880204200745,0.0004990226589143276
swin,2,1,1035,chfdb/chf01,chfdb/chf01,103,41500,CHF,ARR,0.9783389568328857,0.021478945389389992,0.0001820683100959286
swin,2,1,1036,chfdb/chf01,chfdb/chf01,103,49500,CHF,CHF,0.0005335354944691062,0.999414324760437,5.2164610679028556e-05
swin,2,1,1037,chfdb/chf01,chfdb/chf01,103,52500,CHF,ARR,0.9061484932899475,0.09318195283412933,0.0006694843759760261
swin,2,1,1038,chfdb/chf01,chfdb/chf01,103,55500,CHF,ARR,0.9999120235443115,4.608782546711154e-05,4.178107337793335e-05
swin,2,1,1039,chfdb/chf01,chfdb/chf01,103,57000,CHF,CHF,0.005536562297493219,0.9943759441375732,8.748029358685017e-05
swin,2,1,1080,chfdb/chf05,chfdb/chf05,108,0,CHF,CHF,8.092747157206759e-05,0.999707043170929,0.00021205778466537595
swin,2,1,1081,chfdb/chf05,chfdb/chf05,108,500,CHF,CHF,2.468918501108419e-05,0.9997394680976868,0.00023577900719828904
swin,2,1,1082,chfdb/chf05,chfdb/chf05,108,7000,CHF,CHF,5.5652311857556924e-05,0.9998576641082764,8.669541421113536e-05
swin,2,1,1083,chfdb/chf05,chfdb/chf05,108,8000,CHF,CHF,5.925643927184865e-05,0.9998062252998352,0.00013449268590193242
swin,2,1,1084,chfdb/chf05,chfdb/chf05,108,20000,CHF,CHF,3.53661562257912e-05,0.9998670816421509,9.756763756740838e-05
swin,2,1,1085,chfdb/chf05,chfdb/chf05,108,33000,CHF,CHF,3.050835402973462e-05,0.999796450138092,0.0001731063675833866
swin,2,1,1086,chfdb/chf05,chfdb/chf05,108,33500,CHF,CHF,4.7749428631505e-05,0.9998307228088379,0.0001215002776007168
swin,2,1,1087,chfdb/chf05,chfdb/chf05,108,36500,CHF,CHF,2.4020340788410977e-05,0.9997352957725525,0.0002407210849924013
swin,2,1,1088,chfdb/chf05,chfdb/chf05,108,51500,CHF,CHF,3.658253626781516e-05,0.9998787641525269,8.460897515760735e-05
swin,2,1,1089,chfdb/chf05,chfdb/chf05,108,55500,CHF,CHF,0.0002948763140011579,0.9996694326400757,3.567654493963346e-05
swin,2,1,1160,chfdb/chf13,chfdb/chf13,116,4000,CHF,CHF,0.06669764965772629,0.9330888986587524,0.00021344116248656064
swin,2,1,1161,chfdb/chf13,chfdb/chf13,116,5500,CHF,CHF,0.003566838102415204,0.9962701797485352,0.00016291892097797245
swin,2,1,1162,chfdb/chf13,chfdb/chf13,116,8500,CHF,CHF,0.0003091346879955381,0.9996578693389893,3.298024239484221e-05
swin,2,1,1163,chfdb/chf13,chfdb/chf13,116,15500,CHF,CHF,6.25817192485556e-05,0.9998815059661865,5.5862186854938045e-05
swin,2,1,1164,chfdb/chf13,chfdb/chf13,116,21500,CHF,CHF,8.321112545672804e-05,0.9998733997344971,4.3342581193428487e-05
swin,2,1,1165,chfdb/chf13,chfdb/chf13,116,36000,CHF,CHF,9.822860738495365e-05,0.9998533725738525,4.831891055800952e-05
swin,2,1,1166,chfdb/chf13,chfdb/chf13,116,50500,CHF,ARR,0.9724827408790588,0.027060434222221375,0.0004568004223983735
swin,2,1,1167,chfdb/chf13,chfdb/chf13,116,53500,CHF,ARR,0.9932603240013123,0.006622347515076399,0.00011730987171176821
swin,2,1,1168,chfdb/chf13,chfdb/chf13,116,58000,CHF,CHF,0.00010796971037052572,0.9998536109924316,3.835120878648013e-05
swin,2,1,1169,chfdb/chf13,chfdb/chf13,116,61000,CHF,CHF,0.163588285446167,0.8362364172935486,0.00017524129361845553
swin,2,1,1210,chfdb/chf05,chfdb/chf05,121,6500,CHF,CHF,4.3243737309239805e-05,0.9998781681060791,7.855839066905901e-05
swin,2,1,1211,chfdb/chf05,chfdb/chf05,121,13500,CHF,CHF,3.3551168598933145e-05,0.9998730421066284,9.343067358713597e-05
swin,2,1,1212,chfdb/chf05,chfdb/chf05,121,23500,CHF,CHF,3.261556412326172e-05,0.9998683929443359,9.891831723507494e-05
swin,2,1,1213,chfdb/chf05,chfdb/chf05,121,24000,CHF,CHF,3.821167774731293e-05,0.9998785257339478,8.319377957377583e-05
swin,2,1,1214,chfdb/chf05,chfdb/chf05,121,33000,CHF,CHF,2.962131839012727e-05,0.9998588562011719,0.00011155506945215166
swin,2,1,1215,chfdb/chf05,chfdb/chf05,121,34500,CHF,CHF,2.975415191031061e-05,0.9998595714569092,0.00011063362035201862
swin,2,1,1216,chfdb/chf05,chfdb/chf05,121,35500,CHF,CHF,3.254971670685336e-05,0.9998672008514404,0.000100213241239544
swin,2,1,1217,chfdb/chf05,chfdb/chf05,121,47500,CHF,CHF,0.0001335768320132047,0.9998149275779724,5.15297069796361e-05
swin,2,1,1218,chfdb/chf05,chfdb/chf05,121,58000,CHF,CHF,3.291330358479172e-05,0.9998595714569092,0.00010749732609838247
swin,2,1,1219,chfdb/chf05,chfdb/chf05,121,63000,CHF,CHF,3.1194722396321595e-05,0.9998526573181152,0.00011612459638854489
swin,2,1,1270,nsrdb/17052,nsrdb/17052,127,3500,NSR,ARR,0.999762237071991,2.5959754566429183e-05,0.00021174654830247164
swin,2,1,1271,nsrdb/17052,nsrdb/17052,127,10000,NSR,NSR,0.05684221163392067,0.0006125300424173474,0.9425452947616577
swin,2,1,1272,nsrdb/17052,nsrdb/17052,127,15000,NSR,ARR,0.9913525581359863,9.057072747964412e-05,0.008556986227631569
swin,2,1,1273,nsrdb/17052,nsrdb/17052,127,18000,NSR,ARR,0.998703122138977,2.802386552502867e-05,0.0012689240975305438
swin,2,1,1274,nsrdb/17052,nsrdb/17052,127,35000,NSR,NSR,5.848991349921562e-05,0.0004095521289855242,0.9995319843292236
swin,2,1,1275,nsrdb/17052,nsrdb/17052,127,37000,NSR,NSR,0.006820838898420334,0.00022604278638027608,0.9929531216621399
swin,2,1,1276,nsrdb/17052,nsrdb/17052,127,39500,NSR,NSR,0.014046679250895977,0.003133575664833188,0.9828197360038757
swin,2,1,1277,nsrdb/17052,nsrdb/17052,127,47500,NSR,NSR,5.706808588001877e-05,0.0005822110106237233,0.9993607401847839
swin,2,1,1278,nsrdb/17052,nsrdb/17052,127,57000,NSR,NSR,0.00404457189142704,0.0009461807203479111,0.995009183883667
swin,2,1,1279,nsrdb/17052,nsrdb/17052,127,65000,NSR,NSR,0.07028330117464066,0.004491129890084267,0.9252256155014038
swin,2,1,1310,nsrdb/19088,nsrdb/19088,131,2500,NSR,NSR,9.382663847645745e-05,8.794658788247034e-05,0.9998182654380798
swin,2,1,1311,nsrdb/19088,nsrdb/19088,131,4500,NSR,NSR,0.0002448108571115881,0.00011218748113606125,0.999643087387085
swin,2,1,1312,nsrdb/19088,nsrdb/19088,131,11000,NSR,NSR,0.00010637689410941675,0.00013840939209330827,0.9997552037239075
swin,2,1,1313,nsrdb/19088,nsrdb/19088,131,18500,NSR,NSR,7.615685899509117e-05,0.00033455758239142597,0.9995892643928528
swin,2,1,1314,nsrdb/19088,nsrdb/19088,131,21500,NSR,NSR,0.0002696192532312125,0.00018287890998180956,0.9995474219322205
swin,2,1,1315,nsrdb/19088,nsrdb/19088,131,25000,NSR,NSR,0.48525068163871765,0.0015154317952692509,0.5132339000701904
swin,2,1,1316,nsrdb/19088,nsrdb/19088,131,48000,NSR,NSR,8.060616528382525e-05,0.0002109179476974532,0.9997084736824036
swin,2,1,1317,nsrdb/19088,nsrdb/19088,131,51000,NSR,CHF,0.00703035481274128,0.9922178983688354,0.0007517070625908673
swin,2,1,1318,nsrdb/19088,nsrdb/19088,131,62500,NSR,ARR,0.9809024333953857,0.0003446255868766457,0.0187529306858778
swin,2,1,1319,nsrdb/19088,nsrdb/19088,131,63000,NSR,NSR,0.0006776282680220902,0.06845076382160187,0.9308717250823975
swin,2,1,1350,nsrdb/19830,nsrdb/19830,135,1500,NSR,NSR,7.546347478637472e-05,0.00011477543012006208,0.9998098015785217
swin,2,1,1351,nsrdb/19830,nsrdb/19830,135,6500,NSR,NSR,0.18341004848480225,0.00034493510611355305,0.8162450194358826
swin,2,1,1352,nsrdb/19830,nsrdb/19830,135,12500,NSR,NSR,0.30311211943626404,0.0004530996084213257,0.696434736251831
swin,2,1,1353,nsrdb/19830,nsrdb/19830,135,20500,NSR,NSR,0.00011103317956440151,0.00010642242705216631,0.9997825026512146
swin,2,1,1354,nsrdb/19830,nsrdb/19830,135,37000,NSR,NSR,5.173365934751928e-05,0.0002991784131154418,0.9996490478515625
swin,2,1,1355,nsrdb/19830,nsrdb/19830,135,44500,NSR,NSR,6.18087433394976e-05,0.00020723459601867944,0.9997308850288391
swin,2,1,1356,nsrdb/19830,nsrdb/19830,135,49000,NSR,NSR,7.913856097729877e-05,0.0001431189593859017,0.9997777342796326
swin,2,1,1357,nsrdb/19830,nsrdb/19830,135,52500,NSR,NSR,6.983865023357794e-05,0.00014790004934184253,0.9997822642326355
swin,2,1,1358,nsrdb/19830,nsrdb/19830,135,57000,NSR,NSR,9.579837205819786e-05,0.00012114160927012563,0.9997830986976624
swin,2,1,1359,nsrdb/19830,nsrdb/19830,135,60000,NSR,NSR,7.182045374065638e-05,0.000132685512653552,0.9997954964637756
swin,2,1,1420,nsrdb/16539,nsrdb/16539,142,1500,NSR,NSR,8.7044682004489e-05,0.0001287825289182365,0.9997841715812683
swin,2,1,1421,nsrdb/16539,nsrdb/16539,142,3000,NSR,NSR,0.00023165324819274247,0.00011645769700407982,0.9996519088745117
swin,2,1,1422,nsrdb/16539,nsrdb/16539,142,6000,NSR,NSR,0.00011157906556036323,0.0001091125886887312,0.9997792840003967
swin,2,1,1423,nsrdb/16539,nsrdb/16539,142,13000,NSR,NSR,0.0001444936206098646,7.454524893546477e-05,0.99978107213974
swin,2,1,1424,nsrdb/16539,nsrdb/16539,142,14000,NSR,NSR,6.184323865454644e-05,0.00023396871984004974,0.9997041821479797
swin,2,1,1425,nsrdb/16539,nsrdb/16539,142,22000,NSR,NSR,9.201153443427756e-05,0.00012007572513539344,0.9997879862785339
swin,2,1,1426,nsrdb/16539,nsrdb/16539,142,29000,NSR,NSR,0.00025976760662160814,0.00044291498488746583,0.9992972612380981
swin,2,1,1427,nsrdb/16539,nsrdb/16539,142,34000,NSR,NSR,8.791458094492555e-05,0.00013253364886622876,0.9997795224189758
swin,2,1,1428,nsrdb/16539,nsrdb/16539,142,46000,NSR,NSR,0.0002389537839917466,6.745306745870039e-05,0.9996936321258545
swin,2,1,1429,nsrdb/16539,nsrdb/16539,142,52000,NSR,NSR,7.658429240109399e-05,0.00019527185941115022,0.9997280240058899
swin,2,1,1460,nsrdb/17052,nsrdb/17052,146,1500,NSR,NSR,9.784067515283823e-05,0.0001349055819446221,0.9997672438621521
swin,2,1,1461,nsrdb/17052,nsrdb/17052,146,9000,NSR,NSR,0.00021919849677942693,0.00010561232193140313,0.9996752738952637
swin,2,1,1462,nsrdb/17052,nsrdb/17052,146,24500,NSR,NSR,0.0014971346827223897,5.4652351536788046e-05,0.9984482526779175
swin,2,1,1463,nsrdb/17052,nsrdb/17052,146,33500,NSR,NSR,0.00010899910557782277,0.00010325281618861482,0.9997877478599548
swin,2,1,1464,nsrdb/17052,nsrdb/17052,146,36500,NSR,NSR,0.00023840856738388538,8.437116048298776e-05,0.9996771812438965
swin,2,1,1465,nsrdb/17052,nsrdb/17052,146,38500,NSR,NSR,0.00010699719859985635,9.900720760924742e-05,0.9997939467430115
swin,2,1,1466,nsrdb/17052,nsrdb/17052,146,41500,NSR,NSR,9.275331103708595e-05,0.00011405969416955486,0.9997932314872742
swin,2,1,1467,nsrdb/17052,nsrdb/17052,146,43500,NSR,NSR,9.794706420507282e-05,0.00011135391105199233,0.9997907280921936
swin,2,1,1468,nsrdb/17052,nsrdb/17052,146,48000,NSR,NSR,0.00014941391418688,8.31313882372342e-05,0.9997673630714417
swin,2,1,1469,nsrdb/17052,nsrdb/17052,146,58000,NSR,NSR,0.00015699343930464238,8.404663094552234e-05,0.9997590184211731
swin,2,1,1510,nsrdb/19088,nsrdb/19088,151,2500,NSR,NSR,7.883735815994442e-05,0.00010397771984571591,0.9998173117637634
swin,2,1,1511,nsrdb/19088,nsrdb/19088,151,4000,NSR,NSR,0.00034083615173585713,0.00016852391127031296,0.9994906187057495
swin,2,1,1512,nsrdb/19088,nsrdb/19088,151,11500,NSR,NSR,0.0007968354620970786,3.522594124660827e-05,0.9991679191589355
swin,2,1,1513,nsrdb/19088,nsrdb/19088,151,14500,NSR,NSR,0.00012517198047135025,0.00010108913556905463,0.9997738003730774
swin,2,1,1514,nsrdb/19088,nsrdb/19088,151,31500,NSR,NSR,0.00012863881420344114,9.655584290158004e-05,0.9997748732566833
swin,2,1,1515,nsrdb/19088,nsrdb/19088,151,40500,NSR,NSR,0.0001667550823185593,6.233506428543478e-05,0.9997709393501282
swin,2,1,1516,nsrdb/19088,nsrdb/19088,151,49000,NSR,NSR,9.007266635308042e-05,0.00014168540656100959,0.9997681975364685
swin,2,1,1517,nsrdb/19088,nsrdb/19088,151,52000,NSR,NSR,0.00014908020966686308,6.97475261404179e-05,0.9997811913490295
swin,2,1,1518,nsrdb/19088,nsrdb/19088,151,54500,NSR,NSR,9.95134687400423e-05,0.00010257968096993864,0.9997978806495667
swin,2,1,1519,nsrdb/19088,nsrdb/19088,151,61000,NSR,NSR,0.00013192130427341908,8.475328650092706e-05,0.9997833371162415
swin,2,1,1550,nsrdb/19830,nsrdb/19830,155,1500,NSR,NSR,0.00015082242316566408,6.32855953881517e-05,0.9997859597206116
swin,2,1,1551,nsrdb/19830,nsrdb/19830,155,11000,NSR,NSR,0.00010974253382300958,9.24335399759002e-05,0.9997977614402771
swin,2,1,1552,nsrdb/19830,nsrdb/19830,155,23500,NSR,NSR,8.612798410467803e-05,0.00014065390860196203,0.9997732043266296
swin,2,1,1553,nsrdb/19830,nsrdb/19830,155,25000,NSR,NSR,0.0001508904533693567,8.137879922287539e-05,0.9997677206993103
swin,2,1,1554,nsrdb/19830,nsrdb/19830,155,36000,NSR,NSR,0.00022118634660728276,6.689573638141155e-05,0.9997119307518005
swin,2,1,1555,nsrdb/19830,nsrdb/19830,155,41500,NSR,NSR,9.783728455659002e-05,0.00011142274888698012,0.9997907280921936
swin,2,1,1556,nsrdb/19830,nsrdb/19830,155,49500,NSR,NSR,0.00021838485554326326,6.774847861379385e-05,0.9997139573097229
swin,2,1,1557,nsrdb/19830,nsrdb/19830,155,52500,NSR,NSR,0.00010059754276880994,0.0001118688378483057,0.9997875094413757
swin,2,1,1558,nsrdb/19830,nsrdb/19830,155,58000,NSR,NSR,0.00023077188234310597,0.00010036598541773856,0.9996689558029175
swin,2,1,1559,nsrdb/19830,nsrdb/19830,155,59000,NSR,NSR,0.00010870578262256458,0.00010321278386982158,0.9997881054878235
swin,2,1,1580,nsrdb/16539,nsrdb/16539,158,500,NSR,NSR,0.019101643934845924,0.00026595254894346,0.9806323647499084
swin,2,1,1581,nsrdb/16539,nsrdb/16539,158,1000,NSR,NSR,0.00015285606787074357,8.666028588777408e-05,0.9997604489326477
swin,2,1,1582,nsrdb/16539,nsrdb/16539,158,3000,NSR,NSR,0.012287573888897896,4.5667606173083186e-05,0.9876667261123657
swin,2,1,1583,nsrdb/16539,nsrdb/16539,158,18500,NSR,NSR,0.00014040275709703565,9.32071270653978e-05,0.9997664093971252
swin,2,1,1584,nsrdb/16539,nsrdb/16539,158,23000,NSR,NSR,0.006507526151835918,6.747945008100942e-05,0.9934250116348267
swin,2,1,1585,nsrdb/16539,nsrdb/16539,158,29500,NSR,NSR,9.766118455445394e-05,0.00013928854605183005,0.9997630715370178
swin,2,1,1586,nsrdb/16539,nsrdb/16539,158,37500,NSR,NSR,7.976222696015611e-05,0.00012828342732973397,0.9997920393943787
swin,2,1,1587,nsrdb/16539,nsrdb/16539,158,40000,NSR,NSR,0.0016743411542847753,0.0001341721654171124,0.9981914162635803
swin,2,1,1588,nsrdb/16539,nsrdb/16539,158,45000,NSR,ARR,0.9248489141464233,4.6527653466910124e-05,0.07510454207658768
swin,2,1,1589,nsrdb/16539,nsrdb/16539,158,62500,NSR,NSR,0.0004832611884921789,6.76313866279088e-05,0.9994490742683411
logistic,,2,0,mitdb/100,mitdb/100,0,1000,ARR,NSR,0.3557162284851074,2.6633413199306233e-06,0.6442810893058777
logistic,,2,1,mitdb/100,mitdb/100,0,2500,ARR,NSR,0.012272687628865242,4.03043031838024e-06,0.9877232313156128
logistic,,2,2,mitdb/100,mitdb/100,0,4500,ARR,NSR,0.44819289445877075,1.869917838348556e-07,0.5518069267272949
logistic,,2,3,mitdb/100,mitdb/100,0,11000,ARR,ARR,0.7408497929573059,2.544078085975343e-07,0.2591499090194702
logistic,,2,4,mitdb/100,mitdb/100,0,16500,ARR,NSR,0.22408056259155273,5.523563686438138e-07,0.7759189009666443
logistic,,2,5,mitdb/100,mitdb/100,0,19000,ARR,NSR,0.13557924330234528,1.9424080619501183e-06,0.8644188046455383
logistic,,2,6,mitdb/100,mitdb/100,0,31500,ARR,NSR,0.23956628143787384,1.376903242089611e-06,0.7604323625564575
logistic,,2,7,mitdb/100,mitdb/100,0,39000,ARR,NSR,0.20418401062488556,8.456885325358598e-07,0.7958151698112488
logistic,,2,8,mitdb/100,mitdb/100,0,51500,ARR,NSR,0.2124035507440567,3.9525421016151085e-05,0.7875568866729736
logistic,,2,9,mitdb/100,mitdb/100,0,53000,ARR,NSR,0.16840191185474396,1.6076928659458645e-06,0.8315964937210083
logistic,,2,10,mitdb/109,mitdb/109,1,0,ARR,ARR,0.7974434494972229,0.20255646109580994,6.876255298493561e-08
logistic,,2,11,mitdb/109,mitdb/109,1,2000,ARR,CHF,0.25655463337898254,0.7434228658676147,2.2535214156960137e-05
logistic,,2,12,mitdb/109,mitdb/109,1,17000,ARR,ARR,0.805308997631073,0.19469085335731506,1.5052604851462092e-07
logistic,,2,13,mitdb/109,mitdb/109,1,25000,ARR,CHF,0.003473445540294051,0.9965265393257141,3.1181762949472613e-08
logistic,,2,14,mitdb/109,mitdb/109,1,35500,ARR,CHF,0.012544803321361542,0.9874552488327026,2.871483850697132e-08
logistic,,2,15,mitdb/109,mitdb/109,1,41500,ARR,CHF,0.019101005047559738,0.9808988571166992,1.4671466885829432e-07
logistic,,2,16,mitdb/109,mitdb/109,1,50000,ARR,CHF,0.00048109906492754817,0.999518871307373,3.6711110595888385e-08
logistic,,2,17,mitdb/109,mitdb/109,1,50500,ARR,CHF,0.0006830542697571218,0.9993168115615845,1.2566883356157632e-07
logistic,,2,18,mitdb/109,mitdb/109,1,54500,ARR,ARR,0.6356989145278931,0.364271342754364,2.968764783872757e-05
logistic,,2,19,mitdb/109,mitdb/109,1,57000,ARR,CHF,0.010143454186618328,0.989856481552124,7.003956881135309e-08
logistic,,2,40,mitdb/113,mitdb/113,4,4000,ARR,ARR,0.8644819855690002,2.3746015642700513e-07,0.13551779091358185
logistic,,2,41,mitdb/113,mitdb/113,4,16000,ARR,ARR,0.6264033317565918,1.175732506908389e-07,0.37359654903411865
logistic,,2,42,mitdb/113,mitdb/113,4,20500,ARR,ARR,0.7922831177711487,4.6591217994773615e-08,0.2077168971300125
logistic,,2,43,mitdb/113,mitdb/113,4,22000,ARR,NSR,0.07672423869371414,2.1758265233984275e-07,0.9232755303382874
logistic,,2,44,mitdb/113,mitdb/113,4,32500,ARR,NSR,0.07234389334917068,5.510078082693326e-08,0.9276560544967651
logistic,,2,45,mitdb/113,mitdb/113,4,36000,ARR,ARR,0.8148768544197083,5.376625153985515e-07,0.18512259423732758
logistic,,2,46,mitdb/113,mitdb/113,4,38500,ARR,NSR,0.4070543348789215,1.3893388484120806e-07,0.5929455161094666
logistic,,2,47,mitdb/113,mitdb/113,4,42000,ARR,NSR,0.4088650643825531,3.8910030752958846e-08,0.5911348462104797
logistic,,2,48,mitdb/113,mitdb/113,4,46500,ARR,ARR,0.5561235547065735,3.3038030977650124e-08,0.44387638568878174
logistic,,2,49,mitdb/113,mitdb/113,4,57000,ARR,ARR,0.6315887570381165,8.444049512945639e-07,0.3684104084968567
logistic,,2,80,mitdb/117,mitdb/117,8,1000,ARR,ARR,0.997923731803894,1.5435123259521788e-06,0.0020747059024870396
logistic,,2,81,mitdb/117,mitdb/117,8,21500,ARR,ARR,0.9897739291191101,0.00033792381873354316,0.009888185188174248
logistic,,2,82,mitdb/117,mitdb/117,8,29500,ARR,ARR,0.9995766282081604,2.0506385567387042e-07,0.00042312926962040365
logistic,,2,83,mitdb/117,mitdb/117,8,38000,ARR,ARR,0.9971253275871277,6.78198603054625e-07,0.002873932709917426
logistic,,2,84,mitdb/117,mitdb/117,8,49500,ARR,ARR,0.8363523483276367,0.0006054096738807857,0.16304224729537964
logistic,,2,85,mitdb/117,mitdb/117,8,54000,ARR,ARR,0.9952139854431152,1.1815233165179961e-06,0.004784845747053623
logistic,,2,86,mitdb/117,mitdb/117,8,57500,ARR,ARR,0.9952980875968933,1.608105094419443e-06,0.004700318444520235
logistic,,2,87,mitdb/117,mitdb/117,8,60000,ARR,ARR,0.9829109311103821,7.979897054610774e-05,0.017009273171424866
logistic,,2,88,mitdb/117,mitdb/117,8,62000,ARR,ARR,0.9984075427055359,2.3968209461600054e-06,0.0015900961589068174
logistic,,2,89,mitdb/117,mitdb/117,8,62500,ARR,ARR,0.9846135377883911,3.0067123589105904e-05,0.015356463380157948
logistic,,2,150,mitdb/124,mitdb/124,15,2500,ARR,ARR,0.9999818801879883,3.9284481090362533e-07,1.7784006558940746e-05
logistic,,2,151,mitdb/124,mitdb/124,15,9000,ARR,ARR,0.9999867677688599,2.031031165472541e-08,1.3227868294052314e-05
logistic,,2,152,mitdb/124,mitdb/124,15,25500,ARR,ARR,0.9999759197235107,1.0652154713852724e-09,2.4073387976386584e-05
logistic,,2,153,mitdb/124,mitdb/124,15,38500,ARR,ARR,0.9990853071212769,0.0009066154598258436,8.082381100393832e-06
logistic,,2,154,mitdb/124,mitdb/124,15,51000,ARR,ARR,0.9999866485595703,8.411840468625087e-08,1.3210242286731955e-05
logistic,,2,155,mitdb/124,mitdb/124,15,51500,ARR,ARR,0.999998927116394,5.993578611196426e-07,4.824898951483192e-07
logistic,,2,156,mitdb/124,mitdb/124,15,58000,ARR,ARR,0.9999592304229736,9.899816859615385e-07,3.9778315112926066e-05
logistic,,2,157,mitdb/124,mitdb/124,15,60500,ARR,ARR,0.9999982118606567,6.081051395767645e-08,1.7091520021494944e-06
logistic,,2,158,mitdb/124,mitdb/124,15,63500,ARR,ARR,0.9998594522476196,2.1633488813677104e-06,0.00013841142936144024
logistic,,2,159,mitdb/124,mitdb/124,15,64500,ARR,ARR,0.9999246597290039,3.378956171218306e-05,4.1556122596375644e-05
logistic,,2,190,mitdb/203,mitdb/203,19,3000,ARR,ARR,0.7629374861717224,0.2365795522928238,0.00048304616939276457
logistic,,2,191,mitdb/203,mitdb/203,19,6500,ARR,ARR,0.6845209002494812,0.3154113292694092,6.769614992663264e-05
logistic,,2,192,mitdb/203,mitdb/203,19,8500,ARR,ARR,0.80070960521698,0.1949724555015564,0.00431792251765728
logistic,,2,193,mitdb/203,mitdb/203,19,15000,ARR,ARR,0.6904120445251465,0.002429563319310546,0.30715835094451904
logistic,,2,194,mitdb/203,mitdb/203,19,35000,ARR,ARR,0.9310386776924133,0.06865035742521286,0.00031096983002498746
logistic,,2,195,mitdb/203,mitdb/203,19,42500,ARR,CHF,0.05831163749098778,0.9415445327758789,0.00014393551100511104
logistic,,2,196,mitdb/203,mitdb/203,19,46000,ARR,ARR,0.7522012591362,0.24697473645210266,0.0008239452145062387
logistic,,2,197,mitdb/203,mitdb/203,19,52500,ARR,ARR,0.7963120341300964,0.2017640620470047,0.001923926523886621
logistic,,2,198,mitdb/203,mitdb/203,19,53500,ARR,CHF,0.24681490659713745,0.7359798550605774,0.017205199226737022
logistic,,2,199,mitdb/203,mitdb/203,19,61000,ARR,CHF,0.06455729156732559,0.9354056119918823,3.7106867239344865e-05
logistic,,2,210,mitdb/207,mitdb/207,21,11500,ARR,ARR,0.9999933242797852,4.870898465014761e-06,1.8388601574770291e-06
logistic,,2,211,mitdb/207,mitdb/207,21,12500,ARR,ARR,0.9993025064468384,0.00036589024239219725,0.0003316398651804775
logistic,,2,212,mitdb/207,mitdb/207,21,19500,ARR,ARR,0.9999997615814209,1.636585977848881e-08,2.7520138701220276e-07
logistic,,2,213,mitdb/207,mitdb/207,21,22500,ARR,ARR,0.9999644756317139,1.1407792044337839e-06,3.434035534155555e-05
logistic,,2,214,mitdb/207,mitdb/207,21,35500,ARR,CHF,0.17359347641468048,0.8264064192771912,9.57413277546948e-08
logistic,,2,215,mitdb/207,mitdb/207,21,37000,ARR,CHF,0.1410636454820633,0.8503273129463196,0.008609054610133171
logistic,,2,216,mitdb/207,mitdb/207,21,43000,ARR,CHF,0.0794963613152504,0.9203697443008423,0.00013386039063334465
logistic,,2,217,mitdb/207,mitdb/207,21,49500,ARR,CHF,0.47051531076431274,0.5264740586280823,0.0030105875339359045
logistic,,2,218,mitdb/207,mitdb/207,21,59000,ARR,CHF,0.10365116596221924,0.8963417410850525,7.088343409122899e-06
logistic,,2,219,mitdb/207,mitdb/207,21,65000,ARR,ARR,0.9342610836029053,0.06391068547964096,0.0018281906377524137
logistic,,2,350,mitdb/222,mitdb/222,35,1000,ARR,ARR,0.9957301020622253,1.2326524689854068e-08,0.004269939381629229
logistic,,2,351,mitdb/222,mitdb/222,35,2000,ARR,ARR,0.9788032174110413,7.966408333004438e-08,0.021196657791733742
logistic,,2,352,mitdb/222,mitdb/222,35,10000,ARR,ARR,0.9215840101242065,2.919201733675436e-07,0.07841560244560242
logistic,,2,353,mitdb/222,mitdb/222,35,12000,ARR,ARR,0.9794453978538513,4.235949745634571e-06,0.020550426095724106
logistic,,2,354,mitdb/222,mitdb/222,35,31000,ARR,ARR,0.9995189905166626,3.667031478471472e-08,0.00048099475679919124
logistic,,2,355,mitdb/222,mitdb/222,35,34000,ARR,ARR,0.9985796213150024,2.608159377359698e-07,0.0014200948644429445
logistic,,2,356,mitdb/222,mitdb/222,35,39500,ARR,ARR,0.9796501398086548,2.4311040647262416e-07,0.020349586382508278
logistic,,2,357,mitdb/222,mitdb/222,35,40000,ARR,ARR,0.9958040118217468,1.6363514987460803e-07,0.004195888992398977
logistic,,2,358,mitdb/222,mitdb/222,35,51000,ARR,ARR,0.9998325109481812,2.0832413127891414e-08,0.00016742062871344388
logistic,,2,359,mitdb/222,mitdb/222,35,56500,ARR,ARR,0.6914759874343872,8.738010848219346e-08,0.30852386355400085
logistic,,2,410,mitdb/233,mitdb/233,41,25000,ARR,CHF,0.3281775414943695,0.6718133091926575,9.246478839486372e-06
logistic,,2,411,mitdb/233,mitdb/233,41,34000,ARR,ARR,0.9467918276786804,0.05317410081624985,3.4082975616911426e-05
logistic,,2,412,mitdb/233,mitdb/233,41,36000,ARR,ARR,0.7454255223274231,0.2543275058269501,0.00024693988962098956
logistic,,2,413,mitdb/233,mitdb/233,41,41500,ARR,ARR,0.697926938533783,0.3020703196525574,2.7256799057795433e-06
logistic,,2,414,mitdb/233,mitdb/233,41,44000,ARR,CHF,0.23674944043159485,0.763228178024292,2.239018795080483e-05
logistic,,2,415,mitdb/233,mitdb/233,41,47500,ARR,CHF,0.22501949965953827,0.7748566269874573,0.00012387546303216368
logistic,,2,416,mitdb/233,mitdb/233,41,51500,ARR,CHF,0.0240744911134243,0.9759233593940735,2.1138118881935952e-06
logistic,,2,417,mitdb/233,mitdb/233,41,54000,ARR,CHF,0.002475232118740678,0.9975243210792542,4.3142799199813453e-07
logistic,,2,418,mitdb/233,mitdb/233,41,59000,ARR,CHF,0.17377983033657074,0.826174259185791,4.592180994222872e-05
logistic,,2,419,mitdb/233,mitdb/233,41,63500,ARR,CHF,0.25281935930252075,0.7470090985298157,0.000171597144799307
logistic,,2,430,mitdb/100,mitdb/100,43,10500,ARR,NSR,0.016925964504480362,3.999202249360678e-07,0.9830736517906189
logistic,,2,431,mitdb/100,mitdb/100,43,35000,ARR,NSR,0.1038958802819252,7.947814992803615e-06,0.8960961699485779
logistic,,2,432,mitdb/100,mitdb/100,43,36000,ARR,NSR,0.011900154873728752,4.3581121644820087e-07,0.9880993962287903
logistic,,2,433,mitdb/100,mitdb/100,43,38500,ARR,NSR,0.028506653383374214,9.106752258958295e-06,0.9714842438697815
logistic,,2,434,mitdb/100,mitdb/100,43,45500,ARR,NSR,0.007449361961334944,0.003052503801882267,0.9894981384277344
logistic,,2,435,mitdb/100,mitdb/100,43,48500,ARR,NSR,0.01321230549365282,3.75167758193129e-07,0.9867873191833496
logistic,,2,436,mitdb/100,mitdb/100,43,55000,ARR,NSR,0.03296373784542084,3.0816859180049505e-06,0.9670332074165344
logistic,,2,437,mitdb/100,mitdb/100,43,57500,ARR,NSR,0.0646326020359993,2.195475644839462e-06,0.9353652596473694
logistic,,2,438,mitdb/100,mitdb/100,43,60000,ARR,NSR,0.05059155821800232,8.91138682845849e-08,0.9494084119796753
logistic,,2,439,mitdb/100,mitdb/100,43,63500,ARR,NSR,0.011425748467445374,3.2453983749292092e-06,0.9885709881782532
logistic,,2,500,mitdb/106,mitdb/106,50,11000,ARR,NSR,0.0006442671292461455,1.0938979357888456e-05,0.9993447661399841
logistic,,2,501,mitdb/106,mitdb/106,50,18000,ARR,ARR,0.6668533086776733,5.725641130993608e-06,0.3331409990787506
logistic,,2,502,mitdb/106,mitdb/106,50,18500,ARR,NSR,0.165437713265419,9.742935617396142e-06,0.8345525860786438
logistic,,2,503,mitdb/106,mitdb/106,50,25000,ARR,ARR,0.7545183897018433,3.799209480348509e-07,0.24548126757144928
logistic,,2,504,mitdb/106,mitdb/106,50,28500,ARR,NSR,0.07780531793832779,5.6408563153809155e-08,0.9221946597099304
logistic,,2,505,mitdb/106,mitdb/106,50,44000,ARR,ARR,0.9769287705421448,1.1200162219893173e-07,0.023071100935339928
logistic,,2,506,mitdb/106,mitdb/106,50,45000,ARR,NSR,0.43663740158081055,2.8966454124201846e-07,0.5633623003959656
logistic,,2,507,mitdb/106,mitdb/106,50,47500,ARR,ARR,0.840593695640564,6.215520897967508e-07,0.15940575301647186
logistic,,2,508,mitdb/106,mitdb/106,50,50000,ARR,ARR,0.9772853255271912,1.2261584743100684e-06,0.02271336130797863
logistic,,2,509,mitdb/106,mitdb/106,50,51000,ARR,NSR,0.16298232972621918,6.083725111238891e-06,0.8370115756988525
logistic,,2,530,mitdb/109,mitdb/109,53,500,ARR,ARR,0.7996375560760498,0.1962331086397171,0.004129360429942608
logistic,,2,531,mitdb/109,mitdb/109,53,11500,ARR,ARR,0.9981038570404053,0.0016896253218874335,0.00020641015726141632
logistic,,2,532,mitdb/109,mitdb/109,53,15000,ARR,ARR,0.9426804780960083,0.0567118301987648,0.0006077478174120188
logistic,,2,533,mitdb/109,mitdb/109,53,15500,ARR,ARR,0.9937518239021301,0.005374702624976635,0.0008734188158996403
logistic,,2,534,mitdb/109,mitdb/109,53,24000,ARR,ARR,0.9630301594734192,0.03474916145205498,0.0022206869907677174
logistic,,2,535,mitdb/109,mitdb/109,53,30000,ARR,ARR,0.9799745082855225,0.0199058149009943,0.00011978669499512762
logistic,,2,536,mitdb/109,mitdb/109,53,32500,ARR,ARR,0.9938748478889465,0.005875706672668457,0.00024937448324635625
logistic,,2,537,mitdb/109,mitdb/109,53,33500,ARR,ARR,0.9610346555709839,0.03184724226593971,0.007118071895092726
logistic,,2,538,mitdb/109,mitdb/109,53,59500,ARR,ARR,0.9951804876327515,0.003799726255238056,0.0010198025265708566
logistic,,2,539,mitdb/109,mitdb/109,53,63000,ARR,ARR,0.9981783628463745,0.0016599647933617234,0.00016171250899787992
logistic,,2,570,mitdb/113,mitdb/113,57,7500,ARR,NSR,0.16775183379650116,1.596794163560844e-08,0.8322481513023376
logistic,,2,571,mitdb/113,mitdb/113,57,9500,ARR,NSR,0.165798157453537,1.2355301805655472e-05,0.8341895341873169
logistic,,2,572,mitdb/113,mitdb/113,57,19000,ARR,NSR,0.08689224720001221,6.410818542690322e-08,0.913107693195343
logistic,,2,573,mitdb/113,mitdb/113,57,20500,ARR,NSR,0.06513788551092148,1.6045092365857272e-08,0.9348620772361755
logistic,,2,574,mitdb/113,mitdb/113,57,22500,ARR,NSR,0.3451579809188843,7.389763245768677e-10,0.6548420786857605
logistic,,2,575,mitdb/113,mitdb/113,57,24000,ARR,NSR,0.19896966218948364,1.5352249249644956e-08,0.8010302782058716
logistic,,2,576,mitdb/113,mitdb/113,57,31000,ARR,NSR,0.2908199429512024,3.9115974459491554e-08,0.7091799974441528
logistic,,2,577,mitdb/113,mitdb/113,57,37000,ARR,NSR,0.27461665868759155,1.0972042474577393e-07,0.7253832221031189
logistic,,2,578,mitdb/113,mitdb/113,57,46000,ARR,NSR,0.32098403573036194,8.6932271869955e-07,0.6790151000022888
logistic,,2,579,mitdb/113,mitdb/113,57,63500,ARR,NSR,0.41148853302001953,2.0657278554381264e-08,0.5885114669799805
logistic,,2,610,mitdb/117,mitdb/117,61,5000,ARR,ARR,0.9979323148727417,2.3550603600597242e-07,0.002067429479211569
logistic,,2,611,mitdb/117,mitdb/117,61,17000,ARR,ARR,0.9993816614151001,4.836372227146057e-07,0.0006178905023261905
logistic,,2,612,mitdb/117,mitdb/117,61,26500,ARR,ARR,0.9994174242019653,1.980893671316153e-09,0.0005826340056955814
logistic,,2,613,mitdb/117,mitdb/117,61,37000,ARR,ARR,0.9955026507377625,5.080200935481116e-07,0.004496891982853413
logistic,,2,614,mitdb/117,mitdb/117,61,37500,ARR,ARR,0.9985772371292114,4.662827635115718e-08,0.0014227844076231122
logistic,,2,615,mitdb/117,mitdb/117,61,39000,ARR,ARR,0.9980701804161072,8.869574941172687e-08,0.0019297205144539475
logistic,,2,616,mitdb/117,mitdb/117,61,41000,ARR,ARR,0.9979835748672485,8.643322502166484e-08,0.002016256097704172
logistic,,2,617,mitdb/117,mitdb/117,61,41500,ARR,ARR,0.9996808767318726,1.509908820196415e-08,0.00031919233151711524
logistic,,2,618,mitdb/117,mitdb/117,61,48500,ARR,ARR,0.9997705817222595,4.667267461400115e-09,0.00022938178153708577
logistic,,2,619,mitdb/117,mitdb/117,61,60000,ARR,ARR,0.9998642206192017,1.0068496436588248e-07,0.0001356812281301245
logistic,,2,660,mitdb/106,mitdb/106,66,3000,ARR,NSR,0.060311757028102875,0.0007879771292209625,0.9389002323150635
logistic,,2,661,mitdb/106,mitdb/106,66,15500,ARR,ARR,0.6360920667648315,0.05334155634045601,0.31056633591651917
logistic,,2,662,mitdb/106,mitdb/106,66,17500,ARR,ARR,0.8995100855827332,0.0004935511969961226,0.09999635815620422
logistic,,2,663,mitdb/106,mitdb/106,66,21500,ARR,ARR,0.9978803396224976,1.958516259037424e-05,0.002100076526403427
logistic,,2,664,mitdb/106,mitdb/106,66,41000,ARR,ARR,0.9769850969314575,5.657647861312398e-08,0.023014886304736137
logistic,,2,665,mitdb/106,mitdb/106,66,47500,ARR,ARR,0.9234600067138672,7.245805733191446e-08,0.07653994858264923
logistic,,2,666,mitdb/106,mitdb/106,66,56500,ARR,NSR,0.11320484429597855,1.0257616850140039e-05,0.8867848515510559
logistic,,2,667,mitdb/106,mitdb/106,66,57000,ARR,NSR,0.35658183693885803,1.2368537682050373e-05,0.6434057950973511
logistic,,2,668,mitdb/106,mitdb/106,66,58000,ARR,ARR,0.56069415807724,4.5572025555884466e-05,0.4392603039741516
logistic,,2,669,mitdb/106,mitdb/106,66,61000,ARR,NSR,0.031155213713645935,2.354608596988328e-07,0.9688445925712585
logistic,,2,680,mitdb/124,mitdb/124,68,11500,ARR,ARR,0.5821337699890137,1.067897059670031e-08,0.4178662896156311
logistic,,2,681,mitdb/124,mitdb/124,68,20000,ARR,ARR,0.7550056576728821,3.805495085718036e-10,0.24499432742595673
logistic,,2,682,mitdb/124,mitdb/124,68,24000,ARR,ARR,0.8400800228118896,1.2617907430012565e-07,0.15991991758346558
logistic,,2,683,mitdb/124,mitdb/124,68,25500,ARR,ARR,0.9175710678100586,1.7575186861407133e-09,0.08242889493703842
logistic,,2,684,mitdb/124,mitdb/124,68,32000,ARR,NSR,0.04274595528841019,8.769289365773147e-07,0.9572532176971436
logistic,,2,685,mitdb/124,mitdb/124,68,44000,ARR,ARR,0.9816940426826477,2.0894424324069405e-06,0.01830388605594635
logistic,,2,686,mitdb/124,mitdb/124,68,48500,ARR,ARR,0.9902089834213257,6.566536967511638e-07,0.009790265001356602
logistic,,2,687,mitdb/124,mitdb/124,68,59500,ARR,ARR,0.9767375588417053,5.759964949447749e-09,0.02326240763068199
logistic,,2,688,mitdb/124,mitdb/124,68,63000,ARR,ARR,0.9483304619789124,5.364196908885788e-07,0.05166899040341377
logistic,,2,689,mitdb/124,mitdb/124,68,64000,ARR,ARR,0.9939182996749878,2.6615356585324434e-09,0.0060816602781414986
logistic,,2,720,mitdb/203,mitdb/203,72,4000,ARR,ARR,0.9980759620666504,0.0019156296039000154,8.456156137981452e-06
logistic,,2,721,mitdb/203,mitdb/203,72,5000,ARR,ARR,0.9979281425476074,0.002064457396045327,7.391805411316454e-06
logistic,,2,722,mitdb/203,mitdb/203,72,9000,ARR,ARR,0.99310702085495,0.006798680406063795,9.438330744160339e-05
logistic,,2,723,mitdb/203,mitdb/203,72,24000,ARR,ARR,0.9936925172805786,0.006258061621338129,4.9446640332462266e-05
logistic,,2,724,mitdb/203,mitdb/203,72,31000,ARR,ARR,0.9996398687362671,0.0003385771415196359,2.1621075575239956e-05
logistic,,2,725,mitdb/203,mitdb/203,72,45000,ARR,ARR,0.999491810798645,0.0004715502727776766,3.659290086943656e-05
logistic,,2,726,mitdb/203,mitdb/203,72,46500,ARR,ARR,0.9998420476913452,7.423190254485235e-05,8.370260911760852e-05
logistic,,2,727,mitdb/203,mitdb/203,72,53500,ARR,ARR,0.9945917725563049,0.005316225346177816,9.203927038470283e-05
logistic,,2,728,mitdb/203,mitdb/203,72,55000,ARR,ARR,0.9976703524589539,0.0023218030110001564,7.861755875637755e-06
logistic,,2,729,mitdb/203,mitdb/203,72,58000,ARR,ARR,0.9996205568313599,0.00027480823337100446,0.00010458403266966343
logistic,,2,740,mitdb/207,mitdb/207,74,10500,ARR,ARR,0.9999911785125732,1.8993042658621562e-06,6.865111572551541e-06
logistic,,2,741,mitdb/207,mitdb/207,74,12500,ARR,ARR,0.9984242916107178,4.623387212632224e-05,0.0015295962803065777
logistic,,2,742,mitdb/207,mitdb/207,74,13000,ARR,ARR,0.9990034699440002,0.0007005360093899071,0.000296114623779431
logistic,,2,743,mitdb/207,mitdb/207,74,18000,ARR,ARR,0.999994158744812,8.090813574668232e-10,5.837462140334537e-06
logistic,,2,744,mitdb/207,mitdb/207,74,24500,ARR,ARR,0.9999998807907104,3.499841128018488e-08,5.96842681943599e-08
logistic,,2,745,mitdb/207,mitdb/207,74,31000,ARR,ARR,0.9992331266403198,0.0007669188780710101,3.214336175005883e-08
logistic,,2,746,mitdb/207,mitdb/207,74,45500,ARR,ARR,0.9992990493774414,0.0006789325270801783,2.199514528911095e-05
logistic,,2,747,mitdb/207,mitdb/207,74,56000,ARR,ARR,0.9989897608757019,0.00095875293482095,5.14641978952568e-05
logistic,,2,748,mitdb/207,mitdb/207,74,59500,ARR,ARR,0.6720466017723083,0.3277250826358795,0.0002283177454955876
logistic,,2,749,mitdb/207,mitdb/207,74,65000,ARR,ARR,0.9698047041893005,0.03019208274781704,3.2406205718871206e-06
logistic,,2,870,mitdb/222,mitdb/222,87,7500,ARR,ARR,0.5702683329582214,7.195838861662196e-06,0.4297245144844055
logistic,,2,871,mitdb/222,mitdb/222,87,9000,ARR,ARR,0.9633709192276001,9.480344260737184e-07,0.03662818670272827
logistic,,2,872,mitdb/222,mitdb/222,87,25500,ARR,ARR,0.9198462963104248,8.486279625685711e-07,0.08015289157629013
logistic,,2,873,mitdb/222,mitdb/222,87,28000,ARR,ARR,0.7738362550735474,3.4801443689502776e-05,0.22612890601158142
logistic,,2,874,mitdb/222,mitdb/222,87,29000,ARR,ARR,0.9235965609550476,1.0853805179067422e-05,0.0763925313949585
logistic,,2,875,mitdb/222,mitdb/222,87,31500,ARR,ARR,0.9684802889823914,1.5044596466395888e-06,0.03151819482445717
logistic,,2,876,mitdb/222,mitdb/222,87,53000,ARR,ARR,0.9632106423377991,5.347156672996789e-08,0.036789409816265106
logistic,,2,877,mitdb/222,mitdb/222,87,57000,ARR,ARR,0.729053258895874,0.005223737098276615,0.2657230496406555
logistic,,2,878,mitdb/222,mitdb/222,87,61500,ARR,ARR,0.9854228496551514,1.8705679849517765e-07,0.014576930552721024
logistic,,2,879,mitdb/222,mitdb/222,87,64000,ARR,ARR,0.9872521162033081,1.452145710345576e-07,0.012747777625918388
logistic,,2,940,mitdb/233,mitdb/233,94,1000,ARR,CHF,0.007645725272595882,0.9912258982658386,0.0011283281492069364
logistic,,2,941,mitdb/233,mitdb/233,94,11500,ARR,CHF,0.20650716125965118,0.7925781011581421,0.0009146399097517133
logistic,,2,942,mitdb/233,mitdb/233,94,17500,ARR,CHF,0.0008302308851853013,0.9991693496704102,5.196217784941837e-07
logistic,,2,943,mitdb/233,mitdb/233,94,31000,ARR,CHF,0.025958513841032982,0.9699103236198425,0.004131197929382324
logistic,,2,944,mitdb/233,mitdb/233,94,31500,ARR,CHF,0.0032897349447011948,0.9965468049049377,0.00016347657947335392
logistic,,2,945,mitdb/233,mitdb/233,94,32500,ARR,CHF,0.0021051745861768723,0.9977023005485535,0.00019253435311838984
logistic,,2,946,mitdb/233,mitdb/233,94,36500,ARR,CHF,0.006535279098898172,0.9923543930053711,0.001110308337956667
logistic,,2,947,mitdb/233,mitdb/233,94,38000,ARR,CHF,0.027959665283560753,0.9702393412590027,0.0018009502673521638
logistic,,2,948,mitdb/233,mitdb/233,94,54000,ARR,CHF,0.015098504722118378,0.9848857522010803,1.5716430425527506e-05
logistic,,2,949,mitdb/233,mitdb/233,94,63000,ARR,CHF,0.09247241169214249,0.9042073488235474,0.003320273943245411
logistic,,2,970,chfdb/chf10,chfdb/chf10,97,0,CHF,CHF,0.23202136158943176,0.7667296528816223,0.0012490336084738374
logistic,,2,971,chfdb/chf10,chfdb/chf10,97,5500,CHF,CHF,0.0461178794503212,0.9339537024497986,0.019928326830267906
logistic,,2,972,chfdb/chf10,chfdb/chf10,97,15500,CHF,CHF,0.16287732124328613,0.8346856236457825,0.0024371426552534103
logistic,,2,973,chfdb/chf10,chfdb/chf10,97,29000,CHF,CHF,0.019901804625988007,0.9800389409065247,5.917826638324186e-05
logistic,,2,974,chfdb/chf10,chfdb/chf10,97,29500,CHF,CHF,0.09664957225322723,0.90244460105896,0.0009058354189619422
logistic,,2,975,chfdb/chf10,chfdb/chf10,97,36000,CHF,CHF,0.0010869617108255625,0.998884379863739,2.8754371669492684e-05
logistic,,2,976,chfdb/chf10,chfdb/chf10,97,38000,CHF,CHF,0.0027792484033852816,0.996928870677948,0.0002919358666986227
logistic,,2,977,chfdb/chf10,chfdb/chf10,97,45500,CHF,ARR,0.5094135999679565,0.48969078063964844,0.0008956803358159959
logistic,,2,978,chfdb/chf10,chfdb/chf10,97,48500,CHF,CHF,0.024575278162956238,0.9752980470657349,0.000126584927784279
logistic,,2,979,chfdb/chf10,chfdb/chf10,97,52000,CHF,CHF,0.0006960847531445324,0.9992283582687378,7.552791794296354e-05
logistic,,2,990,chfdb/chf12,chfdb/chf12,99,5000,CHF,CHF,0.24000053107738495,0.7599090337753296,9.041345037985593e-05
logistic,,2,991,chfdb/chf12,chfdb/chf12,99,6500,CHF,CHF,0.4391463100910187,0.5605971813201904,0.000256475672358647
logistic,,2,992,chfdb/chf12,chfdb/chf12,99,33000,CHF,CHF,0.03148895502090454,0.9684779047966003,3.315139110782184e-05
logistic,,2,993,chfdb/chf12,chfdb/chf12,99,41000,CHF,CHF,0.002681179204955697,0.9973158240318298,2.918278369179461e-06
logistic,,2,994,chfdb/chf12,chfdb/chf12,99,41500,CHF,CHF,0.2232346087694168,0.7766535878181458,0.0001118691434385255
logistic,,2,995,chfdb/chf12,chfdb/chf12,99,47500,CHF,CHF,0.006395314820110798,0.9935817718505859,2.2989584977040067e-05
logistic,,2,996,chfdb/chf12,chfdb/chf12,99,55500,CHF,CHF,0.2181514948606491,0.7817761301994324,7.230128539958969e-05
logistic,,2,997,chfdb/chf12,chfdb/chf12,99,56000,CHF,ARR,0.5662674307823181,0.4262348413467407,0.007497804239392281
logistic,,2,998,chfdb/chf12,chfdb/chf12,99,59000,CHF,CHF,0.004099603742361069,0.9958775043487549,2.2866701328894123e-05
logistic,,2,999,chfdb/chf12,chfdb/chf12,99,61500,CHF,ARR,0.7729732990264893,0.1930343061685562,0.03399236872792244
logistic,,2,1110,chfdb/chf08,chfdb/chf08,111,7000,CHF,ARR,0.7466186285018921,0.004377448000013828,0.24900393187999725
logistic,,2,1111,chfdb/chf08,chfdb/chf08,111,8000,CHF,NSR,0.012443835847079754,0.0008525914745405316,0.9867035150527954
logistic,,2,1112,chfdb/chf08,chfdb/chf08,111,16500,CHF,NSR,0.3466072976589203,0.005015116184949875,0.6483775973320007
logistic,,2,1113,chfdb/chf08,chfdb/chf08,111,26000,CHF,NSR,0.006451354827731848,0.001395577099174261,0.9921531081199646
logistic,,2,1114,chfdb/chf08,chfdb/chf08,111,27000,CHF,NSR,0.3603147864341736,0.16051019728183746,0.47917506098747253
logistic,,2,1115,chfdb/chf08,chfdb/chf08,111,37500,CHF,CHF,0.10598094016313553,0.8910171389579773,0.003001880133524537
logistic,,2,1116,chfdb/chf08,chfdb/chf08,111,39000,CHF,NSR,0.07570797950029373,0.027045726776123047,0.8972463011741638
logistic,,2,1117,chfdb/chf08,chfdb/chf08,111,47000,CHF,NSR,0.109403595328331,0.0520048514008522,0.8385915160179138
logistic,,2,1118,chfdb/chf08,chfdb/chf08,111,52000,CHF,NSR,0.028796721249818802,0.0018834223737940192,0.9693198204040527
logistic,,2,1119,chfdb/chf08,chfdb/chf08,111,60000,CHF,NSR,0.09030617028474808,0.021300526335835457,0.8883933424949646
logistic,,2,1130,chfdb/chf10,chfdb/chf10,113,8000,CHF,ARR,0.663462221622467,0.32551470398902893,0.011023026891052723
logistic,,2,1131,chfdb/chf10,chfdb/chf10,113,17000,CHF,CHF,0.01844053342938423,0.979546844959259,0.002012710552662611
logistic,,2,1132,chfdb/chf10,chfdb/chf10,113,26500,CHF,CHF,0.2643791735172272,0.7316325306892395,0.003988315816968679
logistic,,2,1133,chfdb/chf10,chfdb/chf10,113,32500,CHF,CHF,0.17878912389278412,0.8139852285385132,0.007225553039461374
logistic,,2,1134,chfdb/chf10,chfdb/chf10,113,33000,CHF,CHF,0.014307314530014992,0.9843830466270447,0.0013096160255372524
logistic,,2,1135,chfdb/chf10,chfdb/chf10,113,36500,CHF,ARR,0.6597608923912048,0.33663129806518555,0.0036078395787626505
logistic,,2,1136,chfdb/chf10,chfdb/chf10,113,47500,CHF,CHF,0.45486465096473694,0.524907112121582,0.020228276029229164
logistic,,2,1137,chfdb/chf10,chfdb/chf10,113,53500,CHF,CHF,0.014797977171838284,0.9845805764198303,0.000621423008851707
logistic,,2,1138,chfdb/chf10,chfdb/chf10,113,57000,CHF,CHF,0.2640598714351654,0.7259406447410583,0.009999481961131096
logistic,,2,1139,chfdb/chf10,chfdb/chf10,113,58000,CHF,ARR,0.7090697884559631,0.285358726978302,0.00557146780192852
logistic,,2,1150,chfdb/chf12,chfdb/chf12,115,1000,CHF,CHF,0.027724042534828186,0.9722732305526733,2.7439457426226e-06
logistic,,2,1151,chfdb/chf12,chfdb/chf12,115,5000,CHF,CHF,0.00015560649626422673,0.9998441934585571,1.2634397705824085e-07
logistic,,2,1152,chfdb/chf12,chfdb/chf12,115,8000,CHF,CHF,0.004510220605880022,0.9954317808151245,5.805725231766701e-05
logistic,,2,1153,chfdb/chf12,chfdb/chf12,115,8500,CHF,CHF,0.00250871479511261,0.9974026083946228,8.870269084582105e-05
logistic,,2,1154,chfdb/chf12,chfdb/chf12,115,16500,CHF,CHF,0.04398119077086449,0.9560099840164185,8.775386959314346e-06
logistic,,2,1155,chfdb/chf12,chfdb/chf12,115,17000,CHF,CHF,0.007967629469931126,0.992016077041626,1.627310848562047e-05
logistic,,2,1156,chfdb/chf12,chfdb/chf12,115,27500,CHF,CHF,0.00043539953185245395,0.9995617270469666,2.8100550935050705e-06
logistic,,2,1157,chfdb/chf12,chfdb/chf12,115,39500,CHF,CHF,0.01323698926717043,0.9867592453956604,3.8175589907041285e-06
logistic,,2,1158,chfdb/chf12,chfdb/chf12,115,47500,CHF,CHF,0.0037653353065252304,0.9961981177330017,3.652595478342846e-05
logistic,,2,1159,chfdb/chf12,chfdb/chf12,115,52000,CHF,CHF,0.25043898820877075,0.7494171857833862,0.00014385711983777583
logistic,,2,1240,chfdb/chf08,chfdb/chf08,124,3000,CHF,ARR,0.7851962447166443,0.17958632111549377,0.03521747142076492
logistic,,2,1241,chfdb/chf08,chfdb/chf08,124,8000,CHF,ARR,0.9868453741073608,0.004581694025546312,0.008572980761528015
logistic,,2,1242,chfdb/chf08,chfdb/chf08,124,10500,CHF,ARR,0.7208551168441772,0.04054306074976921,0.23860184848308563
logistic,,2,1243,chfdb/chf08,chfdb/chf08,124,16000,CHF,ARR,0.622238278388977,0.3455163836479187,0.03224530443549156
logistic,,2,1244,chfdb/chf08,chfdb/chf08,124,17500,CHF,ARR,0.9967374205589294,0.0008328531985171139,0.0024297782219946384
logistic,,2,1245,chfdb/chf08,chfdb/chf08,124,40000,CHF,CHF,0.002738058799877763,0.9939671754837036,0.003294677473604679
logistic,,2,1246,chfdb/chf08,chfdb/chf08,124,47500,CHF,ARR,0.8384668231010437,0.1457594633102417,0.015773732215166092
logistic,,2,1247,chfdb/chf08,chfdb/chf08,124,58000,CHF,CHF,0.34930020570755005,0.44166937470436096,0.20903044939041138
logistic,,2,1248,chfdb/chf08,chfdb/chf08,124,58500,CHF,ARR,0.8320056796073914,0.16382074356079102,0.004173590801656246
logistic,,2,1249,chfdb/chf08,chfdb/chf08,124,64000,CHF,CHF,0.24635685980319977,0.469214528799057,0.28442859649658203
logistic,,2,1290,nsrdb/18177,nsrdb/18177,129,20500,NSR,ARR,0.8576109409332275,0.059720396995544434,0.08266875147819519
logistic,,2,1291,nsrdb/18177,nsrdb/18177,129,24500,NSR,ARR,0.7594600915908813,0.011550872586667538,0.22898901998996735
logistic,,2,1292,nsrdb/18177,nsrdb/18177,129,27000,NSR,NSR,0.013349233195185661,0.009628277271986008,0.9770225286483765
logistic,,2,1293,nsrdb/18177,nsrdb/18177,129,29000,NSR,ARR,0.42993834614753723,0.4211205244064331,0.1489410549402237
logistic,,2,1294,nsrdb/18177,nsrdb/18177,129,37500,NSR,NSR,0.018202858045697212,0.0026060796808451414,0.97919100522995
logistic,,2,1295,nsrdb/18177,nsrdb/18177,129,38500,NSR,NSR,0.03482121601700783,0.025837987661361694,0.9393407702445984
logistic,,2,1296,nsrdb/18177,nsrdb/18177,129,40500,NSR,NSR,0.04588894173502922,0.09467627853155136,0.8594347834587097
logistic,,2,1297,nsrdb/18177,nsrdb/18177,129,42000,NSR,NSR,0.0049934773705899715,0.0013542218366637826,0.9936522245407104
logistic,,2,1298,nsrdb/18177,nsrdb/18177,129,52500,NSR,NSR,0.10662854462862015,0.0024674427695572376,0.8909040093421936
logistic,,2,1299,nsrdb/18177,nsrdb/18177,129,60500,NSR,NSR,0.00484846206381917,0.002373039722442627,0.992778480052948
logistic,,2,1300,nsrdb/18184,nsrdb/18184,130,2500,NSR,ARR,0.8821825981140137,0.007400797214359045,0.11041654646396637
logistic,,2,1301,nsrdb/18184,nsrdb/18184,130,12000,NSR,NSR,0.0017555784434080124,0.00040408215136267245,0.9978402853012085
logistic,,2,1302,nsrdb/18184,nsrdb/18184,130,16500,NSR,NSR,0.008969337679445744,1.2732828508887906e-05,0.9910179376602173
logistic,,2,1303,nsrdb/18184,nsrdb/18184,130,17000,NSR,NSR,0.003435690188780427,9.846092325460631e-06,0.9965544939041138
logistic,,2,1304,nsrdb/18184,nsrdb/18184,130,20000,NSR,NSR,0.004677572287619114,3.131237463094294e-06,0.9953193068504333
logistic,,2,1305,nsrdb/18184,nsrdb/18184,130,30000,NSR,NSR,0.0253463052213192,0.00016759333084337413,0.9744860529899597
logistic,,2,1306,nsrdb/18184,nsrdb/18184,130,44000,NSR,NSR,0.0008330580894835293,1.6079144188552164e-05,0.9991508722305298
logistic,,2,1307,nsrdb/18184,nsrdb/18184,130,45500,NSR,NSR,0.0015936651034280658,2.93200088208323e-07,0.9984061121940613
logistic,,2,1308,nsrdb/18184,nsrdb/18184,130,47000,NSR,NSR,0.016208775341510773,3.014613139384892e-05,0.9837610125541687
logistic,,2,1309,nsrdb/18184,nsrdb/18184,130,48000,NSR,NSR,0.006445016246289015,1.539715776743833e-05,0.9935396313667297
logistic,,2,1410,nsrdb/16483,nsrdb/16483,141,500,NSR,NSR,0.11021990329027176,0.011163693852722645,0.878616452217102
logistic,,2,1411,nsrdb/16483,nsrdb/16483,141,5500,NSR,ARR,0.744358241558075,0.107750803232193,0.14789092540740967
logistic,,2,1412,nsrdb/16483,nsrdb/16483,141,10500,NSR,CHF,0.004320700187236071,0.9562937617301941,0.03938550129532814
logistic,,2,1413,nsrdb/16483,nsrdb/16483,141,14500,NSR,NSR,0.1575881838798523,0.08823476731777191,0.7541770339012146
logistic,,2,1414,nsrdb/16483,nsrdb/16483,141,24500,NSR,CHF,0.0948287695646286,0.512254536151886,0.3929167091846466
logistic,,2,1415,nsrdb/16483,nsrdb/16483,141,26000,NSR,CHF,0.3213213384151459,0.42770281434059143,0.2509758174419403
logistic,,2,1416,nsrdb/16483,nsrdb/16483,141,31000,NSR,NSR,0.17448373138904572,0.07814568281173706,0.7473705410957336
logistic,,2,1417,nsrdb/16483,nsrdb/16483,141,35000,NSR,NSR,0.08011240512132645,0.2923128008842468,0.6275748014450073
logistic,,2,1418,nsrdb/16483,nsrdb/16483,141,44000,NSR,NSR,0.04935450851917267,0.07100146263837814,0.879643976688385
logistic,,2,1419,nsrdb/16483,nsrdb/16483,141,50000,NSR,NSR,0.152418851852417,0.03318751975893974,0.8143936395645142
logistic,,2,1490,nsrdb/18177,nsrdb/18177,149,2000,NSR,NSR,8.58410494402051e-05,8.489308675052598e-05,0.9998292922973633
logistic,,2,1491,nsrdb/18177,nsrdb/18177,149,23000,NSR,NSR,2.0011126252938993e-05,5.3029998525744304e-05,0.9999269247055054
logistic,,2,1492,nsrdb/18177,nsrdb/18177,149,23500,NSR,NSR,1.3543353816203307e-05,6.074713746784255e-05,0.9999257326126099
logistic,,2,1493,nsrdb/18177,nsrdb/18177,149,28000,NSR,NSR,0.00026790861738845706,1.0087255759572145e-05,0.9997219443321228
logistic,,2,1494,nsrdb/18177,nsrdb/18177,149,31500,NSR,NSR,0.00027576996944844723,0.002119542798027396,0.9976046085357666
logistic,,2,1495,nsrdb/18177,nsrdb/18177,149,41500,NSR,NSR,4.47972743131686e-05,3.201174331479706e-05,0.9999232292175293
logistic,,2,1496,nsrdb/18177,nsrdb/18177,149,45500,NSR,NSR,0.000975361792370677,0.004514222498983145,0.9945104122161865
logistic,,2,1497,nsrdb/18177,nsrdb/18177,149,50500,NSR,NSR,0.0001899412163766101,0.010595354251563549,0.9892147183418274
logistic,,2,1498,nsrdb/18177,nsrdb/18177,149,53000,NSR,NSR,0.013287338428199291,0.04888029769062996,0.9378322958946228
logistic,,2,1499,nsrdb/18177,nsrdb/18177,149,59500,NSR,NSR,0.000395909883081913,0.0014087470481172204,0.9981953501701355
logistic,,2,1500,nsrdb/18184,nsrdb/18184,150,7000,NSR,NSR,0.03771240636706352,0.00017375600873492658,0.9621138572692871
logistic,,2,1501,nsrdb/18184,nsrdb/18184,150,12500,NSR,NSR,0.019064992666244507,1.0730108442658093e-05,0.9809242486953735
logistic,,2,1502,nsrdb/18184,nsrdb/18184,150,21000,NSR,NSR,0.0006240796064957976,0.0017566162860020995,0.9976193308830261
logistic,,2,1503,nsrdb/18184,nsrdb/18184,150,22500,NSR,NSR,0.010888184420764446,0.016615044325590134,0.972496747970581
logistic,,2,1504,nsrdb/18184,nsrdb/18184,150,44500,NSR,NSR,0.025415673851966858,0.00013871394912712276,0.974445641040802
logistic,,2,1505,nsrdb/18184,nsrdb/18184,150,50500,NSR,NSR,0.0009530911920592189,7.072127061746869e-08,0.9990468621253967
logistic,,2,1506,nsrdb/18184,nsrdb/18184,150,56500,NSR,NSR,0.001642765710130334,4.340008388226124e-07,0.9983567595481873
logistic,,2,1507,nsrdb/18184,nsrdb/18184,150,59500,NSR,NSR,0.0004916900652460754,4.5599049371958245e-06,0.9995037317276001
logistic,,2,1508,nsrdb/18184,nsrdb/18184,150,63000,NSR,NSR,0.007876924239099026,8.690352046869521e-07,0.992122232913971
logistic,,2,1509,nsrdb/18184,nsrdb/18184,150,65000,NSR,NSR,0.0014190447982400656,4.098113848272078e-08,0.9985809326171875
logistic,,2,1570,nsrdb/16483,nsrdb/16483,157,500,NSR,NSR,0.0255891066044569,0.0009442075388506055,0.973466694355011
logistic,,2,1571,nsrdb/16483,nsrdb/16483,157,9500,NSR,NSR,0.022765425965189934,5.3514620958594605e-05,0.977181077003479
logistic,,2,1572,nsrdb/16483,nsrdb/16483,157,11500,NSR,NSR,0.14413882791996002,0.0006408831686712801,0.8552203178405762
logistic,,2,1573,nsrdb/16483,nsrdb/16483,157,12000,NSR,NSR,0.18087422847747803,2.1354007913032547e-06,0.8191236853599548
logistic,,2,1574,nsrdb/16483,nsrdb/16483,157,18500,NSR,NSR,0.0019451334374025464,0.0008670057286508381,0.9971879124641418
logistic,,2,1575,nsrdb/16483,nsrdb/16483,157,35000,NSR,NSR,0.004376410041004419,2.8150222419753845e-07,0.9956232905387878
logistic,,2,1576,nsrdb/16483,nsrdb/16483,157,40500,NSR,NSR,0.06955193728208542,9.162949572782964e-05,0.9303564429283142
logistic,,2,1577,nsrdb/16483,nsrdb/16483,157,47000,NSR,NSR,0.01948457583785057,0.00031501275952905416,0.9802004098892212
logistic,,2,1578,nsrdb/16483,nsrdb/16483,157,54500,NSR,NSR,0.007353510707616806,0.00015200326743070036,0.9924944639205933
logistic,,2,1579,nsrdb/16483,nsrdb/16483,157,61000,NSR,NSR,0.020896121859550476,9.669629071140662e-05,0.9790071249008179
swin,0,2,0,mitdb/100,mitdb/100,0,1000,ARR,ARR,0.8722760081291199,0.0007127043209038675,0.1270112842321396
swin,0,2,1,mitdb/100,mitdb/100,0,2500,ARR,NSR,0.00025055508012883365,9.439825225854293e-05,0.99965500831604
swin,0,2,2,mitdb/100,mitdb/100,0,4500,ARR,ARR,0.999297022819519,0.00010606462456053123,0.0005969366175122559
swin,0,2,3,mitdb/100,mitdb/100,0,11000,ARR,ARR,0.9996191263198853,4.830726538784802e-05,0.0003325343132019043
swin,0,2,4,mitdb/100,mitdb/100,0,16500,ARR,ARR,0.9969847798347473,4.741427255794406e-05,0.002967771841213107
swin,0,2,5,mitdb/100,mitdb/100,0,19000,ARR,NSR,0.0056787836365401745,0.0003189290000591427,0.9940021634101868
swin,0,2,6,mitdb/100,mitdb/100,0,31500,ARR,ARR,0.9975214600563049,5.525136293726973e-05,0.00242321053519845
swin,0,2,7,mitdb/100,mitdb/100,0,39000,ARR,ARR,0.9864948987960815,0.0002461736148688942,0.013259012252092361
swin,0,2,8,mitdb/100,mitdb/100,0,51500,ARR,NSR,0.1443328708410263,0.0005210519884712994,0.8551461100578308
swin,0,2,9,mitdb/100,mitdb/100,0,53000,ARR,NSR,0.21559539437294006,0.00023190169304143637,0.7841726541519165
swin,0,2,10,mitdb/109,mitdb/109,1,0,ARR,CHF,0.0002510623016860336,0.9996869564056396,6.205609679454938e-05
swin,0,2,11,mitdb/109,mitdb/109,1,2000,ARR,CHF,0.22069303691387177,0.7792209386825562,8.598267595516518e-05
swin,0,2,12,mitdb/109,mitdb/109,1,17000,ARR,CHF,0.010373059660196304,0.9895763397216797,5.061351475887932e-05
swin,0,2,13,mitdb/109,mitdb/109,1,25000,ARR,CHF,0.003138776170089841,0.9968140721321106,4.7106368583627045e-05
swin,0,2,14,mitdb/109,mitdb/109,1,35500,ARR,CHF,0.0027460954152047634,0.9972212314605713,3.262390964664519e-05
swin,0,2,15,mitdb/109,mitdb/109,1,41500,ARR,CHF,0.007855932228267193,0.9921022057533264,4.1916042391676456e-05
swin,0,2,16,mitdb/109,mitdb/109,1,50000,ARR,CHF,0.00043162432848475873,0.9995217323303223,4.6633878810098395e-05
swin,0,2,17,mitdb/109,mitdb/109,1,50500,ARR,CHF,0.00018300345982424915,0.9997484087944031,6.856787513243034e-05
swin,0,2,18,mitdb/109,mitdb/109,1,54500,ARR,CHF,0.14566878974437714,0.8539790511131287,0.0003521182225085795
swin,0,2,19,mitdb/109,mitdb/109,1,57000,ARR,CHF,0.00166958081535995,0.9982842803001404,4.613385317497887e-05
swin,0,2,40,mitdb/113,mitdb/113,4,4000,ARR,ARR,0.9996696710586548,5.692719423677772e-05,0.0002734290901571512
swin,0,2,41,mitdb/113,mitdb/113,4,16000,ARR,ARR,0.9947397112846375,0.0002911501214839518,0.004969232715666294
swin,0,2,42,mitdb/113,mitdb/113,4,20500,ARR,ARR,0.9995922446250916,6.456018309108913e-05,0.00034317836980335414
swin,0,2,43,mitdb/113,mitdb/113,4,22000,ARR,ARR,0.9822923541069031,0.00014455778000410646,0.017563117668032646
swin,0,2,44,mitdb/113,mitdb/113,4,32500,ARR,NSR,0.31667354702949524,0.0007321480079554021,0.6825942993164062
swin,0,2,45,mitdb/113,mitdb/113,4,36000,ARR,NSR,0.012814897112548351,0.00010365003981860355,0.9870814681053162
swin,0,2,46,mitdb/113,mitdb/113,4,38500,ARR,ARR,0.9436212778091431,0.0001408072712365538,0.05623791739344597
swin,0,2,47,mitdb/113,mitdb/113,4,42000,ARR,ARR,0.9978235960006714,0.000171324034454301,0.00200518942438066
swin,0,2,48,mitdb/113,mitdb/113,4,46500,ARR,ARR,0.9997777342796326,4.8182868340518326e-05,0.00017413482419215143
swin,0,2,49,mitdb/113,mitdb/113,4,57000,ARR,ARR,0.9996987581253052,0.00014295596338342875,0.00015823163266759366
swin,0,2,80,mitdb/117,mitdb/117,8,1000,ARR,ARR,0.9998288154602051,8.812121814116836e-05,8.304474613396451e-05
swin,0,2,81,mitdb/117,mitdb/117,8,21500,ARR,ARR,0.9998388290405273,7.35505236661993e-05,8.76642661751248e-05
swin,0,2,82,mitdb/117,mitdb/117,8,29500,ARR,ARR,0.999790370464325,0.00012106510257581249,8.850262383930385e-05
swin,0,2,83,mitdb/117,mitdb/117,8,38000,ARR,ARR,0.9998327493667603,6.126163498265669e-05,0.00010596372885629535
swin,0,2,84,mitdb/117,mitdb/117,8,49500,ARR,ARR,0.9998393058776855,7.27414371795021e-05,8.80063307704404e-05
swin,0,2,85,mitdb/117,mitdb/117,8,54000,ARR,ARR,0.9998395442962646,7.305709732463583e-05,8.742305362829939e-05
swin,0,2,86,mitdb/117,mitdb/117,8,57500,ARR,ARR,0.9998412132263184,8.585902105551213e-05,7.290214853128418e-05
swin,0,2,87,mitdb/117,mitdb/117,8,60000,ARR,ARR,0.9998160004615784,6.171775748953223e-05,0.0001222337014041841
swin,0,2,88,mitdb/117,mitdb/117,8,62000,ARR,ARR,0.9998082518577576,0.00012992264237254858,6.18082340224646e-05
swin,0,2,89,mitdb/117,mitdb/117,8,62500,ARR,ARR,0.9998292922973633,8.089006587397307e-05,8.973538206191733e-05
swin,0,2,150,mitdb/124,mitdb/124,15,2500,ARR,ARR,0.9998389482498169,7.742065645288676e-05,8.35942555568181e-05
swin,0,2,151,mitdb/124,mitdb/124,15,9000,ARR,ARR,0.9998414516448975,7.867178646847606e-05,7.986710261320695e-05
swin,0,2,152,mitdb/124,mitdb/124,15,25500,ARR,ARR,0.9998400211334229,6.812076026108116e-05,9.179633343592286e-05
swin,0,2,153,mitdb/124,mitdb/124,15,38500,ARR,ARR,0.9980965256690979,0.0016188680892810225,0.0002845625567715615
swin,0,2,154,mitdb/124,mitdb/124,15,51000,ARR,ARR,0.9998338222503662,0.00011201483721379191,5.417117790784687e-05
swin,0,2,155,mitdb/124,mitdb/124,15,51500,ARR,ARR,0.9998418092727661,8.053707279032096e-05,7.764588372083381e-05
swin,0,2,156,mitdb/124,mitdb/124,15,58000,ARR,ARR,0.9998431205749512,9.362481796415523e-05,6.323045090539381e-05
swin,0,2,157,mitdb/124,mitdb/124,15,60500,ARR,ARR,0.9998422861099243,8.113463991321623e-05,7.649332837900147e-05
swin,0,2,158,mitdb/124,mitdb/124,15,63500,ARR,ARR,0.9998452663421631,7.444453513016924e-05,8.024677663343027e-05
swin,0,2,159,mitdb/124,mitdb/124,15,64500,ARR,ARR,0.9998437166213989,8.725108637008816e-05,6.904301699250937e-05
swin,0,2,190,mitdb/203,mitdb/203,19,3000,ARR,ARR,0.7452192306518555,0.2546519935131073,0.00012871566286776215
swin,0,2,191,mitdb/203,mitdb/203,19,6500,ARR,ARR,0.9991452693939209,0.0008243522024713457,3.0428529498749413e-05
swin,0,2,192,mitdb/203,mitdb/203,19,8500,ARR,CHF,0.1765819787979126,0.8232212662696838,0.00019674509530887008
swin,0,2,193,mitdb/203,mitdb/203,19,15000,ARR,ARR,0.999790608882904,0.00011004167754435912,9.942224278347567e-05
swin,0,2,194,mitdb/203,mitdb/203,19,35000,ARR,ARR,0.9997716546058655,0.00018956451094709337,3.8686517655150965e-05
swin,0,2,195,mitdb/203,mitdb/203,19,42500,ARR,ARR,0.9996691942214966,0.0002975846000481397,3.325691432110034e-05
swin,0,2,196,mitdb/203,mitdb/203,19,46000,ARR,ARR,0.9997430443763733,0.00022046898084226996,3.6500419810181484e-05
swin,0,2,197,mitdb/203,mitdb/203,19,52500,ARR,ARR,0.69160395860672,0.30813029408454895,0.0002658059529494494
swin,0,2,198,mitdb/203,mitdb/203,19,53500,ARR,CHF,0.013810231350362301,0.9856362342834473,0.0005535386153496802
swin,0,2,199,mitdb/203,mitdb/203,19,61000,ARR,ARR,0.9983121156692505,0.00164978695102036,3.811861097346991e-05
swin,0,2,210,mitdb/207,mitdb/207,21,11500,ARR,ARR,0.9997715353965759,0.00019147698185406625,3.694817496580072e-05
swin,0,2,211,mitdb/207,mitdb/207,21,12500,ARR,ARR,0.9998038411140442,0.00015366161824204028,4.25208818342071e-05
swin,0,2,212,mitdb/207,mitdb/207,21,19500,ARR,ARR,0.9998464584350586,9.09421214601025e-05,6.261522503336892e-05
swin,0,2,213,mitdb/207,mitdb/207,21,22500,ARR,ARR,0.9998480081558228,7.785383058944717e-05,7.411943806800991e-05
swin,0,2,214,mitdb/207,mitdb/207,21,35500,ARR,ARR,0.7743328809738159,0.22497540712356567,0.0006917506107129157
swin,0,2,215,mitdb/207,mitdb/207,21,37000,ARR,CHF,0.004835245665162802,0.9950774312019348,8.73494500410743e-05
swin,0,2,216,mitdb/207,mitdb/207,21,43000,ARR,ARR,0.9995443224906921,0.0004263666633050889,2.92546483251499e-05
swin,0,2,217,mitdb/207,mitdb/207,21,49500,ARR,ARR,0.9987733960151672,0.0012028149794787169,2.386221785855014e-05
swin,0,2,218,mitdb/207,mitdb/207,21,59000,ARR,ARR,0.998977780342102,0.0009805099107325077,4.1694169340189546e-05
swin,0,2,219,mitdb/207,mitdb/207,21,65000,ARR,ARR,0.7793436646461487,0.2205975353717804,5.8775673096533865e-05
swin,0,2,350,mitdb/222,mitdb/222,35,1000,ARR,ARR,0.9998507499694824,7.929038110887632e-05,7.000414916547015e-05
swin,0,2,351,mitdb/222,mitdb/222,35,2000,ARR,ARR,0.999853253364563,7.511943840654567e-05,7.159905362641439e-05
swin,0,2,352,mitdb/222,mitdb/222,35,10000,ARR,ARR,0.9998514652252197,7.538009231211618e-05,7.321265729842708e-05
swin,0,2,353,mitdb/222,mitdb/222,35,12000,ARR,ARR,0.9995673298835754,3.8120197132229805e-05,0.00039453161298297346
swin,0,2,354,mitdb/222,mitdb/222,35,31000,ARR,ARR,0.9998507499694824,8.034478378249332e-05,6.886850314913318e-05
swin,0,2,355,mitdb/222,mitdb/222,35,34000,ARR,ARR,0.9998505115509033,8.393496682401747e-05,6.561445479746908e-05
swin,0,2,356,mitdb/222,mitdb/222,35,39500,ARR,ARR,0.9998519420623779,7.200213440228254e-05,7.608996384078637e-05
swin,0,2,357,mitdb/222,mitdb/222,35,40000,ARR,ARR,0.9996871948242188,6.315936479950324e-05,0.0002496510569471866
swin,0,2,358,mitdb/222,mitdb/222,35,51000,ARR,ARR,0.999849796295166,8.689670357853174e-05,6.331451004371047e-05
swin,0,2,359,mitdb/222,mitdb/222,35,56500,ARR,ARR,0.9998390674591064,6.183430377859622e-05,9.903104364639148e-05
swin,0,2,410,mitdb/233,mitdb/233,41,25000,ARR,ARR,0.9998325109481812,9.875161049421877e-05,6.866225157864392e-05
swin,0,2,411,mitdb/233,mitdb/233,41,34000,ARR,ARR,0.9998220801353455,0.00011468044976936653,6.328093877527863e-05
swin,0,2,412,mitdb/233,mitdb/233,41,36000,ARR,ARR,0.9998278617858887,0.00011018367513315752,6.200497591635212e-05
swin,0,2,413,mitdb/233,mitdb/233,41,41500,ARR,ARR,0.999737560749054,0.0002128571068169549,4.9583566578803584e-05
swin,0,2,414,mitdb/233,mitdb/233,41,44000,ARR,ARR,0.9998072981834412,0.00014558294788002968,4.723970778286457e-05
swin,0,2,415,mitdb/233,mitdb/233,41,47500,ARR,ARR,0.9998342990875244,9.956370922736824e-05,6.616465543629602e-05
swin,0,2,416,mitdb/233,mitdb/233,41,51500,ARR,ARR,0.9242088198661804,0.07542748004198074,0.0003636637411545962
swin,0,2,417,mitdb/233,mitdb/233,41,54000,ARR,CHF,0.0013292334042489529,0.9986193180084229,5.145600880496204e-05
swin,0,2,418,mitdb/233,mitdb/233,41,59000,ARR,ARR,0.9998227953910828,0.00012893656094092876,4.825995347346179e-05
swin,0,2,419,mitdb/233,mitdb/233,41,63500,ARR,ARR,0.9998217225074768,0.00011678156442940235,6.15139797446318e-05
swin,0,2,430,mitdb/100,mitdb/100,43,10500,ARR,ARR,0.9732347130775452,9.378822869621217e-05,0.02667156606912613
swin,0,2,431,mitdb/100,mitdb/100,43,35000,ARR,ARR,0.998231828212738,4.525305485003628e-05,0.0017229936784133315
swin,0,2,432,mitdb/100,mitdb/100,43,36000,ARR,ARR,0.9866249561309814,8.40812863316387e-05,0.013290924951434135
swin,0,2,433,mitdb/100,mitdb/100,43,38500,ARR,ARR,0.9981972575187683,5.88364819122944e-05,0.0017439817311242223
swin,0,2,434,mitdb/100,mitdb/100,43,45500,ARR,NSR,0.00020673977269325405,0.00018793411436490715,0.9996053576469421
swin,0,2,435,mitdb/100,mitdb/100,43,48500,ARR,ARR,0.8740612864494324,0.0001427036477252841,0.12579597532749176
swin,0,2,436,mitdb/100,mitdb/100,43,55000,ARR,ARR,0.9981260895729065,4.4778127630706877e-05,0.0018292259192094207
swin,0,2,437,mitdb/100,mitdb/100,43,57500,ARR,ARR,0.9989111423492432,3.124202703475021e-05,0.0010577013017609715
swin,0,2,438,mitdb/100,mitdb/100,43,60000,ARR,ARR,0.9998170733451843,5.017638250137679e-05,0.00013280737039167434
swin,0,2,439,mitdb/100,mitdb/100,43,63500,ARR,NSR,0.02015884965658188,5.345169847714715e-05,0.9797877073287964
swin,0,2,500,mitdb/106,mitdb/106,50,11000,ARR,NSR,0.00925491750240326,0.000178652408067137,0.9905664324760437
swin,0,2,501,mitdb/106,mitdb/106,50,18000,ARR,ARR,0.9998264908790588,8.657431317260489e-05,8.705076470505446e-05
swin,0,2,502,mitdb/106,mitdb/106,50,18500,ARR,ARR,0.999754011631012,6.355846562655643e-05,0.00018249452114105225
swin,0,2,503,mitdb/106,mitdb/106,50,25000,ARR,ARR,0.9998512268066406,6.191778811626136e-05,8.694863936398178e-05
swin,0,2,504,mitdb/106,mitdb/106,50,28500,ARR,ARR,0.999839186668396,5.8905905461870134e-05,0.0001018975890474394
swin,0,2,505,mitdb/106,mitdb/106,50,44000,ARR,ARR,0.9998507499694824,6.883534661028534e-05,8.032914774958044e-05
swin,0,2,506,mitdb/106,mitdb/106,50,45000,ARR,ARR,0.9998465776443481,5.859548764419742e-05,9.471910743741319e-05
swin,0,2,507,mitdb/106,mitdb/106,50,47500,ARR,ARR,0.9998496770858765,6.733883492415771e-05,8.300988702103496e-05
swin,0,2,508,mitdb/106,mitdb/106,50,50000,ARR,ARR,0.9998304843902588,6.222538650035858e-05,0.00010725713946158066
swin,0,2,509,mitdb/106,mitdb/106,50,51000,ARR,ARR,0.9998295307159424,5.316231181495823e-05,0.00011729032848961651
swin,0,2,530,mitdb/109,mitdb/109,53,500,ARR,ARR,0.9876927733421326,0.012192080728709698,0.00011515866208355874
swin,0,2,531,mitdb/109,mitdb/109,53,11500,ARR,ARR,0.9998080134391785,0.00015044663450680673,4.1573232010705397e-05
swin,0,2,532,mitdb/109,mitdb/109,53,15000,ARR,ARR,0.9998010993003845,0.00015789343160577118,4.098540739505552e-05
swin,0,2,533,mitdb/109,mitdb/109,53,15500,ARR,ARR,0.9998193383216858,0.00013599316298495978,4.465936217457056e-05
swin,0,2,534,mitdb/109,mitdb/109,53,24000,ARR,ARR,0.9998262524604797,0.00012677603808697313,4.6960762119852006e-05
swin,0,2,535,mitdb/109,mitdb/109,53,30000,ARR,ARR,0.9997978806495667,0.00016115455946419388,4.1011040593730286e-05
swin,0,2,536,mitdb/109,mitdb/109,53,32500,ARR,ARR,0.9998103976249695,0.00014540496340487152,4.416873343870975e-05
swin,0,2,537,mitdb/109,mitdb/109,53,33500,ARR,ARR,0.99977046251297,0.0001919585483847186,3.758403181564063e-05
swin,0,2,538,mitdb/109,mitdb/109,53,59500,ARR,ARR,0.9998171925544739,0.0001371626422042027,4.5616769057232887e-05
swin,0,2,539,mitdb/109,mitdb/109,53,63000,ARR,ARR,0.9998189806938171,0.00013526993279810995,4.576290666591376e-05
swin,0,2,570,mitdb/113,mitdb/113,57,7500,ARR,ARR,0.9997608065605164,5.083504584035836e-05,0.00018830622138921171
swin,0,2,571,mitdb/113,mitdb/113,57,9500,ARR,NSR,0.005328096449375153,7.07480576238595e-05,0.9946011304855347
swin,0,2,572,mitdb/113,mitdb/113,57,19000,ARR,ARR,0.9991291165351868,4.207130041322671e-05,0.0008288080571219325
swin,0,2,573,mitdb/113,mitdb/113,57,20500,ARR,ARR,0.9990304708480835,6.836016109446064e-05,0.0009012344526126981
swin,0,2,574,mitdb/113,mitdb/113,57,22500,ARR,ARR,0.999832034111023,5.151781078893691e-05,0.00011643336620181799
swin,0,2,575,mitdb/113,mitdb/113,57,24000,ARR,ARR,0.9997797608375549,4.2469928303034976e-05,0.00017778013716451824
swin,0,2,576,mitdb/113,mitdb/113,57,31000,ARR,ARR,0.9216775894165039,5.3966647101333365e-05,0.07826843112707138
swin,0,2,577,mitdb/113,mitdb/113,57,37000,ARR,ARR,0.6806608438491821,0.00033473389339633286,0.31900444626808167
swin,0,2,578,mitdb/113,mitdb/113,57,46000,ARR,ARR,0.9979888200759888,4.6043904148973525e-05,0.0019651190377771854
swin,0,2,579,mitdb/113,mitdb/113,57,63500,ARR,ARR,0.9993763566017151,3.523651685100049e-05,0.0005884377169422805
swin,0,2,610,mitdb/117,mitdb/117,61,5000,ARR,ARR,0.9997636675834656,5.923888966208324e-05,0.0001771346724126488
swin,0,2,611,mitdb/117,mitdb/117,61,17000,ARR,ARR,0.99828040599823,0.00026844057720154524,0.0014510990586131811
swin,0,2,612,mitdb/117,mitdb/117,61,26500,ARR,ARR,0.9998239874839783,5.664104173774831e-05,0.00011942246783291921
swin,0,2,613,mitdb/117,mitdb/117,61,37000,ARR,ARR,0.9998431205749512,6.45313921268098e-05,9.241596126230434e-05
swin,0,2,614,mitdb/117,mitdb/117,61,37500,ARR,ARR,0.9998321533203125,6.10765564488247e-05,0.00010677988757379353
swin,0,2,615,mitdb/117,mitdb/117,61,39000,ARR,ARR,0.9998314380645752,5.8503028412815183e-05,0.00011003600957337767
swin,0,2,616,mitdb/117,mitdb/117,61,41000,ARR,ARR,0.9998332262039185,6.712427421007305e-05,9.96174494503066e-05
swin,0,2,617,mitdb/117,mitdb/117,61,41500,ARR,ARR,0.9998031258583069,5.3951785957906395e-05,0.00014294212451204658
swin,0,2,618,mitdb/117,mitdb/117,61,48500,ARR,ARR,0.9998385906219482,7.690184429520741e-05,8.454347698716447e-05
swin,0,2,619,mitdb/117,mitdb/117,61,60000,ARR,ARR,0.9997977614402771,6.588247924810275e-05,0.0001363453920930624
swin,0,2,660,mitdb/106,mitdb/106,66,3000,ARR,NSR,0.002534694503992796,0.00016683201829437166,0.997298538684845
swin,0,2,661,mitdb/106,mitdb/106,66,15500,ARR,ARR,0.9988139867782593,0.0006109864334575832,0.0005750441341660917
swin,0,2,662,mitdb/106,mitdb/106,66,17500,ARR,ARR,0.9987492561340332,0.00013396859867498279,0.001116766594350338
swin,0,2,663,mitdb/106,mitdb/106,66,21500,ARR,ARR,0.9998069405555725,0.00014719029422849417,4.5850076276110485e-05
swin,0,2,664,mitdb/106,mitdb/106,66,41000,ARR,NSR,0.0004843196365982294,9.606512321624905e-05,0.9994196891784668
swin,0,2,665,mitdb/106,mitdb/106,66,47500,ARR,NSR,0.025883492082357407,0.00016944583330769092,0.9739470481872559
swin,0,2,666,mitdb/106,mitdb/106,66,56500,ARR,NSR,0.00017604854656383395,0.0001207545428769663,0.9997032284736633
swin,0,2,667,mitdb/106,mitdb/106,66,57000,ARR,NSR,0.030715707689523697,0.0027386322617530823,0.9665457606315613
swin,0,2,668,mitdb/106,mitdb/106,66,58000,ARR,NSR,0.003848942695185542,0.0004089903086423874,0.9957420229911804
swin,0,2,669,mitdb/106,mitdb/106,66,61000,ARR,NSR,0.40164273977279663,0.00016279102419503033,0.598194420337677
swin,0,2,680,mitdb/124,mitdb/124,68,11500,ARR,ARR,0.9996979236602783,4.373842239147052e-05,0.0002584235044196248
swin,0,2,681,mitdb/124,mitdb/124,68,20000,ARR,ARR,0.997873067855835,0.00027791669708676636,0.0018490578513592482
swin,0,2,682,mitdb/124,mitdb/124,68,24000,ARR,ARR,0.9947815537452698,0.0002108287444571033,0.005007531028240919
swin,0,2,683,mitdb/124,mitdb/124,68,25500,ARR,ARR,0.9996496438980103,5.106197204440832e-05,0.0002993880771100521
swin,0,2,684,mitdb/124,mitdb/124,68,32000,ARR,NSR,0.2081592082977295,0.0006402749568223953,0.7912005186080933
swin,0,2,685,mitdb/124,mitdb/124,68,44000,ARR,ARR,0.9998002648353577,5.2538704039761797e-05,0.00014720417675562203
swin,0,2,686,mitdb/124,mitdb/124,68,48500,ARR,ARR,0.9997598528862,4.674982119468041e-05,0.00019346021872479469
swin,0,2,687,mitdb/124,mitdb/124,68,59500,ARR,ARR,0.9986099004745483,0.00015325917047448456,0.0012368044117465615
swin,0,2,688,mitdb/124,mitdb/124,68,63000,ARR,ARR,0.9998078942298889,5.652529944200069e-05,0.0001355959684588015
swin,0,2,689,mitdb/124,mitdb/124,68,64000,ARR,ARR,0.9990752935409546,0.00015126456855796278,0.0007733840611763299
swin,0,2,720,mitdb/203,mitdb/203,72,4000,ARR,ARR,0.9997931122779846,0.0001662493887124583,4.0676637581782416e-05
swin,0,2,721,mitdb/203,mitdb/203,72,5000,ARR,ARR,0.9998300075531006,0.00011981653369730338,5.022471668780781e-05
swin,0,2,722,mitdb/203,mitdb/203,72,9000,ARR,ARR,0.9998296499252319,0.00012141848128521815,4.888950934400782e-05
swin,0,2,723,mitdb/203,mitdb/203,72,24000,ARR,ARR,0.9998242259025574,0.0001270976645173505,4.875700324191712e-05
swin,0,2,724,mitdb/203,mitdb/203,72,31000,ARR,ARR,0.9998393058776855,0.00010556440247455612,5.5011485528666526e-05
swin,0,2,725,mitdb/203,mitdb/203,72,45000,ARR,ARR,0.999842643737793,0.00010135491174878553,5.597862764261663e-05
swin,0,2,726,mitdb/203,mitdb/203,72,46500,ARR,ARR,0.9998418092727661,0.00010262519208481535,5.5592128774151206e-05
swin,0,2,727,mitdb/203,mitdb/203,72,53500,ARR,ARR,0.9996383190155029,0.00032062179525382817,4.095095573575236e-05
swin,0,2,728,mitdb/203,mitdb/203,72,55000,ARR,ARR,0.9998164772987366,0.00013516307808458805,4.843352144234814e-05
swin,0,2,729,mitdb/203,mitdb/203,72,58000,ARR,ARR,0.9998323917388916,0.00011337939213262871,5.427658834378235e-05
swin,0,2,740,mitdb/207,mitdb/207,74,10500,ARR,ARR,0.9998325109481812,0.000116936513222754,5.0504291721154004e-05
swin,0,2,741,mitdb/207,mitdb/207,74,12500,ARR,ARR,0.9998464584350586,8.625792543170974e-05,6.726999708916992e-05
swin,0,2,742,mitdb/207,mitdb/207,74,13000,ARR,ARR,0.9998431205749512,9.309364395448938e-05,6.38166893622838e-05
swin,0,2,743,mitdb/207,mitdb/207,74,18000,ARR,ARR,0.9998538494110107,7.742609159322456e-05,6.863916496513411e-05
swin,0,2,744,mitdb/207,mitdb/207,74,24500,ARR,ARR,0.9998472929000854,9.430248610442504e-05,5.8426510804565623e-05
swin,0,2,745,mitdb/207,mitdb/207,74,31000,ARR,ARR,0.9998165965080261,0.00013806653441861272,4.545147021417506e-05
swin,0,2,746,mitdb/207,mitdb/207,74,45500,ARR,ARR,0.9998458623886108,8.336690370924771e-05,7.079360511852428e-05
swin,0,2,747,mitdb/207,mitdb/207,74,56000,ARR,ARR,0.9998400211334229,0.00010273683437844738,5.723736830987036e-05
swin,0,2,748,mitdb/207,mitdb/207,74,59500,ARR,ARR,0.9998311996459961,0.00010615635255817324,6.257463246583939e-05
swin,0,2,749,mitdb/207,mitdb/207,74,65000,ARR,ARR,0.9998452663421631,9.304857667302713e-05,6.156649033073336e-05
swin,0,2,870,mitdb/222,mitdb/222,87,7500,ARR,ARR,0.9998490810394287,7.08558363839984e-05,8.009601151570678e-05
swin,0,2,871,mitdb/222,mitdb/222,87,9000,ARR,ARR,0.9998495578765869,8.191449160221964e-05,6.84966507833451e-05
swin,0,2,872,mitdb/222,mitdb/222,87,25500,ARR,ARR,0.9998501539230347,8.294085273519158e-05,6.689630390610546e-05
swin,0,2,873,mitdb/222,mitdb/222,87,28000,ARR,ARR,0.9998503923416138,6.698646757286042e-05,8.262421033577994e-05
swin,0,2,874,mitdb/222,mitdb/222,87,29000,ARR,ARR,0.9998501539230347,8.344854722963646e-05,6.638496415689588e-05
swin,0,2,875,mitdb/222,mitdb/222,87,31500,ARR,ARR,0.9998503923416138,8.219823939725757e-05,6.730093446094543e-05
swin,0,2,876,mitdb/222,mitdb/222,87,53000,ARR,ARR,0.9998489618301392,8.807057020021603e-05,6.292883335845545e-05
swin,0,2,877,mitdb/222,mitdb/222,87,57000,ARR,ARR,0.9994557499885559,0.00048332480946555734,6.083746120566502e-05
swin,0,2,878,mitdb/222,mitdb/222,87,61500,ARR,ARR,0.9998461008071899,9.337043593404815e-05,6.057032442186028e-05
swin,0,2,879,mitdb/222,mitdb/222,87,64000,ARR,ARR,0.9998449087142944,8.864016126608476e-05,6.63841055938974e-05
swin,0,2,940,mitdb/233,mitdb/233,94,1000,ARR,CHF,0.002249285578727722,0.9976872205734253,6.348607712425292e-05
swin,0,2,941,mitdb/233,mitdb/233,94,11500,ARR,CHF,0.09568896889686584,0.9041640758514404,0.0001469902927055955
swin,0,2,942,mitdb/233,mitdb/233,94,17500,ARR,CHF,0.0002681099867913872,0.9996225833892822,0.00010924291564151645
swin,0,2,943,mitdb/233,mitdb/233,94,31000,ARR,CHF,0.11284995824098587,0.8867017030715942,0.000448255508672446
swin,0,2,944,mitdb/233,mitdb/233,94,31500,ARR,CHF,6.975852738833055e-05,0.9997768998146057,0.0001533730246592313
swin,0,2,945,mitdb/233,mitdb/233,94,32500,ARR,CHF,0.02036149986088276,0.9791340827941895,0.0005044475547038019
swin,0,2,946,mitdb/233,mitdb/233,94,36500,ARR,CHF,0.1512724906206131,0.8481537103652954,0.0005738202016800642
swin,0,2,947,mitdb/233,mitdb/233,94,38000,ARR,CHF,0.42975863814353943,0.5697318911552429,0.0005094883963465691
swin,0,2,948,mitdb/233,mitdb/233,94,54000,ARR,CHF,0.0001944970281329006,0.9996432065963745,0.00016227635205723345
swin,0,2,949,mitdb/233,mitdb/233,94,63000,ARR,CHF,0.04562908783555031,0.9542019963264465,0.00016892346320673823
swin,0,2,970,chfdb/chf10,chfdb/chf10,97,0,CHF,ARR,0.9998052716255188,0.00013989761646371335,5.4801785154268146e-05
swin,0,2,971,chfdb/chf10,chfdb/chf10,97,5500,CHF,ARR,0.9938422441482544,0.006025862414389849,0.0001318272843491286
swin,0,2,972,chfdb/chf10,chfdb/chf10,97,15500,CHF,ARR,0.7239609956741333,0.2756894826889038,0.0003495483542792499
swin,0,2,973,chfdb/chf10,chfdb/chf10,97,29000,CHF,CHF,8.974222873803228e-05,0.9997702240943909,0.00014007148274686188
swin,0,2,974,chfdb/chf10,chfdb/chf10,97,29500,CHF,CHF,0.005008450709283352,0.994666337966919,0.00032518376247026026
swin,0,2,975,chfdb/chf10,chfdb/chf10,97,36000,CHF,CHF,0.002014101715758443,0.997938334941864,4.759523653774522e-05
swin,0,2,976,chfdb/chf10,chfdb/chf10,97,38000,CHF,CHF,0.0001071611259249039,0.9997760653495789,0.00011679226736305282
swin,0,2,977,chfdb/chf10,chfdb/chf10,97,45500,CHF,CHF,0.003735731588676572,0.9961718916893005,9.242915984941646e-05
swin,0,2,978,chfdb/chf10,chfdb/chf10,97,48500,CHF,CHF,0.003581486875191331,0.9962474703788757,0.00017103140999097377
swin,0,2,979,chfdb/chf10,chfdb/chf10,97,52000,CHF,CHF,0.011538743041455746,0.9882254600524902,0.0002358555793762207
swin,0,2,990,chfdb/chf12,chfdb/chf12,99,5000,CHF,ARR,0.6900438070297241,0.3096853792667389,0.0002708314568735659
swin,0,2,991,chfdb/chf12,chfdb/chf12,99,6500,CHF,ARR,0.9549760222434998,0.044937510043382645,8.63836394273676e-05
swin,0,2,992,chfdb/chf12,chfdb/chf12,99,33000,CHF,CHF,0.0017466469435021281,0.9981912970542908,6.200038478709757e-05
swin,0,2,993,chfdb/chf12,chfdb/chf12,99,41000,CHF,CHF,0.013172770850360394,0.9867163896560669,0.00011077457020292059
swin,0,2,994,chfdb/chf12,chfdb/chf12,99,41500,CHF,ARR,0.9979520440101624,0.0018678304040804505,0.0001801492617232725
swin,0,2,995,chfdb/chf12,chfdb/chf12,99,47500,CHF,CHF,0.11464070528745651,0.8852683305740356,9.091877291211858e-05
swin,0,2,996,chfdb/chf12,chfdb/chf12,99,55500,CHF,ARR,0.9996649026870728,0.00014563802687916905,0.0001894242741400376
swin,0,2,997,chfdb/chf12,chfdb/chf12,99,56000,CHF,ARR,0.9998019337654114,0.00013639812823385,6.169977132230997e-05
swin,0,2,998,chfdb/chf12,chfdb/chf12,99,59000,CHF,ARR,0.9573547840118408,0.042459435760974884,0.00018578371964395046
swin,0,2,999,chfdb/chf12,chfdb/chf12,99,61500,CHF,ARR,0.9998162388801575,6.881471927044913e-05,0.00011503686982905492
swin,0,2,1110,chfdb/chf08,chfdb/chf08,111,7000,CHF,ARR,0.9699811935424805,0.002736523747444153,0.027282224968075752
swin,0,2,1111,chfdb/chf08,chfdb/chf08,111,8000,CHF,NSR,0.002576309023424983,0.022363975644111633,0.9750598073005676
swin,0,2,1112,chfdb/chf08,chfdb/chf08,111,16500,CHF,ARR,0.9978899359703064,0.0016689840704202652,0.0004411371483001858
swin,0,2,1113,chfdb/chf08,chfdb/chf08,111,26000,CHF,NSR,0.0010373301338404417,0.0036902353167533875,0.9952724575996399
swin,0,2,1114,chfdb/chf08,chfdb/chf08,111,27000,CHF,ARR,0.9751253128051758,0.023668494075536728,0.0012062803143635392
swin,0,2,1115,chfdb/chf08,chfdb/chf08,111,37500,CHF,ARR,0.9976794123649597,0.0022377262357622385,8.285245712613687e-05
swin,0,2,1116,chfdb/chf08,chfdb/chf08,111,39000,CHF,NSR,0.008467703126370907,0.3555929958820343,0.6359393000602722
swin,0,2,1117,chfdb/chf08,chfdb/chf08,111,47000,CHF,NSR,0.02879817597568035,0.07540453970432281,0.8957972526550293
swin,0,2,1118,chfdb/chf08,chfdb/chf08,111,52000,CHF,NSR,0.00018072265083901584,0.00018489142530597746,0.9996342658996582
swin,0,2,1119,chfdb/chf08,chfdb/chf08,111,60000,CHF,ARR,0.9810267686843872,0.0004635783552657813,0.01850963570177555
swin,0,2,1130,chfdb/chf10,chfdb/chf10,113,8000,CHF,ARR,0.9997698664665222,0.00014787395775783807,8.225999044952914e-05
swin,0,2,1131,chfdb/chf10,chfdb/chf10,113,17000,CHF,ARR,0.8120163679122925,0.18789833784103394,8.529243496013805e-05
swin,0,2,1132,chfdb/chf10,chfdb/chf10,113,26500,CHF,CHF,0.20593345165252686,0.7938749194145203,0.0001916482433443889
swin,0,2,1133,chfdb/chf10,chfdb/chf10,113,32500,CHF,ARR,0.9933779835700989,0.00655609043315053,6.600350025109947e-05
swin,0,2,1134,chfdb/chf10,chfdb/chf10,113,33000,CHF,CHF,0.3492875099182129,0.6493120193481445,0.0014004561817273498
swin,0,2,1135,chfdb/chf10,chfdb/chf10,113,36500,CHF,ARR,0.9955263733863831,0.0032300010789185762,0.0012436604592949152
swin,0,2,1136,chfdb/chf10,chfdb/chf10,113,47500,CHF,ARR,0.7570716142654419,0.23975220322608948,0.0031761524733155966
swin,0,2,1137,chfdb/chf10,chfdb/chf10,113,53500,CHF,ARR,0.7619304656982422,0.2379922866821289,7.727593037998304e-05
swin,0,2,1138,chfdb/chf10,chfdb/chf10,113,57000,CHF,ARR,0.696696937084198,0.30299311876296997,0.00030993568361736834
swin,0,2,1139,chfdb/chf10,chfdb/chf10,113,58000,CHF,CHF,0.006522489245980978,0.9933869242668152,9.055816917680204e-05
swin,0,2,1150,chfdb/chf12,chfdb/chf12,115,1000,CHF,CHF,0.00014074600767344236,0.9997496008872986,0.00010964833199977875
swin,0,2,1151,chfdb/chf12,chfdb/chf12,115,5000,CHF,CHF,0.00012103930930607021,0.9997650980949402,0.00011385771358618513
swin,0,2,1152,chfdb/chf12,chfdb/chf12,115,8000,CHF,CHF,0.00010195263894274831,0.9997860789299011,0.00011201985034858808
swin,0,2,1153,chfdb/chf12,chfdb/chf12,115,8500,CHF,CHF,7.293991802725941e-05,0.9997832179069519,0.00014389092393685132
swin,0,2,1154,chfdb/chf12,chfdb/chf12,115,16500,CHF,CHF,0.013386761769652367,0.9863998889923096,0.0002133331581717357
swin,0,2,1155,chfdb/chf12,chfdb/chf12,115,17000,CHF,CHF,7.722683221800253e-05,0.9997795224189758,0.00014324170479085296
swin,0,2,1156,chfdb/chf12,chfdb/chf12,115,27500,CHF,CHF,5.602812234428711e-05,0.9997548460960388,0.00018912649829871953
swin,0,2,1157,chfdb/chf12,chfdb/chf12,115,39500,CHF,CHF,0.0014126747846603394,0.9985359907150269,5.130599674885161e-05
swin,0,2,1158,chfdb/chf12,chfdb/chf12,115,47500,CHF,CHF,9.754412894835696e-05,0.9997873902320862,0.00011507864837767556
swin,0,2,1159,chfdb/chf12,chfdb/chf12,115,52000,CHF,CHF,0.0002812088350765407,0.9996477365493774,7.100918446667492e-05
swin,0,2,1240,chfdb/chf08,chfdb/chf08,124,3000,CHF,ARR,0.9994913339614868,0.0003265957930125296,0.00018206298409495503
swin,0,2,1241,chfdb/chf08,chfdb/chf08,124,8000,CHF,ARR,0.9581047892570496,0.0015311440220102668,0.04036400839686394
swin,0,2,1242,chfdb/chf08,chfdb/chf08,124,10500,CHF,CHF,0.05511341616511345,0.8216105103492737,0.12327605485916138
swin,0,2,1243,chfdb/chf08,chfdb/chf08,124,16000,CHF,CHF,0.15004555881023407,0.6386034488677979,0.2113509625196457
swin,0,2,1244,chfdb/chf08,chfdb/chf08,124,17500,CHF,ARR,0.9894070029258728,0.004984002094715834,0.005609112326055765
swin,0,2,1245,chfdb/chf08,chfdb/chf08,124,40000,CHF,CHF,0.3517027497291565,0.6477460861206055,0.0005511396448127925
swin,0,2,1246,chfdb/chf08,chfdb/chf08,124,47500,CHF,ARR,0.9748778939247131,0.02499663457274437,0.00012554046406876296
swin,0,2,1247,chfdb/chf08,chfdb/chf08,124,58000,CHF,ARR,0.8589006066322327,0.1407514363527298,0.0003480584709905088
swin,0,2,1248,chfdb/chf08,chfdb/chf08,124,58500,CHF,ARR,0.9101061820983887,0.08971690386533737,0.0001769049558788538
swin,0,2,1249,chfdb/chf08,chfdb/chf08,124,64000,CHF,CHF,0.00011459961388027295,0.9997759461402893,0.00010944863606709987
swin,0,2,1290,nsrdb/18177,nsrdb/18177,129,20500,NSR,NSR,5.3422631026478484e-05,0.0009261054219678044,0.9990204572677612
swin,0,2,1291,nsrdb/18177,nsrdb/18177,129,24500,NSR,ARR,0.9955971837043762,0.0004206336452625692,0.003982266411185265
swin,0,2,1292,nsrdb/18177,nsrdb/18177,129,27000,NSR,NSR,6.688276334898546e-05,0.00034161205985583365,0.9995915293693542
swin,0,2,1293,nsrdb/18177,nsrdb/18177,129,29000,NSR,NSR,0.009310140274465084,0.11941230297088623,0.8712775707244873
swin,0,2,1294,nsrdb/18177,nsrdb/18177,129,37500,NSR,NSR,8.689635433256626e-05,0.0001817697484511882,0.9997313618659973
swin,0,2,1295,nsrdb/18177,nsrdb/18177,129,38500,NSR,NSR,8.02736685727723e-05,0.00019906670786440372,0.9997206330299377
swin,0,2,1296,nsrdb/18177,nsrdb/18177,129,40500,NSR,NSR,6.681319064227864e-05,0.00028752433718182147,0.9996455907821655
swin,0,2,1297,nsrdb/18177,nsrdb/18177,129,42000,NSR,NSR,8.426384010817856e-05,0.000188682388397865,0.9997270703315735
swin,0,2,1298,nsrdb/18177,nsrdb/18177,129,52500,NSR,NSR,6.376202509272844e-05,0.0004331273084972054,0.9995031356811523
swin,0,2,1299,nsrdb/18177,nsrdb/18177,129,60500,NSR,NSR,0.00010008903336711228,0.00018089626973960549,0.999718964099884
swin,0,2,1300,nsrdb/18184,nsrdb/18184,130,2500,NSR,NSR,7.455309241777286e-05,0.00041871535358950496,0.9995067119598389
swin,0,2,1301,nsrdb/18184,nsrdb/18184,130,12000,NSR,NSR,9.279613004764542e-05,0.00019028403039555997,0.9997168183326721
swin,0,2,1302,nsrdb/18184,nsrdb/18184,130,16500,NSR,NSR,0.00010031456622527912,0.00014914205530658364,0.999750554561615
swin,0,2,1303,nsrdb/18184,nsrdb/18184,130,17000,NSR,NSR,0.00010865468357224017,0.0001423354697180912,0.9997490048408508
swin,0,2,1304,nsrdb/18184,nsrdb/18184,130,20000,NSR,NSR,0.31506243348121643,0.000667049374897033,0.6842706203460693
swin,0,2,1305,nsrdb/18184,nsrdb/18184,130,30000,NSR,NSR,9.591831621946767e-05,0.0001609750761417672,0.9997430443763733
swin,0,2,1306,nsrdb/18184,nsrdb/18184,130,44000,NSR,NSR,0.00018896067922469229,0.00011505704605951905,0.9996960163116455
swin,0,2,1307,nsrdb/18184,nsrdb/18184,130,45500,NSR,ARR,0.7901668548583984,0.0010405686916783452,0.2087925374507904
swin,0,2,1308,nsrdb/18184,nsrdb/18184,130,47000,NSR,NSR,9.303075057687238e-05,0.00016536166367586702,0.9997414946556091
swin,0,2,1309,nsrdb/18184,nsrdb/18184,130,48000,NSR,NSR,0.00010203150304732844,0.00014733705029357225,0.9997506737709045
swin,0,2,1410,nsrdb/16483,nsrdb/16483,141,500,NSR,NSR,0.0007104945252649486,0.00014558546536136419,0.9991439580917358
swin,0,2,1411,nsrdb/16483,nsrdb/16483,141,5500,NSR,ARR,0.9584302306175232,0.0409204326570034,0.0006493377150036395
swin,0,2,1412,nsrdb/16483,nsrdb/16483,141,10500,NSR,CHF,0.0015008244663476944,0.9970278143882751,0.0014714360004290938
swin,0,2,1413,nsrdb/16483,nsrdb/16483,141,14500,NSR,ARR,0.9997460246086121,0.00019589948351494968,5.802364103146829e-05
swin,0,2,1414,nsrdb/16483,nsrdb/16483,141,24500,NSR,CHF,0.3220527470111847,0.6777244806289673,0.0002228293160442263
swin,0,2,1415,nsrdb/16483,nsrdb/16483,141,26000,NSR,NSR,0.0011593503877520561,0.01867379993200302,0.9801668524742126
swin,0,2,1416,nsrdb/16483,nsrdb/16483,141,31000,NSR,NSR,0.04897088557481766,0.2037024050951004,0.7473267316818237
swin,0,2,1417,nsrdb/16483,nsrdb/16483,141,35000,NSR,CHF,8.748948312131688e-05,0.9997027516365051,0.00020977889653295279
swin,0,2,1418,nsrdb/16483,nsrdb/16483,141,44000,NSR,ARR,0.8621229529380798,0.08566998690366745,0.052207089960575104
swin,0,2,1419,nsrdb/16483,nsrdb/16483,141,50000,NSR,NSR,0.010386532172560692,0.00111618940718472,0.9884973764419556
swin,0,2,1490,nsrdb/18177,nsrdb/18177,149,2000,NSR,NSR,0.0003712886245921254,0.00020258240692783147,0.9994262456893921
swin,0,2,1491,nsrdb/18177,nsrdb/18177,149,23000,NSR,NSR,0.00012314226478338242,0.00012449666974134743,0.9997523427009583
swin,0,2,1492,nsrdb/18177,nsrdb/18177,149,23500,NSR,NSR,9.799338295124471e-05,0.00015249359421432018,0.999749481678009
swin,0,2,1493,nsrdb/18177,nsrdb/18177,149,28000,NSR,NSR,0.00010459410259500146,0.00014607651974074543,0.9997492432594299
swin,0,2,1494,nsrdb/18177,nsrdb/18177,149,31500,NSR,NSR,0.00040361250285059214,0.00017450166342314333,0.9994218349456787
swin,0,2,1495,nsrdb/18177,nsrdb/18177,149,41500,NSR,NSR,9.333190246252343e-05,0.00017477766959927976,0.9997318387031555
swin,0,2,1496,nsrdb/18177,nsrdb/18177,149,45500,NSR,NSR,9.069607040146366e-05,0.00023238926951307803,0.9996769428253174
swin,0,2,1497,nsrdb/18177,nsrdb/18177,149,50500,NSR,NSR,5.9017984312959015e-05,0.0004514331230893731,0.9994895458221436
swin,0,2,1498,nsrdb/18177,nsrdb/18177,149,53000,NSR,NSR,0.2895532250404358,0.004236001521348953,0.706210732460022
swin,0,2,1499,nsrdb/18177,nsrdb/18177,149,59500,NSR,NSR,0.00014120136620476842,0.0017286796355620027,0.9981301426887512
swin,0,2,1500,nsrdb/18184,nsrdb/18184,150,7000,NSR,NSR,9.956989379134029e-05,0.00020704981579910964,0.9996933937072754
swin,0,2,1501,nsrdb/18184,nsrdb/18184,150,12500,NSR,NSR,0.0001517538767075166,0.0001261914731003344,0.9997220635414124
swin,0,2,1502,nsrdb/18184,nsrdb/18184,150,21000,NSR,NSR,0.00013603721163235605,0.00032720985473133624,0.9995367527008057
swin,0,2,1503,nsrdb/18184,nsrdb/18184,150,22500,NSR,NSR,0.00101696967612952,0.0005055908113718033,0.9984773993492126
swin,0,2,1504,nsrdb/18184,nsrdb/18184,150,44500,NSR,NSR,0.0034556721802800894,0.0003454556572251022,0.996198832988739
swin,0,2,1505,nsrdb/18184,nsrdb/18184,150,50500,NSR,NSR,0.00012045862968079746,0.00014080018445383757,0.9997387528419495
swin,0,2,1506,nsrdb/18184,nsrdb/18184,150,56500,NSR,NSR,9.56704534473829e-05,0.00017284222121816128,0.9997314810752869
swin,0,2,1507,nsrdb/18184,nsrdb/18184,150,59500,NSR,NSR,0.00010995775664923713,0.000148131643072702,0.9997418522834778
swin,0,2,1508,nsrdb/18184,nsrdb/18184,150,63000,NSR,NSR,9.56547592068091e-05,0.00016800937009975314,0.9997362494468689
swin,0,2,1509,nsrdb/18184,nsrdb/18184,150,65000,NSR,NSR,0.00010744305473053828,0.00015919265570119023,0.9997332692146301
swin,0,2,1570,nsrdb/16483,nsrdb/16483,157,500,NSR,NSR,7.566426211269572e-05,0.00021638008183799684,0.9997078776359558
swin,0,2,1571,nsrdb/16483,nsrdb/16483,157,9500,NSR,NSR,6.669080903520808e-05,0.0002652740804478526,0.9996680021286011
swin,0,2,1572,nsrdb/16483,nsrdb/16483,157,11500,NSR,NSR,9.256438352167606e-05,0.0007290312787517905,0.9991783499717712
swin,0,2,1573,nsrdb/16483,nsrdb/16483,157,12000,NSR,NSR,0.0002507268509361893,0.00014231089153327048,0.9996070265769958
swin,0,2,1574,nsrdb/16483,nsrdb/16483,157,18500,NSR,NSR,0.00010422823106637225,0.00015256987535394728,0.9997431635856628
swin,0,2,1575,nsrdb/16483,nsrdb/16483,157,35000,NSR,NSR,0.0006972387782298028,0.00025051485863514245,0.9990523457527161
swin,0,2,1576,nsrdb/16483,nsrdb/16483,157,40500,NSR,NSR,7.62986164772883e-05,0.00022484191867988557,0.9996988773345947
swin,0,2,1577,nsrdb/16483,nsrdb/16483,157,47000,NSR,NSR,4.776283458340913e-05,0.000819781213067472,0.9991324543952942
swin,0,2,1578,nsrdb/16483,nsrdb/16483,157,54500,NSR,NSR,5.739476182498038e-05,0.00042237629531882703,0.9995201826095581
swin,0,2,1579,nsrdb/16483,nsrdb/16483,157,61000,NSR,NSR,5.148429409018718e-05,0.0006755894864909351,0.9992730021476746
swin,1,2,0,mitdb/100,mitdb/100,0,1000,ARR,ARR,0.9980893731117249,5.034997593611479e-05,0.0018602384952828288
swin,1,2,1,mitdb/100,mitdb/100,0,2500,ARR,NSR,0.0023717486765235662,0.00017455893976148218,0.9974537491798401
swin,1,2,2,mitdb/100,mitdb/100,0,4500,ARR,ARR,0.9998633861541748,5.9937097830697894e-05,7.66996163292788e-05
swin,1,2,3,mitdb/100,mitdb/100,0,11000,ARR,ARR,0.9998401403427124,5.6549230066593736e-05,0.00010335615661460906
swin,1,2,4,mitdb/100,mitdb/100,0,16500,ARR,ARR,0.9998478889465332,4.618443563231267e-05,0.000106009203591384
swin,1,2,5,mitdb/100,mitdb/100,0,19000,ARR,ARR,0.6637853384017944,0.0003021448792424053,0.3359125256538391
swin,1,2,6,mitdb/100,mitdb/100,0,31500,ARR,ARR,0.999815046787262,4.2903109715553e-05,0.0001420175249222666
swin,1,2,7,mitdb/100,mitdb/100,0,39000,ARR,ARR,0.857685387134552,0.0002747190301306546,0.1420399248600006
swin,1,2,8,mitdb/100,mitdb/100,0,51500,ARR,ARR,0.9993947744369507,3.3829870517365634e-05,0.0005714273429475725
swin,1,2,9,mitdb/100,mitdb/100,0,53000,ARR,ARR,0.9996131062507629,4.9544498324394226e-05,0.000337386125465855
swin,1,2,10,mitdb/109,mitdb/109,1,0,ARR,ARR,0.9995168447494507,0.0004603237030096352,2.286262133566197e-05
swin,1,2,11,mitdb/109,mitdb/109,1,2000,ARR,ARR,0.6893986463546753,0.3103419542312622,0.00025936446036212146
swin,1,2,12,mitdb/109,mitdb/109,1,17000,ARR,ARR,0.9974440336227417,0.0025403075851500034,1.5698751667514443e-05
swin,1,2,13,mitdb/109,mitdb/109,1,25000,ARR,CHF,0.2025560736656189,0.7972385883331299,0.00020539462275337428
swin,1,2,14,mitdb/109,mitdb/109,1,35500,ARR,CHF,0.20136652886867523,0.7985401153564453,9.335434151580557e-05
swin,1,2,15,mitdb/109,mitdb/109,1,41500,ARR,CHF,0.4468434453010559,0.5530185103416443,0.00013803478213958442
swin,1,2,16,mitdb/109,mitdb/109,1,50000,ARR,CHF,0.04029752314090729,0.9596530795097351,4.9371526984032243e-05
swin,1,2,17,mitdb/109,mitdb/109,1,50500,ARR,CHF,0.01852472871541977,0.9814175963401794,5.773022348876111e-05
swin,1,2,18,mitdb/109,mitdb/109,1,54500,ARR,CHF,0.02400190383195877,0.9758412837982178,0.00015678926138207316
swin,1,2,19,mitdb/109,mitdb/109,1,57000,ARR,CHF,0.08718671649694443,0.9127097725868225,0.00010350495722377673
swin,1,2,40,mitdb/113,mitdb/113,4,4000,ARR,ARR,0.9936820268630981,8.901643013814464e-05,0.006228956859558821
swin,1,2,41,mitdb/113,mitdb/113,4,16000,ARR,ARR,0.9986348748207092,0.00020770188712049276,0.0011573274387046695
swin,1,2,42,mitdb/113,mitdb/113,4,20500,ARR,ARR,0.999876856803894,5.813570533064194e-05,6.49352150503546e-05
swin,1,2,43,mitdb/113,mitdb/113,4,22000,ARR,ARR,0.8244225382804871,0.0010946050751954317,0.17448285222053528
swin,1,2,44,mitdb/113,mitdb/113,4,32500,ARR,ARR,0.6038523316383362,0.0008539050468243659,0.3952937424182892
swin,1,2,45,mitdb/113,mitdb/113,4,36000,ARR,NSR,0.00011434081534389406,0.00013418182788882405,0.9997515082359314
swin,1,2,46,mitdb/113,mitdb/113,4,38500,ARR,NSR,0.06006298214197159,0.0002666933578439057,0.9396703243255615
swin,1,2,47,mitdb/113,mitdb/113,4,42000,ARR,ARR,0.9986120462417603,9.096245776163414e-05,0.0012969637755304575
swin,1,2,48,mitdb/113,mitdb/113,4,46500,ARR,ARR,0.9998651742935181,5.752715151174925e-05,7.724045281065628e-05
swin,1,2,49,mitdb/113,mitdb/113,4,57000,ARR,ARR,0.9997426867485046,0.00012863357551395893,0.00012867689656559378
swin,1,2,80,mitdb/117,mitdb/117,8,1000,ARR,ARR,0.9986581802368164,0.0003234664909541607,0.00101834861561656
swin,1,2,81,mitdb/117,mitdb/117,8,21500,ARR,ARR,0.9995334148406982,0.00013218310778029263,0.0003344833676237613
swin,1,2,82,mitdb/117,mitdb/117,8,29500,ARR,ARR,0.8665696978569031,0.0054922690615057945,0.1279379427433014
swin,1,2,83,mitdb/117,mitdb/117,8,38000,ARR,ARR,0.9998387098312378,6.876451516291127e-05,9.249059803551063e-05
swin,1,2,84,mitdb/117,mitdb/117,8,49500,ARR,ARR,0.9998488426208496,0.00010393589764134958,4.721190271084197e-05
swin,1,2,85,mitdb/117,mitdb/117,8,54000,ARR,ARR,0.9998339414596558,5.02104994666297e-05,0.00011584071035031229
swin,1,2,86,mitdb/117,mitdb/117,8,57500,ARR,ARR,0.9998828172683716,6.0100763221271336e-05,5.710737605113536e-05
swin,1,2,87,mitdb/117,mitdb/117,8,60000,ARR,ARR,0.9994893074035645,0.0001254826784133911,0.0003852248191833496
swin,1,2,88,mitdb/117,mitdb/117,8,62000,ARR,ARR,0.9998769760131836,6.638958438998088e-05,5.6593828048789874e-05
swin,1,2,89,mitdb/117,mitdb/117,8,62500,ARR,ARR,0.9997819066047668,0.0001772572286427021,4.087427078047767e-05
swin,1,2,150,mitdb/124,mitdb/124,15,2500,ARR,ARR,0.9997461438179016,0.0002181739400839433,3.563337668310851e-05
swin,1,2,151,mitdb/124,mitdb/124,15,9000,ARR,ARR,0.999848484992981,9.979707101592794e-05,5.1764709496637806e-05
swin,1,2,152,mitdb/124,mitdb/124,15,25500,ARR,ARR,0.9998893737792969,5.768819755758159e-05,5.2965137001592666e-05
swin,1,2,153,mitdb/124,mitdb/124,15,38500,ARR,ARR,0.999118983745575,0.0008130447822622955,6.80202356306836e-05
swin,1,2,154,mitdb/124,mitdb/124,15,51000,ARR,ARR,0.9997366070747375,0.00022620348318014294,3.721717439475469e-05
swin,1,2,155,mitdb/124,mitdb/124,15,51500,ARR,ARR,0.9998831748962402,5.637601498165168e-05,6.0423135437304154e-05
swin,1,2,156,mitdb/124,mitdb/124,15,58000,ARR,ARR,0.9998843669891357,7.422023918479681e-05,4.13042725995183e-05
swin,1,2,157,mitdb/124,mitdb/124,15,60500,ARR,ARR,0.999872088432312,8.950844494393095e-05,3.8358281017281115e-05
swin,1,2,158,mitdb/124,mitdb/124,15,63500,ARR,ARR,0.9998575448989868,0.00010795015259645879,3.45054104400333e-05
swin,1,2,159,mitdb/124,mitdb/124,15,64500,ARR,ARR,0.9988454580307007,0.0010854298016056418,6.907248462084681e-05
swin,1,2,190,mitdb/203,mitdb/203,19,3000,ARR,CHF,0.00021077546989545226,0.999663233757019,0.00012605533993337303
swin,1,2,191,mitdb/203,mitdb/203,19,6500,ARR,ARR,0.546732485294342,0.4530510902404785,0.00021646237291861326
swin,1,2,192,mitdb/203,mitdb/203,19,8500,ARR,ARR,0.9983931183815002,0.001575288362801075,3.1580624636262655e-05
swin,1,2,193,mitdb/203,mitdb/203,19,15000,ARR,ARR,0.99977046251297,5.943043652223423e-05,0.00017006504640448838
swin,1,2,194,mitdb/203,mitdb/203,19,35000,ARR,ARR,0.9997785687446594,0.00019474144210107625,2.666252476046793e-05
swin,1,2,195,mitdb/203,mitdb/203,19,42500,ARR,ARR,0.9997475743293762,0.0002211151586379856,3.135146835120395e-05
swin,1,2,196,mitdb/203,mitdb/203,19,46000,ARR,ARR,0.9998193383216858,0.00014750096306670457,3.315037611173466e-05
swin,1,2,197,mitdb/203,mitdb/203,19,52500,ARR,CHF,0.008504201658070087,0.9914133548736572,8.251233521150425e-05
swin,1,2,198,mitdb/203,mitdb/203,19,53500,ARR,CHF,0.020271334797143936,0.9787034392356873,0.0010252473875880241
swin,1,2,199,mitdb/203,mitdb/203,19,61000,ARR,ARR,0.9961240887641907,0.0037640463560819626,0.00011186241317773238
swin,1,2,210,mitdb/207,mitdb/207,21,11500,ARR,ARR,0.9998642206192017,0.0001008462713798508,3.4912449336843565e-05
swin,1,2,211,mitdb/207,mitdb/207,21,12500,ARR,ARR,0.9998706579208374,9.293999028159305e-05,3.63538165402133e-05
swin,1,2,212,mitdb/207,mitdb/207,21,19500,ARR,ARR,0.9998806715011597,6.287785799941048e-05,5.641610550810583e-05
swin,1,2,213,mitdb/207,mitdb/207,21,22500,ARR,ARR,0.9998793601989746,5.0674025260377675e-05,6.99496958986856e-05
swin,1,2,214,mitdb/207,mitdb/207,21,35500,ARR,CHF,0.367397665977478,0.6317837238311768,0.000818597967736423
swin,1,2,215,mitdb/207,mitdb/207,21,37000,ARR,ARR,0.7586627006530762,0.23684988915920258,0.004487402271479368
swin,1,2,216,mitdb/207,mitdb/207,21,43000,ARR,ARR,0.9996181726455688,0.0003593169094529003,2.2576539777219296e-05
swin,1,2,217,mitdb/207,mitdb/207,21,49500,ARR,ARR,0.997883141040802,0.0020952343475073576,2.1613032004097477e-05
swin,1,2,218,mitdb/207,mitdb/207,21,59000,ARR,ARR,0.9528254866600037,0.04708723723888397,8.718702883925289e-05
swin,1,2,219,mitdb/207,mitdb/207,21,65000,ARR,ARR,0.9998241066932678,0.0001480222272220999,2.7895273888134398e-05
swin,1,2,350,mitdb/222,mitdb/222,35,1000,ARR,ARR,0.9998804330825806,6.807636236771941e-05,5.143346425029449e-05
swin,1,2,351,mitdb/222,mitdb/222,35,2000,ARR,ARR,0.9998807907104492,6.418886187020689e-05,5.4973384976619855e-05
swin,1,2,352,mitdb/222,mitdb/222,35,10000,ARR,ARR,0.9998801946640015,5.893652269151062e-05,6.0881528042955324e-05
swin,1,2,353,mitdb/222,mitdb/222,35,12000,ARR,ARR,0.999854326248169,4.316664126235992e-05,0.00010250479681417346
swin,1,2,354,mitdb/222,mitdb/222,35,31000,ARR,ARR,0.9998818635940552,6.532984843943268e-05,5.2821935241809115e-05
swin,1,2,355,mitdb/222,mitdb/222,35,34000,ARR,ARR,0.9998810291290283,6.571652193088084e-05,5.3277624829206616e-05
swin,1,2,356,mitdb/222,mitdb/222,35,39500,ARR,ARR,0.9998815059661865,5.45275688637048e-05,6.406531610991806e-05
swin,1,2,357,mitdb/222,mitdb/222,35,40000,ARR,ARR,0.999882698059082,5.812607196276076e-05,5.912921187700704e-05
swin,1,2,358,mitdb/222,mitdb/222,35,51000,ARR,ARR,0.9998787641525269,6.866994954179972e-05,5.259371027932502e-05
swin,1,2,359,mitdb/222,mitdb/222,35,56500,ARR,ARR,0.9998769760131836,5.457513179862872e-05,6.842644506832585e-05
swin,1,2,410,mitdb/233,mitdb/233,41,25000,ARR,ARR,0.9925383925437927,0.007418659050017595,4.2926585592795163e-05
swin,1,2,411,mitdb/233,mitdb/233,41,34000,ARR,ARR,0.9998606443405151,0.00010319615830667317,3.615716195781715e-05
swin,1,2,412,mitdb/233,mitdb/233,41,36000,ARR,ARR,0.9998822212219238,6.379234400810674e-05,5.397680070018396e-05
swin,1,2,413,mitdb/233,mitdb/233,41,41500,ARR,ARR,0.9990912675857544,0.0008821776136755943,2.6527844966039993e-05
swin,1,2,414,mitdb/233,mitdb/233,41,44000,ARR,ARR,0.9193962216377258,0.08039510250091553,0.00020866002887487411
swin,1,2,415,mitdb/233,mitdb/233,41,47500,ARR,CHF,0.30928948521614075,0.6903096437454224,0.000400943128624931
swin,1,2,416,mitdb/233,mitdb/233,41,51500,ARR,CHF,0.0005949734477326274,0.9993394017219543,6.554715218953788e-05
swin,1,2,417,mitdb/233,mitdb/233,41,54000,ARR,CHF,0.00015227531548589468,0.9997180104255676,0.00012972622062079608
swin,1,2,418,mitdb/233,mitdb/233,41,59000,ARR,ARR,0.9950036406517029,0.004931051284074783,6.537189619848505e-05
swin,1,2,419,mitdb/233,mitdb/233,41,63500,ARR,ARR,0.9991864562034607,0.0007932125008665025,2.035054421867244e-05
swin,1,2,430,mitdb/100,mitdb/100,43,10500,ARR,NSR,0.3103848397731781,0.0005620635347440839,0.6890530586242676
swin,1,2,431,mitdb/100,mitdb/100,43,35000,ARR,ARR,0.9998526573181152,4.3183456000406295e-05,0.00010417266457807273
swin,1,2,432,mitdb/100,mitdb/100,43,36000,ARR,ARR,0.9798429608345032,0.0001306137564824894,0.02002650685608387
swin,1,2,433,mitdb/100,mitdb/100,43,38500,ARR,ARR,0.8160533308982849,0.00025307759642601013,0.1836935579776764
swin,1,2,434,mitdb/100,mitdb/100,43,45500,ARR,NSR,0.00012145885557401925,0.0002819269720930606,0.9995966553688049
swin,1,2,435,mitdb/100,mitdb/100,43,48500,ARR,ARR,0.9862826466560364,0.00011297695164103061,0.013604379259049892
swin,1,2,436,mitdb/100,mitdb/100,43,55000,ARR,ARR,0.9995054006576538,3.113651473540813e-05,0.00046352477511391044
swin,1,2,437,mitdb/100,mitdb/100,43,57500,ARR,ARR,0.9997184872627258,3.516990545904264e-05,0.0002463007112964988
swin,1,2,438,mitdb/100,mitdb/100,43,60000,ARR,ARR,0.9998605251312256,4.97420369356405e-05,8.973707008408383e-05
swin,1,2,439,mitdb/100,mitdb/100,43,63500,ARR,NSR,0.11123376339673996,0.0003414821985643357,0.8884247541427612
swin,1,2,500,mitdb/106,mitdb/106,50,11000,ARR,NSR,0.00667387992143631,0.0002893278142437339,0.9930368065834045
swin,1,2,501,mitdb/106,mitdb/106,50,18000,ARR,ARR,0.9998788833618164,5.730289194616489e-05,6.375437078531832e-05
swin,1,2,502,mitdb/106,mitdb/106,50,18500,ARR,ARR,0.9998705387115479,4.9112924898508936e-05,8.032882760744542e-05
swin,1,2,503,mitdb/106,mitdb/106,50,25000,ARR,ARR,0.9998788833618164,5.5723012337693945e-05,6.546168151544407e-05
swin,1,2,504,mitdb/106,mitdb/106,50,28500,ARR,ARR,0.9998806715011597,5.342658550944179e-05,6.597182073164731e-05
swin,1,2,505,mitdb/106,mitdb/106,50,44000,ARR,ARR,0.9998747110366821,5.181842061574571e-05,7.347120845224708e-05
swin,1,2,506,mitdb/106,mitdb/106,50,45000,ARR,ARR,0.9998736381530762,4.9268073780694976e-05,7.710274076089263e-05
swin,1,2,507,mitdb/106,mitdb/106,50,47500,ARR,ARR,0.999875545501709,5.1972085202578455e-05,7.244542211992666e-05
swin,1,2,508,mitdb/106,mitdb/106,50,50000,ARR,ARR,0.9998306035995483,4.393923154566437e-05,0.00012537467409856617
swin,1,2,509,mitdb/106,mitdb/106,50,51000,ARR,ARR,0.9998242259025574,3.957291119149886e-05,0.0001362493057968095
swin,1,2,530,mitdb/109,mitdb/109,53,500,ARR,CHF,0.3692684471607208,0.6300032138824463,0.0007283335435204208
swin,1,2,531,mitdb/109,mitdb/109,53,11500,ARR,ARR,0.9998400211334229,0.00012987722584512085,3.0095112379058264e-05
swin,1,2,532,mitdb/109,mitdb/109,53,15000,ARR,ARR,0.9996452331542969,0.0003292513429187238,2.555368519097101e-05
swin,1,2,533,mitdb/109,mitdb/109,53,15500,ARR,ARR,0.9997544884681702,0.00022296655515674502,2.2537966287927702e-05
swin,1,2,534,mitdb/109,mitdb/109,53,24000,ARR,ARR,0.9998548030853271,0.00011276199802523479,3.240658770664595e-05
swin,1,2,535,mitdb/109,mitdb/109,53,30000,ARR,ARR,0.9998040795326233,0.00017043997650034726,2.5497540264041163e-05
swin,1,2,536,mitdb/109,mitdb/109,53,32500,ARR,ARR,0.9989628791809082,0.0009836957324296236,5.3515159379458055e-05
swin,1,2,537,mitdb/109,mitdb/109,53,33500,ARR,ARR,0.9995571970939636,0.0004190594772808254,2.3758822862873785e-05
swin,1,2,538,mitdb/109,mitdb/109,53,59500,ARR,ARR,0.999612033367157,0.0003567902313079685,3.123370333923958e-05
swin,1,2,539,mitdb/109,mitdb/109,53,63000,ARR,ARR,0.9998248219490051,0.0001465142413508147,2.868162300728727e-05
swin,1,2,570,mitdb/113,mitdb/113,57,7500,ARR,ARR,0.9998788833618164,6.032591772964224e-05,6.0744114307453856e-05
swin,1,2,571,mitdb/113,mitdb/113,57,9500,ARR,ARR,0.9998149275779724,3.3715587051119655e-05,0.00015134016575757414
swin,1,2,572,mitdb/113,mitdb/113,57,19000,ARR,ARR,0.9998860359191895,5.07225668116007e-05,6.313445919658989e-05
swin,1,2,573,mitdb/113,mitdb/113,57,20500,ARR,ARR,0.9998841285705566,5.7983088481705636e-05,5.7954617659561336e-05
swin,1,2,574,mitdb/113,mitdb/113,57,22500,ARR,ARR,0.9998815059661865,6.008796117384918e-05,5.8359622926218435e-05
swin,1,2,575,mitdb/113,mitdb/113,57,24000,ARR,ARR,0.9998762607574463,5.175370824872516e-05,7.195988291641697e-05
swin,1,2,576,mitdb/113,mitdb/113,57,31000,ARR,ARR,0.9998605251312256,4.177039591013454e-05,9.770210454007611e-05
swin,1,2,577,mitdb/113,mitdb/113,57,37000,ARR,ARR,0.999858021736145,3.932635809178464e-05,0.0001025918172672391
swin,1,2,578,mitdb/113,mitdb/113,57,46000,ARR,ARR,0.9998691082000732,4.5058819523546845e-05,8.576615800848231e-05
swin,1,2,579,mitdb/113,mitdb/113,57,63500,ARR,ARR,0.9998828172683716,5.393160245148465e-05,6.327555456664413e-05
swin,1,2,610,mitdb/117,mitdb/117,61,5000,ARR,ARR,0.9992220401763916,0.00016890962433535606,0.0006090558017604053
swin,1,2,611,mitdb/117,mitdb/117,61,17000,ARR,ARR,0.9996885061264038,7.795216515660286e-05,0.00023362167121376842
swin,1,2,612,mitdb/117,mitdb/117,61,26500,ARR,ARR,0.9998589754104614,6.910585943842307e-05,7.187208393588662e-05
swin,1,2,613,mitdb/117,mitdb/117,61,37000,ARR,ARR,0.999866247177124,5.4974523663986474e-05,7.873940921854228e-05
swin,1,2,614,mitdb/117,mitdb/117,61,37500,ARR,ARR,0.9998761415481567,5.49815122212749e-05,6.890008080517873e-05
swin,1,2,615,mitdb/117,mitdb/117,61,39000,ARR,ARR,0.9998657703399658,5.181440064916387e-05,8.236601570388302e-05
swin,1,2,616,mitdb/117,mitdb/117,61,41000,ARR,ARR,0.9998823404312134,6.327208393486217e-05,5.439942833618261e-05
swin,1,2,617,mitdb/117,mitdb/117,61,41500,ARR,ARR,0.9997705817222595,5.466250513563864e-05,0.00017470377497375011
swin,1,2,618,mitdb/117,mitdb/117,61,48500,ARR,ARR,0.9998235106468201,6.240657239686698e-05,0.00011403758981032297
swin,1,2,619,mitdb/117,mitdb/117,61,60000,ARR,ARR,0.9982773065567017,0.0002606319321785122,0.0014620233559980989
swin,1,2,660,mitdb/106,mitdb/106,66,3000,ARR,ARR,0.9930227994918823,0.0006301471730694175,0.0063471077010035515
swin,1,2,661,mitdb/106,mitdb/106,66,15500,ARR,ARR,0.8747859597206116,0.12446483224630356,0.0007491508149541914
swin,1,2,662,mitdb/106,mitdb/106,66,17500,ARR,ARR,0.9977315068244934,0.00127516221255064,0.0009933976689353585
swin,1,2,663,mitdb/106,mitdb/106,66,21500,ARR,ARR,0.9998206496238708,0.00013198386295698583,4.738576535601169e-05
swin,1,2,664,mitdb/106,mitdb/106,66,41000,ARR,ARR,0.8286745548248291,0.0004666887689381838,0.1708587259054184
swin,1,2,665,mitdb/106,mitdb/106,66,47500,ARR,ARR,0.9900762438774109,0.0002017529623117298,0.009722081944346428
swin,1,2,666,mitdb/106,mitdb/106,66,56500,ARR,NSR,0.0003567973617464304,8.895654900697991e-05,0.9995542168617249
swin,1,2,667,mitdb/106,mitdb/106,66,57000,ARR,ARR,0.5501560568809509,0.00432378938421607,0.4455201029777527
swin,1,2,668,mitdb/106,mitdb/106,66,58000,ARR,ARR,0.9973464012145996,0.00010557047062320635,0.002548051066696644
swin,1,2,669,mitdb/106,mitdb/106,66,61000,ARR,ARR,0.8723204731941223,0.0004157640796620399,0.12726379930973053
swin,1,2,680,mitdb/124,mitdb/124,68,11500,ARR,ARR,0.999651312828064,3.7779926060466096e-05,0.0003109552199020982
swin,1,2,681,mitdb/124,mitdb/124,68,20000,ARR,ARR,0.9994543194770813,5.695250729331747e-05,0.0004887434770353138
swin,1,2,682,mitdb/124,mitdb/124,68,24000,ARR,ARR,0.9997770190238953,4.6569293772336096e-05,0.00017638891586102545
swin,1,2,683,mitdb/124,mitdb/124,68,25500,ARR,ARR,0.9998070597648621,4.0274873754242435e-05,0.0001527195272501558
swin,1,2,684,mitdb/124,mitdb/124,68,32000,ARR,ARR,0.9998420476913452,4.448626714292914e-05,0.00011345955863362178
swin,1,2,685,mitdb/124,mitdb/124,68,44000,ARR,ARR,0.9997846484184265,5.555476309382357e-05,0.0001598778908373788
swin,1,2,686,mitdb/124,mitdb/124,68,48500,ARR,ARR,0.9998757839202881,4.9202579248230904e-05,7.496010948671028e-05
swin,1,2,687,mitdb/124,mitdb/124,68,59500,ARR,ARR,0.9995928406715393,7.163742702687159e-05,0.00033551667002029717
swin,1,2,688,mitdb/124,mitdb/124,68,63000,ARR,ARR,0.9998825788497925,5.0963808462256566e-05,6.634116289205849e-05
swin,1,2,689,mitdb/124,mitdb/124,68,64000,ARR,ARR,0.9998608827590942,5.0632897909963503e-05,8.839254587655887e-05
swin,1,2,720,mitdb/203,mitdb/203,72,4000,ARR,ARR,0.99985671043396,0.00011017256474588066,3.313309935037978e-05
swin,1,2,721,mitdb/203,mitdb/203,72,5000,ARR,ARR,0.9998663663864136,9.6327748906333e-05,3.733670018846169e-05
swin,1,2,722,mitdb/203,mitdb/203,72,9000,ARR,ARR,0.9998713731765747,8.813017484499142e-05,4.049831841257401e-05
swin,1,2,723,mitdb/203,mitdb/203,72,24000,ARR,ARR,0.9998698234558105,9.095803397940472e-05,3.9250575355254114e-05
swin,1,2,724,mitdb/203,mitdb/203,72,31000,ARR,ARR,0.9998701810836792,8.844286639941856e-05,4.1373703425051644e-05
swin,1,2,725,mitdb/203,mitdb/203,72,45000,ARR,ARR,0.9998685121536255,9.30196838453412e-05,3.849788481602445e-05
swin,1,2,726,mitdb/203,mitdb/203,72,46500,ARR,ARR,0.9998699426651001,8.927610906539485e-05,4.071058356203139e-05
swin,1,2,727,mitdb/203,mitdb/203,72,53500,ARR,ARR,0.9969683289527893,0.0010931858560070395,0.001938547007739544
swin,1,2,728,mitdb/203,mitdb/203,72,55000,ARR,ARR,0.9998618364334106,0.00010094812751049176,3.720629320014268e-05
swin,1,2,729,mitdb/203,mitdb/203,72,58000,ARR,ARR,0.9998736381530762,8.407647692365572e-05,4.2302035581087694e-05
swin,1,2,740,mitdb/207,mitdb/207,74,10500,ARR,ARR,0.9994269609451294,0.0005347413825802505,3.8333924749167636e-05
swin,1,2,741,mitdb/207,mitdb/207,74,12500,ARR,ARR,0.999872088432312,9.054548718268052e-05,3.7354544474510476e-05
swin,1,2,742,mitdb/207,mitdb/207,74,13000,ARR,ARR,0.9998676776885986,9.703598334454e-05,3.5257136914879084e-05
swin,1,2,743,mitdb/207,mitdb/207,74,18000,ARR,ARR,0.999875545501709,7.502489461330697e-05,4.946312037645839e-05
swin,1,2,744,mitdb/207,mitdb/207,74,24500,ARR,ARR,0.9998754262924194,7.492156146327034e-05,4.961183003615588e-05
swin,1,2,745,mitdb/207,mitdb/207,74,31000,ARR,ARR,0.9998680353164673,9.093931294046342e-05,4.0981543861562386e-05
swin,1,2,746,mitdb/207,mitdb/207,74,45500,ARR,ARR,0.9998797178268433,8.205090125557035e-05,3.822422513621859e-05
swin,1,2,747,mitdb/207,mitdb/207,74,56000,ARR,ARR,0.9998433589935303,0.00012900908768642694,2.7621395929600112e-05
swin,1,2,748,mitdb/207,mitdb/207,74,59500,ARR,ARR,0.999748170375824,0.0002262969355797395,2.5558438210282475e-05
swin,1,2,749,mitdb/207,mitdb/207,74,65000,ARR,ARR,0.9998233914375305,0.00014937753439880908,2.732817483774852e-05
swin,1,2,870,mitdb/222,mitdb/222,87,7500,ARR,ARR,0.9998804330825806,5.385509575717151e-05,6.572902930201963e-05
swin,1,2,871,mitdb/222,mitdb/222,87,9000,ARR,ARR,0.9998778104782104,5.923017306486145e-05,6.291449972195551e-05
swin,1,2,872,mitdb/222,mitdb/222,87,25500,ARR,ARR,0.9998804330825806,6.368155300151557e-05,5.588434942183085e-05
swin,1,2,873,mitdb/222,mitdb/222,87,28000,ARR,ARR,0.999881386756897,6.374705117195845e-05,5.48524440091569e-05
swin,1,2,874,mitdb/222,mitdb/222,87,29000,ARR,ARR,0.9998798370361328,6.11633513472043e-05,5.8988240198232234e-05
swin,1,2,875,mitdb/222,mitdb/222,87,31500,ARR,ARR,0.9998799562454224,6.70093359076418e-05,5.303813304635696e-05
swin,1,2,876,mitdb/222,mitdb/222,87,53000,ARR,ARR,0.9998773336410522,7.440128683811054e-05,4.82461582578253e-05
swin,1,2,877,mitdb/222,mitdb/222,87,57000,ARR,ARR,0.9998722076416016,5.777121623395942e-05,6.999744800850749e-05
swin,1,2,878,mitdb/222,mitdb/222,87,61500,ARR,ARR,0.9998793601989746,6.909389048814774e-05,5.143875387148e-05
swin,1,2,879,mitdb/222,mitdb/222,87,64000,ARR,ARR,0.9998811483383179,5.769476047134958e-05,6.119813770055771e-05
swin,1,2,940,mitdb/233,mitdb/233,94,1000,ARR,ARR,0.9696243405342102,0.030347710475325584,2.791905171761755e-05
swin,1,2,941,mitdb/233,mitdb/233,94,11500,ARR,ARR,0.9685982465744019,0.03123493120074272,0.00016684751608408988
swin,1,2,942,mitdb/233,mitdb/233,94,17500,ARR,CHF,0.00516311964020133,0.9946927428245544,0.00014415389159694314
swin,1,2,943,mitdb/233,mitdb/233,94,31000,ARR,CHF,0.4754062592983246,0.524494469165802,9.927057544700801e-05
swin,1,2,944,mitdb/233,mitdb/233,94,31500,ARR,CHF,0.020261943340301514,0.9796602129936218,7.785736670484766e-05
swin,1,2,945,mitdb/233,mitdb/233,94,32500,ARR,ARR,0.9692187905311584,0.03061007894575596,0.00017108420433942229
swin,1,2,946,mitdb/233,mitdb/233,94,36500,ARR,ARR,0.9828988313674927,0.016963252797722816,0.00013794918777421117
swin,1,2,947,mitdb/233,mitdb/233,94,38000,ARR,ARR,0.9755771160125732,0.024361032992601395,6.189505074871704e-05
swin,1,2,948,mitdb/233,mitdb/233,94,54000,ARR,CHF,0.03792494907975197,0.9619448184967041,0.00013028597459197044
swin,1,2,949,mitdb/233,mitdb/233,94,63000,ARR,ARR,0.9090383648872375,0.09062422811985016,0.000337368983309716
swin,1,2,970,chfdb/chf10,chfdb/chf10,97,0,CHF,CHF,0.09873621165752411,0.9000307321548462,0.0012329804012551904
swin,1,2,971,chfdb/chf10,chfdb/chf10,97,5500,CHF,ARR,0.9781506061553955,0.003058004891499877,0.01879141665995121
swin,1,2,972,chfdb/chf10,chfdb/chf10,97,15500,CHF,CHF,0.28094664216041565,0.7181128263473511,0.0009405470918864012
swin,1,2,973,chfdb/chf10,chfdb/chf10,97,29000,CHF,CHF,0.0010834397980943322,0.9986423850059509,0.000274133519269526
swin,1,2,974,chfdb/chf10,chfdb/chf10,97,29500,CHF,CHF,0.00015202989743556827,0.9996138215065002,0.00023421589867211878
swin,1,2,975,chfdb/chf10,chfdb/chf10,97,36000,CHF,CHF,0.005872585345059633,0.9937008619308472,0.0004265880270395428
swin,1,2,976,chfdb/chf10,chfdb/chf10,97,38000,CHF,CHF,0.00017135967209469527,0.9997133612632751,0.00011528388131409883
swin,1,2,977,chfdb/chf10,chfdb/chf10,97,45500,CHF,CHF,0.05112655088305473,0.9487000703811646,0.00017342655337415636
swin,1,2,978,chfdb/chf10,chfdb/chf10,97,48500,CHF,CHF,0.006319908425211906,0.9935431480407715,0.00013693564687855542
swin,1,2,979,chfdb/chf10,chfdb/chf10,97,52000,CHF,CHF,0.001931623788550496,0.9979974627494812,7.086288678692654e-05
swin,1,2,990,chfdb/chf12,chfdb/chf12,99,5000,CHF,CHF,0.18349318206310272,0.816226065158844,0.00028083092183806
swin,1,2,991,chfdb/chf12,chfdb/chf12,99,6500,CHF,CHF,0.0004620035469997674,0.9993834495544434,0.00015458099369425327
swin,1,2,992,chfdb/chf12,chfdb/chf12,99,33000,CHF,CHF,0.00019689157488755882,0.9996916055679321,0.00011150811769766733
swin,1,2,993,chfdb/chf12,chfdb/chf12,99,41000,CHF,CHF,0.0006887945346534252,0.9992380142211914,7.315853144973516e-05
swin,1,2,994,chfdb/chf12,chfdb/chf12,99,41500,CHF,CHF,0.0009065630729310215,0.9990133047103882,8.010747114894912e-05
swin,1,2,995,chfdb/chf12,chfdb/chf12,99,47500,CHF,CHF,0.00023040328233037144,0.9996505975723267,0.00011899559467565268
swin,1,2,996,chfdb/chf12,chfdb/chf12,99,55500,CHF,CHF,0.4875570833683014,0.5096163153648376,0.0028265961445868015
swin,1,2,997,chfdb/chf12,chfdb/chf12,99,56000,CHF,CHF,0.0005623606848530471,0.9712395668029785,0.028198059648275375
swin,1,2,998,chfdb/chf12,chfdb/chf12,99,59000,CHF,CHF,0.004556156229227781,0.9944203495979309,0.001023462857119739
swin,1,2,999,chfdb/chf12,chfdb/chf12,99,61500,CHF,ARR,0.9598631858825684,0.0006165308295749128,0.03952031955122948
swin,1,2,1110,chfdb/chf08,chfdb/chf08,111,7000,CHF,CHF,0.0033029697369784117,0.9965624213218689,0.00013460373156704009
swin,1,2,1111,chfdb/chf08,chfdb/chf08,111,8000,CHF,NSR,0.0008499199175275862,0.004100474063307047,0.9950496554374695
swin,1,2,1112,chfdb/chf08,chfdb/chf08,111,16500,CHF,ARR,0.9976741671562195,0.0022532830480486155,7.258116238517687e-05
swin,1,2,1113,chfdb/chf08,chfdb/chf08,111,26000,CHF,CHF,0.0012793721398338675,0.9985744953155518,0.00014617940178140998
swin,1,2,1114,chfdb/chf08,chfdb/chf08,111,27000,CHF,ARR,0.7961955666542053,0.1966680884361267,0.007136379834264517
swin,1,2,1115,chfdb/chf08,chfdb/chf08,111,37500,CHF,ARR,0.9949243068695068,0.004601139109581709,0.00047453658771701157
swin,1,2,1116,chfdb/chf08,chfdb/chf08,111,39000,CHF,CHF,0.02752656489610672,0.7090452313423157,0.2634282112121582
swin,1,2,1117,chfdb/chf08,chfdb/chf08,111,47000,CHF,NSR,0.324663907289505,0.21826539933681488,0.4570706784725189
swin,1,2,1118,chfdb/chf08,chfdb/chf08,111,52000,CHF,NSR,0.0002664571802597493,0.00020541712001431733,0.999528169631958
swin,1,2,1119,chfdb/chf08,chfdb/chf08,111,60000,CHF,ARR,0.9879512190818787,0.006489252205938101,0.005559481214731932
swin,1,2,1130,chfdb/chf10,chfdb/chf10,113,8000,CHF,CHF,0.3917877674102783,0.6073898077011108,0.0008224517805501819
swin,1,2,1131,chfdb/chf10,chfdb/chf10,113,17000,CHF,CHF,0.0001633038482395932,0.9997065663337708,0.00013006763765588403
swin,1,2,1132,chfdb/chf10,chfdb/chf10,113,26500,CHF,CHF,0.04459739103913307,0.9540929794311523,0.0013095834292471409
swin,1,2,1133,chfdb/chf10,chfdb/chf10,113,32500,CHF,ARR,0.9825978875160217,0.017146889120340347,0.0002552812220528722
swin,1,2,1134,chfdb/chf10,chfdb/chf10,113,33000,CHF,CHF,0.0004656368982978165,0.9993721842765808,0.0001621766568860039
swin,1,2,1135,chfdb/chf10,chfdb/chf10,113,36500,CHF,CHF,0.002536228857934475,0.9972705245018005,0.0001932582672452554
swin,1,2,1136,chfdb/chf10,chfdb/chf10,113,47500,CHF,CHF,0.0005074350629001856,0.9957346320152283,0.0037579273339360952
swin,1,2,1137,chfdb/chf10,chfdb/chf10,113,53500,CHF,CHF,0.0025661084800958633,0.9971190690994263,0.0003147948591504246
swin,1,2,1138,chfdb/chf10,chfdb/chf10,113,57000,CHF,CHF,0.0173683799803257,0.9824329614639282,0.00019868926028721035
swin,1,2,1139,chfdb/chf10,chfdb/chf10,113,58000,CHF,CHF,0.00018423135043121874,0.9997037053108215,0.00011198189167771488
swin,1,2,1150,chfdb/chf12,chfdb/chf12,115,1000,CHF,CHF,0.00044590464676730335,0.9994813799858093,7.278089469764382e-05
swin,1,2,1151,chfdb/chf12,chfdb/chf12,115,5000,CHF,CHF,0.00012282597890589386,0.9997345805168152,0.00014263411867432296
swin,1,2,1152,chfdb/chf12,chfdb/chf12,115,8000,CHF,CHF,0.00014105912123341113,0.9997401833534241,0.000118805437523406
swin,1,2,1153,chfdb/chf12,chfdb/chf12,115,8500,CHF,CHF,0.00015673175221309066,0.999729335308075,0.00011386309051886201
swin,1,2,1154,chfdb/chf12,chfdb/chf12,115,16500,CHF,CHF,0.00016448133101221174,0.9997051358222961,0.00013030084664933383
swin,1,2,1155,chfdb/chf12,chfdb/chf12,115,17000,CHF,CHF,9.795411460800096e-05,0.9997254014015198,0.0001766048517310992
swin,1,2,1156,chfdb/chf12,chfdb/chf12,115,27500,CHF,CHF,0.00011875940981553867,0.9997418522834778,0.0001393548009218648
swin,1,2,1157,chfdb/chf12,chfdb/chf12,115,39500,CHF,CHF,0.00012560054892674088,0.9997404217720032,0.00013393985864240676
swin,1,2,1158,chfdb/chf12,chfdb/chf12,115,47500,CHF,CHF,0.00010436685988679528,0.9997085928916931,0.0001869759726105258
swin,1,2,1159,chfdb/chf12,chfdb/chf12,115,52000,CHF,CHF,0.00012682663509622216,0.9997255206108093,0.00014763884246349335
swin,1,2,1240,chfdb/chf08,chfdb/chf08,124,3000,CHF,ARR,0.6912800073623657,0.3062230348587036,0.0024970402009785175
swin,1,2,1241,chfdb/chf08,chfdb/chf08,124,8000,CHF,ARR,0.5168432593345642,0.47987332940101624,0.003283370053395629
swin,1,2,1242,chfdb/chf08,chfdb/chf08,124,10500,CHF,CHF,0.12652458250522614,0.8732799291610718,0.00019553797028493136
swin,1,2,1243,chfdb/chf08,chfdb/chf08,124,16000,CHF,CHF,0.0006891504162922502,0.9983555674552917,0.0009552321280352771
swin,1,2,1244,chfdb/chf08,chfdb/chf08,124,17500,CHF,ARR,0.810202419757843,0.18965104222297668,0.00014655946870334446
swin,1,2,1245,chfdb/chf08,chfdb/chf08,124,40000,CHF,CHF,0.0006290883757174015,0.9991563558578491,0.00021454194211401045
swin,1,2,1246,chfdb/chf08,chfdb/chf08,124,47500,CHF,CHF,0.010044737718999386,0.9853668212890625,0.004588406998664141
swin,1,2,1247,chfdb/chf08,chfdb/chf08,124,58000,CHF,CHF,0.016736481338739395,0.9823442697525024,0.0009192244615405798
swin,1,2,1248,chfdb/chf08,chfdb/chf08,124,58500,CHF,CHF,0.0006334062200039625,0.9991610050201416,0.00020560699340421706
swin,1,2,1249,chfdb/chf08,chfdb/chf08,124,64000,CHF,CHF,0.0002687167434487492,0.998940646648407,0.0007906088721938431
swin,1,2,1290,nsrdb/18177,nsrdb/18177,129,20500,NSR,NSR,6.407797627616674e-05,0.0002218463341705501,0.9997139573097229
swin,1,2,1291,nsrdb/18177,nsrdb/18177,129,24500,NSR,NSR,7.049119449220598e-05,0.00021123987971805036,0.9997182488441467
swin,1,2,1292,nsrdb/18177,nsrdb/18177,129,27000,NSR,NSR,6.419849523808807e-05,0.00019202521070837975,0.9997437596321106
swin,1,2,1293,nsrdb/18177,nsrdb/18177,129,29000,NSR,NSR,0.00011332461872370914,0.0002065618900815025,0.9996801614761353
swin,1,2,1294,nsrdb/18177,nsrdb/18177,129,37500,NSR,NSR,6.730985478498042e-05,0.00021766028658021241,0.9997150301933289
swin,1,2,1295,nsrdb/18177,nsrdb/18177,129,38500,NSR,NSR,7.588140579173341e-05,0.000214222731301561,0.9997097849845886
swin,1,2,1296,nsrdb/18177,nsrdb/18177,129,40500,NSR,NSR,6.127591041149572e-05,0.0002562085574027151,0.9996825456619263
swin,1,2,1297,nsrdb/18177,nsrdb/18177,129,42000,NSR,NSR,6.515014683827758e-05,0.0001799390302039683,0.9997548460960388
swin,1,2,1298,nsrdb/18177,nsrdb/18177,129,52500,NSR,NSR,7.192474731709808e-05,0.0001740281149977818,0.9997541308403015
swin,1,2,1299,nsrdb/18177,nsrdb/18177,129,60500,NSR,NSR,8.210293162846938e-05,0.0001423199864802882,0.9997755885124207
swin,1,2,1300,nsrdb/18184,nsrdb/18184,130,2500,NSR,NSR,0.017035847529768944,0.02243676409125328,0.9605273604393005
swin,1,2,1301,nsrdb/18184,nsrdb/18184,130,12000,NSR,NSR,0.0012788149761036038,0.02383088320493698,0.9748902320861816
swin,1,2,1302,nsrdb/18184,nsrdb/18184,130,16500,NSR,NSR,9.901712473947555e-05,0.00014038855442777276,0.9997605681419373
swin,1,2,1303,nsrdb/18184,nsrdb/18184,130,17000,NSR,NSR,6.746473809471354e-05,0.00015638449985999614,0.9997761845588684
swin,1,2,1304,nsrdb/18184,nsrdb/18184,130,20000,NSR,NSR,0.0004221782146487385,0.00016365933697670698,0.9994140863418579
swin,1,2,1305,nsrdb/18184,nsrdb/18184,130,30000,NSR,NSR,6.683155515929684e-05,0.00015858991537243128,0.9997745156288147
swin,1,2,1306,nsrdb/18184,nsrdb/18184,130,44000,NSR,NSR,0.00042770072468556464,0.00016636578948237002,0.9994059801101685
swin,1,2,1307,nsrdb/18184,nsrdb/18184,130,45500,NSR,NSR,0.0069474466145038605,0.00020963930001016706,0.9928429126739502
swin,1,2,1308,nsrdb/18184,nsrdb/18184,130,47000,NSR,NSR,6.747807492502034e-05,0.0001572238834341988,0.9997753500938416
swin,1,2,1309,nsrdb/18184,nsrdb/18184,130,48000,NSR,NSR,6.685930566163734e-05,0.00016503158258274198,0.999768078327179
swin,1,2,1410,nsrdb/16483,nsrdb/16483,141,500,NSR,NSR,7.614320202264935e-05,0.0002384400722803548,0.9996854066848755
swin,1,2,1411,nsrdb/16483,nsrdb/16483,141,5500,NSR,ARR,0.9971961975097656,0.000284933194052428,0.002518813358619809
swin,1,2,1412,nsrdb/16483,nsrdb/16483,141,10500,NSR,CHF,0.0002563155721873045,0.9996337890625,0.0001098720749723725
swin,1,2,1413,nsrdb/16483,nsrdb/16483,141,14500,NSR,CHF,0.23365390300750732,0.7641651630401611,0.0021808831952512264
swin,1,2,1414,nsrdb/16483,nsrdb/16483,141,24500,NSR,ARR,0.9356070756912231,0.06345058232545853,0.0009422946022823453
swin,1,2,1415,nsrdb/16483,nsrdb/16483,141,26000,NSR,NSR,0.0005252050468698144,0.11869661509990692,0.8807781934738159
swin,1,2,1416,nsrdb/16483,nsrdb/16483,141,31000,NSR,NSR,8.37275802041404e-05,0.00033839873503893614,0.9995778203010559
swin,1,2,1417,nsrdb/16483,nsrdb/16483,141,35000,NSR,CHF,0.06990355998277664,0.9033747911453247,0.026721717789769173
swin,1,2,1418,nsrdb/16483,nsrdb/16483,141,44000,NSR,CHF,0.0019419725285843015,0.9592540860176086,0.038803912699222565
swin,1,2,1419,nsrdb/16483,nsrdb/16483,141,50000,NSR,NSR,0.006157415919005871,0.02354559116065502,0.9702970385551453
swin,1,2,1490,nsrdb/18177,nsrdb/18177,149,2000,NSR,NSR,8.223626355174929e-05,0.00013317544653546065,0.9997846484184265
swin,1,2,1491,nsrdb/18177,nsrdb/18177,149,23000,NSR,NSR,8.403459651162848e-05,0.00011989258928224444,0.9997960925102234
swin,1,2,1492,nsrdb/18177,nsrdb/18177,149,23500,NSR,NSR,7.713810191489756e-05,0.0001362609473289922,0.9997866749763489
swin,1,2,1493,nsrdb/18177,nsrdb/18177,149,28000,NSR,NSR,0.00035385723458603024,0.00010276170360157266,0.9995433688163757
swin,1,2,1494,nsrdb/18177,nsrdb/18177,149,31500,NSR,NSR,0.0030684855300933123,0.0008335752645507455,0.9960979223251343
swin,1,2,1495,nsrdb/18177,nsrdb/18177,149,41500,NSR,NSR,8.176161645678803e-05,0.00014000688679516315,0.9997782111167908
swin,1,2,1496,nsrdb/18177,nsrdb/18177,149,45500,NSR,NSR,8.423923281952739e-05,0.00013467656390275806,0.99978107213974
swin,1,2,1497,nsrdb/18177,nsrdb/18177,149,50500,NSR,NSR,7.17002694727853e-05,0.00016799417790025473,0.9997602105140686
swin,1,2,1498,nsrdb/18177,nsrdb/18177,149,53000,NSR,NSR,0.011073783971369267,0.0013459048932418227,0.9875802993774414
swin,1,2,1499,nsrdb/18177,nsrdb/18177,149,59500,NSR,NSR,9.387045429321006e-05,0.0003056744462810457,0.9996004700660706
swin,1,2,1500,nsrdb/18184,nsrdb/18184,150,7000,NSR,NSR,7.631172047695145e-05,0.0005336282192729414,0.9993900060653687
swin,1,2,1501,nsrdb/18184,nsrdb/18184,150,12500,NSR,NSR,8.241636533057317e-05,0.00013682528515346348,0.9997807145118713
swin,1,2,1502,nsrdb/18184,nsrdb/18184,150,21000,NSR,NSR,8.77449638210237e-05,0.00041029159910976887,0.9995020627975464
swin,1,2,1503,nsrdb/18184,nsrdb/18184,150,22500,NSR,NSR,8.55452599353157e-05,0.00014073100464884192,0.9997736811637878
swin,1,2,1504,nsrdb/18184,nsrdb/18184,150,44500,NSR,NSR,0.22609557211399078,0.0007881573983468115,0.7731162309646606
swin,1,2,1505,nsrdb/18184,nsrdb/18184,150,50500,NSR,NSR,6.350061448756605e-05,0.00017471041064709425,0.9997617602348328
swin,1,2,1506,nsrdb/18184,nsrdb/18184,150,56500,NSR,NSR,6.330057658487931e-05,0.00018293445464223623,0.9997537732124329
swin,1,2,1507,nsrdb/18184,nsrdb/18184,150,59500,NSR,NSR,6.958996527828276e-05,0.00016212834452744573,0.9997683167457581
swin,1,2,1508,nsrdb/18184,nsrdb/18184,150,63000,NSR,NSR,6.391874194378033e-05,0.00017263295012526214,0.999763548374176
swin,1,2,1509,nsrdb/18184,nsrdb/18184,150,65000,NSR,NSR,6.919551378814504e-05,0.0001590074534760788,0.999771773815155
swin,1,2,1570,nsrdb/16483,nsrdb/16483,157,500,NSR,NSR,9.471985686104745e-05,0.0001307413331232965,0.9997745156288147
swin,1,2,1571,nsrdb/16483,nsrdb/16483,157,9500,NSR,NSR,7.426233787555248e-05,0.00015710262232460082,0.9997686743736267
swin,1,2,1572,nsrdb/16483,nsrdb/16483,157,11500,NSR,NSR,8.320514461956918e-05,0.00013626011786982417,0.9997805953025818
swin,1,2,1573,nsrdb/16483,nsrdb/16483,157,12000,NSR,NSR,8.491152402712032e-05,0.00014819753414485604,0.999767005443573
swin,1,2,1574,nsrdb/16483,nsrdb/16483,157,18500,NSR,NSR,6.95040071150288e-05,0.00015738869842607528,0.9997730851173401
swin,1,2,1575,nsrdb/16483,nsrdb/16483,157,35000,NSR,NSR,0.004149946849793196,0.0004439616168383509,0.9954061508178711
swin,1,2,1576,nsrdb/16483,nsrdb/16483,157,40500,NSR,NSR,7.126006676116958e-05,0.00016338168643414974,0.9997653365135193
swin,1,2,1577,nsrdb/16483,nsrdb/16483,157,47000,NSR,NSR,6.884266622364521e-05,0.00016667452291585505,0.9997645020484924
swin,1,2,1578,nsrdb/16483,nsrdb/16483,157,54500,NSR,NSR,7.386172364931554e-05,0.0001517216005595401,0.9997743964195251
swin,1,2,1579,nsrdb/16483,nsrdb/16483,157,61000,NSR,NSR,7.115100015653297e-05,0.0001502406084910035,0.9997785687446594
swin,2,2,0,mitdb/100,mitdb/100,0,1000,ARR,ARR,0.8834121823310852,0.00023448184947483242,0.11635330319404602
swin,2,2,1,mitdb/100,mitdb/100,0,2500,ARR,NSR,0.0056932223960757256,0.00011249999079154804,0.9941943287849426
swin,2,2,2,mitdb/100,mitdb/100,0,4500,ARR,ARR,0.9990158081054688,0.00014720235776621848,0.0008369559654965997
swin,2,2,3,mitdb/100,mitdb/100,0,11000,ARR,ARR,0.9998964071273804,4.50710067525506e-05,5.8490317314863205e-05
swin,2,2,4,mitdb/100,mitdb/100,0,16500,ARR,ARR,0.9994334578514099,7.045572419883683e-05,0.0004960704827681184
swin,2,2,5,mitdb/100,mitdb/100,0,19000,ARR,ARR,0.6462173461914062,0.00018347898731008172,0.3535991311073303
swin,2,2,6,mitdb/100,mitdb/100,0,31500,ARR,ARR,0.9988269209861755,2.9446417102008127e-05,0.0011436125496402383
swin,2,2,7,mitdb/100,mitdb/100,0,39000,ARR,ARR,0.7064681053161621,0.0009519027662463486,0.2925799489021301
swin,2,2,8,mitdb/100,mitdb/100,0,51500,ARR,NSR,0.239970400929451,0.00021932813979219645,0.7598103284835815
swin,2,2,9,mitdb/100,mitdb/100,0,53000,ARR,ARR,0.9988507032394409,9.045506885740906e-05,0.001058846479281783
swin,2,2,10,mitdb/109,mitdb/109,1,0,ARR,CHF,0.00038682352169416845,0.9995819926261902,3.11536350636743e-05
swin,2,2,11,mitdb/109,mitdb/109,1,2000,ARR,CHF,0.0008340498898178339,0.9991372227668762,2.8785632821382023e-05
swin,2,2,12,mitdb/109,mitdb/109,1,17000,ARR,CHF,0.20263056457042694,0.7972845435142517,8.486094156978652e-05
swin,2,2,13,mitdb/109,mitdb/109,1,25000,ARR,CHF,0.005605889484286308,0.994341254234314,5.2858336857752874e-05
swin,2,2,14,mitdb/109,mitdb/109,1,35500,ARR,CHF,0.4866199493408203,0.513325572013855,5.448445153888315e-05
swin,2,2,15,mitdb/109,mitdb/109,1,41500,ARR,CHF,0.22179211676120758,0.7781005501747131,0.00010733229282777756
swin,2,2,16,mitdb/109,mitdb/109,1,50000,ARR,CHF,0.0010665537556633353,0.9988892674446106,4.4186665036249906e-05
swin,2,2,17,mitdb/109,mitdb/109,1,50500,ARR,CHF,0.00018136193102691323,0.9997778534889221,4.0841994632501155e-05
swin,2,2,18,mitdb/109,mitdb/109,1,54500,ARR,ARR,0.7133492827415466,0.2864234149456024,0.0002272892015753314
swin,2,2,19,mitdb/109,mitdb/109,1,57000,ARR,CHF,0.0021202440839260817,0.9978367686271667,4.304537287680432e-05
swin,2,2,40,mitdb/113,mitdb/113,4,4000,ARR,ARR,0.9997828602790833,2.7945829060627148e-05,0.00018923392053693533
swin,2,2,41,mitdb/113,mitdb/113,4,16000,ARR,ARR,0.9690003395080566,0.00026221908046863973,0.030737461522221565
swin,2,2,42,mitdb/113,mitdb/113,4,20500,ARR,ARR,0.9996358156204224,3.895353802363388e-05,0.0003251806483604014
swin,2,2,43,mitdb/113,mitdb/113,4,22000,ARR,NSR,0.06021513417363167,0.0005581403966061771,0.9392267465591431
swin,2,2,44,mitdb/113,mitdb/113,4,32500,ARR,NSR,0.00045154543477110565,0.00010663979628589004,0.9994418025016785
swin,2,2,45,mitdb/113,mitdb/113,4,36000,ARR,NSR,0.00012871474609710276,7.962872768985108e-05,0.99979168176651
swin,2,2,46,mitdb/113,mitdb/113,4,38500,ARR,ARR,0.5264310240745544,0.00030597049044445157,0.4732629358768463
swin,2,2,47,mitdb/113,mitdb/113,4,42000,ARR,NSR,0.03706078603863716,9.248952119378373e-05,0.9628466367721558
swin,2,2,48,mitdb/113,mitdb/113,4,46500,ARR,ARR,0.9965309500694275,8.375368634006009e-05,0.0033853333443403244
swin,2,2,49,mitdb/113,mitdb/113,4,57000,ARR,ARR,0.9796572327613831,0.00014317412569653243,0.020199531689286232
swin,2,2,80,mitdb/117,mitdb/117,8,1000,ARR,ARR,0.9999018907546997,3.6200162867316976e-05,6.180894706631079e-05
swin,2,2,81,mitdb/117,mitdb/117,8,21500,ARR,ARR,0.9998619556427002,7.724329043412581e-05,6.081408719182946e-05
swin,2,2,82,mitdb/117,mitdb/117,8,29500,ARR,ARR,0.9999063014984131,3.9227044908329844e-05,5.44299473403953e-05
swin,2,2,83,mitdb/117,mitdb/117,8,38000,ARR,ARR,0.9999017715454102,3.554809154593386e-05,6.267389835556969e-05
swin,2,2,84,mitdb/117,mitdb/117,8,49500,ARR,ARR,0.9998953342437744,6.0375601606210694e-05,4.41870724898763e-05
swin,2,2,85,mitdb/117,mitdb/117,8,54000,ARR,ARR,0.9999008178710938,3.679636211018078e-05,6.239877984626219e-05
swin,2,2,86,mitdb/117,mitdb/117,8,57500,ARR,ARR,0.9999037981033325,3.669915167847648e-05,5.951703860773705e-05
swin,2,2,87,mitdb/117,mitdb/117,8,60000,ARR,ARR,0.9997393488883972,3.402888251002878e-05,0.0002265345974592492
swin,2,2,88,mitdb/117,mitdb/117,8,62000,ARR,ARR,0.9999030828475952,4.1894090827554464e-05,5.503524880623445e-05
swin,2,2,89,mitdb/117,mitdb/117,8,62500,ARR,ARR,0.9998996257781982,3.421610017539933e-05,6.617458711843938e-05
swin,2,2,150,mitdb/124,mitdb/124,15,2500,ARR,ARR,0.9998989105224609,3.6168479709886014e-05,6.499457958852872e-05
swin,2,2,151,mitdb/124,mitdb/124,15,9000,ARR,ARR,0.9999020099639893,3.3338918001390994e-05,6.459923315560445e-05
swin,2,2,152,mitdb/124,mitdb/124,15,25500,ARR,ARR,0.9999072551727295,3.7686520954594016e-05,5.512262214324437e-05
swin,2,2,153,mitdb/124,mitdb/124,15,38500,ARR,ARR,0.9998372793197632,0.00012333515041973442,3.936095890821889e-05
swin,2,2,154,mitdb/124,mitdb/124,15,51000,ARR,ARR,0.9999035596847534,4.9134265282191336e-05,4.728725616587326e-05
swin,2,2,155,mitdb/124,mitdb/124,15,51500,ARR,ARR,0.9999051094055176,4.863810681854375e-05,4.627305315807462e-05
swin,2,2,156,mitdb/124,mitdb/124,15,58000,ARR,ARR,0.9999071359634399,4.215810258756392e-05,5.060265539214015e-05
swin,2,2,157,mitdb/124,mitdb/124,15,60500,ARR,ARR,0.9999083280563354,4.623932181857526e-05,4.5387845602817833e-05
swin,2,2,158,mitdb/124,mitdb/124,15,63500,ARR,ARR,0.9999067783355713,4.218462709104642e-05,5.096081440569833e-05
swin,2,2,159,mitdb/124,mitdb/124,15,64500,ARR,ARR,0.999893307685852,6.435019167838618e-05,4.23157362092752e-05
swin,2,2,190,mitdb/203,mitdb/203,19,3000,ARR,CHF,0.038058143109083176,0.9618545770645142,8.724306826479733e-05
swin,2,2,191,mitdb/203,mitdb/203,19,6500,ARR,ARR,0.9912096261978149,0.008741360157728195,4.898805127595551e-05
swin,2,2,192,mitdb/203,mitdb/203,19,8500,ARR,CHF,0.004755102097988129,0.9951702952384949,7.458237087121233e-05
swin,2,2,193,mitdb/203,mitdb/203,19,15000,ARR,ARR,0.9997609257698059,0.00013460002082865685,0.0001045763710862957
swin,2,2,194,mitdb/203,mitdb/203,19,35000,ARR,ARR,0.9998514652252197,0.00012334818893577904,2.5131646907539107e-05
swin,2,2,195,mitdb/203,mitdb/203,19,42500,ARR,ARR,0.9998375177383423,0.0001390966062899679,2.339848651899956e-05
swin,2,2,196,mitdb/203,mitdb/203,19,46000,ARR,ARR,0.9996788501739502,0.0003035567351616919,1.7671867681201547e-05
swin,2,2,197,mitdb/203,mitdb/203,19,52500,ARR,ARR,0.785577118396759,0.2143041342496872,0.00011877582437591627
swin,2,2,198,mitdb/203,mitdb/203,19,53500,ARR,CHF,0.009638294577598572,0.9899132251739502,0.0004484439850784838
swin,2,2,199,mitdb/203,mitdb/203,19,61000,ARR,ARR,0.9997062087059021,0.0002737976610660553,2.0057967049069703e-05
swin,2,2,210,mitdb/207,mitdb/207,21,11500,ARR,ARR,0.99985671043396,0.00011857681238325313,2.469434002705384e-05
swin,2,2,211,mitdb/207,mitdb/207,21,12500,ARR,ARR,0.9998162388801575,0.0001631301420275122,2.0648865756811574e-05
swin,2,2,212,mitdb/207,mitdb/207,21,19500,ARR,ARR,0.9999023675918579,5.9390229580458254e-05,3.8296460843412206e-05
swin,2,2,213,mitdb/207,mitdb/207,21,22500,ARR,ARR,0.9999035596847534,4.2029612814076245e-05,5.441101166070439e-05
swin,2,2,214,mitdb/207,mitdb/207,21,35500,ARR,ARR,0.9897088408470154,0.010266694240272045,2.446514008624945e-05
swin,2,2,215,mitdb/207,mitdb/207,21,37000,ARR,ARR,0.9872777462005615,0.012662832625210285,5.9475791204022244e-05
swin,2,2,216,mitdb/207,mitdb/207,21,43000,ARR,ARR,0.9995446801185608,0.0004355958371888846,1.966107629414182e-05
swin,2,2,217,mitdb/207,mitdb/207,21,49500,ARR,ARR,0.9788984060287476,0.02107059396803379,3.108326927758753e-05
swin,2,2,218,mitdb/207,mitdb/207,21,59000,ARR,ARR,0.9979665279388428,0.002005190821364522,2.8275280783418566e-05
swin,2,2,219,mitdb/207,mitdb/207,21,65000,ARR,ARR,0.8869863748550415,0.11297253519296646,4.115317278774455e-05
swin,2,2,350,mitdb/222,mitdb/222,35,1000,ARR,ARR,0.9999043941497803,5.8896821428788826e-05,3.670851583592594e-05
swin,2,2,351,mitdb/222,mitdb/222,35,2000,ARR,ARR,0.9999098777770996,4.995637937099673e-05,4.012707358924672e-05
swin,2,2,352,mitdb/222,mitdb/222,35,10000,ARR,ARR,0.9999097585678101,4.1804411011980847e-05,4.835800427827053e-05
swin,2,2,353,mitdb/222,mitdb/222,35,12000,ARR,ARR,0.9998037219047546,2.3993432478164323e-05,0.00017230927187483758
swin,2,2,354,mitdb/222,mitdb/222,35,31000,ARR,ARR,0.9999032020568848,6.134792056400329e-05,3.539823956089094e-05
swin,2,2,355,mitdb/222,mitdb/222,35,34000,ARR,ARR,0.9999006986618042,6.571982521563768e-05,3.362673305673525e-05
swin,2,2,356,mitdb/222,mitdb/222,35,39500,ARR,ARR,0.9999107122421265,4.745353362523019e-05,4.1886421968229115e-05
swin,2,2,357,mitdb/222,mitdb/222,35,40000,ARR,ARR,0.9999076128005981,4.321438245824538e-05,4.912710937787779e-05
swin,2,2,358,mitdb/222,mitdb/222,35,51000,ARR,ARR,0.9999027252197266,6.285765994107351e-05,3.439086503931321e-05
swin,2,2,359,mitdb/222,mitdb/222,35,56500,ARR,ARR,0.999908447265625,4.4352811528369784e-05,4.714870374300517e-05
swin,2,2,410,mitdb/233,mitdb/233,41,25000,ARR,ARR,0.9922444224357605,0.007630464155226946,0.00012509551015682518
swin,2,2,411,mitdb/233,mitdb/233,41,34000,ARR,ARR,0.9999029636383057,5.615599366137758e-05,4.0888851799536496e-05
swin,2,2,412,mitdb/233,mitdb/233,41,36000,ARR,ARR,0.9998904466629028,6.840688001830131e-05,4.1165116272168234e-05
swin,2,2,413,mitdb/233,mitdb/233,41,41500,ARR,ARR,0.9998823404312134,8.41583896544762e-05,3.347435995237902e-05
swin,2,2,414,mitdb/233,mitdb/233,41,44000,ARR,ARR,0.9777822494506836,0.022149864584207535,6.778028910048306e-05
swin,2,2,415,mitdb/233,mitdb/233,41,47500,ARR,ARR,0.9622209072113037,0.037706002593040466,7.309502689167857e-05
swin,2,2,416,mitdb/233,mitdb/233,41,51500,ARR,CHF,0.0104391323402524,0.9894729256629944,8.794453606242314e-05
swin,2,2,417,mitdb/233,mitdb/233,41,54000,ARR,CHF,0.00027750522713176906,0.9996851682662964,3.7350906495703384e-05
swin,2,2,418,mitdb/233,mitdb/233,41,59000,ARR,ARR,0.9985218644142151,0.0013845701469108462,9.356986993225291e-05
swin,2,2,419,mitdb/233,mitdb/233,41,63500,ARR,ARR,0.9980376362800598,0.0018667529802769423,9.559783939039335e-05
swin,2,2,430,mitdb/100,mitdb/100,43,10500,ARR,ARR,0.9018355011940002,0.00035563597339205444,0.09780888259410858
swin,2,2,431,mitdb/100,mitdb/100,43,35000,ARR,ARR,0.8874876499176025,0.0004449319967534393,0.112067312002182
swin,2,2,432,mitdb/100,mitdb/100,43,36000,ARR,ARR,0.8468375205993652,0.00041661059367470443,0.15274588763713837
swin,2,2,433,mitdb/100,mitdb/100,43,38500,ARR,NSR,0.0358007550239563,6.78134456393309e-05,0.9641314744949341
swin,2,2,434,mitdb/100,mitdb/100,43,45500,ARR,NSR,0.0002632917312439531,5.270833571557887e-05,0.9996840953826904
swin,2,2,435,mitdb/100,mitdb/100,43,48500,ARR,NSR,0.45790544152259827,0.00010570385347818956,0.5419888496398926
swin,2,2,436,mitdb/100,mitdb/100,43,55000,ARR,ARR,0.9963898062705994,8.532868378097191e-05,0.0035248862113803625
swin,2,2,437,mitdb/100,mitdb/100,43,57500,ARR,ARR,0.650085985660553,0.0004615119833033532,0.34945252537727356
swin,2,2,438,mitdb/100,mitdb/100,43,60000,ARR,ARR,0.9997692704200745,2.6914785848930478e-05,0.00020383582159411162
swin,2,2,439,mitdb/100,mitdb/100,43,63500,ARR,NSR,0.001916638808324933,3.661552182165906e-05,0.9980467557907104
swin,2,2,500,mitdb/106,mitdb/106,50,11000,ARR,NSR,0.006722033955156803,9.760477405507118e-05,0.9931803941726685
swin,2,2,501,mitdb/106,mitdb/106,50,18000,ARR,ARR,0.9998888969421387,4.0198694478021935e-05,7.096015906427056e-05
swin,2,2,502,mitdb/106,mitdb/106,50,18500,ARR,ARR,0.999651312828064,7.251349597936496e-05,0.0002761879004538059
swin,2,2,503,mitdb/106,mitdb/106,50,25000,ARR,ARR,0.9999033212661743,6.060383020667359e-05,3.6145462217973545e-05
swin,2,2,504,mitdb/106,mitdb/106,50,28500,ARR,ARR,0.9999040365219116,3.95285060221795e-05,5.639676237478852e-05
swin,2,2,505,mitdb/106,mitdb/106,50,44000,ARR,ARR,0.9999035596847534,5.505517037818208e-05,4.1377094021299854e-05
swin,2,2,506,mitdb/106,mitdb/106,50,45000,ARR,ARR,0.9999061822891235,4.349232040112838e-05,5.0329716032138094e-05
swin,2,2,507,mitdb/106,mitdb/106,50,47500,ARR,ARR,0.9999079704284668,4.357668512966484e-05,4.844113936997019e-05
swin,2,2,508,mitdb/106,mitdb/106,50,50000,ARR,ARR,0.999891996383667,3.719751475728117e-05,7.08390143699944e-05
swin,2,2,509,mitdb/106,mitdb/106,50,51000,ARR,ARR,0.9998639822006226,2.6750767574412748e-05,0.00010926126560661942
swin,2,2,530,mitdb/109,mitdb/109,53,500,ARR,ARR,0.9821608066558838,0.01773270033299923,0.0001065521573764272
swin,2,2,531,mitdb/109,mitdb/109,53,11500,ARR,ARR,0.9997836947441101,0.00019482102652546018,2.1460366042447276e-05
swin,2,2,532,mitdb/109,mitdb/109,53,15000,ARR,ARR,0.9992567896842957,0.0007269424968399107,1.6179192243725993e-05
swin,2,2,533,mitdb/109,mitdb/109,53,15500,ARR,ARR,0.9994822144508362,0.0005010328604839742,1.6847066945047118e-05
swin,2,2,534,mitdb/109,mitdb/109,53,24000,ARR,ARR,0.9998537302017212,0.0001198213140014559,2.6445091862115078e-05
swin,2,2,535,mitdb/109,mitdb/109,53,30000,ARR,ARR,0.9996442794799805,0.00033738010097295046,1.8316588466404937e-05
swin,2,2,536,mitdb/109,mitdb/109,53,32500,ARR,ARR,0.9990670084953308,0.00091335125034675,1.97017452592263e-05
swin,2,2,537,mitdb/109,mitdb/109,53,33500,ARR,ARR,0.9992662072181702,0.0007179243257269263,1.582051845616661e-05
swin,2,2,538,mitdb/109,mitdb/109,53,59500,ARR,ARR,0.9997194409370422,0.00026005515246652067,2.055676668533124e-05
swin,2,2,539,mitdb/109,mitdb/109,53,63000,ARR,ARR,0.9996532201766968,0.0003279033990111202,1.8772718249238096e-05
swin,2,2,570,mitdb/113,mitdb/113,57,7500,ARR,ARR,0.9999091625213623,4.914302553515881e-05,4.166047438047826e-05
swin,2,2,571,mitdb/113,mitdb/113,57,9500,ARR,ARR,0.9998039603233337,2.4711316655157134e-05,0.00017142912838608027
swin,2,2,572,mitdb/113,mitdb/113,57,19000,ARR,ARR,0.9990683197975159,0.00016271100321318954,0.0007690487545914948
swin,2,2,573,mitdb/113,mitdb/113,57,20500,ARR,ARR,0.9999110698699951,4.4421245547709987e-05,4.4426415115594864e-05
swin,2,2,574,mitdb/113,mitdb/113,57,22500,ARR,ARR,0.9999071359634399,3.7636447814293206e-05,5.51592129340861e-05
swin,2,2,575,mitdb/113,mitdb/113,57,24000,ARR,ARR,0.9999094009399414,4.206807352602482e-05,4.847018499276601e-05
swin,2,2,576,mitdb/113,mitdb/113,57,31000,ARR,ARR,0.9998905658721924,3.0092787710600533e-05,7.939985516713932e-05
swin,2,2,577,mitdb/113,mitdb/113,57,37000,ARR,ARR,0.9994723200798035,1.8285043552168645e-05,0.0005095269298180938
swin,2,2,578,mitdb/113,mitdb/113,57,46000,ARR,ARR,0.9857901334762573,0.000306915317196399,0.013902856968343258
swin,2,2,579,mitdb/113,mitdb/113,57,63500,ARR,ARR,0.999075174331665,0.00019064798834733665,0.0007341221207752824
swin,2,2,610,mitdb/117,mitdb/117,61,5000,ARR,ARR,0.9998892545700073,2.9642989829881117e-05,8.101311686914414e-05
swin,2,2,611,mitdb/117,mitdb/117,61,17000,ARR,ARR,0.9998910427093506,3.079486123169772e-05,7.81526614446193e-05
swin,2,2,612,mitdb/117,mitdb/117,61,26500,ARR,ARR,0.9999047517776489,3.4696455259108916e-05,6.060992745915428e-05
swin,2,2,613,mitdb/117,mitdb/117,61,37000,ARR,ARR,0.9998923540115356,3.0711136787431315e-05,7.689621997997165e-05
swin,2,2,614,mitdb/117,mitdb/117,61,37500,ARR,ARR,0.999887228012085,3.155045851599425e-05,8.116413664538413e-05
swin,2,2,615,mitdb/117,mitdb/117,61,39000,ARR,ARR,0.9998984336853027,3.24645807268098e-05,6.916555139468983e-05
swin,2,2,616,mitdb/117,mitdb/117,61,41000,ARR,ARR,0.9998937845230103,3.154741716571152e-05,7.466664828825742e-05
swin,2,2,617,mitdb/117,mitdb/117,61,41500,ARR,ARR,0.9998934268951416,2.9389941119006835e-05,7.712117803748697e-05
swin,2,2,618,mitdb/117,mitdb/117,61,48500,ARR,ARR,0.9998912811279297,3.148716496070847e-05,7.72444618633017e-05
swin,2,2,619,mitdb/117,mitdb/117,61,60000,ARR,ARR,0.9998899698257446,3.0091363441897556e-05,8.003643597476184e-05
swin,2,2,660,mitdb/106,mitdb/106,66,3000,ARR,NSR,9.523279732093215e-05,0.00010726638720370829,0.999797523021698
swin,2,2,661,mitdb/106,mitdb/106,66,15500,ARR,ARR,0.9991674423217773,0.0008048874442465603,2.761599353107158e-05
swin,2,2,662,mitdb/106,mitdb/106,66,17500,ARR,ARR,0.9985187649726868,0.00010778290015878156,0.0013735381653532386
swin,2,2,663,mitdb/106,mitdb/106,66,21500,ARR,ARR,0.9998602867126465,8.325234375661239e-05,5.6464472436346114e-05
swin,2,2,664,mitdb/106,mitdb/106,66,41000,ARR,ARR,0.72306889295578,0.00021607054804917425,0.276714950799942
swin,2,2,665,mitdb/106,mitdb/106,66,47500,ARR,ARR,0.6137436032295227,0.0001885948731796816,0.38606783747673035
swin,2,2,666,mitdb/106,mitdb/106,66,56500,ARR,NSR,0.0001711462391540408,6.674970791209489e-05,0.9997621178627014
swin,2,2,667,mitdb/106,mitdb/106,66,57000,ARR,ARR,0.9259884357452393,0.0009828469483181834,0.07302866131067276
swin,2,2,668,mitdb/106,mitdb/106,66,58000,ARR,NSR,0.0005078827380202711,9.822440188145265e-05,0.9993939399719238
swin,2,2,669,mitdb/106,mitdb/106,66,61000,ARR,NSR,0.0008315134327858686,0.00015828969480935484,0.9990102052688599
swin,2,2,680,mitdb/124,mitdb/124,68,11500,ARR,ARR,0.9941850304603577,2.2127145712147467e-05,0.005792808718979359
swin,2,2,681,mitdb/124,mitdb/124,68,20000,ARR,ARR,0.9996069073677063,1.7486609067418613e-05,0.0003756366204470396
swin,2,2,682,mitdb/124,mitdb/124,68,24000,ARR,ARR,0.9974266886711121,1.897052425192669e-05,0.002554216654971242
swin,2,2,683,mitdb/124,mitdb/124,68,25500,ARR,ARR,0.9127538800239563,5.4243122576735914e-05,0.08719177544116974
swin,2,2,684,mitdb/124,mitdb/124,68,32000,ARR,ARR,0.9937011003494263,2.02582887141034e-05,0.006278641056269407
swin,2,2,685,mitdb/124,mitdb/124,68,44000,ARR,ARR,0.9998483657836914,2.392930764472112e-05,0.00012770119064953178
swin,2,2,686,mitdb/124,mitdb/124,68,48500,ARR,ARR,0.9995667338371277,1.955613333848305e-05,0.00041368918027728796
swin,2,2,687,mitdb/124,mitdb/124,68,59500,ARR,ARR,0.9998469352722168,2.269228207296692e-05,0.00013037651660852134
swin,2,2,688,mitdb/124,mitdb/124,68,63000,ARR,ARR,0.9998632669448853,3.0139726732159033e-05,0.00010653775825630873
swin,2,2,689,mitdb/124,mitdb/124,68,64000,ARR,ARR,0.9998712539672852,2.590962867543567e-05,0.00010285984899383038
swin,2,2,720,mitdb/203,mitdb/203,72,4000,ARR,ARR,0.9998003840446472,0.0001786035718396306,2.095141462632455e-05
swin,2,2,721,mitdb/203,mitdb/203,72,5000,ARR,ARR,0.9998086094856262,0.0001698314881650731,2.1581954570137896e-05
swin,2,2,722,mitdb/203,mitdb/203,72,9000,ARR,ARR,0.9998667240142822,0.00010730767826316878,2.6001369406003505e-05
swin,2,2,723,mitdb/203,mitdb/203,72,24000,ARR,ARR,0.9998351335525513,0.00014116133388597518,2.366720036661718e-05
swin,2,2,724,mitdb/203,mitdb/203,72,31000,ARR,ARR,0.9998763799667358,9.511977987131104e-05,2.843246329575777e-05
swin,2,2,725,mitdb/203,mitdb/203,72,45000,ARR,ARR,0.9998511075973511,0.00012339706881903112,2.555365972511936e-05
swin,2,2,726,mitdb/203,mitdb/203,72,46500,ARR,ARR,0.9998660087585449,0.00010745138570200652,2.6522428015596233e-05
swin,2,2,727,mitdb/203,mitdb/203,72,53500,ARR,ARR,0.9990211725234985,0.0009305433486588299,4.827708107768558e-05
swin,2,2,728,mitdb/203,mitdb/203,72,55000,ARR,ARR,0.9998340606689453,0.00013993034372106194,2.6011357476818375e-05
swin,2,2,729,mitdb/203,mitdb/203,72,58000,ARR,ARR,0.9998785257339478,9.286771819461137e-05,2.858172229025513e-05
swin,2,2,740,mitdb/207,mitdb/207,74,10500,ARR,ARR,0.99986732006073,0.0001062398951034993,2.6483688998268917e-05
swin,2,2,741,mitdb/207,mitdb/207,74,12500,ARR,ARR,0.999855637550354,0.00011929397442145273,2.5053977878997102e-05
swin,2,2,742,mitdb/207,mitdb/207,74,13000,ARR,ARR,0.9998701810836792,0.0001014186127576977,2.839765147655271e-05
swin,2,2,743,mitdb/207,mitdb/207,74,18000,ARR,ARR,0.9999006986618042,6.486911297542974e-05,3.442663000896573e-05
swin,2,2,744,mitdb/207,mitdb/207,74,24500,ARR,ARR,0.9999011754989624,6.203821249073371e-05,3.6875164369121194e-05
swin,2,2,745,mitdb/207,mitdb/207,74,31000,ARR,ARR,0.9997619986534119,0.00021860560809727758,1.944213727256283e-05
swin,2,2,746,mitdb/207,mitdb/207,74,45500,ARR,ARR,0.9998828172683716,8.822528616292402e-05,2.8938649847987108e-05
swin,2,2,747,mitdb/207,mitdb/207,74,56000,ARR,ARR,0.9998550415039062,0.000120174401672557,2.4802962798275985e-05
swin,2,2,748,mitdb/207,mitdb/207,74,59500,ARR,ARR,0.9998210072517395,0.00015533303667325526,2.3731163310003467e-05
swin,2,2,749,mitdb/207,mitdb/207,74,65000,ARR,ARR,0.999824583530426,0.00015231157885864377,2.3181735741673037e-05
swin,2,2,870,mitdb/222,mitdb/222,87,7500,ARR,ARR,0.9999092817306519,4.496133988141082e-05,4.5748540287604555e-05
swin,2,2,871,mitdb/222,mitdb/222,87,9000,ARR,ARR,0.9999092817306519,4.533870014711283e-05,4.539014116744511e-05
swin,2,2,872,mitdb/222,mitdb/222,87,25500,ARR,ARR,0.9999068975448608,5.568016058532521e-05,3.737426595762372e-05
swin,2,2,873,mitdb/222,mitdb/222,87,28000,ARR,ARR,0.9999094009399414,4.579058077069931e-05,4.4820797484135255e-05
swin,2,2,874,mitdb/222,mitdb/222,87,29000,ARR,ARR,0.9999088048934937,4.988168439012952e-05,4.1368672100361437e-05
swin,2,2,875,mitdb/222,mitdb/222,87,31500,ARR,ARR,0.9999053478240967,5.678595698555e-05,3.791446579270996e-05
swin,2,2,876,mitdb/222,mitdb/222,87,53000,ARR,ARR,0.9999027252197266,6.255440530367196e-05,3.464179826551117e-05
swin,2,2,877,mitdb/222,mitdb/222,87,57000,ARR,ARR,0.9998990297317505,3.9558894059155136e-05,6.134784052846953e-05
swin,2,2,878,mitdb/222,mitdb/222,87,61500,ARR,ARR,0.999901533126831,6.41718361293897e-05,3.434919926803559e-05
swin,2,2,879,mitdb/222,mitdb/222,87,64000,ARR,ARR,0.9999086856842041,5.2076858992222697e-05,3.919538721675053e-05
swin,2,2,940,mitdb/233,mitdb/233,94,1000,ARR,CHF,0.0002635412965901196,0.9996826648712158,5.37893247383181e-05
swin,2,2,941,mitdb/233,mitdb/233,94,11500,ARR,ARR,0.9964368343353271,0.0035228393971920013,4.042195723741315e-05
swin,2,2,942,mitdb/233,mitdb/233,94,17500,ARR,CHF,5.570668145082891e-05,0.9998670816421509,7.717477274127305e-05
swin,2,2,943,mitdb/233,mitdb/233,94,31000,ARR,ARR,0.7452030181884766,0.25461435317993164,0.00018268298299517483
swin,2,2,944,mitdb/233,mitdb/233,94,31500,ARR,CHF,4.223732685204595e-05,0.9998573064804077,0.00010041813220595941
swin,2,2,945,mitdb/233,mitdb/233,94,32500,ARR,CHF,0.0001736605045152828,0.9997863173484802,4.008172618341632e-05
swin,2,2,946,mitdb/233,mitdb/233,94,36500,ARR,CHF,8.563289156882092e-05,0.9998571872711182,5.710629193345085e-05
swin,2,2,947,mitdb/233,mitdb/233,94,38000,ARR,CHF,0.10665643960237503,0.8932520747184753,9.144539944827557e-05
swin,2,2,948,mitdb/233,mitdb/233,94,54000,ARR,CHF,9.490003139944747e-05,0.9998408555984497,6.417620170395821e-05
swin,2,2,949,mitdb/233,mitdb/233,94,63000,ARR,CHF,0.04627782851457596,0.953555703163147,0.00016647076699882746
swin,2,2,970,chfdb/chf10,chfdb/chf10,97,0,CHF,ARR,0.6310920715332031,0.36868056654930115,0.00022738581174053252
swin,2,2,971,chfdb/chf10,chfdb/chf10,97,5500,CHF,ARR,0.9923273921012878,0.0005641311290673912,0.007108473684638739
swin,2,2,972,chfdb/chf10,chfdb/chf10,97,15500,CHF,ARR,0.9867629408836365,0.012899680063128471,0.00033732017618604004
swin,2,2,973,chfdb/chf10,chfdb/chf10,97,29000,CHF,CHF,0.0035563164856284857,0.9963470101356506,9.664451499702409e-05
swin,2,2,974,chfdb/chf10,chfdb/chf10,97,29500,CHF,CHF,0.009328356012701988,0.9906389713287354,3.2673811801942065e-05
swin,2,2,975,chfdb/chf10,chfdb/chf10,97,36000,CHF,ARR,0.841391384601593,0.15845887362957,0.00014978637045715004
swin,2,2,976,chfdb/chf10,chfdb/chf10,97,38000,CHF,CHF,9.230549039784819e-05,0.9995217323303223,0.0003860090218950063
swin,2,2,977,chfdb/chf10,chfdb/chf10,97,45500,CHF,CHF,0.10333392769098282,0.8965790867805481,8.69627547217533e-05
swin,2,2,978,chfdb/chf10,chfdb/chf10,97,48500,CHF,ARR,0.8144834041595459,0.18511444330215454,0.00040213417378254235
swin,2,2,979,chfdb/chf10,chfdb/chf10,97,52000,CHF,CHF,0.10727013647556305,0.8922901749610901,0.0004397391458041966
swin,2,2,990,chfdb/chf12,chfdb/chf12,99,5000,CHF,ARR,0.9970582723617554,0.002911808667704463,2.997931369463913e-05
swin,2,2,991,chfdb/chf12,chfdb/chf12,99,6500,CHF,ARR,0.9706643223762512,0.029302537441253662,3.321761323604733e-05
swin,2,2,992,chfdb/chf12,chfdb/chf12,99,33000,CHF,CHF,0.02248542383313179,0.9773586988449097,0.00015585114306304604
swin,2,2,993,chfdb/chf12,chfdb/chf12,99,41000,CHF,CHF,0.0003576366580091417,0.9996102452278137,3.2112882763613015e-05
swin,2,2,994,chfdb/chf12,chfdb/chf12,99,41500,CHF,CHF,0.03273991495370865,0.9672120809555054,4.7987479774747044e-05
swin,2,2,995,chfdb/chf12,chfdb/chf12,99,47500,CHF,CHF,0.0005090656341053545,0.9994611144065857,2.9876675398554653e-05
swin,2,2,996,chfdb/chf12,chfdb/chf12,99,55500,CHF,ARR,0.8768268823623657,0.12254899740219116,0.0006241340306587517
swin,2,2,997,chfdb/chf12,chfdb/chf12,99,56000,CHF,CHF,0.07710922509431839,0.9226683378219604,0.0002224473428213969
swin,2,2,998,chfdb/chf12,chfdb/chf12,99,59000,CHF,CHF,0.0005070999613963068,0.999408483505249,8.437922224402428e-05
swin,2,2,999,chfdb/chf12,chfdb/chf12,99,61500,CHF,CHF,0.1525072455406189,0.8468462228775024,0.0006465537007898092
swin,2,2,1110,chfdb/chf08,chfdb/chf08,111,7000,CHF,NSR,0.32404884696006775,0.165503591299057,0.5104475617408752
swin,2,2,1111,chfdb/chf08,chfdb/chf08,111,8000,CHF,NSR,3.618015398387797e-05,0.005432105157524347,0.9945317506790161
swin,2,2,1112,chfdb/chf08,chfdb/chf08,111,16500,CHF,ARR,0.9785955548286438,0.01854253001511097,0.0028620194643735886
swin,2,2,1113,chfdb/chf08,chfdb/chf08,111,26000,CHF,CHF,0.011977617628872395,0.9455041289329529,0.0425182469189167
swin,2,2,1114,chfdb/chf08,chfdb/chf08,111,27000,CHF,CHF,0.3252130448818207,0.672844648361206,0.001942293718457222
swin,2,2,1115,chfdb/chf08,chfdb/chf08,111,37500,CHF,ARR,0.9997711777687073,0.00017546580056659877,5.3444633522303775e-05
swin,2,2,1116,chfdb/chf08,chfdb/chf08,111,39000,CHF,NSR,0.0004940034705214202,0.03241906687617302,0.9670869708061218
swin,2,2,1117,chfdb/chf08,chfdb/chf08,111,47000,CHF,NSR,0.0007206747541204095,0.0015304941916838288,0.9977487921714783
swin,2,2,1118,chfdb/chf08,chfdb/chf08,111,52000,CHF,NSR,8.126621833071113e-05,0.00022115427418611944,0.9996975660324097
swin,2,2,1119,chfdb/chf08,chfdb/chf08,111,60000,CHF,NSR,0.02026461437344551,0.02018958330154419,0.9595457315444946
swin,2,2,1130,chfdb/chf10,chfdb/chf10,113,8000,CHF,ARR,0.9974599480628967,0.002433655085042119,0.00010645746806403622
swin,2,2,1131,chfdb/chf10,chfdb/chf10,113,17000,CHF,CHF,6.165348895592615e-05,0.999869704246521,6.860255234641954e-05
swin,2,2,1132,chfdb/chf10,chfdb/chf10,113,26500,CHF,CHF,4.765183257404715e-05,0.9993795156478882,0.0005727960378862917
swin,2,2,1133,chfdb/chf10,chfdb/chf10,113,32500,CHF,CHF,0.0034851613454520702,0.9961666464805603,0.0003481320745777339
swin,2,2,1134,chfdb/chf10,chfdb/chf10,113,33000,CHF,CHF,0.00017529400065541267,0.9997805953025818,4.4079137296648696e-05
swin,2,2,1135,chfdb/chf10,chfdb/chf10,113,36500,CHF,ARR,0.9350886940956116,0.06477337330579758,0.00013792997924610972
swin,2,2,1136,chfdb/chf10,chfdb/chf10,113,47500,CHF,ARR,0.9745402932167053,0.025346750393509865,0.00011293032002868131
swin,2,2,1137,chfdb/chf10,chfdb/chf10,113,53500,CHF,CHF,7.332381210289896e-05,0.9998558759689331,7.076225301716477e-05
swin,2,2,1138,chfdb/chf10,chfdb/chf10,113,57000,CHF,CHF,0.04397786781191826,0.9558222889900208,0.00019988107669632882
swin,2,2,1139,chfdb/chf10,chfdb/chf10,113,58000,CHF,CHF,0.0004601484688464552,0.9994860887527466,5.3745574405184016e-05
swin,2,2,1150,chfdb/chf12,chfdb/chf12,115,1000,CHF,CHF,9.09640803001821e-05,0.9998495578765869,5.944149233982898e-05
swin,2,2,1151,chfdb/chf12,chfdb/chf12,115,5000,CHF,CHF,0.00010139329242520034,0.9998464584350586,5.216672070673667e-05
swin,2,2,1152,chfdb/chf12,chfdb/chf12,115,8000,CHF,CHF,0.0001789918023860082,0.9997686743736267,5.238025187281892e-05
swin,2,2,1153,chfdb/chf12,chfdb/chf12,115,8500,CHF,CHF,7.040989294182509e-05,0.9998650550842285,6.451871013268828e-05
swin,2,2,1154,chfdb/chf12,chfdb/chf12,115,16500,CHF,CHF,0.09535100311040878,0.9044811725616455,0.00016785836487542838
swin,2,2,1155,chfdb/chf12,chfdb/chf12,115,17000,CHF,CHF,7.330429798457772e-05,0.9998652935028076,6.13886077189818e-05
swin,2,2,1156,chfdb/chf12,chfdb/chf12,115,27500,CHF,CHF,6.123926868895069e-05,0.9998633861541748,7.530245784437284e-05
swin,2,2,1157,chfdb/chf12,chfdb/chf12,115,39500,CHF,CHF,0.0015427111648023129,0.9984221458435059,3.520730388117954e-05
swin,2,2,1158,chfdb/chf12,chfdb/chf12,115,47500,CHF,CHF,8.264136704383418e-05,0.999861478805542,5.584269456448965e-05
swin,2,2,1159,chfdb/chf12,chfdb/chf12,115,52000,CHF,CHF,0.002364028012380004,0.9976060390472412,2.993537054862827e-05
swin,2,2,1240,chfdb/chf08,chfdb/chf08,124,3000,CHF,ARR,0.9198840856552124,0.07920438796281815,0.0009115324355661869
swin,2,2,1241,chfdb/chf08,chfdb/chf08,124,8000,CHF,ARR,0.9997485280036926,5.2993244025856256e-05,0.00019838656589854509
swin,2,2,1242,chfdb/chf08,chfdb/chf08,124,10500,CHF,CHF,0.47707080841064453,0.5207362771034241,0.002192928222939372
swin,2,2,1243,chfdb/chf08,chfdb/chf08,124,16000,CHF,NSR,0.004909938666969538,0.2170645147562027,0.7780255079269409
swin,2,2,1244,chfdb/chf08,chfdb/chf08,124,17500,CHF,ARR,0.9996483325958252,0.00023258237342815846,0.00011908648593816906
swin,2,2,1245,chfdb/chf08,chfdb/chf08,124,40000,CHF,CHF,0.00011066749721067026,0.9998138546943665,7.555537740699947e-05
swin,2,2,1246,chfdb/chf08,chfdb/chf08,124,47500,CHF,CHF,0.0003082581388298422,0.9995916485786438,0.0001000758056761697
swin,2,2,1247,chfdb/chf08,chfdb/chf08,124,58000,CHF,CHF,0.015486093237996101,0.9804369807243347,0.004076916258782148
swin,2,2,1248,chfdb/chf08,chfdb/chf08,124,58500,CHF,CHF,0.03178504481911659,0.9677929878234863,0.00042193804983980954
swin,2,2,1249,chfdb/chf08,chfdb/chf08,124,64000,CHF,CHF,0.0018913180101662874,0.9978087544441223,0.0002998930576723069
swin,2,2,1290,nsrdb/18177,nsrdb/18177,129,20500,NSR,NSR,0.0001499852369306609,0.00015329477901104838,0.9996967315673828
swin,2,2,1291,nsrdb/18177,nsrdb/18177,129,24500,NSR,NSR,0.07689392566680908,0.00017162786389235407,0.9229344129562378
swin,2,2,1292,nsrdb/18177,nsrdb/18177,129,27000,NSR,NSR,4.564600021694787e-05,0.0001355382555630058,0.9998188614845276
swin,2,2,1293,nsrdb/18177,nsrdb/18177,129,29000,NSR,NSR,0.0015468744095414877,0.0006721292738802731,0.997780978679657
swin,2,2,1294,nsrdb/18177,nsrdb/18177,129,37500,NSR,NSR,7.039402407826856e-05,0.0001439807820133865,0.9997856020927429
swin,2,2,1295,nsrdb/18177,nsrdb/18177,129,38500,NSR,NSR,4.270916906534694e-05,0.0002097088872687891,0.9997475743293762
swin,2,2,1296,nsrdb/18177,nsrdb/18177,129,40500,NSR,NSR,3.422271765884943e-05,0.00032954555354081094,0.9996362924575806
swin,2,2,1297,nsrdb/18177,nsrdb/18177,129,42000,NSR,NSR,5.868677544640377e-05,0.00010772595123853534,0.9998335838317871
swin,2,2,1298,nsrdb/18177,nsrdb/18177,129,52500,NSR,NSR,0.00044164882274344563,0.000331374816596508,0.9992269277572632
swin,2,2,1299,nsrdb/18177,nsrdb/18177,129,60500,NSR,NSR,0.000141289594466798,7.394178828690201e-05,0.9997848868370056
swin,2,2,1300,nsrdb/18184,nsrdb/18184,130,2500,NSR,NSR,0.046838343143463135,0.0004465803212951869,0.9527150988578796
swin,2,2,1301,nsrdb/18184,nsrdb/18184,130,12000,NSR,NSR,6.013056918163784e-05,0.00011907432053703815,0.9998207688331604
swin,2,2,1302,nsrdb/18184,nsrdb/18184,130,16500,NSR,NSR,3.315509093226865e-05,0.00022858756710775197,0.9997382760047913
swin,2,2,1303,nsrdb/18184,nsrdb/18184,130,17000,NSR,NSR,4.277402695151977e-05,0.00016658828826621175,0.999790608882904
swin,2,2,1304,nsrdb/18184,nsrdb/18184,130,20000,NSR,NSR,0.0009267732966691256,0.0002757036709226668,0.9987974166870117
swin,2,2,1305,nsrdb/18184,nsrdb/18184,130,30000,NSR,NSR,3.459392246440984e-05,0.00020298438903409988,0.9997624754905701
swin,2,2,1306,nsrdb/18184,nsrdb/18184,130,44000,NSR,NSR,7.975279731908813e-05,7.850601832615212e-05,0.9998416900634766
swin,2,2,1307,nsrdb/18184,nsrdb/18184,130,45500,NSR,NSR,8.379571954719722e-05,9.710116137284786e-05,0.9998190999031067
swin,2,2,1308,nsrdb/18184,nsrdb/18184,130,47000,NSR,NSR,3.845190076390281e-05,0.000186522287549451,0.9997749924659729
swin,2,2,1309,nsrdb/18184,nsrdb/18184,130,48000,NSR,NSR,4.8850237362785265e-05,0.0001554515038151294,0.9997957348823547
swin,2,2,1410,nsrdb/16483,nsrdb/16483,141,500,NSR,NSR,0.054553158581256866,0.000551427248865366,0.9448954463005066
swin,2,2,1411,nsrdb/16483,nsrdb/16483,141,5500,NSR,ARR,0.9997183680534363,2.6057530703837983e-05,0.0002555266837589443
swin,2,2,1412,nsrdb/16483,nsrdb/16483,141,10500,NSR,CHF,0.0003967115480918437,0.9986862540245056,0.0009170676348730922
swin,2,2,1413,nsrdb/16483,nsrdb/16483,141,14500,NSR,CHF,0.005507249850779772,0.9944012761116028,9.146099910140038e-05
swin,2,2,1414,nsrdb/16483,nsrdb/16483,141,24500,NSR,ARR,0.6084861159324646,0.3891357183456421,0.0023781198542565107
swin,2,2,1415,nsrdb/16483,nsrdb/16483,141,26000,NSR,ARR,0.9819933176040649,0.0028711925260722637,0.01513555645942688
swin,2,2,1416,nsrdb/16483,nsrdb/16483,141,31000,NSR,ARR,0.5771499276161194,0.0030032938811928034,0.4198468327522278
swin,2,2,1417,nsrdb/16483,nsrdb/16483,141,35000,NSR,ARR,0.5534965395927429,0.4083917737007141,0.03811162710189819
swin,2,2,1418,nsrdb/16483,nsrdb/16483,141,44000,NSR,NSR,0.0014082965208217502,0.1277804672718048,0.8708112239837646
swin,2,2,1419,nsrdb/16483,nsrdb/16483,141,50000,NSR,NSR,7.469888805644587e-05,0.0003283846890553832,0.999596893787384
swin,2,2,1490,nsrdb/18177,nsrdb/18177,149,2000,NSR,ARR,0.6131299734115601,0.00025399375590495765,0.3866160213947296
swin,2,2,1491,nsrdb/18177,nsrdb/18177,149,23000,NSR,NSR,0.00015178538160398602,4.44605975644663e-05,0.9998037219047546
swin,2,2,1492,nsrdb/18177,nsrdb/18177,149,23500,NSR,NSR,0.00012548192171379924,5.184469046071172e-05,0.9998226761817932
swin,2,2,1493,nsrdb/18177,nsrdb/18177,149,28000,NSR,NSR,0.03251631557941437,0.00011426334822317585,0.9673694372177124
swin,2,2,1494,nsrdb/18177,nsrdb/18177,149,31500,NSR,NSR,0.24308860301971436,7.314625690924004e-05,0.7568382024765015
swin,2,2,1495,nsrdb/18177,nsrdb/18177,149,41500,NSR,NSR,6.527341611217707e-05,8.249618258560076e-05,0.999852180480957
swin,2,2,1496,nsrdb/18177,nsrdb/18177,149,45500,NSR,NSR,0.00014359335182234645,5.0139915401814505e-05,0.9998062252998352
swin,2,2,1497,nsrdb/18177,nsrdb/18177,149,50500,NSR,NSR,0.0005442557740025222,0.0003115443978458643,0.9991441965103149
swin,2,2,1498,nsrdb/18177,nsrdb/18177,149,53000,NSR,NSR,0.00013732162187807262,7.829277456039563e-05,0.9997844099998474
swin,2,2,1499,nsrdb/18177,nsrdb/18177,149,59500,NSR,NSR,7.018521864665672e-05,9.275844058720395e-05,0.9998370409011841
swin,2,2,1500,nsrdb/18184,nsrdb/18184,150,7000,NSR,NSR,3.5560577089199796e-05,0.000304575776681304,0.9996598958969116
swin,2,2,1501,nsrdb/18184,nsrdb/18184,150,12500,NSR,NSR,4.700354838860221e-05,0.000121993878565263,0.999830961227417
swin,2,2,1502,nsrdb/18184,nsrdb/18184,150,21000,NSR,NSR,6.382174615282565e-05,0.00010343487520003691,0.9998327493667603
swin,2,2,1503,nsrdb/18184,nsrdb/18184,150,22500,NSR,NSR,0.00044816252193413675,9.048673382494599e-05,0.9994614720344543
swin,2,2,1504,nsrdb/18184,nsrdb/18184,150,44500,NSR,NSR,0.00018304101831745356,7.589846063638106e-05,0.9997410178184509
swin,2,2,1505,nsrdb/18184,nsrdb/18184,150,50500,NSR,NSR,5.3709038184024394e-05,0.00011606651969486848,0.9998301267623901
swin,2,2,1506,nsrdb/18184,nsrdb/18184,150,56500,NSR,NSR,5.306768434820697e-05,0.00011455036292318255,0.9998323917388916
swin,2,2,1507,nsrdb/18184,nsrdb/18184,150,59500,NSR,NSR,9.918625437421724e-05,6.252216553548351e-05,0.9998382329940796
swin,2,2,1508,nsrdb/18184,nsrdb/18184,150,63000,NSR,NSR,6.952696276130155e-05,8.662437903694808e-05,0.9998438358306885
swin,2,2,1509,nsrdb/18184,nsrdb/18184,150,65000,NSR,NSR,9.134526771958917e-05,6.404756277333945e-05,0.9998446702957153
swin,2,2,1570,nsrdb/16483,nsrdb/16483,157,500,NSR,NSR,4.8710611736169085e-05,0.00014440117229241878,0.999806821346283
swin,2,2,1571,nsrdb/16483,nsrdb/16483,157,9500,NSR,NSR,3.666600241558626e-05,0.00019910668197553605,0.9997641444206238
swin,2,2,1572,nsrdb/16483,nsrdb/16483,157,11500,NSR,NSR,5.308376421453431e-05,0.00019305228488519788,0.9997538924217224
swin,2,2,1573,nsrdb/16483,nsrdb/16483,157,12000,NSR,NSR,0.0002002678666030988,0.00014578664558939636,0.9996539354324341
swin,2,2,1574,nsrdb/16483,nsrdb/16483,157,18500,NSR,NSR,4.658137186197564e-05,0.00014030076272320002,0.9998131394386292
swin,2,2,1575,nsrdb/16483,nsrdb/16483,157,35000,NSR,NSR,0.007623652461916208,0.0005797570920549333,0.9917964935302734
swin,2,2,1576,nsrdb/16483,nsrdb/16483,157,40500,NSR,NSR,9.035610128194094e-05,9.630362183088437e-05,0.9998133778572083
swin,2,2,1577,nsrdb/16483,nsrdb/16483,157,47000,NSR,NSR,3.6358589568408206e-05,0.0002085286396322772,0.9997550845146179
swin,2,2,1578,nsrdb/16483,nsrdb/16483,157,54500,NSR,NSR,3.1897016015136614e-05,0.0003183546650689095,0.9996497631072998
swin,2,2,1579,nsrdb/16483,nsrdb/16483,157,61000,NSR,NSR,2.8821466912631877e-05,0.0002968194312416017,0.9996743202209473
logistic,,3,70,mitdb/116,mitdb/116,7,3000,ARR,NSR,0.3913329541683197,0.0051179914735257626,0.603549063205719
logistic,,3,71,mitdb/116,mitdb/116,7,6500,ARR,NSR,0.2012312412261963,0.021907702088356018,0.7768610715866089
logistic,,3,72,mitdb/116,mitdb/116,7,12000,ARR,ARR,0.6630167365074158,0.13786396384239197,0.19911928474903107
logistic,,3,73,mitdb/116,mitdb/116,7,23000,ARR,NSR,0.27238550782203674,0.026085468009114265,0.7015290260314941
logistic,,3,74,mitdb/116,mitdb/116,7,32500,ARR,ARR,0.3964092433452606,0.30218520760536194,0.3014054596424103
logistic,,3,75,mitdb/116,mitdb/116,7,40000,ARR,NSR,0.3632841408252716,0.021460646763443947,0.6152552366256714
logistic,,3,76,mitdb/116,mitdb/116,7,40500,ARR,ARR,0.9194344282150269,0.02738361991941929,0.0531819611787796
logistic,,3,77,mitdb/116,mitdb/116,7,46500,ARR,NSR,0.09822310507297516,0.008450295776128769,0.8933265805244446
logistic,,3,78,mitdb/116,mitdb/116,7,50000,ARR,ARR,0.9562991261482239,0.0016219048993662,0.04207898676395416
logistic,,3,79,mitdb/116,mitdb/116,7,58000,ARR,NSR,0.16553440690040588,0.13748717308044434,0.6969784498214722
logistic,,3,130,mitdb/122,mitdb/122,13,8000,ARR,ARR,0.9996102452278137,0.00038976376526989043,3.2428033591713756e-08
logistic,,3,131,mitdb/122,mitdb/122,13,13000,ARR,ARR,0.990583062171936,0.009416951797902584,5.623026666512487e-08
logistic,,3,132,mitdb/122,mitdb/122,13,14000,ARR,ARR,0.9979549646377563,0.00204341858625412,1.5136258753045695e-06
logistic,,3,133,mitdb/122,mitdb/122,13,14500,ARR,ARR,0.99979168176651,0.0002083561703329906,9.257182576050127e-09
logistic,,3,134,mitdb/122,mitdb/122,13,15000,ARR,ARR,0.9990131855010986,0.000986812636256218,5.202344510735202e-08
logistic,,3,135,mitdb/122,mitdb/122,13,16000,ARR,ARR,0.9996668100357056,0.0003330706967972219,1.0962370566858226e-07
logistic,,3,136,mitdb/122,mitdb/122,13,17000,ARR,ARR,0.9993784427642822,0.0006215584580786526,1.1528580756703377e-08
logistic,,3,137,mitdb/122,mitdb/122,13,34000,ARR,ARR,0.9997872710227966,0.00021174033463466913,9.385137218487216e-07
logistic,,3,138,mitdb/122,mitdb/122,13,46500,ARR,ARR,0.9992726445198059,0.0007271727663464844,2.464580575178843e-07
logistic,,3,139,mitdb/122,mitdb/122,13,56500,ARR,ARR,0.9982923865318298,0.0017073971685022116,2.0894633223633718e-07
logistic,,3,160,mitdb/200,mitdb/200,16,4500,ARR,ARR,0.9779737591743469,0.021620970219373703,0.00040519857429899275
logistic,,3,161,mitdb/200,mitdb/200,16,6500,ARR,CHF,0.37786975502967834,0.6196046471595764,0.0025256045628339052
logistic,,3,162,mitdb/200,mitdb/200,16,16000,ARR,CHF,0.21200993657112122,0.7646281123161316,0.023361986503005028
logistic,,3,163,mitdb/200,mitdb/200,16,17000,ARR,ARR,0.7356027960777283,0.26387134194374084,0.0005258750170469284
logistic,,3,164,mitdb/200,mitdb/200,16,33000,ARR,ARR,0.9986940026283264,0.0012529348023235798,5.3144431149121374e-05
logistic,,3,165,mitdb/200,mitdb/200,16,40500,ARR,ARR,0.9811667799949646,0.018643420189619064,0.00018977795843966305
logistic,,3,166,mitdb/200,mitdb/200,16,41000,ARR,CHF,0.3819250464439392,0.6178399920463562,0.00023500964744016528
logistic,,3,167,mitdb/200,mitdb/200,16,45000,ARR,CHF,0.21021559834480286,0.7896090745925903,0.00017523489077575505
logistic,,3,168,mitdb/200,mitdb/200,16,60500,ARR,CHF,0.3796820044517517,0.5374428033828735,0.08287528902292252
logistic,,3,169,mitdb/200,mitdb/200,16,61500,ARR,ARR,0.9994958639144897,0.0005022759432904422,1.794755007722415e-06
logistic,,3,260,mitdb/212,mitdb/212,26,4000,ARR,ARR,0.9986483454704285,0.00016576077905483544,0.0011859952937811613
logistic,,3,261,mitdb/212,mitdb/212,26,5000,ARR,ARR,0.9944387674331665,3.371393177076243e-05,0.005527557339519262
logistic,,3,262,mitdb/212,mitdb/212,26,21000,ARR,ARR,0.9917439818382263,0.0002182732569053769,0.00803772360086441
logistic,,3,263,mitdb/212,mitdb/212,26,24500,ARR,ARR,0.9929733276367188,2.8465061404858716e-05,0.00699825631454587
logistic,,3,264,mitdb/212,mitdb/212,26,29500,ARR,ARR,0.984863817691803,0.0001500953221693635,0.014986096881330013
logistic,,3,265,mitdb/212,mitdb/212,26,33000,ARR,ARR,0.9942392110824585,0.00011615078255999833,0.005644650664180517
logistic,,3,266,mitdb/212,mitdb/212,26,34000,ARR,ARR,0.9737300872802734,0.0002848943113349378,0.025985009968280792
logistic,,3,267,mitdb/212,mitdb/212,26,53000,ARR,ARR,0.9451990127563477,0.05230546370148659,0.002495552645996213
logistic,,3,268,mitdb/212,mitdb/212,26,54500,ARR,ARR,0.9963843822479248,0.0014223086182028055,0.0021933503448963165
logistic,,3,269,mitdb/212,mitdb/212,26,56000,ARR,ARR,0.5518264770507812,0.16656138002872467,0.28161218762397766
logistic,,3,320,mitdb/220,mitdb/220,32,7000,ARR,NSR,0.011578740552067757,5.39287029823754e-05,0.9883673787117004
logistic,,3,321,mitdb/220,mitdb/220,32,16000,ARR,NSR,0.1665342003107071,0.0001318809372605756,0.8333339691162109
logistic,,3,322,mitdb/220,mitdb/220,32,33500,ARR,NSR,0.0669129490852356,0.0005450802855193615,0.9325420260429382
logistic,,3,323,mitdb/220,mitdb/220,32,34500,ARR,NSR,0.038205184042453766,0.00010236351226922125,0.9616925120353699
logistic,,3,324,mitdb/220,mitdb/220,32,39000,ARR,NSR,0.03604859486222267,6.223917444003746e-05,0.9638891816139221
logistic,,3,325,mitdb/220,mitdb/220,32,50000,ARR,ARR,0.5290371775627136,3.462397216935642e-05,0.47092822194099426
logistic,,3,326,mitdb/220,mitdb/220,32,51500,ARR,ARR,0.9111571311950684,0.005998821463435888,0.0828440710902214
logistic,,3,327,mitdb/220,mitdb/220,32,52000,ARR,NSR,0.027109310030937195,0.0039230166003108025,0.9689676761627197
logistic,,3,328,mitdb/220,mitdb/220,32,64500,ARR,NSR,0.39270085096359253,2.5229477614630014e-05,0.6072739362716675
logistic,,3,329,mitdb/220,mitdb/220,32,65000,ARR,NSR,0.020136957988142967,7.000587174843531e-06,0.979856014251709
logistic,,3,370,mitdb/228,mitdb/228,37,8500,ARR,ARR,0.9998847246170044,0.00011208294017706066,3.192154053976992e-06
logistic,,3,371,mitdb/228,mitdb/228,37,9000,ARR,ARR,0.9977846741676331,0.0015530218370258808,0.0006623184308409691
logistic,,3,372,mitdb/228,mitdb/228,37,10500,ARR,ARR,0.9967564940452576,0.003229832509532571,1.3696520909434184e-05
logistic,,3,373,mitdb/228,mitdb/228,37,11000,ARR,ARR,0.9907822012901306,0.00917290709912777,4.485618046601303e-05
logistic,,3,374,mitdb/228,mitdb/228,37,20000,ARR,ARR,0.999919056892395,7.414506399072707e-05,6.84662290950655e-06
logistic,,3,375,mitdb/228,mitdb/228,37,22000,ARR,ARR,0.9997288584709167,0.00025840094895102084,1.2808027349819895e-05
logistic,,3,376,mitdb/228,mitdb/228,37,36500,ARR,ARR,0.5299649238586426,0.46783211827278137,0.0022028919775038958
logistic,,3,377,mitdb/228,mitdb/228,37,43000,ARR,ARR,0.9994617104530334,0.0005054674693383276,3.2866213587112725e-05
logistic,,3,378,mitdb/228,mitdb/228,37,43500,ARR,ARR,0.8778481483459473,0.12163232266902924,0.0005195391131564975
logistic,,3,379,mitdb/228,mitdb/228,37,57500,ARR,ARR,0.9986382126808167,0.0012664907844737172,9.522421169094741e-05
logistic,,3,380,mitdb/230,mitdb/230,38,1000,ARR,ARR,0.6458564400672913,0.10538527369499207,0.2487582266330719
logistic,,3,381,mitdb/230,mitdb/230,38,4500,ARR,ARR,0.7785747647285461,0.00580562511458993,0.21561959385871887
logistic,,3,382,mitdb/230,mitdb/230,38,14000,ARR,ARR,0.8777239322662354,0.006492627318948507,0.11578340083360672
logistic,,3,383,mitdb/230,mitdb/230,38,16000,ARR,ARR,0.8554027676582336,0.0018032212974503636,0.14279402792453766
logistic,,3,384,mitdb/230,mitdb/230,38,18000,ARR,ARR,0.518326461315155,0.2625642716884613,0.21910934150218964
logistic,,3,385,mitdb/230,mitdb/230,38,29500,ARR,ARR,0.43738287687301636,0.14292363822460175,0.41969355940818787
logistic,,3,386,mitdb/230,mitdb/230,38,35500,ARR,NSR,0.05428504943847656,0.44324764609336853,0.5024672746658325
logistic,,3,387,mitdb/230,mitdb/230,38,41000,ARR,ARR,0.7346557378768921,0.02697424218058586,0.23837004601955414
logistic,,3,388,mitdb/230,mitdb/230,38,54000,ARR,ARR,0.5448629260063171,0.0026749330572783947,0.45246216654777527
logistic,,3,389,mitdb/230,mitdb/230,38,56500,ARR,ARR,0.6293843984603882,0.006925731431692839,0.3636898398399353
logistic,,3,420,mitdb/234,mitdb/234,42,0,ARR,ARR,0.676089346408844,0.32360169291496277,0.0003089433303102851
logistic,,3,421,mitdb/234,mitdb/234,42,6000,ARR,CHF,0.3077366352081299,0.5801172256469727,0.1121460497379303
logistic,,3,422,mitdb/234,mitdb/234,42,9000,ARR,ARR,0.6636912226676941,0.33359599113464355,0.0027127345092594624
logistic,,3,423,mitdb/234,mitdb/234,42,12500,ARR,CHF,0.48291778564453125,0.512588620185852,0.004493592772632837
logistic,,3,424,mitdb/234,mitdb/234,42,21500,ARR,ARR,0.9783980846405029,0.020844845101237297,0.0007571163587272167
logistic,,3,425,mitdb/234,mitdb/234,42,24000,ARR,CHF,0.1820370852947235,0.8110299706459045,0.006932936608791351
logistic,,3,426,mitdb/234,mitdb/234,42,57000,ARR,CHF,0.041390419006347656,0.8310626149177551,0.12754695117473602
logistic,,3,427,mitdb/234,mitdb/234,42,57500,ARR,CHF,0.2807088792324066,0.689896285533905,0.029394902288913727
logistic,,3,428,mitdb/234,mitdb/234,42,59500,ARR,ARR,0.8345382809638977,0.15181981027126312,0.013641871511936188
logistic,,3,429,mitdb/234,mitdb/234,42,63000,ARR,CHF,0.32457950711250305,0.6753003001213074,0.00012015244283247739
logistic,,3,490,mitdb/105,mitdb/105,49,7000,ARR,ARR,0.9399392604827881,0.011275386437773705,0.04878538101911545
logistic,,3,491,mitdb/105,mitdb/105,49,9500,ARR,ARR,0.9559516906738281,0.04275331273674965,0.0012950531672686338
logistic,,3,492,mitdb/105,mitdb/105,49,11500,ARR,CHF,0.20888711512088776,0.5271900296211243,0.2639228105545044
logistic,,3,493,mitdb/105,mitdb/105,49,25000,ARR,ARR,0.9771456718444824,0.020282603800296783,0.002571796765550971
logistic,,3,494,mitdb/105,mitdb/105,49,32000,ARR,ARR,0.9214586019515991,0.0773598849773407,0.0011814814060926437
logistic,,3,495,mitdb/105,mitdb/105,49,37000,ARR,CHF,0.11817047744989395,0.8768349289894104,0.00499456562101841
logistic,,3,496,mitdb/105,mitdb/105,49,38500,ARR,ARR,0.9474325180053711,0.03527195379137993,0.017295559868216515
logistic,,3,497,mitdb/105,mitdb/105,49,48000,ARR,ARR,0.963816225528717,0.03024807944893837,0.005935801658779383
logistic,,3,498,mitdb/105,mitdb/105,49,53000,ARR,ARR,0.9886937737464905,0.004107961896806955,0.007198232226073742
logistic,,3,499,mitdb/105,mitdb/105,49,62000,ARR,ARR,0.9941601753234863,0.005111612845212221,0.0007283112499862909
logistic,,3,550,mitdb/105,mitdb/105,55,500,ARR,ARR,0.7003024220466614,0.23132893443107605,0.06836864352226257
logistic,,3,551,mitdb/105,mitdb/105,55,8500,ARR,CHF,0.20700287818908691,0.7922572493553162,0.0007399180321954191
logistic,,3,552,mitdb/105,mitdb/105,55,13500,ARR,ARR,0.624076247215271,0.37294307351112366,0.002980667632073164
logistic,,3,553,mitdb/105,mitdb/105,55,15000,ARR,CHF,0.12070882320404053,0.8691339492797852,0.010157227516174316
logistic,,3,554,mitdb/105,mitdb/105,55,21000,ARR,ARR,0.5268044471740723,0.47186335921287537,0.0013321898877620697
logistic,,3,555,mitdb/105,mitdb/105,55,27000,ARR,CHF,0.4502872824668884,0.5495529174804688,0.00015976779104676098
logistic,,3,556,mitdb/105,mitdb/105,55,29000,ARR,CHF,0.007432607002556324,0.9921712875366211,0.00039604780613444746
logistic,,3,557,mitdb/105,mitdb/105,55,37500,ARR,CHF,0.008827886544167995,0.9911110997200012,6.0950966144446284e-05
logistic,,3,558,mitdb/105,mitdb/105,55,39500,ARR,ARR,0.8348546624183655,0.1624152958393097,0.002730024280026555
logistic,,3,559,mitdb/105,mitdb/105,55,48500,ARR,CHF,0.0029921671375632286,0.9964156150817871,0.0005922042764723301
logistic,,3,600,mitdb/116,mitdb/116,60,4000,ARR,ARR,0.9899336695671082,0.00961487740278244,0.00045134895481169224
logistic,,3,601,mitdb/116,mitdb/116,60,13500,ARR,ARR,0.9998718500137329,0.00012167747627245262,6.468120318459114e-06
logistic,,3,602,mitdb/116,mitdb/116,60,14500,ARR,ARR,0.9991375207901001,0.0006036995910108089,0.0002587334893178195
logistic,,3,603,mitdb/116,mitdb/116,60,17000,ARR,ARR,0.990801990032196,0.009182463400065899,1.5570021787425503e-05
logistic,,3,604,mitdb/116,mitdb/116,60,22500,ARR,ARR,0.9984812140464783,0.0013753025559708476,0.00014358862244989723
logistic,,3,605,mitdb/116,mitdb/116,60,23000,ARR,ARR,0.9994897842407227,0.0004797418077941984,3.0512697776430286e-05
logistic,,3,606,mitdb/116,mitdb/116,60,27500,ARR,ARR,0.9983443021774292,0.0014630223158746958,0.00019273653742857277
logistic,,3,607,mitdb/116,mitdb/116,60,29500,ARR,ARR,0.9851424098014832,0.014825446531176567,3.2220210414379835e-05
logistic,,3,608,mitdb/116,mitdb/116,60,61500,ARR,ARR,0.9999850988388062,1.4031945283932146e-05,8.077660709204793e-07
logistic,,3,609,mitdb/116,mitdb/116,60,64500,ARR,ARR,0.9943268895149231,0.005344918929040432,0.0003281802637502551
logistic,,3,650,mitdb/122,mitdb/122,65,3500,ARR,ARR,0.9993014335632324,4.5119531932868995e-06,0.0006940776947885752
logistic,,3,651,mitdb/122,mitdb/122,65,8500,ARR,ARR,0.9576295614242554,0.0001087021519197151,0.04226178303360939
logistic,,3,652,mitdb/122,mitdb/122,65,14000,ARR,ARR,0.7548184990882874,0.0006228327401913702,0.244558647274971
logistic,,3,653,mitdb/122,mitdb/122,65,15000,ARR,ARR,0.9924328327178955,0.00035075104096904397,0.007216406054794788
logistic,,3,654,mitdb/122,mitdb/122,65,27500,ARR,ARR,0.9461715817451477,0.0017375510651618242,0.05209080129861832
logistic,,3,655,mitdb/122,mitdb/122,65,29500,ARR,ARR,0.9776265621185303,0.0008345161331817508,0.021538831293582916
logistic,,3,656,mitdb/122,mitdb/122,65,36000,ARR,ARR,0.9996732473373413,3.308067243779078e-05,0.0002936356468126178
logistic,,3,657,mitdb/122,mitdb/122,65,42500,ARR,ARR,0.9094287157058716,0.005041493568569422,0.08552972227334976
logistic,,3,658,mitdb/122,mitdb/122,65,45500,ARR,ARR,0.9996507167816162,1.038110440276796e-05,0.00033892682404257357
logistic,,3,659,mitdb/122,mitdb/122,65,47000,ARR,ARR,0.9616026282310486,0.00024337839568033814,0.03815402090549469
logistic,,3,690,mitdb/200,mitdb/200,69,500,ARR,ARR,0.9979731440544128,0.0020265609491616488,2.644188441536244e-07
logistic,,3,691,mitdb/200,mitdb/200,69,4000,ARR,ARR,0.9984585046768188,0.0015415430534631014,6.616571734952004e-09
logistic,,3,692,mitdb/200,mitdb/200,69,4500,ARR,ARR,0.9971303343772888,0.002869699150323868,8.246341387518896e-09
logistic,,3,693,mitdb/200,mitdb/200,69,18500,ARR,ARR,0.999975323677063,2.4632228814880364e-05,6.573099398110571e-09
logistic,,3,694,mitdb/200,mitdb/200,69,26000,ARR,ARR,0.9999147653579712,8.51747827255167e-05,9.554922408838706e-10
logistic,,3,695,mitdb/200,mitdb/200,69,26500,ARR,ARR,0.9994832277297974,0.0005155758117325604,1.2065729606547393e-06
logistic,,3,696,mitdb/200,mitdb/200,69,37000,ARR,ARR,0.9985853433609009,0.0014147352194413543,4.538241782370278e-09
logistic,,3,697,mitdb/200,mitdb/200,69,54000,ARR,ARR,0.9997599720954895,0.00021171699336264282,2.840237539203372e-05
logistic,,3,698,mitdb/200,mitdb/200,69,59000,ARR,ARR,0.9998886585235596,6.57321943435818e-05,4.5669523387914523e-05
logistic,,3,699,mitdb/200,mitdb/200,69,64500,ARR,ARR,0.9992347955703735,0.0007216327358037233,4.363875632407144e-05
logistic,,3,790,mitdb/212,mitdb/212,79,8500,ARR,ARR,0.9282450675964355,0.00011176692351000383,0.0716431736946106
logistic,,3,791,mitdb/212,mitdb/212,79,15000,ARR,ARR,0.9691604375839233,0.00014406224363483489,0.030695434659719467
logistic,,3,792,mitdb/212,mitdb/212,79,19000,ARR,ARR,0.8773488402366638,8.751743735047057e-05,0.12256359308958054
logistic,,3,793,mitdb/212,mitdb/212,79,34500,ARR,ARR,0.9999943971633911,3.514086529321503e-06,2.090690259137773e-06
logistic,,3,794,mitdb/212,mitdb/212,79,47500,ARR,ARR,0.997368574142456,0.0008083282154984772,0.0018230502028018236
logistic,,3,795,mitdb/212,mitdb/212,79,51500,ARR,ARR,0.9998840093612671,7.952770101837814e-05,3.645630204118788e-05
logistic,,3,796,mitdb/212,mitdb/212,79,54000,ARR,ARR,0.9992475509643555,0.00070749077713117,4.50327352155e-05
logistic,,3,797,mitdb/212,mitdb/212,79,61000,ARR,ARR,0.9988095760345459,0.0010514172026887536,0.00013903219951316714
logistic,,3,798,mitdb/212,mitdb/212,79,62500,ARR,ARR,0.996541440486908,0.0017307683592662215,0.001727739698253572
logistic,,3,799,mitdb/212,mitdb/212,79,63000,ARR,ARR,0.9999221563339233,7.521866064053029e-05,2.592183363958611e-06
logistic,,3,850,mitdb/220,mitdb/220,85,1000,ARR,ARR,0.9946942925453186,0.002635855693370104,0.002669883193448186
logistic,,3,851,mitdb/220,mitdb/220,85,11500,ARR,ARR,0.6493381857872009,0.27595213055610657,0.07470964640378952
logistic,,3,852,mitdb/220,mitdb/220,85,14000,ARR,ARR,0.9647326469421387,0.027185043320059776,0.00808234978467226
logistic,,3,853,mitdb/220,mitdb/220,85,19500,ARR,ARR,0.9922381043434143,0.0026957218069583178,0.005066261161118746
logistic,,3,854,mitdb/220,mitdb/220,85,23500,ARR,ARR,0.6314444541931152,0.0034111200366169214,0.36514443159103394
logistic,,3,855,mitdb/220,mitdb/220,85,27000,ARR,ARR,0.9764940142631531,0.001631677383556962,0.02187424711883068
logistic,,3,856,mitdb/220,mitdb/220,85,30500,ARR,ARR,0.9967665672302246,0.0003871135413646698,0.002846264513209462
logistic,,3,857,mitdb/220,mitdb/220,85,35000,ARR,ARR,0.8968289494514465,0.0064060562290251255,0.09676492214202881
logistic,,3,858,mitdb/220,mitdb/220,85,41000,ARR,ARR,0.8463618755340576,0.003079644637182355,0.1505584865808487
logistic,,3,859,mitdb/220,mitdb/220,85,53000,ARR,ARR,0.9823334217071533,0.004570845980197191,0.01309568528085947
logistic,,3,900,mitdb/228,mitdb/228,90,0,ARR,ARR,0.948445737361908,0.0009448629571124911,0.05060941353440285
logistic,,3,901,mitdb/228,mitdb/228,90,16000,ARR,ARR,0.9964165687561035,0.00034296337980777025,0.003240494756028056
logistic,,3,902,mitdb/228,mitdb/228,90,16500,ARR,ARR,0.9996896982192993,5.8965546486433595e-05,0.00025135837495326996
logistic,,3,903,mitdb/228,mitdb/228,90,19000,ARR,ARR,0.9971889853477478,3.6950885260012e-05,0.0027740797959268093
logistic,,3,904,mitdb/228,mitdb/228,90,21500,ARR,ARR,0.999883770942688,4.7784531489014626e-05,6.836878310423344e-05
logistic,,3,905,mitdb/228,mitdb/228,90,39000,ARR,ARR,0.9133040308952332,0.06736844778060913,0.019327474758028984
logistic,,3,906,mitdb/228,mitdb/228,90,39500,ARR,ARR,0.9850547313690186,0.0053681880235672,0.009577051736414433
logistic,,3,907,mitdb/228,mitdb/228,90,40500,ARR,ARR,0.9805285334587097,0.00822338555008173,0.01124807633459568
logistic,,3,908,mitdb/228,mitdb/228,90,42000,ARR,ARR,0.9953823685646057,0.0032995243091136217,0.0013180422829464078
logistic,,3,909,mitdb/228,mitdb/228,90,57500,ARR,ARR,0.752473771572113,0.0009668853017501533,0.246559277176857
logistic,,3,910,mitdb/230,mitdb/230,91,6500,ARR,ARR,0.992605447769165,0.007383557502180338,1.10576565930387e-05
logistic,,3,911,mitdb/230,mitdb/230,91,29000,ARR,ARR,0.63568115234375,0.3616321384906769,0.0026867855340242386
logistic,,3,912,mitdb/230,mitdb/230,91,32000,ARR,ARR,0.984129786491394,0.015860185027122498,1.009435800369829e-05
logistic,,3,913,mitdb/230,mitdb/230,91,34500,ARR,CHF,0.12894342839717865,0.8709600567817688,9.652929293224588e-05
logistic,,3,914,mitdb/230,mitdb/230,91,37000,ARR,ARR,0.9111834168434143,0.0681060329079628,0.020710553973913193
logistic,,3,915,mitdb/230,mitdb/230,91,40500,ARR,ARR,0.9973843693733215,0.0024031975772231817,0.00021246525284368545
logistic,,3,916,mitdb/230,mitdb/230,91,45000,ARR,ARR,0.9294411540031433,0.07017610222101212,0.0003826947067864239
logistic,,3,917,mitdb/230,mitdb/230,91,54000,ARR,ARR,0.9960651993751526,0.0032769055105745792,0.0006579382461495697
logistic,,3,918,mitdb/230,mitdb/230,91,54500,ARR,ARR,0.9965901374816895,0.0033400454558432102,6.98339645168744e-05
logistic,,3,919,mitdb/230,mitdb/230,91,58000,ARR,ARR,0.9590864181518555,0.04064725339412689,0.00026641288422979414
logistic,,3,950,mitdb/234,mitdb/234,95,20500,ARR,ARR,0.9980258941650391,0.0014282132033258677,0.000545912713278085
logistic,,3,951,mitdb/234,mitdb/234,95,22500,ARR,ARR,0.9990405440330505,0.0002629496739245951,0.0006964080967009068
logistic,,3,952,mitdb/234,mitdb/234,95,24500,ARR,ARR,0.9999860525131226,1.2007357327092905e-05,1.955716470547486e-06
logistic,,3,953,mitdb/234,mitdb/234,95,27500,ARR,ARR,0.9792321920394897,0.004325804300606251,0.016441991552710533
logistic,,3,954,mitdb/234,mitdb/234,95,30500,ARR,ARR,0.9999939203262329,3.348018253745977e-06,2.756490403044154e-06
logistic,,3,955,mitdb/234,mitdb/234,95,35500,ARR,ARR,0.9965528249740601,0.0002500721311662346,0.0031970608979463577
logistic,,3,956,mitdb/234,mitdb/234,95,37500,ARR,ARR,0.9991338849067688,0.0005046621081419289,0.0003614280140027404
logistic,,3,957,mitdb/234,mitdb/234,95,48000,ARR,ARR,0.9973819851875305,0.0019636366050690413,0.0006543570198118687
logistic,,3,958,mitdb/234,mitdb/234,95,48500,ARR,ARR,0.999299168586731,0.00020569819025695324,0.0004950721631757915
logistic,,3,959,mitdb/234,mitdb/234,95,56000,ARR,ARR,0.9989448189735413,0.0005767348338849843,0.0004784882185049355
logistic,,3,1020,chfdb/chf15,chfdb/chf15,102,14000,CHF,ARR,0.9996414184570312,0.0003559330361895263,2.6785817226482322e-06
logistic,,3,1021,chfdb/chf15,chfdb/chf15,102,19500,CHF,CHF,0.0012356992810964584,0.9987634420394897,8.899286854102684e-07
logistic,,3,1022,chfdb/chf15,chfdb/chf15,102,32500,CHF,CHF,0.00022232136689126492,0.9997777342796326,1.520900383411572e-08
logistic,,3,1023,chfdb/chf15,chfdb/chf15,102,35500,CHF,ARR,0.9938627481460571,0.0061370995827019215,1.0702039077159498e-07
logistic,,3,1024,chfdb/chf15,chfdb/chf15,102,38500,CHF,CHF,0.0008202244061976671,0.9991740584373474,5.697317192243645e-06
logistic,,3,1025,chfdb/chf15,chfdb/chf15,102,39000,CHF,ARR,0.5612151026725769,0.4387500584125519,3.477910649962723e-05
logistic,,3,1026,chfdb/chf15,chfdb/chf15,102,44000,CHF,CHF,0.00574958510696888,0.9942424893379211,7.975650987646077e-06
logistic,,3,1027,chfdb/chf15,chfdb/chf15,102,50500,CHF,CHF,0.0008781160577200353,0.9991119503974915,9.921230230247602e-06
logistic,,3,1028,chfdb/chf15,chfdb/chf15,102,52500,CHF,CHF,0.016333099454641342,0.9836597442626953,7.201189873740077e-06
logistic,,3,1029,chfdb/chf15,chfdb/chf15,102,57500,CHF,CHF,0.03176570683717728,0.9682152271270752,1.9004635760211386e-05
logistic,,3,1090,chfdb/chf06,chfdb/chf06,109,8500,CHF,NSR,0.008608614094555378,0.25019627809524536,0.7411951422691345
logistic,,3,1091,chfdb/chf06,chfdb/chf06,109,14000,CHF,CHF,0.42142221331596375,0.47761812806129456,0.10095960646867752
logistic,,3,1092,chfdb/chf06,chfdb/chf06,109,15500,CHF,CHF,0.11680203676223755,0.8673171997070312,0.015880780294537544
logistic,,3,1093,chfdb/chf06,chfdb/chf06,109,19000,CHF,CHF,0.006994463969022036,0.5650728940963745,0.42793264985084534
logistic,,3,1094,chfdb/chf06,chfdb/chf06,109,28500,CHF,CHF,0.02402346208691597,0.583508312702179,0.39246824383735657
logistic,,3,1095,chfdb/chf06,chfdb/chf06,109,33500,CHF,CHF,0.003502937965095043,0.9418526887893677,0.054644327610731125
logistic,,3,1096,chfdb/chf06,chfdb/chf06,109,35000,CHF,NSR,0.026201654225587845,0.3933631479740143,0.5804352164268494
logistic,,3,1097,chfdb/chf06,chfdb/chf06,109,45500,CHF,CHF,0.3810015618801117,0.6085972189903259,0.010401261039078236
logistic,,3,1098,chfdb/chf06,chfdb/chf06,109,50500,CHF,ARR,0.9957308173179626,0.0031407359056174755,0.0011284388601779938
logistic,,3,1099,chfdb/chf06,chfdb/chf06,109,64500,CHF,CHF,0.129835307598114,0.8664963841438293,0.003668268211185932
logistic,,3,1100,chfdb/chf07,chfdb/chf07,110,7000,CHF,NSR,0.054782088845968246,0.36745843291282654,0.5777595043182373
logistic,,3,1101,chfdb/chf07,chfdb/chf07,110,9000,CHF,CHF,0.006822580937296152,0.7104213237762451,0.28275611996650696
logistic,,3,1102,chfdb/chf07,chfdb/chf07,110,14000,CHF,NSR,0.008363377302885056,0.13673193752765656,0.8549047112464905
logistic,,3,1103,chfdb/chf07,chfdb/chf07,110,19000,CHF,NSR,0.013230087235569954,0.12538954615592957,0.861380398273468
logistic,,3,1104,chfdb/chf07,chfdb/chf07,110,28500,CHF,CHF,0.007459474727511406,0.8486043214797974,0.14393629133701324
logistic,,3,1105,chfdb/chf07,chfdb/chf07,110,36000,CHF,NSR,0.12286008894443512,0.37931543588638306,0.49782446026802063
logistic,,3,1106,chfdb/chf07,chfdb/chf07,110,40000,CHF,CHF,0.23306255042552948,0.5109468698501587,0.2559906244277954
logistic,,3,1107,chfdb/chf07,chfdb/chf07,110,41000,CHF,CHF,0.4692886173725128,0.4768049716949463,0.053906407207250595
logistic,,3,1108,chfdb/chf07,chfdb/chf07,110,48500,CHF,NSR,0.0009879980934783816,0.11076198518276215,0.8882499933242798
logistic,,3,1109,chfdb/chf07,chfdb/chf07,110,60000,CHF,NSR,0.006742693483829498,0.2708480656147003,0.7224093079566956
logistic,,3,1190,chfdb/chf15,chfdb/chf15,119,20000,CHF,CHF,0.03064385987818241,0.7581770420074463,0.21117909252643585
logistic,,3,1191,chfdb/chf15,chfdb/chf15,119,21000,CHF,NSR,0.027742864564061165,0.2982299029827118,0.6740272641181946
logistic,,3,1192,chfdb/chf15,chfdb/chf15,119,34000,CHF,NSR,0.09807559102773666,0.4393315315246582,0.46259286999702454
logistic,,3,1193,chfdb/chf15,chfdb/chf15,119,40500,CHF,CHF,0.11309026181697845,0.4905182719230652,0.39639151096343994
logistic,,3,1194,chfdb/chf15,chfdb/chf15,119,42500,CHF,NSR,0.046595849096775055,0.4022443890571594,0.5511597394943237
logistic,,3,1195,chfdb/chf15,chfdb/chf15,119,44500,CHF,NSR,0.010049919597804546,0.21989841759204865,0.7700515985488892
logistic,,3,1196,chfdb/chf15,chfdb/chf15,119,58500,CHF,NSR,0.06051988527178764,0.032439224421978,0.9070408940315247
logistic,,3,1197,chfdb/chf15,chfdb/chf15,119,60500,CHF,CHF,0.02097964473068714,0.6465157270431519,0.33250463008880615
logistic,,3,1198,chfdb/chf15,chfdb/chf15,119,61500,CHF,NSR,0.056434594094753265,0.31495359539985657,0.6286118030548096
logistic,,3,1199,chfdb/chf15,chfdb/chf15,119,62000,CHF,NSR,0.02402382530272007,0.18926970660686493,0.7867063879966736
logistic,,3,1220,chfdb/chf06,chfdb/chf06,122,5000,CHF,CHF,0.013869796879589558,0.9834868907928467,0.0026433307211846113
logistic,,3,1221,chfdb/chf06,chfdb/chf06,122,18000,CHF,CHF,0.030861517414450645,0.941338300704956,0.02780018001794815
logistic,,3,1222,chfdb/chf06,chfdb/chf06,122,20000,CHF,CHF,0.03630898892879486,0.9569873809814453,0.006703508086502552
logistic,,3,1223,chfdb/chf06,chfdb/chf06,122,21000,CHF,CHF,0.11603327095508575,0.7278082370758057,0.1561584770679474
logistic,,3,1224,chfdb/chf06,chfdb/chf06,122,34000,CHF,CHF,0.0062169176526367664,0.9936303496360779,0.00015264553076121956
logistic,,3,1225,chfdb/chf06,chfdb/chf06,122,39500,CHF,CHF,0.038845133036375046,0.9606377482414246,0.0005170312942937016
logistic,,3,1226,chfdb/chf06,chfdb/chf06,122,42500,CHF,CHF,0.01260635070502758,0.9870702028274536,0.00032341392943635583
logistic,,3,1227,chfdb/chf06,chfdb/chf06,122,53000,CHF,CHF,0.2972155809402466,0.6780373454093933,0.024747172370553017
logistic,,3,1228,chfdb/chf06,chfdb/chf06,122,57500,CHF,CHF,0.01044841855764389,0.9406927824020386,0.048858754336833954
logistic,,3,1229,chfdb/chf06,chfdb/chf06,122,59000,CHF,CHF,0.04800279438495636,0.8536027669906616,0.09839441627264023
logistic,,3,1230,chfdb/chf07,chfdb/chf07,123,6000,CHF,NSR,0.07742441445589066,0.4164189100265503,0.5061566233634949
logistic,,3,1231,chfdb/chf07,chfdb/chf07,123,6500,CHF,NSR,0.011310797184705734,0.001469508744776249,0.9872196912765503
logistic,,3,1232,chfdb/chf07,chfdb/chf07,123,20500,CHF,NSR,0.010653024539351463,0.020874522626399994,0.968472421169281
logistic,,3,1233,chfdb/chf07,chfdb/chf07,123,28500,CHF,NSR,0.0059883915819227695,0.0027186572551727295,0.9912928938865662
logistic,,3,1234,chfdb/chf07,chfdb/chf07,123,31500,CHF,NSR,0.06979506462812424,0.010037320666015148,0.9201676249504089
logistic,,3,1235,chfdb/chf07,chfdb/chf07,123,34500,CHF,NSR,0.005748933181166649,0.00043541440390981734,0.9938156604766846
logistic,,3,1236,chfdb/chf07,chfdb/chf07,123,39500,CHF,NSR,0.004573891870677471,0.0041869040578603745,0.9912392497062683
logistic,,3,1237,chfdb/chf07,chfdb/chf07,123,50500,CHF,NSR,0.018491297960281372,0.0010914737358689308,0.9804172515869141
logistic,,3,1238,chfdb/chf07,chfdb/chf07,123,51000,CHF,NSR,0.12363792955875397,0.005448024719953537,0.870914101600647
logistic,,3,1239,chfdb/chf07,chfdb/chf07,123,59500,CHF,NSR,0.004094933159649372,0.12013386189937592,0.8757712244987488
logistic,,3,1370,nsrdb/16272,nsrdb/16272,137,5000,NSR,NSR,0.0009766556322574615,3.992302310962259e-07,0.9990229606628418
logistic,,3,1371,nsrdb/16272,nsrdb/16272,137,8500,NSR,NSR,0.02188766933977604,3.411008947296068e-06,0.9781088829040527
logistic,,3,1372,nsrdb/16272,nsrdb/16272,137,20000,NSR,NSR,0.0692761167883873,0.0004989047301933169,0.9302250146865845
logistic,,3,1373,nsrdb/16272,nsrdb/16272,137,21000,NSR,NSR,0.26060476899147034,3.5692958135769004e-06,0.7393916249275208
logistic,,3,1374,nsrdb/16272,nsrdb/16272,137,31000,NSR,NSR,0.0055410126224160194,1.0474994269316085e-05,0.9944485425949097
logistic,,3,1375,nsrdb/16272,nsrdb/16272,137,36000,NSR,NSR,0.06704455614089966,1.5418140719702933e-06,0.9329538345336914
logistic,,3,1376,nsrdb/16272,nsrdb/16272,137,38000,NSR,NSR,0.017027515918016434,0.0004672946815844625,0.982505202293396
logistic,,3,1377,nsrdb/16272,nsrdb/16272,137,51000,NSR,NSR,0.051828060299158096,0.00011766733223339543,0.9480542540550232
logistic,,3,1378,nsrdb/16272,nsrdb/16272,137,59000,NSR,NSR,0.03509178012609482,4.2905641748802736e-05,0.9648653864860535
logistic,,3,1379,nsrdb/16272,nsrdb/16272,137,60500,NSR,NSR,0.003664076328277588,6.3042898545973e-05,0.9962729215621948
logistic,,3,1380,nsrdb/16272,nsrdb/16272,138,5500,NSR,ARR,0.9896692633628845,0.00021792427287437022,0.010112847201526165
logistic,,3,1381,nsrdb/16272,nsrdb/16272,138,16000,NSR,NSR,0.13536949455738068,0.12115908414125443,0.7434715032577515
logistic,,3,1382,nsrdb/16272,nsrdb/16272,138,19500,NSR,ARR,0.7042454481124878,0.004226576536893845,0.2915278971195221
logistic,,3,1383,nsrdb/16272,nsrdb/16272,138,20500,NSR,ARR,0.9751104712486267,0.006535795517265797,0.01835373230278492
logistic,,3,1384,nsrdb/16272,nsrdb/16272,138,30000,NSR,ARR,0.9529712796211243,0.04333352670073509,0.003695216728374362
logistic,,3,1385,nsrdb/16272,nsrdb/16272,138,32000,NSR,ARR,0.7765964269638062,0.013480152934789658,0.20992347598075867
logistic,,3,1386,nsrdb/16272,nsrdb/16272,138,36500,NSR,ARR,0.6378500461578369,0.010756151750683784,0.35139384865760803
logistic,,3,1387,nsrdb/16272,nsrdb/16272,138,42000,NSR,NSR,0.033795129507780075,0.14316964149475098,0.8230352401733398
logistic,,3,1388,nsrdb/16272,nsrdb/16272,138,54000,NSR,NSR,0.0031138374470174313,0.01483259629458189,0.9820535182952881
logistic,,3,1389,nsrdb/16272,nsrdb/16272,138,55500,NSR,NSR,0.014224588871002197,0.0023611385840922594,0.9834142327308655
logistic,,3,1390,nsrdb/16273,nsrdb/16273,139,2500,NSR,NSR,1.1595890100579709e-05,6.388880865415558e-05,0.9999245405197144
logistic,,3,1391,nsrdb/16273,nsrdb/16273,139,3000,NSR,NSR,9.004851017380133e-05,0.0008005742565728724,0.9991093277931213
logistic,,3,1392,nsrdb/16273,nsrdb/16273,139,5000,NSR,NSR,9.144237264990807e-05,0.00013904814841225743,0.9997695088386536
logistic,,3,1393,nsrdb/16273,nsrdb/16273,139,8000,NSR,NSR,0.0015057423152029514,0.10271615535020828,0.8957781195640564
logistic,,3,1394,nsrdb/16273,nsrdb/16273,139,9500,NSR,CHF,0.023336781188845634,0.5303710103034973,0.4462921917438507
logistic,,3,1395,nsrdb/16273,nsrdb/16273,139,13500,NSR,NSR,2.1301020751707256e-05,0.0006372523494064808,0.9993414282798767
logistic,,3,1396,nsrdb/16273,nsrdb/16273,139,15500,NSR,NSR,0.0002088588080368936,0.008937692269682884,0.990853488445282
logistic,,3,1397,nsrdb/16273,nsrdb/16273,139,43000,NSR,NSR,0.0005958824185654521,0.002320783445611596,0.9970833659172058
logistic,,3,1398,nsrdb/16273,nsrdb/16273,139,51500,NSR,NSR,0.00035071311867795885,0.0007924174424260855,0.9988569021224976
logistic,,3,1399,nsrdb/16273,nsrdb/16273,139,60500,NSR,NSR,5.699562279914971e-07,0.00033582726609893143,0.9996635913848877
logistic,,3,1430,nsrdb/16773,nsrdb/16773,143,14500,NSR,ARR,0.9999510049819946,1.6145484551088884e-05,3.286468199803494e-05
logistic,,3,1431,nsrdb/16773,nsrdb/16773,143,17000,NSR,ARR,0.9757094979286194,0.0025181174278259277,0.021772384643554688
logistic,,3,1432,nsrdb/16773,nsrdb/16773,143,22500,NSR,ARR,0.9966955184936523,0.00329899531789124,5.504093223862583e-06
logistic,,3,1433,nsrdb/16773,nsrdb/16773,143,26000,NSR,ARR,0.9998775720596313,4.3089952669106424e-05,7.921639189589769e-05
logistic,,3,1434,nsrdb/16773,nsrdb/16773,143,31000,NSR,ARR,0.9999788999557495,1.7913796909851953e-05,3.1745787509862566e-06
logistic,,3,1435,nsrdb/16773,nsrdb/16773,143,37000,NSR,ARR,0.995846688747406,0.0031120472121983767,0.0010412458796054125
logistic,,3,1436,nsrdb/16773,nsrdb/16773,143,43000,NSR,ARR,0.9994953870773315,0.0004991446621716022,5.431635145214386e-06
logistic,,3,1437,nsrdb/16773,nsrdb/16773,143,51000,NSR,ARR,0.9999269247055054,7.255416130647063e-05,4.207687140933558e-07
logistic,,3,1438,nsrdb/16773,nsrdb/16773,143,55000,NSR,ARR,0.9995212554931641,0.00039767095586284995,8.104804874164984e-05
logistic,,3,1439,nsrdb/16773,nsrdb/16773,143,58000,NSR,ARR,0.9579819440841675,0.03848928213119507,0.0035287889186292887
logistic,,3,1450,nsrdb/16795,nsrdb/16795,145,1000,NSR,NSR,0.013319630175828934,6.222794763743877e-05,0.9866181015968323
logistic,,3,1451,nsrdb/16795,nsrdb/16795,145,1500,NSR,NSR,0.04188216105103493,0.000442406686488539,0.9576754570007324
logistic,,3,1452,nsrdb/16795,nsrdb/16795,145,2000,NSR,NSR,0.15173904597759247,5.027389488532208e-05,0.8482106924057007
logistic,,3,1453,nsrdb/16795,nsrdb/16795,145,3000,NSR,NSR,0.4464974105358124,4.502407591644442e-06,0.5534980893135071
logistic,,3,1454,nsrdb/16795,nsrdb/16795,145,7000,NSR,NSR,0.007907235063612461,6.095106073189527e-05,0.9920318126678467
logistic,,3,1455,nsrdb/16795,nsrdb/16795,145,15000,NSR,ARR,0.560843288898468,0.010551282204687595,0.42860540747642517
logistic,,3,1456,nsrdb/16795,nsrdb/16795,145,31000,NSR,NSR,0.004020083695650101,0.00027144173509441316,0.9957084655761719
logistic,,3,1457,nsrdb/16795,nsrdb/16795,145,31500,NSR,NSR,0.012989995069801807,5.559290002565831e-05,0.986954391002655
logistic,,3,1458,nsrdb/16795,nsrdb/16795,145,50500,NSR,ARR,0.7746452689170837,0.00016635708743706346,0.22518840432167053
logistic,,3,1459,nsrdb/16795,nsrdb/16795,145,61500,NSR,NSR,0.11932660639286041,0.007630508858710527,0.8730428814888
logistic,,3,1480,nsrdb/16273,nsrdb/16273,148,2500,NSR,NSR,0.04275995120406151,0.00028626684797927737,0.956953763961792
logistic,,3,1481,nsrdb/16273,nsrdb/16273,148,9000,NSR,NSR,0.0011850394075736403,1.8078309949487448e-05,0.998796820640564
logistic,,3,1482,nsrdb/16273,nsrdb/16273,148,15000,NSR,NSR,0.02383711375296116,0.00011239842569921166,0.9760504364967346
logistic,,3,1483,nsrdb/16273,nsrdb/16273,148,21000,NSR,NSR,0.00829293206334114,0.004163993056863546,0.9875431060791016
logistic,,3,1484,nsrdb/16273,nsrdb/16273,148,33000,NSR,NSR,0.00450357748195529,0.009139866568148136,0.9863564968109131
logistic,,3,1485,nsrdb/16273,nsrdb/16273,148,40500,NSR,NSR,0.06383434683084488,0.0010961635271087289,0.9350695610046387
logistic,,3,1486,nsrdb/16273,nsrdb/16273,148,45500,NSR,NSR,0.011550595983862877,2.127966217813082e-05,0.9884281754493713
logistic,,3,1487,nsrdb/16273,nsrdb/16273,148,47000,NSR,NSR,0.0015518772415816784,3.7259313103277236e-05,0.9984108209609985
logistic,,3,1488,nsrdb/16273,nsrdb/16273,148,47500,NSR,NSR,0.0064919209107756615,4.284502210794017e-05,0.99346524477005
logistic,,3,1489,nsrdb/16273,nsrdb/16273,148,56000,NSR,NSR,0.008372091688215733,4.78151450806763e-05,0.9915801286697388
logistic,,3,1590,nsrdb/16773,nsrdb/16773,159,4000,NSR,NSR,0.024890942499041557,0.00047664440353401005,0.9746324419975281
logistic,,3,1591,nsrdb/16773,nsrdb/16773,159,25000,NSR,NSR,0.003217939054593444,0.0006536762812174857,0.9961283206939697
logistic,,3,1592,nsrdb/16773,nsrdb/16773,159,30500,NSR,NSR,0.17830172181129456,0.0009238704806193709,0.8207743763923645
logistic,,3,1593,nsrdb/16773,nsrdb/16773,159,40000,NSR,NSR,0.0334208719432354,0.0747530460357666,0.8918260931968689
logistic,,3,1594,nsrdb/16773,nsrdb/16773,159,43500,NSR,NSR,0.0004115750198252499,0.00797058641910553,0.9916178584098816
logistic,,3,1595,nsrdb/16773,nsrdb/16773,159,44500,NSR,NSR,0.0011826929403468966,0.004259902518242598,0.9945573806762695
logistic,,3,1596,nsrdb/16773,nsrdb/16773,159,49500,NSR,CHF,0.01112436968833208,0.6579538583755493,0.3309217095375061
logistic,,3,1597,nsrdb/16773,nsrdb/16773,159,54500,NSR,NSR,0.17994777858257294,9.284606494475156e-05,0.8199594020843506
logistic,,3,1598,nsrdb/16773,nsrdb/16773,159,59000,NSR,NSR,0.2775939404964447,0.08696326613426208,0.635442852973938
logistic,,3,1599,nsrdb/16773,nsrdb/16773,159,65000,NSR,NSR,0.005760032683610916,0.003068433376029134,0.9911715388298035
logistic,,3,1610,nsrdb/16795,nsrdb/16795,161,13000,NSR,NSR,0.013175065629184246,4.5404729462461546e-05,0.9867795705795288
logistic,,3,1611,nsrdb/16795,nsrdb/16795,161,21000,NSR,ARR,0.8956086039543152,1.1259955499554053e-05,0.10438013076782227
logistic,,3,1612,nsrdb/16795,nsrdb/16795,161,25000,NSR,NSR,0.23018144071102142,6.728285370627418e-05,0.7697513103485107
logistic,,3,1613,nsrdb/16795,nsrdb/16795,161,33000,NSR,NSR,0.10196170955896378,0.005857313051819801,0.8921810388565063
logistic,,3,1614,nsrdb/16795,nsrdb/16795,161,39000,NSR,NSR,0.07743518799543381,0.00013689350453205407,0.9224278926849365
logistic,,3,1615,nsrdb/16795,nsrdb/16795,161,41000,NSR,NSR,0.4904322922229767,0.0015457771951332688,0.508021891117096
logistic,,3,1616,nsrdb/16795,nsrdb/16795,161,44500,NSR,NSR,0.24072833359241486,0.0007681989227421582,0.7585034966468811
logistic,,3,1617,nsrdb/16795,nsrdb/16795,161,54000,NSR,NSR,0.10616148263216019,0.0020956038497388363,0.8917429447174072
logistic,,3,1618,nsrdb/16795,nsrdb/16795,161,59000,NSR,NSR,0.020240556448698044,0.00013534689787775278,0.9796240329742432
logistic,,3,1619,nsrdb/16795,nsrdb/16795,161,62500,NSR,NSR,0.03271278366446495,0.0002650435490068048,0.967022180557251
swin,0,3,70,mitdb/116,mitdb/116,7,3000,ARR,ARR,0.9997641444206238,5.8052039094036445e-05,0.00017780650523491204
swin,0,3,71,mitdb/116,mitdb/116,7,6500,ARR,ARR,0.9961410164833069,0.0001386602089041844,0.003720255335792899
swin,0,3,72,mitdb/116,mitdb/116,7,12000,ARR,ARR,0.9982966780662537,0.0009588130633346736,0.000744471384678036
swin,0,3,73,mitdb/116,mitdb/116,7,23000,ARR,ARR,0.998474657535553,0.00021255516912788153,0.001312742242589593
swin,0,3,74,mitdb/116,mitdb/116,7,32500,ARR,ARR,0.996701180934906,0.00018136887229047716,0.0031175233889371157
swin,0,3,75,mitdb/116,mitdb/116,7,40000,ARR,ARR,0.9949148893356323,0.000481959170429036,0.004603070206940174
swin,0,3,76,mitdb/116,mitdb/116,7,40500,ARR,ARR,0.9998503923416138,5.6353201216552407e-05,9.315853094449267e-05
swin,0,3,77,mitdb/116,mitdb/116,7,46500,ARR,ARR,0.9995498061180115,8.479525422444567e-05,0.0003653090097941458
swin,0,3,78,mitdb/116,mitdb/116,7,50000,ARR,ARR,0.9997795224189758,6.22391962679103e-05,0.00015828548930585384
swin,0,3,79,mitdb/116,mitdb/116,7,58000,ARR,ARR,0.9997256398200989,4.256713509676047e-05,0.00023179431445896626
swin,0,3,130,mitdb/122,mitdb/122,13,8000,ARR,ARR,0.9996654987335205,0.0003056261339224875,2.8802802262362093e-05
swin,0,3,131,mitdb/122,mitdb/122,13,13000,ARR,ARR,0.5549524426460266,0.44481730461120605,0.00023028143914416432
swin,0,3,132,mitdb/122,mitdb/122,13,14000,ARR,ARR,0.9985314607620239,0.0014458310324698687,2.2740972781321034e-05
swin,0,3,133,mitdb/122,mitdb/122,13,14500,ARR,ARR,0.999618649482727,0.000354284216882661,2.7091293304692954e-05
swin,0,3,134,mitdb/122,mitdb/122,13,15000,ARR,ARR,0.9951571822166443,0.0048101479187607765,3.256874333601445e-05
swin,0,3,135,mitdb/122,mitdb/122,13,16000,ARR,ARR,0.9954397082328796,0.004520000424236059,4.038451152155176e-05
swin,0,3,136,mitdb/122,mitdb/122,13,17000,ARR,ARR,0.999153733253479,0.000816288054920733,2.999173739226535e-05
swin,0,3,137,mitdb/122,mitdb/122,13,34000,ARR,ARR,0.9997121691703796,0.00025757611729204655,3.025020305358339e-05
swin,0,3,138,mitdb/122,mitdb/122,13,46500,ARR,ARR,0.9989994168281555,0.0009788429597392678,2.1805224605486728e-05
swin,0,3,139,mitdb/122,mitdb/122,13,56500,ARR,ARR,0.9956490397453308,0.004321311134845018,2.9656444894499145e-05
swin,0,3,160,mitdb/200,mitdb/200,16,4500,ARR,ARR,0.9904407262802124,0.009362724609673023,0.00019661305123008788
swin,0,3,161,mitdb/200,mitdb/200,16,6500,ARR,CHF,0.0002635030832607299,0.9995651841163635,0.00017133344954345375
swin,0,3,162,mitdb/200,mitdb/200,16,16000,ARR,CHF,9.683502139523625e-05,0.9983842372894287,0.001518921460956335
swin,0,3,163,mitdb/200,mitdb/200,16,17000,ARR,ARR,0.99887615442276,0.0005072391941212118,0.0006165725062601268
swin,0,3,164,mitdb/200,mitdb/200,16,33000,ARR,ARR,0.9996734857559204,0.0002880483225453645,3.8531430618604645e-05
swin,0,3,165,mitdb/200,mitdb/200,16,40500,ARR,ARR,0.7707586884498596,0.22762292623519897,0.0016183304833248258
swin,0,3,166,mitdb/200,mitdb/200,16,41000,ARR,CHF,0.00014615952386520803,0.9997507929801941,0.00010307820775778964
swin,0,3,167,mitdb/200,mitdb/200,16,45000,ARR,CHF,0.00423949072137475,0.9957035183906555,5.698795212083496e-05
swin,0,3,168,mitdb/200,mitdb/200,16,60500,ARR,CHF,0.010634621605277061,0.9186819791793823,0.07068348675966263
swin,0,3,169,mitdb/200,mitdb/200,16,61500,ARR,ARR,0.9712125062942505,0.028639527037739754,0.0001479618949815631
swin,0,3,260,mitdb/212,mitdb/212,26,4000,ARR,ARR,0.999811589717865,0.00014948095486033708,3.8960053643677384e-05
swin,0,3,261,mitdb/212,mitdb/212,26,5000,ARR,ARR,0.99981290102005,0.00014635037223342806,4.07635816372931e-05
swin,0,3,262,mitdb/212,mitdb/212,26,21000,ARR,ARR,0.9998117089271545,0.0001473409793106839,4.101926970179193e-05
swin,0,3,263,mitdb/212,mitdb/212,26,24500,ARR,ARR,0.9998230338096619,0.0001356892316835001,4.1390452679479495e-05
swin,0,3,264,mitdb/212,mitdb/212,26,29500,ARR,ARR,0.9997987151145935,0.0001545199193060398,4.685506064561196e-05
swin,0,3,265,mitdb/212,mitdb/212,26,33000,ARR,ARR,0.9998096823692322,0.00015043211169540882,3.9889822801342234e-05
swin,0,3,266,mitdb/212,mitdb/212,26,34000,ARR,ARR,0.9998095631599426,0.0001512618619017303,3.916333298548125e-05
swin,0,3,267,mitdb/212,mitdb/212,26,53000,ARR,ARR,0.9998124241828918,9.30263486225158e-05,9.448624768992886e-05
swin,0,3,268,mitdb/212,mitdb/212,26,54500,ARR,ARR,0.9995003938674927,0.00046742684207856655,3.213524541934021e-05
swin,0,3,269,mitdb/212,mitdb/212,26,56000,ARR,NSR,0.00040877287392504513,0.020683953538537025,0.9789072871208191
swin,0,3,320,mitdb/220,mitdb/220,32,7000,ARR,ARR,0.9967484474182129,0.00011584424646571279,0.00313565437681973
swin,0,3,321,mitdb/220,mitdb/220,32,16000,ARR,ARR,0.9992497563362122,5.831273665535264e-05,0.0006919069564901292
swin,0,3,322,mitdb/220,mitdb/220,32,33500,ARR,ARR,0.9988898634910583,7.33340420993045e-05,0.0010367903159931302
swin,0,3,323,mitdb/220,mitdb/220,32,34500,ARR,ARR,0.9989219903945923,0.00010595588537398726,0.0009720068774186075
swin,0,3,324,mitdb/220,mitdb/220,32,39000,ARR,ARR,0.9985671043395996,5.3406030929181725e-05,0.0013794457772746682
swin,0,3,325,mitdb/220,mitdb/220,32,50000,ARR,ARR,0.9998416900634766,5.2571904234355316e-05,0.0001057152621797286
swin,0,3,326,mitdb/220,mitdb/220,32,51500,ARR,ARR,0.9997010827064514,5.052043343312107e-05,0.00024839580873958766
swin,0,3,327,mitdb/220,mitdb/220,32,52000,ARR,ARR,0.9992140531539917,2.5014631319209002e-05,0.0007609297172166407
swin,0,3,328,mitdb/220,mitdb/220,32,64500,ARR,ARR,0.9998263716697693,5.181838423595764e-05,0.00012178605538792908
swin,0,3,329,mitdb/220,mitdb/220,32,65000,ARR,ARR,0.9994586110115051,5.499352846527472e-05,0.00048638044972904027
swin,0,3,370,mitdb/228,mitdb/228,37,8500,ARR,ARR,0.9968788623809814,0.0030345050618052483,8.666560461279005e-05
swin,0,3,371,mitdb/228,mitdb/228,37,9000,ARR,ARR,0.9998001456260681,0.00016005490033421665,3.9777565689291805e-05
swin,0,3,372,mitdb/228,mitdb/228,37,10500,ARR,ARR,0.9998315572738647,0.00011977604299318045,4.861709749093279e-05
swin,0,3,373,mitdb/228,mitdb/228,37,11000,ARR,ARR,0.998151957988739,0.0018189896363765001,2.9058624932076782e-05
swin,0,3,374,mitdb/228,mitdb/228,37,20000,ARR,ARR,0.9983829259872437,0.0015708780847489834,4.613946657627821e-05
swin,0,3,375,mitdb/228,mitdb/228,37,22000,ARR,ARR,0.9859334826469421,0.002264508744701743,0.011802025139331818
swin,0,3,376,mitdb/228,mitdb/228,37,36500,ARR,CHF,0.0010020859772339463,0.9161070585250854,0.08289086818695068
swin,0,3,377,mitdb/228,mitdb/228,37,43000,ARR,ARR,0.9997614026069641,0.00020140934793744236,3.714497870532796e-05
swin,0,3,378,mitdb/228,mitdb/228,37,43500,ARR,ARR,0.6718902587890625,0.3189280033111572,0.009181658737361431
swin,0,3,379,mitdb/228,mitdb/228,37,57500,ARR,ARR,0.997821569442749,0.001223984407261014,0.0009544534259475768
swin,0,3,380,mitdb/230,mitdb/230,38,1000,ARR,ARR,0.9998573064804077,6.930433301022276e-05,7.346663187490776e-05
swin,0,3,381,mitdb/230,mitdb/230,38,4500,ARR,ARR,0.9998382329940796,4.924265158479102e-05,0.00011255471326876432
swin,0,3,382,mitdb/230,mitdb/230,38,14000,ARR,ARR,0.9998202919960022,4.5941553253214806e-05,0.00013388771913014352
swin,0,3,383,mitdb/230,mitdb/230,38,16000,ARR,ARR,0.9998289346694946,4.690235073212534e-05,0.0001241307327290997
swin,0,3,384,mitdb/230,mitdb/230,38,18000,ARR,ARR,0.9998551607131958,7.069118146318942e-05,7.412950799334794e-05
swin,0,3,385,mitdb/230,mitdb/230,38,29500,ARR,ARR,0.9863665699958801,0.00016682925343047827,0.013466592878103256
swin,0,3,386,mitdb/230,mitdb/230,38,35500,ARR,ARR,0.9994503855705261,0.0003168156836181879,0.00023284368216991425
swin,0,3,387,mitdb/230,mitdb/230,38,41000,ARR,ARR,0.9998421669006348,7.943880336824805e-05,7.842238846933469e-05
swin,0,3,388,mitdb/230,mitdb/230,38,54000,ARR,ARR,0.9998204112052917,4.8780075303511694e-05,0.00013085684622637928
swin,0,3,389,mitdb/230,mitdb/230,38,56500,ARR,ARR,0.9997971653938293,4.7976369387470186e-05,0.00015485928452108055
swin,0,3,420,mitdb/234,mitdb/234,42,0,ARR,ARR,0.9998314380645752,0.00012028817582176998,4.823217022931203e-05
swin,0,3,421,mitdb/234,mitdb/234,42,6000,ARR,ARR,0.9988783001899719,0.0008173731039278209,0.0003043245815206319
swin,0,3,422,mitdb/234,mitdb/234,42,9000,ARR,ARR,0.9890047907829285,0.010702709667384624,0.00029251500382088125
swin,0,3,423,mitdb/234,mitdb/234,42,12500,ARR,CHF,0.002249950310215354,0.9051015377044678,0.0926484763622284
swin,0,3,424,mitdb/234,mitdb/234,42,21500,ARR,ARR,0.9942915439605713,0.005375273525714874,0.00033321985392831266
swin,0,3,425,mitdb/234,mitdb/234,42,24000,ARR,CHF,7.461353379767388e-05,0.9962062835693359,0.0037190287839621305
swin,0,3,426,mitdb/234,mitdb/234,42,57000,ARR,CHF,0.10143404453992844,0.897099494934082,0.0014664381742477417
swin,0,3,427,mitdb/234,mitdb/234,42,57500,ARR,ARR,0.9998169541358948,0.00010738147102529183,7.567964348709211e-05
swin,0,3,428,mitdb/234,mitdb/234,42,59500,ARR,ARR,0.9998428821563721,6.433805538108572e-05,9.268956637242809e-05
swin,0,3,429,mitdb/234,mitdb/234,42,63000,ARR,ARR,0.9974790215492249,0.0021488519851118326,0.00037218097713775933
swin,0,3,490,mitdb/105,mitdb/105,49,7000,ARR,ARR,0.9998602867126465,7.777092832839116e-05,6.198144546942785e-05
swin,0,3,491,mitdb/105,mitdb/105,49,9500,ARR,ARR,0.999854326248169,8.654932025820017e-05,5.9143214457435533e-05
swin,0,3,492,mitdb/105,mitdb/105,49,11500,ARR,ARR,0.9471388459205627,0.00011435585474828258,0.05274676904082298
swin,0,3,493,mitdb/105,mitdb/105,49,25000,ARR,ARR,0.9998509883880615,9.495567064732313e-05,5.3942490922054276e-05
swin,0,3,494,mitdb/105,mitdb/105,49,32000,ARR,ARR,0.9997183680534363,0.0001117344363592565,0.0001698480627965182
swin,0,3,495,mitdb/105,mitdb/105,49,37000,ARR,CHF,0.05093614384531975,0.8026761412620544,0.1463877111673355
swin,0,3,496,mitdb/105,mitdb/105,49,38500,ARR,ARR,0.9998530149459839,9.165222581941634e-05,5.532491559279151e-05
swin,0,3,497,mitdb/105,mitdb/105,49,48000,ARR,ARR,0.9998331069946289,7.012820424279198e-05,9.680239600129426e-05
swin,0,3,498,mitdb/105,mitdb/105,49,53000,ARR,ARR,0.9998530149459839,8.823670214042068e-05,5.8815665397560224e-05
swin,0,3,499,mitdb/105,mitdb/105,49,62000,ARR,ARR,0.9998544454574585,9.240071085514501e-05,5.318396870279685e-05
swin,0,3,550,mitdb/105,mitdb/105,55,500,ARR,ARR,0.9998053908348083,0.00013705277524422854,5.755059464718215e-05
swin,0,3,551,mitdb/105,mitdb/105,55,8500,ARR,ARR,0.998602569103241,0.0013584289699792862,3.9028112951200455e-05
swin,0,3,552,mitdb/105,mitdb/105,55,13500,ARR,ARR,0.9998494386672974,9.864353341981769e-05,5.186764246900566e-05
swin,0,3,553,mitdb/105,mitdb/105,55,15000,ARR,ARR,0.9997351765632629,0.0002273988357046619,3.737754377652891e-05
swin,0,3,554,mitdb/105,mitdb/105,55,21000,ARR,ARR,0.9998410940170288,0.0001065796022885479,5.232178955338895e-05
swin,0,3,555,mitdb/105,mitdb/105,55,27000,ARR,ARR,0.9997676014900208,0.00019479299953673035,3.7700956454500556e-05
swin,0,3,556,mitdb/105,mitdb/105,55,29000,ARR,CHF,0.06664986908435822,0.9329596757888794,0.00039044857840053737
swin,0,3,557,mitdb/105,mitdb/105,55,37500,ARR,ARR,0.9937586784362793,0.00617688475176692,6.442282756324857e-05
swin,0,3,558,mitdb/105,mitdb/105,55,39500,ARR,ARR,0.999843955039978,0.00010763054160634056,4.8379271902376786e-05
swin,0,3,559,mitdb/105,mitdb/105,55,48500,ARR,ARR,0.9987554550170898,0.0012194927548989654,2.5038394596776925e-05
swin,0,3,600,mitdb/116,mitdb/116,60,4000,ARR,ARR,0.998237133026123,0.0017248885706067085,3.797989847953431e-05
swin,0,3,601,mitdb/116,mitdb/116,60,13500,ARR,ARR,0.9998466968536377,9.481680899625644e-05,5.846114072483033e-05
swin,0,3,602,mitdb/116,mitdb/116,60,14500,ARR,ARR,0.9998477697372437,9.102119656745344e-05,6.110582762630656e-05
swin,0,3,603,mitdb/116,mitdb/116,60,17000,ARR,ARR,0.9998458623886108,8.505948790116236e-05,6.898201536387205e-05
swin,0,3,604,mitdb/116,mitdb/116,60,22500,ARR,ARR,0.9998338222503662,0.00011556130630197003,5.055934525444172e-05
swin,0,3,605,mitdb/116,mitdb/116,60,23000,ARR,ARR,0.998769223690033,0.0011986116878688335,3.214476600987837e-05
swin,0,3,606,mitdb/116,mitdb/116,60,27500,ARR,ARR,0.9998519420623779,8.866098505677655e-05,5.938978574704379e-05
swin,0,3,607,mitdb/116,mitdb/116,60,29500,ARR,ARR,0.9998395442962646,0.0001060137728927657,5.44806316611357e-05
swin,0,3,608,mitdb/116,mitdb/116,60,61500,ARR,ARR,0.9998459815979004,9.353450150229037e-05,6.039467189111747e-05
swin,0,3,609,mitdb/116,mitdb/116,60,64500,ARR,ARR,0.9998352527618408,0.0001111213568947278,5.363606760511175e-05
swin,0,3,650,mitdb/122,mitdb/122,65,3500,ARR,ARR,0.9998562335968018,8.878143853507936e-05,5.499562757904641e-05
swin,0,3,651,mitdb/122,mitdb/122,65,8500,ARR,ARR,0.999843955039978,5.779151615570299e-05,9.818159742280841e-05
swin,0,3,652,mitdb/122,mitdb/122,65,14000,ARR,ARR,0.9969884753227234,3.145683149341494e-05,0.0029800403863191605
swin,0,3,653,mitdb/122,mitdb/122,65,15000,ARR,ARR,0.99985671043396,6.691498856525868e-05,7.63504795031622e-05
swin,0,3,654,mitdb/122,mitdb/122,65,27500,ARR,ARR,0.9998538494110107,7.034796726657078e-05,7.577554060844705e-05
swin,0,3,655,mitdb/122,mitdb/122,65,29500,ARR,ARR,0.9998409748077393,5.653250991599634e-05,0.0001025407764245756
swin,0,3,656,mitdb/122,mitdb/122,65,36000,ARR,ARR,0.9998586177825928,7.581471436424181e-05,6.560766632901505e-05
swin,0,3,657,mitdb/122,mitdb/122,65,42500,ARR,ARR,0.9998103976249695,7.709411147516221e-05,0.00011256863945163786
swin,0,3,658,mitdb/122,mitdb/122,65,45500,ARR,ARR,0.9998558759689331,7.679097325308248e-05,6.73667382216081e-05
swin,0,3,659,mitdb/122,mitdb/122,65,47000,ARR,ARR,0.9998493194580078,6.328634481178597e-05,8.732124842936173e-05
swin,0,3,690,mitdb/200,mitdb/200,69,500,ARR,ARR,0.9998546838760376,9.274167678086087e-05,5.2539857279043645e-05
swin,0,3,691,mitdb/200,mitdb/200,69,4000,ARR,ARR,0.9998575448989868,8.283798524644226e-05,5.9612899349303916e-05
swin,0,3,692,mitdb/200,mitdb/200,69,4500,ARR,ARR,0.9998514652252197,9.639090421842411e-05,5.210850576986559e-05
swin,0,3,693,mitdb/200,mitdb/200,69,18500,ARR,ARR,0.9998530149459839,9.257125202566385e-05,5.439487358671613e-05
swin,0,3,694,mitdb/200,mitdb/200,69,26000,ARR,ARR,0.9998594522476196,8.274293213617057e-05,5.782427979283966e-05
swin,0,3,695,mitdb/200,mitdb/200,69,26500,ARR,ARR,0.999861478805542,6.804917211411521e-05,7.04330814187415e-05
swin,0,3,696,mitdb/200,mitdb/200,69,37000,ARR,ARR,0.999841570854187,0.00011171028017997742,4.668605834012851e-05
swin,0,3,697,mitdb/200,mitdb/200,69,54000,ARR,ARR,0.9998623132705688,6.489923543995246e-05,7.278670091181993e-05
swin,0,3,698,mitdb/200,mitdb/200,69,59000,ARR,ARR,0.9998618364334106,7.040885975584388e-05,6.765157741028816e-05
swin,0,3,699,mitdb/200,mitdb/200,69,64500,ARR,ARR,0.999861478805542,6.865710020065308e-05,6.983992352616042e-05
swin,0,3,790,mitdb/212,mitdb/212,79,8500,ARR,ARR,0.9998512268066406,8.766209793975577e-05,6.110416870797053e-05
swin,0,3,791,mitdb/212,mitdb/212,79,15000,ARR,ARR,0.9997743964195251,7.429684774251655e-05,0.00015137618174776435
swin,0,3,792,mitdb/212,mitdb/212,79,19000,ARR,ARR,0.9998544454574585,8.887208241503686e-05,5.661857358063571e-05
swin,0,3,793,mitdb/212,mitdb/212,79,34500,ARR,ARR,0.9998123049736023,0.00014860945520922542,3.905974517692812e-05
swin,0,3,794,mitdb/212,mitdb/212,79,47500,ARR,ARR,0.9998334646224976,0.00012311233149375767,4.335229823482223e-05
swin,0,3,795,mitdb/212,mitdb/212,79,51500,ARR,ARR,0.9997766613960266,0.00018949098011944443,3.3805990824475884e-05
swin,0,3,796,mitdb/212,mitdb/212,79,54000,ARR,ARR,0.9998001456260681,0.00016282318392768502,3.701938840094954e-05
swin,0,3,797,mitdb/212,mitdb/212,79,61000,ARR,ARR,0.9998102784156799,0.00015035172691568732,3.9451555494451895e-05
swin,0,3,798,mitdb/212,mitdb/212,79,62500,ARR,ARR,0.9998229146003723,0.00013604320702143013,4.116751370020211e-05
swin,0,3,799,mitdb/212,mitdb/212,79,63000,ARR,ARR,0.9998102784156799,0.00015107166836969554,3.8571270124521106e-05
swin,0,3,850,mitdb/220,mitdb/220,85,1000,ARR,ARR,0.9998512268066406,7.725808245595545e-05,7.153195474529639e-05
swin,0,3,851,mitdb/220,mitdb/220,85,11500,ARR,ARR,0.999839186668396,9.882943413686007e-05,6.194203160703182e-05
swin,0,3,852,mitdb/220,mitdb/220,85,14000,ARR,ARR,0.9998509883880615,7.184541027527303e-05,7.715873653069139e-05
swin,0,3,853,mitdb/220,mitdb/220,85,19500,ARR,ARR,0.9998487234115601,8.33882877486758e-05,6.782362470403314e-05
swin,0,3,854,mitdb/220,mitdb/220,85,23500,ARR,ARR,0.9998468160629272,5.865627827006392e-05,9.455278632231057e-05
swin,0,3,855,mitdb/220,mitdb/220,85,27000,ARR,ARR,0.9998519420623779,7.508553244406357e-05,7.291864312719554e-05
swin,0,3,856,mitdb/220,mitdb/220,85,30500,ARR,ARR,0.9998522996902466,7.941362855490297e-05,6.835131353000179e-05
swin,0,3,857,mitdb/220,mitdb/220,85,35000,ARR,ARR,0.9998424053192139,6.769201718270779e-05,8.985362364910543e-05
swin,0,3,858,mitdb/220,mitdb/220,85,41000,ARR,ARR,0.9998494386672974,6.567654781974852e-05,8.481500844936818e-05
swin,0,3,859,mitdb/220,mitdb/220,85,53000,ARR,ARR,0.9998568296432495,7.22112599760294e-05,7.095098408171907e-05
swin,0,3,900,mitdb/228,mitdb/228,90,0,ARR,CHF,0.0936163142323494,0.9027271270751953,0.0036565586924552917
swin,0,3,901,mitdb/228,mitdb/228,90,16000,ARR,ARR,0.999809205532074,0.00015129311941564083,3.9530601497972384e-05
swin,0,3,902,mitdb/228,mitdb/228,90,16500,ARR,ARR,0.9496855139732361,0.04990736022591591,0.00040709952008910477
swin,0,3,903,mitdb/228,mitdb/228,90,19000,ARR,ARR,0.9997417330741882,0.00019708216132130474,6.108646630309522e-05
swin,0,3,904,mitdb/228,mitdb/228,90,21500,ARR,ARR,0.9982258677482605,0.001709478092379868,6.464796751970425e-05
swin,0,3,905,mitdb/228,mitdb/228,90,39000,ARR,CHF,0.0013418359449133277,0.9977200627326965,0.000938099343329668
swin,0,3,906,mitdb/228,mitdb/228,90,39500,ARR,ARR,0.8510549068450928,0.14763054251670837,0.001314497203566134
swin,0,3,907,mitdb/228,mitdb/228,90,40500,ARR,CHF,0.3226005733013153,0.6770791411399841,0.0003202536317985505
swin,0,3,908,mitdb/228,mitdb/228,90,42000,ARR,CHF,0.008228938095271587,0.9910831451416016,0.0006879525608383119
swin,0,3,909,mitdb/228,mitdb/228,90,57500,ARR,CHF,0.17862892150878906,0.801073431968689,0.020297624170780182
swin,0,3,910,mitdb/230,mitdb/230,91,6500,ARR,ARR,0.9998458623886108,8.80658408277668e-05,6.599256448680535e-05
swin,0,3,911,mitdb/230,mitdb/230,91,29000,ARR,ARR,0.9998517036437988,8.664192137075588e-05,6.161722558317706e-05
swin,0,3,912,mitdb/230,mitdb/230,91,32000,ARR,ARR,0.9998471736907959,9.559369209455326e-05,5.721458364860155e-05
swin,0,3,913,mitdb/230,mitdb/230,91,34500,ARR,ARR,0.9998539686203003,7.128949800971895e-05,7.473484583897516e-05
swin,0,3,914,mitdb/230,mitdb/230,91,37000,ARR,ARR,0.9998548030853271,6.651949661318213e-05,7.870667468523607e-05
swin,0,3,915,mitdb/230,mitdb/230,91,40500,ARR,ARR,0.9998514652252197,8.356827311217785e-05,6.500637391582131e-05
swin,0,3,916,mitdb/230,mitdb/230,91,45000,ARR,ARR,0.9998032450675964,0.00014280425966717303,5.396466076490469e-05
swin,0,3,917,mitdb/230,mitdb/230,91,54000,ARR,ARR,0.999853253364563,7.676111272303388e-05,6.996948650339618e-05
swin,0,3,918,mitdb/230,mitdb/230,91,54500,ARR,ARR,0.9998538494110107,8.07550095487386e-05,6.527315417770296e-05
swin,0,3,919,mitdb/230,mitdb/230,91,58000,ARR,ARR,0.9998481273651123,8.02723370725289e-05,7.158830703701824e-05
swin,0,3,950,mitdb/234,mitdb/234,95,20500,ARR,ARR,0.9894479513168335,0.010474754497408867,7.721283327555284e-05
swin,0,3,951,mitdb/234,mitdb/234,95,22500,ARR,ARR,0.9989608526229858,0.00041746042552404106,0.0006216471665538847
swin,0,3,952,mitdb/234,mitdb/234,95,24500,ARR,ARR,0.9998032450675964,0.0001555437338538468,4.121349047636613e-05
swin,0,3,953,mitdb/234,mitdb/234,95,27500,ARR,ARR,0.9960665106773376,0.0038412511348724365,9.231482545146719e-05
swin,0,3,954,mitdb/234,mitdb/234,95,30500,ARR,ARR,0.999824583530426,0.00013267139729578048,4.281898873159662e-05
swin,0,3,955,mitdb/234,mitdb/234,95,35500,ARR,ARR,0.9998329877853394,0.00011245015048189089,5.462787521537393e-05
swin,0,3,956,mitdb/234,mitdb/234,95,37500,ARR,ARR,0.9997861981391907,0.00017149232735391706,4.2291314457543194e-05
swin,0,3,957,mitdb/234,mitdb/234,95,48000,ARR,ARR,0.9938556551933289,0.005818987265229225,0.0003253727045375854
swin,0,3,958,mitdb/234,mitdb/234,95,48500,ARR,ARR,0.9997498393058777,0.00020916509674862027,4.094978066859767e-05
swin,0,3,959,mitdb/234,mitdb/234,95,56000,ARR,ARR,0.9998342990875244,0.0001198608151753433,4.575789353111759e-05
swin,0,3,1020,chfdb/chf15,chfdb/chf15,102,14000,CHF,CHF,0.004631964955478907,0.85270756483078,0.14266042411327362
swin,0,3,1021,chfdb/chf15,chfdb/chf15,102,19500,CHF,ARR,0.9781719446182251,0.021579159423708916,0.00024878547992557287
swin,0,3,1022,chfdb/chf15,chfdb/chf15,102,32500,CHF,CHF,0.0001856546150520444,0.9997547268867493,5.95631827309262e-05
swin,0,3,1023,chfdb/chf15,chfdb/chf15,102,35500,CHF,ARR,0.9489635229110718,0.05082985386252403,0.00020654867694247514
swin,0,3,1024,chfdb/chf15,chfdb/chf15,102,38500,CHF,ARR,0.935854971408844,0.06407485902309418,7.012605055933818e-05
swin,0,3,1025,chfdb/chf15,chfdb/chf15,102,39000,CHF,CHF,0.3033507764339447,0.6962617039680481,0.000387550302548334
swin,0,3,1026,chfdb/chf15,chfdb/chf15,102,44000,CHF,ARR,0.9996764659881592,0.0002908360038418323,3.273206311860122e-05
swin,0,3,1027,chfdb/chf15,chfdb/chf15,102,50500,CHF,ARR,0.9961534142494202,0.0037213717587292194,0.00012518941366579384
swin,0,3,1028,chfdb/chf15,chfdb/chf15,102,52500,CHF,ARR,0.9996351003646851,0.00033053249353542924,3.4362779842922464e-05
swin,0,3,1029,chfdb/chf15,chfdb/chf15,102,57500,CHF,ARR,0.9798106551170349,0.02009192667901516,9.743119881022722e-05
swin,0,3,1090,chfdb/chf06,chfdb/chf06,109,8500,CHF,CHF,0.00011268183880019933,0.936448872089386,0.06343842297792435
swin,0,3,1091,chfdb/chf06,chfdb/chf06,109,14000,CHF,NSR,0.00012993485142942518,0.00016343957395292819,0.9997066855430603
swin,0,3,1092,chfdb/chf06,chfdb/chf06,109,15500,CHF,CHF,0.00010858002497116104,0.9862386584281921,0.013652706518769264
swin,0,3,1093,chfdb/chf06,chfdb/chf06,109,19000,CHF,NSR,0.0001298291317652911,0.29564931988716125,0.7042208313941956
swin,0,3,1094,chfdb/chf06,chfdb/chf06,109,28500,CHF,CHF,6.201639189384878e-05,0.995581328868866,0.00435662642121315
swin,0,3,1095,chfdb/chf06,chfdb/chf06,109,33500,CHF,NSR,0.00042749338899739087,0.2761179804801941,0.723454475402832
swin,0,3,1096,chfdb/chf06,chfdb/chf06,109,35000,CHF,NSR,6.42959785182029e-05,0.03959474712610245,0.9603409767150879
swin,0,3,1097,chfdb/chf06,chfdb/chf06,109,45500,CHF,ARR,0.9949597120285034,0.004892776720225811,0.0001474178716307506
swin,0,3,1098,chfdb/chf06,chfdb/chf06,109,50500,CHF,CHF,0.0035881337244063616,0.9962031245231628,0.00020870468870270997
swin,0,3,1099,chfdb/chf06,chfdb/chf06,109,64500,CHF,CHF,0.0009493451798334718,0.9974047541618347,0.0016458566533401608
swin,0,3,1100,chfdb/chf07,chfdb/chf07,110,7000,CHF,CHF,7.868040847824886e-05,0.5986147522926331,0.40130650997161865
swin,0,3,1101,chfdb/chf07,chfdb/chf07,110,9000,CHF,CHF,0.00046823639422655106,0.8561083674430847,0.14342336356639862
swin,0,3,1102,chfdb/chf07,chfdb/chf07,110,14000,CHF,NSR,5.260608304524794e-05,0.020969685167074203,0.9789776802062988
swin,0,3,1103,chfdb/chf07,chfdb/chf07,110,19000,CHF,NSR,4.3076928704977036e-05,0.0024432723876088858,0.9975136518478394
swin,0,3,1104,chfdb/chf07,chfdb/chf07,110,28500,CHF,NSR,6.404336454579607e-05,0.26531505584716797,0.7346209287643433
swin,0,3,1105,chfdb/chf07,chfdb/chf07,110,36000,CHF,NSR,4.523815368884243e-05,0.009866689331829548,0.990088164806366
swin,0,3,1106,chfdb/chf07,chfdb/chf07,110,40000,CHF,NSR,4.1699360735947266e-05,0.03156859800219536,0.9683896899223328
swin,0,3,1107,chfdb/chf07,chfdb/chf07,110,41000,CHF,CHF,0.02240719459950924,0.9204602241516113,0.05713257938623428
swin,0,3,1108,chfdb/chf07,chfdb/chf07,110,48500,CHF,NSR,3.290141830802895e-05,0.009990177117288113,0.9899769425392151
swin,0,3,1109,chfdb/chf07,chfdb/chf07,110,60000,CHF,NSR,4.358069418231025e-05,0.04138541594147682,0.9585710763931274
swin,0,3,1190,chfdb/chf15,chfdb/chf15,119,20000,CHF,CHF,2.9600314519484527e-05,0.9960569143295288,0.003913493361324072
swin,0,3,1191,chfdb/chf15,chfdb/chf15,119,21000,CHF,CHF,3.1455685530090705e-05,0.9959827661514282,0.003985844552516937
swin,0,3,1192,chfdb/chf15,chfdb/chf15,119,34000,CHF,CHF,0.00013232653145678341,0.9997242093086243,0.00014344484952744097
swin,0,3,1193,chfdb/chf15,chfdb/chf15,119,40500,CHF,CHF,0.00010535061301197857,0.9990580677986145,0.0008365672547370195
swin,0,3,1194,chfdb/chf15,chfdb/chf15,119,42500,CHF,CHF,3.0247148970374838e-05,0.9974989295005798,0.002470799023285508
swin,0,3,1195,chfdb/chf15,chfdb/chf15,119,44500,CHF,CHF,5.662450712407008e-05,0.9996846914291382,0.0002586871269159019
swin,0,3,1196,chfdb/chf15,chfdb/chf15,119,58500,CHF,CHF,8.901667752070352e-05,0.9997997879981995,0.00011118726251879707
swin,0,3,1197,chfdb/chf15,chfdb/chf15,119,60500,CHF,CHF,3.764748544199392e-05,0.9971963167190552,0.0027659928891807795
swin,0,3,1198,chfdb/chf15,chfdb/chf15,119,61500,CHF,CHF,4.865475057158619e-05,0.9995520710945129,0.0003992574056610465
swin,0,3,1199,chfdb/chf15,chfdb/chf15,119,62000,CHF,CHF,3.729085437953472e-05,0.994635283946991,0.005327431485056877
swin,0,3,1220,chfdb/chf06,chfdb/chf06,122,5000,CHF,CHF,0.000270586897386238,0.9996652603149414,6.412436778191477e-05
swin,0,3,1221,chfdb/chf06,chfdb/chf06,122,18000,CHF,CHF,4.667156099458225e-05,0.9992119073867798,0.0007413642015308142
swin,0,3,1222,chfdb/chf06,chfdb/chf06,122,20000,CHF,CHF,0.00047424365766346455,0.997896671295166,0.0016290618805214763
swin,0,3,1223,chfdb/chf06,chfdb/chf06,122,21000,CHF,NSR,0.00027646226226352155,0.06547147780656815,0.934252142906189
swin,0,3,1224,chfdb/chf06,chfdb/chf06,122,34000,CHF,CHF,0.00035390708944760263,0.9995793700218201,6.666613626293838e-05
swin,0,3,1225,chfdb/chf06,chfdb/chf06,122,39500,CHF,CHF,0.025276372209191322,0.9741799235343933,0.0005436765495687723
swin,0,3,1226,chfdb/chf06,chfdb/chf06,122,42500,CHF,CHF,0.05819505453109741,0.9415909051895142,0.00021408332395367324
swin,0,3,1227,chfdb/chf06,chfdb/chf06,122,53000,CHF,ARR,0.5729860663414001,0.42638471722602844,0.0006291972822509706
swin,0,3,1228,chfdb/chf06,chfdb/chf06,122,57500,CHF,CHF,0.0009219889179803431,0.9989639520645142,0.0001140520689659752
swin,0,3,1229,chfdb/chf06,chfdb/chf06,122,59000,CHF,CHF,0.00047565659042447805,0.993511974811554,0.00601239874958992
swin,0,3,1230,chfdb/chf07,chfdb/chf07,123,6000,CHF,ARR,0.9922047257423401,0.003595565212890506,0.004199692979454994
swin,0,3,1231,chfdb/chf07,chfdb/chf07,123,6500,CHF,ARR,0.9622569680213928,0.021479304879903793,0.01626371219754219
swin,0,3,1232,chfdb/chf07,chfdb/chf07,123,20500,CHF,NSR,0.21462589502334595,0.004833529703319073,0.7805405855178833
swin,0,3,1233,chfdb/chf07,chfdb/chf07,123,28500,CHF,NSR,0.012462692335247993,0.0003407596377655864,0.9871964454650879
swin,0,3,1234,chfdb/chf07,chfdb/chf07,123,31500,CHF,ARR,0.990689754486084,0.0002198645524913445,0.009090355597436428
swin,0,3,1235,chfdb/chf07,chfdb/chf07,123,34500,CHF,ARR,0.9986476302146912,0.0001120221204473637,0.001240399433299899
swin,0,3,1236,chfdb/chf07,chfdb/chf07,123,39500,CHF,ARR,0.5651573538780212,0.0026871711015701294,0.43215540051460266
swin,0,3,1237,chfdb/chf07,chfdb/chf07,123,50500,CHF,ARR,0.9991747736930847,6.458981079049408e-05,0.0007606831495650113
swin,0,3,1238,chfdb/chf07,chfdb/chf07,123,51000,CHF,ARR,0.9986006617546082,0.00024991322425194085,0.0011495208600535989
swin,0,3,1239,chfdb/chf07,chfdb/chf07,123,59500,CHF,NSR,0.00011430119775468484,0.03394843265414238,0.9659371972084045
swin,0,3,1370,nsrdb/16272,nsrdb/16272,137,5000,NSR,NSR,0.00015607917157467455,9.477464482188225e-05,0.9997491240501404
swin,0,3,1371,nsrdb/16272,nsrdb/16272,137,8500,NSR,NSR,0.00014343268412631005,0.00010742416634457186,0.9997491240501404
swin,0,3,1372,nsrdb/16272,nsrdb/16272,137,20000,NSR,NSR,9.6528536232654e-05,0.00019776378758251667,0.9997057318687439
swin,0,3,1373,nsrdb/16272,nsrdb/16272,137,21000,NSR,ARR,0.9216899275779724,0.00041583157144486904,0.07789421826601028
swin,0,3,1374,nsrdb/16272,nsrdb/16272,137,31000,NSR,NSR,0.00016912158753257245,9.500605665380135e-05,0.9997358918190002
swin,0,3,1375,nsrdb/16272,nsrdb/16272,137,36000,NSR,NSR,0.0003102901391685009,9.378501999890432e-05,0.9995959401130676
swin,0,3,1376,nsrdb/16272,nsrdb/16272,137,38000,NSR,NSR,0.00016171146125998348,8.964576409198344e-05,0.9997486472129822
swin,0,3,1377,nsrdb/16272,nsrdb/16272,137,51000,NSR,NSR,0.000181597177288495,8.323922520503402e-05,0.9997351765632629
swin,0,3,1378,nsrdb/16272,nsrdb/16272,137,59000,NSR,NSR,0.00019541621441021562,7.949747669044882e-05,0.9997250437736511
swin,0,3,1379,nsrdb/16272,nsrdb/16272,137,60500,NSR,NSR,0.00020225402840878814,8.080217958195135e-05,0.9997169375419617
swin,0,3,1380,nsrdb/16272,nsrdb/16272,138,5500,NSR,CHF,0.1565309315919876,0.8397822380065918,0.003686813870444894
swin,0,3,1381,nsrdb/16272,nsrdb/16272,138,16000,NSR,NSR,0.050752148032188416,0.00671464204788208,0.9425332546234131
swin,0,3,1382,nsrdb/16272,nsrdb/16272,138,19500,NSR,NSR,0.034496184438467026,0.0008430096204392612,0.9646607637405396
swin,0,3,1383,nsrdb/16272,nsrdb/16272,138,20500,NSR,ARR,0.9995417594909668,0.00040658601210452616,5.174547550268471e-05
swin,0,3,1384,nsrdb/16272,nsrdb/16272,138,30000,NSR,ARR,0.9985431432723999,0.0006008982309140265,0.0008559823618270457
swin,0,3,1385,nsrdb/16272,nsrdb/16272,138,32000,NSR,ARR,0.997606635093689,0.0005340732750482857,0.001859314739704132
swin,0,3,1386,nsrdb/16272,nsrdb/16272,138,36500,NSR,NSR,0.4386718273162842,0.0002290390111738816,0.561099112033844
swin,0,3,1387,nsrdb/16272,nsrdb/16272,138,42000,NSR,NSR,0.000123011035611853,0.00011687798541970551,0.999760091304779
swin,0,3,1388,nsrdb/16272,nsrdb/16272,138,54000,NSR,NSR,9.924470941768959e-05,0.00018557575822342187,0.9997151494026184
swin,0,3,1389,nsrdb/16272,nsrdb/16272,138,55500,NSR,NSR,0.00030590692767873406,0.002112430287525058,0.9975817203521729
swin,0,3,1390,nsrdb/16273,nsrdb/16273,139,2500,NSR,NSR,0.00013098109047859907,0.000109648666693829,0.9997593760490417
swin,0,3,1391,nsrdb/16273,nsrdb/16273,139,3000,NSR,NSR,5.8424418966751546e-05,0.0003827896434813738,0.9995588660240173
swin,0,3,1392,nsrdb/16273,nsrdb/16273,139,5000,NSR,NSR,8.070049079833552e-05,0.00020187720656394958,0.9997174143791199
swin,0,3,1393,nsrdb/16273,nsrdb/16273,139,8000,NSR,NSR,5.415741179604083e-05,0.0004107616550754756,0.999535083770752
swin,0,3,1394,nsrdb/16273,nsrdb/16273,139,9500,NSR,NSR,0.00015320416423492134,0.07053855061531067,0.9293082356452942
swin,0,3,1395,nsrdb/16273,nsrdb/16273,139,13500,NSR,NSR,5.4106672905618325e-05,0.0004450133419595659,0.9995008707046509
swin,0,3,1396,nsrdb/16273,nsrdb/16273,139,15500,NSR,NSR,7.296223338926211e-05,0.0002461287658661604,0.9996809959411621
swin,0,3,1397,nsrdb/16273,nsrdb/16273,139,43000,NSR,NSR,0.00013681998825632036,0.0001116230123443529,0.9997515082359314
swin,0,3,1398,nsrdb/16273,nsrdb/16273,139,51500,NSR,NSR,0.00014480410027317703,0.00010203974670730531,0.9997531771659851
swin,0,3,1399,nsrdb/16273,nsrdb/16273,139,60500,NSR,NSR,4.959268699167296e-05,0.0005229358794167638,0.9994275569915771
swin,0,3,1430,nsrdb/16773,nsrdb/16773,143,14500,NSR,ARR,0.99983811378479,0.00011230143718421459,4.9595648306421936e-05
swin,0,3,1431,nsrdb/16773,nsrdb/16773,143,17000,NSR,ARR,0.9997450709342957,0.00014856162306386977,0.00010632145858835429
swin,0,3,1432,nsrdb/16773,nsrdb/16773,143,22500,NSR,ARR,0.9998360872268677,0.00011290881229797378,5.0959595682797953e-05
swin,0,3,1433,nsrdb/16773,nsrdb/16773,143,26000,NSR,ARR,0.9998465776443481,9.284314000979066e-05,6.0497441154439e-05
swin,0,3,1434,nsrdb/16773,nsrdb/16773,143,31000,NSR,ARR,0.9998201727867126,0.00013050039706286043,4.931488729198463e-05
swin,0,3,1435,nsrdb/16773,nsrdb/16773,143,37000,NSR,ARR,0.9998519420623779,7.149708835640922e-05,7.646845915587619e-05
swin,0,3,1436,nsrdb/16773,nsrdb/16773,143,43000,NSR,ARR,0.9998501539230347,8.724557119421661e-05,6.252057937672362e-05
swin,0,3,1437,nsrdb/16773,nsrdb/16773,143,51000,NSR,ARR,0.9997567534446716,0.00020454834157135338,3.8737365684937686e-05
swin,0,3,1438,nsrdb/16773,nsrdb/16773,143,55000,NSR,ARR,0.9998430013656616,9.156097075901926e-05,6.541564653161913e-05
swin,0,3,1439,nsrdb/16773,nsrdb/16773,143,58000,NSR,ARR,0.9983968138694763,0.0010853158310055733,0.0005178519641049206
swin,0,3,1450,nsrdb/16795,nsrdb/16795,145,1000,NSR,NSR,9.189637057716027e-05,0.00018807458400260657,0.99972003698349
swin,0,3,1451,nsrdb/16795,nsrdb/16795,145,1500,NSR,NSR,8.185954357031733e-05,0.00020445641712285578,0.9997135996818542
swin,0,3,1452,nsrdb/16795,nsrdb/16795,145,2000,NSR,NSR,0.01799786277115345,0.0019130384316667914,0.9800890684127808
swin,0,3,1453,nsrdb/16795,nsrdb/16795,145,3000,NSR,ARR,0.9976244568824768,0.0018721475498750806,0.0005034395144321024
swin,0,3,1454,nsrdb/16795,nsrdb/16795,145,7000,NSR,NSR,0.000171724779647775,0.0008823114330880344,0.9989460110664368
swin,0,3,1455,nsrdb/16795,nsrdb/16795,145,15000,NSR,ARR,0.9117220640182495,0.00018895696848630905,0.08808889240026474
swin,0,3,1456,nsrdb/16795,nsrdb/16795,145,31000,NSR,NSR,0.0001511947630206123,0.00018066534539684653,0.9996681213378906
swin,0,3,1457,nsrdb/16795,nsrdb/16795,145,31500,NSR,NSR,0.007377752102911472,0.0010218446841463447,0.991600513458252
swin,0,3,1458,nsrdb/16795,nsrdb/16795,145,50500,NSR,ARR,0.990827739238739,0.008883589878678322,0.0002886189613491297
swin,0,3,1459,nsrdb/16795,nsrdb/16795,145,61500,NSR,NSR,0.0012832866050302982,0.12387283891439438,0.8748438954353333
swin,0,3,1480,nsrdb/16273,nsrdb/16273,148,2500,NSR,NSR,0.0015300239901989698,7.887656101956964e-05,0.9983910918235779
swin,0,3,1481,nsrdb/16273,nsrdb/16273,148,9000,NSR,ARR,0.9938067197799683,0.00010972816380672157,0.006083563435822725
swin,0,3,1482,nsrdb/16273,nsrdb/16273,148,15000,NSR,NSR,0.006451653782278299,0.00011780066415667534,0.9934305548667908
swin,0,3,1483,nsrdb/16273,nsrdb/16273,148,21000,NSR,NSR,0.022124186158180237,0.00019928417168557644,0.977676510810852
swin,0,3,1484,nsrdb/16273,nsrdb/16273,148,33000,NSR,NSR,0.0003056078276131302,9.147387754637748e-05,0.9996028542518616
swin,0,3,1485,nsrdb/16273,nsrdb/16273,148,40500,NSR,NSR,0.024918196722865105,0.00017014957848004997,0.9749116897583008
swin,0,3,1486,nsrdb/16273,nsrdb/16273,148,45500,NSR,NSR,0.00021867736359126866,0.00010020281479228288,0.9996811151504517
swin,0,3,1487,nsrdb/16273,nsrdb/16273,148,47000,NSR,NSR,0.00022334294044412673,7.320350414374843e-05,0.9997034668922424
swin,0,3,1488,nsrdb/16273,nsrdb/16273,148,47500,NSR,NSR,0.0002199038863182068,7.338225259445608e-05,0.9997066855430603
swin,0,3,1489,nsrdb/16273,nsrdb/16273,148,56000,NSR,NSR,0.0007555296760983765,5.981358481221832e-05,0.9991846680641174
swin,0,3,1590,nsrdb/16773,nsrdb/16773,159,4000,NSR,NSR,0.00011331853602314368,0.0010187068255618215,0.9988679885864258
swin,0,3,1591,nsrdb/16773,nsrdb/16773,159,25000,NSR,NSR,7.989179721334949e-05,0.00018613225256558508,0.9997339844703674
swin,0,3,1592,nsrdb/16773,nsrdb/16773,159,30500,NSR,NSR,0.005208051297813654,0.005383564159274101,0.9894083738327026
swin,0,3,1593,nsrdb/16773,nsrdb/16773,159,40000,NSR,NSR,0.0001157220103777945,0.00011986443132627755,0.9997643828392029
swin,0,3,1594,nsrdb/16773,nsrdb/16773,159,43500,NSR,NSR,0.00012817700917366892,0.00010572491737548262,0.9997661709785461
swin,0,3,1595,nsrdb/16773,nsrdb/16773,159,44500,NSR,NSR,0.00015964343037921935,8.515403897035867e-05,0.9997552037239075
swin,0,3,1596,nsrdb/16773,nsrdb/16773,159,49500,NSR,NSR,0.00011882444960065186,0.0009253559401258826,0.9989557266235352
swin,0,3,1597,nsrdb/16773,nsrdb/16773,159,54500,NSR,NSR,0.0007004678482189775,5.240483005763963e-05,0.9992471933364868
swin,0,3,1598,nsrdb/16773,nsrdb/16773,159,59000,NSR,NSR,0.00029786585946567357,0.0001153893826995045,0.9995867609977722
swin,0,3,1599,nsrdb/16773,nsrdb/16773,159,65000,NSR,NSR,0.00010490202839719132,0.00014732510317116976,0.9997478127479553
swin,0,3,1610,nsrdb/16795,nsrdb/16795,161,13000,NSR,NSR,0.002791032427921891,0.0013026994420215487,0.9959062337875366
swin,0,3,1611,nsrdb/16795,nsrdb/16795,161,21000,NSR,NSR,0.011989244259893894,0.00028360733995214105,0.9877270460128784
swin,0,3,1612,nsrdb/16795,nsrdb/16795,161,25000,NSR,NSR,0.0027877187822014093,0.000501888629514724,0.9967104196548462
swin,0,3,1613,nsrdb/16795,nsrdb/16795,161,33000,NSR,NSR,0.0006197110051289201,0.016108419746160507,0.9832718968391418
swin,0,3,1614,nsrdb/16795,nsrdb/16795,161,39000,NSR,NSR,0.00013299606507644057,0.0001179109385702759,0.9997491240501404
swin,0,3,1615,nsrdb/16795,nsrdb/16795,161,41000,NSR,NSR,0.1609421968460083,0.00019504422380123287,0.8388628363609314
swin,0,3,1616,nsrdb/16795,nsrdb/16795,161,44500,NSR,ARR,0.5061227083206177,0.047911692410707474,0.44596561789512634
swin,0,3,1617,nsrdb/16795,nsrdb/16795,161,54000,NSR,NSR,0.0001250454952241853,0.0002281291817780584,0.9996469020843506
swin,0,3,1618,nsrdb/16795,nsrdb/16795,161,59000,NSR,NSR,0.00014496181393042207,9.961957402992994e-05,0.9997554421424866
swin,0,3,1619,nsrdb/16795,nsrdb/16795,161,62500,NSR,NSR,0.00010920364002231508,0.00013764564937446266,0.9997531771659851
swin,1,3,70,mitdb/116,mitdb/116,7,3000,ARR,ARR,0.9849708676338196,0.0010714937234297395,0.013957732357084751
swin,1,3,71,mitdb/116,mitdb/116,7,6500,ARR,ARR,0.5946950912475586,0.002539820270612836,0.402765154838562
swin,1,3,72,mitdb/116,mitdb/116,7,12000,ARR,ARR,0.9509190917015076,0.04847897216677666,0.00060191162629053
swin,1,3,73,mitdb/116,mitdb/116,7,23000,ARR,ARR,0.9979181885719299,0.000214251151192002,0.0018675676546990871
swin,1,3,74,mitdb/116,mitdb/116,7,32500,ARR,ARR,0.9996647834777832,0.0002987505868077278,3.651817314676009e-05
swin,1,3,75,mitdb/116,mitdb/116,7,40000,ARR,ARR,0.9996187686920166,0.00012673245510086417,0.000254365848377347
swin,1,3,76,mitdb/116,mitdb/116,7,40500,ARR,ARR,0.9998676776885986,4.94500418426469e-05,8.28429328976199e-05
swin,1,3,77,mitdb/116,mitdb/116,7,46500,ARR,ARR,0.8901621699333191,0.06866014748811722,0.041177649050951004
swin,1,3,78,mitdb/116,mitdb/116,7,50000,ARR,ARR,0.9993854761123657,0.00016530607535969466,0.0004491583094932139
swin,1,3,79,mitdb/116,mitdb/116,7,58000,ARR,ARR,0.9794350862503052,0.020091842859983444,0.0004731049120891839
swin,1,3,130,mitdb/122,mitdb/122,13,8000,ARR,ARR,0.9997732043266296,0.0002010846947086975,2.580207546998281e-05
swin,1,3,131,mitdb/122,mitdb/122,13,13000,ARR,ARR,0.9973063468933105,0.0026765461079776287,1.7122370991273783e-05
swin,1,3,132,mitdb/122,mitdb/122,13,14000,ARR,ARR,0.999821126461029,0.00014878036745358258,3.0143313779262826e-05
swin,1,3,133,mitdb/122,mitdb/122,13,14500,ARR,ARR,0.9997462630271912,0.00022892186825629324,2.47607513301773e-05
swin,1,3,134,mitdb/122,mitdb/122,13,15000,ARR,ARR,0.9997367262840271,0.0002399268269073218,2.3327260350924917e-05
swin,1,3,135,mitdb/122,mitdb/122,13,16000,ARR,ARR,0.9997759461402893,0.00019850555690936744,2.544862581999041e-05
swin,1,3,136,mitdb/122,mitdb/122,13,17000,ARR,ARR,0.9997807145118713,0.00019299487757962197,2.631980532896705e-05
swin,1,3,137,mitdb/122,mitdb/122,13,34000,ARR,ARR,0.9997913241386414,0.00018130522221326828,2.7422953280620277e-05
swin,1,3,138,mitdb/122,mitdb/122,13,46500,ARR,ARR,0.999721348285675,0.0002555549726821482,2.3065074856276624e-05
swin,1,3,139,mitdb/122,mitdb/122,13,56500,ARR,ARR,0.9994016885757446,0.0005778369959443808,2.0440736989257857e-05
swin,1,3,160,mitdb/200,mitdb/200,16,4500,ARR,ARR,0.9967254400253296,0.003233831375837326,4.069835995323956e-05
swin,1,3,161,mitdb/200,mitdb/200,16,6500,ARR,CHF,6.503982876893133e-05,0.9996660947799683,0.00026885443367064
swin,1,3,162,mitdb/200,mitdb/200,16,16000,ARR,CHF,5.36240404471755e-05,0.9997636675834656,0.00018273069872520864
swin,1,3,163,mitdb/200,mitdb/200,16,17000,ARR,CHF,0.35907673835754395,0.621781051158905,0.01914221979677677
swin,1,3,164,mitdb/200,mitdb/200,16,33000,ARR,ARR,0.9993727803230286,0.0006021533044986427,2.513533218007069e-05
swin,1,3,165,mitdb/200,mitdb/200,16,40500,ARR,ARR,0.9656288623809814,0.033618517220020294,0.0007526197005063295
swin,1,3,166,mitdb/200,mitdb/200,16,41000,ARR,CHF,0.0033351515885442495,0.9960970282554626,0.000567861832678318
swin,1,3,167,mitdb/200,mitdb/200,16,45000,ARR,CHF,0.00020995113300159574,0.9997156262397766,7.441493653459474e-05
swin,1,3,168,mitdb/200,mitdb/200,16,60500,ARR,CHF,0.028071297332644463,0.9618088006973267,0.010119921527802944
swin,1,3,169,mitdb/200,mitdb/200,16,61500,ARR,ARR,0.938994288444519,0.06094178929924965,6.390786438714713e-05
swin,1,3,260,mitdb/212,mitdb/212,26,4000,ARR,ARR,0.9998101592063904,0.00016015773871913552,2.9700064260396175e-05
swin,1,3,261,mitdb/212,mitdb/212,26,5000,ARR,ARR,0.9998587369918823,9.822641732171178e-05,4.3022540921811014e-05
swin,1,3,262,mitdb/212,mitdb/212,26,21000,ARR,ARR,0.9998250603675842,0.00014011483290232718,3.4823959140339866e-05
swin,1,3,263,mitdb/212,mitdb/212,26,24500,ARR,ARR,0.9997885823249817,0.00018366157019045204,2.7787677026935853e-05
swin,1,3,264,mitdb/212,mitdb/212,26,29500,ARR,ARR,0.9998692274093628,7.755401747999713e-05,5.321412754710764e-05
swin,1,3,265,mitdb/212,mitdb/212,26,33000,ARR,ARR,0.9998511075973511,0.00010665072477422655,4.222474672133103e-05
swin,1,3,266,mitdb/212,mitdb/212,26,34000,ARR,ARR,0.9998414516448975,0.00012145338405389339,3.7041969335405156e-05
swin,1,3,267,mitdb/212,mitdb/212,26,53000,ARR,ARR,0.9995414018630981,0.0004200555558782071,3.863473466481082e-05
swin,1,3,268,mitdb/212,mitdb/212,26,54500,ARR,ARR,0.9994532465934753,0.0005144834867678583,3.231100345146842e-05
swin,1,3,269,mitdb/212,mitdb/212,26,56000,ARR,ARR,0.996450662612915,0.00272026052698493,0.0008290963596664369
swin,1,3,320,mitdb/220,mitdb/220,32,7000,ARR,ARR,0.9445178508758545,6.62274906062521e-05,0.055415913462638855
swin,1,3,321,mitdb/220,mitdb/220,32,16000,ARR,ARR,0.9990143775939941,4.008933683508076e-05,0.0009454730316065252
swin,1,3,322,mitdb/220,mitdb/220,32,33500,ARR,ARR,0.9884892106056213,6.983029015827924e-05,0.011440955102443695
swin,1,3,323,mitdb/220,mitdb/220,32,34500,ARR,ARR,0.9895709753036499,6.680883961962536e-05,0.010362304747104645
swin,1,3,324,mitdb/220,mitdb/220,32,39000,ARR,ARR,0.9234194159507751,4.975458068656735e-05,0.0765308141708374
swin,1,3,325,mitdb/220,mitdb/220,32,50000,ARR,ARR,0.9998661279678345,5.329430860001594e-05,8.053188503254205e-05
swin,1,3,326,mitdb/220,mitdb/220,32,51500,ARR,ARR,0.9980789422988892,6.083570042392239e-05,0.0018602864583954215
swin,1,3,327,mitdb/220,mitdb/220,32,52000,ARR,ARR,0.9992514252662659,2.544709059293382e-05,0.0007230908377096057
swin,1,3,328,mitdb/220,mitdb/220,32,64500,ARR,ARR,0.9998489618301392,4.815988722839393e-05,0.00010280509013682604
swin,1,3,329,mitdb/220,mitdb/220,32,65000,ARR,ARR,0.9958046078681946,0.00012645481911022216,0.004069051239639521
swin,1,3,370,mitdb/228,mitdb/228,37,8500,ARR,ARR,0.9998216032981873,0.00014358446060214192,3.4853143006330356e-05
swin,1,3,371,mitdb/228,mitdb/228,37,9000,ARR,ARR,0.9990440011024475,0.0003364212461747229,0.0006194780580699444
swin,1,3,372,mitdb/228,mitdb/228,37,10500,ARR,ARR,0.9998555183410645,0.000106223946204409,3.828820263152011e-05
swin,1,3,373,mitdb/228,mitdb/228,37,11000,ARR,CHF,0.014157664962112904,0.9856112003326416,0.00023110552865546197
swin,1,3,374,mitdb/228,mitdb/228,37,20000,ARR,ARR,0.9995948672294617,0.00019734189845621586,0.00020779231272172183
swin,1,3,375,mitdb/228,mitdb/228,37,22000,ARR,ARR,0.868903636932373,0.004698854871094227,0.12639747560024261
swin,1,3,376,mitdb/228,mitdb/228,37,36500,ARR,CHF,0.00023545959265902638,0.996799111366272,0.0029654286336153746
swin,1,3,377,mitdb/228,mitdb/228,37,43000,ARR,ARR,0.9998630285263062,9.498815052211285e-05,4.194266512058675e-05
swin,1,3,378,mitdb/228,mitdb/228,37,43500,ARR,ARR,0.936054527759552,0.06375504285097122,0.00019045639783143997
swin,1,3,379,mitdb/228,mitdb/228,37,57500,ARR,ARR,0.999840259552002,0.00012128899106755853,3.8413432775996625e-05
swin,1,3,380,mitdb/230,mitdb/230,38,1000,ARR,ARR,0.9998767375946045,6.115213182056323e-05,6.21363433310762e-05
swin,1,3,381,mitdb/230,mitdb/230,38,4500,ARR,ARR,0.997269332408905,5.029081876273267e-05,0.0026803510263562202
swin,1,3,382,mitdb/230,mitdb/230,38,14000,ARR,ARR,0.9998660087585449,5.129649434820749e-05,8.2765007391572e-05
swin,1,3,383,mitdb/230,mitdb/230,38,16000,ARR,ARR,0.9998399019241333,4.5573626266559586e-05,0.00011458585504442453
swin,1,3,384,mitdb/230,mitdb/230,38,18000,ARR,ARR,0.9998797178268433,6.921895692357793e-05,5.096531822346151e-05
swin,1,3,385,mitdb/230,mitdb/230,38,29500,ARR,ARR,0.9322614669799805,0.0003262819373048842,0.06741229444742203
swin,1,3,386,mitdb/230,mitdb/230,38,35500,ARR,ARR,0.9998621940612793,5.0779675802914426e-05,8.705762593308464e-05
swin,1,3,387,mitdb/230,mitdb/230,38,41000,ARR,ARR,0.999870777130127,5.7706653024069965e-05,7.157204527175054e-05
swin,1,3,388,mitdb/230,mitdb/230,38,54000,ARR,ARR,0.9998723268508911,5.477447484736331e-05,7.280582212843001e-05
swin,1,3,389,mitdb/230,mitdb/230,38,56500,ARR,ARR,0.9998087286949158,4.042886939714663e-05,0.00015093074762262404
swin,1,3,420,mitdb/234,mitdb/234,42,0,ARR,ARR,0.99950110912323,0.00047508315765298903,2.3795264496584423e-05
swin,1,3,421,mitdb/234,mitdb/234,42,6000,ARR,ARR,0.9992140531539917,0.0007515085162594914,3.4392887755529955e-05
swin,1,3,422,mitdb/234,mitdb/234,42,9000,ARR,ARR,0.7011763453483582,0.2981201708316803,0.0007034367299638689
swin,1,3,423,mitdb/234,mitdb/234,42,12500,ARR,ARR,0.9998766183853149,7.695994281675667e-05,4.6353576180990785e-05
swin,1,3,424,mitdb/234,mitdb/234,42,21500,ARR,ARR,0.9998319149017334,0.0001241049321833998,4.393518247525208e-05
swin,1,3,425,mitdb/234,mitdb/234,42,24000,ARR,CHF,0.00025449052918702364,0.9987258315086365,0.0010196742368862033
swin,1,3,426,mitdb/234,mitdb/234,42,57000,ARR,CHF,0.001033110311254859,0.9988194108009338,0.00014749012188985944
swin,1,3,427,mitdb/234,mitdb/234,42,57500,ARR,ARR,0.999862551689148,9.513424447504804e-05,4.233740037307143e-05
swin,1,3,428,mitdb/234,mitdb/234,42,59500,ARR,ARR,0.9998586177825928,7.886559615144506e-05,6.240107904886827e-05
swin,1,3,429,mitdb/234,mitdb/234,42,63000,ARR,ARR,0.9998435974121094,0.00012369129399303347,3.269522494520061e-05
swin,1,3,490,mitdb/105,mitdb/105,49,7000,ARR,ARR,0.9998761415481567,5.834945841343142e-05,6.540209869854152e-05
swin,1,3,491,mitdb/105,mitdb/105,49,9500,ARR,ARR,0.9998757839202881,6.322751141851768e-05,6.097574078012258e-05
swin,1,3,492,mitdb/105,mitdb/105,49,11500,ARR,ARR,0.9989327788352966,0.0005283656064420938,0.0005387933342717588
swin,1,3,493,mitdb/105,mitdb/105,49,25000,ARR,ARR,0.9998784065246582,6.715157360304147e-05,5.451299512060359e-05
swin,1,3,494,mitdb/105,mitdb/105,49,32000,ARR,ARR,0.9982535243034363,0.0005399261135607958,0.0012065484188497066
swin,1,3,495,mitdb/105,mitdb/105,49,37000,ARR,ARR,0.9959322810173035,0.003852821420878172,0.00021489147911779583
swin,1,3,496,mitdb/105,mitdb/105,49,38500,ARR,ARR,0.9998728036880493,6.698132347082719e-05,6.014023892930709e-05
swin,1,3,497,mitdb/105,mitdb/105,49,48000,ARR,ARR,0.998594343662262,0.0003442905144765973,0.0010613667545840144
swin,1,3,498,mitdb/105,mitdb/105,49,53000,ARR,ARR,0.9998748302459717,6.316055078059435e-05,6.198460323503241e-05
swin,1,3,499,mitdb/105,mitdb/105,49,62000,ARR,ARR,0.9979562759399414,0.00037633354077115655,0.0016674214275553823
swin,1,3,550,mitdb/105,mitdb/105,55,500,ARR,ARR,0.9993802309036255,0.0005613486282527447,5.8430749049875885e-05
swin,1,3,551,mitdb/105,mitdb/105,55,8500,ARR,ARR,0.9998264908790588,0.00014077051309868693,3.273659967817366e-05
swin,1,3,552,mitdb/105,mitdb/105,55,13500,ARR,ARR,0.9997225403785706,0.000251428980845958,2.6007017368101515e-05
swin,1,3,553,mitdb/105,mitdb/105,55,15000,ARR,ARR,0.9998130202293396,0.00015636833268217742,3.061302413698286e-05
swin,1,3,554,mitdb/105,mitdb/105,55,21000,ARR,ARR,0.9998406171798706,0.0001257590192835778,3.362288771313615e-05
swin,1,3,555,mitdb/105,mitdb/105,55,27000,ARR,ARR,0.9995980858802795,0.0003800702397711575,2.1758634829893708e-05
swin,1,3,556,mitdb/105,mitdb/105,55,29000,ARR,ARR,0.9987955093383789,0.0010956109035760164,0.00010878621105803177
swin,1,3,557,mitdb/105,mitdb/105,55,37500,ARR,ARR,0.9778352379798889,0.022055862471461296,0.000108869637188036
swin,1,3,558,mitdb/105,mitdb/105,55,39500,ARR,ARR,0.999761164188385,0.00021160440519452095,2.7245858291280456e-05
swin,1,3,559,mitdb/105,mitdb/105,55,48500,ARR,ARR,0.9998107552528381,0.00015735349734313786,3.19053178827744e-05
swin,1,3,600,mitdb/116,mitdb/116,60,4000,ARR,ARR,0.9998680353164673,8.479135431116447e-05,4.714460010291077e-05
swin,1,3,601,mitdb/116,mitdb/116,60,13500,ARR,ARR,0.9998581409454346,9.780814434634522e-05,4.400002580950968e-05
swin,1,3,602,mitdb/116,mitdb/116,60,14500,ARR,ARR,0.9998632669448853,8.91342933755368e-05,4.761478703585453e-05
swin,1,3,603,mitdb/116,mitdb/116,60,17000,ARR,ARR,0.9998571872711182,0.00010225181904388592,4.0558388718636706e-05
swin,1,3,604,mitdb/116,mitdb/116,60,22500,ARR,ARR,0.9998574256896973,0.00010288334306096658,3.9733135054120794e-05
swin,1,3,605,mitdb/116,mitdb/116,60,23000,ARR,ARR,0.9997407793998718,0.0002257677842862904,3.351893974468112e-05
swin,1,3,606,mitdb/116,mitdb/116,60,27500,ARR,ARR,0.9998639822006226,9.337851224699989e-05,4.272706064512022e-05
swin,1,3,607,mitdb/116,mitdb/116,60,29500,ARR,ARR,0.9998629093170166,9.248348214896396e-05,4.4567241275217384e-05
swin,1,3,608,mitdb/116,mitdb/116,60,61500,ARR,ARR,0.9998432397842407,0.00012154769501648843,3.515883145155385e-05
swin,1,3,609,mitdb/116,mitdb/116,60,64500,ARR,ARR,0.9998674392700195,9.05478373169899e-05,4.189982792013325e-05
swin,1,3,650,mitdb/122,mitdb/122,65,3500,ARR,ARR,0.9998728036880493,7.188863673945889e-05,5.5362164857797325e-05
swin,1,3,651,mitdb/122,mitdb/122,65,8500,ARR,ARR,0.9967531561851501,0.00013450167898554355,0.00311232078820467
swin,1,3,652,mitdb/122,mitdb/122,65,14000,ARR,ARR,0.9247151613235474,0.00013504053640644997,0.07514981180429459
swin,1,3,653,mitdb/122,mitdb/122,65,15000,ARR,ARR,0.9998185038566589,4.050092684337869e-05,0.0001409977994626388
swin,1,3,654,mitdb/122,mitdb/122,65,27500,ARR,ARR,0.9976796507835388,0.0001051316357916221,0.0022152119781821966
swin,1,3,655,mitdb/122,mitdb/122,65,29500,ARR,ARR,0.9990832805633545,9.50896501308307e-05,0.0008216325659304857
swin,1,3,656,mitdb/122,mitdb/122,65,36000,ARR,ARR,0.9998637437820435,5.758634870289825e-05,7.8613382356707e-05
swin,1,3,657,mitdb/122,mitdb/122,65,42500,ARR,ARR,0.9895421266555786,0.0001296838017879054,0.01032820250838995
swin,1,3,658,mitdb/122,mitdb/122,65,45500,ARR,ARR,0.9998470544815063,6.29931382718496e-05,8.988386980490759e-05
swin,1,3,659,mitdb/122,mitdb/122,65,47000,ARR,ARR,0.9994661211967468,4.098319914191961e-05,0.0004929054412059486
swin,1,3,690,mitdb/200,mitdb/200,69,500,ARR,ARR,0.999873161315918,7.029473636066541e-05,5.649670856655575e-05
swin,1,3,691,mitdb/200,mitdb/200,69,4000,ARR,ARR,0.9998728036880493,7.721047586528584e-05,4.991647801944055e-05
swin,1,3,692,mitdb/200,mitdb/200,69,4500,ARR,ARR,0.9998593330383301,0.00010160503734368831,3.9121641748351976e-05
swin,1,3,693,mitdb/200,mitdb/200,69,18500,ARR,ARR,0.9998631477355957,9.43385239224881e-05,4.249964695191011e-05
swin,1,3,694,mitdb/200,mitdb/200,69,26000,ARR,ARR,0.9998730421066284,8.121269638650119e-05,4.5747667172690853e-05
swin,1,3,695,mitdb/200,mitdb/200,69,26500,ARR,ARR,0.9998786449432373,5.8105440984945744e-05,6.325518916128203e-05
swin,1,3,696,mitdb/200,mitdb/200,69,37000,ARR,ARR,0.9998623132705688,9.385099838254973e-05,4.390188041725196e-05
swin,1,3,697,mitdb/200,mitdb/200,69,54000,ARR,ARR,0.9998716115951538,8.057688683038577e-05,4.776841524289921e-05
swin,1,3,698,mitdb/200,mitdb/200,69,59000,ARR,ARR,0.9998732805252075,7.548021676484495e-05,5.130425051902421e-05
swin,1,3,699,mitdb/200,mitdb/200,69,64500,ARR,ARR,0.9998788833618164,6.554114224854857e-05,5.55426740902476e-05
swin,1,3,790,mitdb/212,mitdb/212,79,8500,ARR,ARR,0.9998668432235718,7.616559014422819e-05,5.699688699678518e-05
swin,1,3,791,mitdb/212,mitdb/212,79,15000,ARR,ARR,0.999869704246521,7.484472735086456e-05,5.539722042158246e-05
swin,1,3,792,mitdb/212,mitdb/212,79,19000,ARR,ARR,0.9998717308044434,7.301611913135275e-05,5.523142681340687e-05
swin,1,3,793,mitdb/212,mitdb/212,79,34500,ARR,ARR,0.9998695850372314,8.599035936640576e-05,4.446161983651109e-05
swin,1,3,794,mitdb/212,mitdb/212,79,47500,ARR,ARR,0.999876856803894,7.582687248941511e-05,4.728847852675244e-05
swin,1,3,795,mitdb/212,mitdb/212,79,51500,ARR,ARR,0.9998748302459717,7.803737389622256e-05,4.7069042921066284e-05
swin,1,3,796,mitdb/212,mitdb/212,79,54000,ARR,ARR,0.9998822212219238,6.535149441333488e-05,5.2450141083681956e-05
swin,1,3,797,mitdb/212,mitdb/212,79,61000,ARR,ARR,0.999866247177124,6.33642339380458e-05,7.036360329948366e-05
swin,1,3,798,mitdb/212,mitdb/212,79,62500,ARR,ARR,0.9998772144317627,6.132222915766761e-05,6.145723455119878e-05
swin,1,3,799,mitdb/212,mitdb/212,79,63000,ARR,ARR,0.999872088432312,8.187995263142511e-05,4.600738247972913e-05
swin,1,3,850,mitdb/220,mitdb/220,85,1000,ARR,ARR,0.999871015548706,6.418982957256958e-05,6.468981882790104e-05
swin,1,3,851,mitdb/220,mitdb/220,85,11500,ARR,ARR,0.9998681545257568,7.837164594093338e-05,5.3413736168295145e-05
swin,1,3,852,mitdb/220,mitdb/220,85,14000,ARR,ARR,0.999876856803894,6.92850662744604e-05,5.3919298807159066e-05
swin,1,3,853,mitdb/220,mitdb/220,85,19500,ARR,ARR,0.9998679161071777,7.03502882970497e-05,6.17608311586082e-05
swin,1,3,854,mitdb/220,mitdb/220,85,23500,ARR,ARR,0.9998713731765747,6.0236699937377125e-05,6.845673487987369e-05
swin,1,3,855,mitdb/220,mitdb/220,85,27000,ARR,ARR,0.9998714923858643,6.940267485333607e-05,5.917198723182082e-05
swin,1,3,856,mitdb/220,mitdb/220,85,30500,ARR,ARR,0.9998645782470703,8.002257527550682e-05,5.5438158597098663e-05
swin,1,3,857,mitdb/220,mitdb/220,85,35000,ARR,ARR,0.9998700618743896,7.336394628509879e-05,5.646970748784952e-05
swin,1,3,858,mitdb/220,mitdb/220,85,41000,ARR,ARR,0.9998648166656494,6.540765753015876e-05,6.96684728609398e-05
swin,1,3,859,mitdb/220,mitdb/220,85,53000,ARR,ARR,0.9998655319213867,5.619873263640329e-05,7.831473340047523e-05
swin,1,3,900,mitdb/228,mitdb/228,90,0,ARR,ARR,0.9962047934532166,0.003724901005625725,7.02835968695581e-05
swin,1,3,901,mitdb/228,mitdb/228,90,16000,ARR,ARR,0.9995098114013672,0.00045976132969371974,3.0439892725553364e-05
swin,1,3,902,mitdb/228,mitdb/228,90,16500,ARR,ARR,0.9980208873748779,0.0019557292107492685,2.3391925424220972e-05
swin,1,3,903,mitdb/228,mitdb/228,90,19000,ARR,ARR,0.9998735189437866,7.61219416745007e-05,5.0291851948713884e-05
swin,1,3,904,mitdb/228,mitdb/228,90,21500,ARR,ARR,0.9947035908699036,0.005256461910903454,3.999137334176339e-05
swin,1,3,905,mitdb/228,mitdb/228,90,39000,ARR,CHF,0.00010512609878787771,0.9997357726097107,0.00015906253247521818
swin,1,3,906,mitdb/228,mitdb/228,90,39500,ARR,ARR,0.9831382036209106,0.016274021938443184,0.0005878016818314791
swin,1,3,907,mitdb/228,mitdb/228,90,40500,ARR,CHF,0.03554527088999748,0.9644144177436829,4.026999886264093e-05
swin,1,3,908,mitdb/228,mitdb/228,90,42000,ARR,CHF,0.00011493894271552563,0.9997151494026184,0.00016991750453598797
swin,1,3,909,mitdb/228,mitdb/228,90,57500,ARR,ARR,0.9992920160293579,0.00048285681987181306,0.0002251732803415507
swin,1,3,910,mitdb/230,mitdb/230,91,6500,ARR,ARR,0.9998587369918823,0.00010216960799880326,3.905061385012232e-05
swin,1,3,911,mitdb/230,mitdb/230,91,29000,ARR,ARR,0.9998667240142822,9.095887799048796e-05,4.226835517329164e-05
swin,1,3,912,mitdb/230,mitdb/230,91,32000,ARR,ARR,0.9998455047607422,0.0001209552283398807,3.3483345760032535e-05
swin,1,3,913,mitdb/230,mitdb/230,91,34500,ARR,ARR,0.9998736381530762,8.143688319250941e-05,4.495313987717964e-05
swin,1,3,914,mitdb/230,mitdb/230,91,37000,ARR,ARR,0.9998747110366821,7.071737491060048e-05,5.453692574519664e-05
swin,1,3,915,mitdb/230,mitdb/230,91,40500,ARR,ARR,0.9998553991317749,0.00010511001164559275,3.941178147215396e-05
swin,1,3,916,mitdb/230,mitdb/230,91,45000,ARR,ARR,0.9998571872711182,7.628654566360638e-05,6.648635462624952e-05
swin,1,3,917,mitdb/230,mitdb/230,91,54000,ARR,ARR,0.9998645782470703,9.354338544653729e-05,4.18285999330692e-05
swin,1,3,918,mitdb/230,mitdb/230,91,54500,ARR,ARR,0.9998652935028076,9.312856127507985e-05,4.160607568337582e-05
swin,1,3,919,mitdb/230,mitdb/230,91,58000,ARR,ARR,0.9997386336326599,0.00022663947311230004,3.467461283435114e-05
swin,1,3,950,mitdb/234,mitdb/234,95,20500,ARR,ARR,0.7709387540817261,0.0007874373695813119,0.22827383875846863
swin,1,3,951,mitdb/234,mitdb/234,95,22500,ARR,ARR,0.9974823594093323,0.00039364260737784207,0.002124089514836669
swin,1,3,952,mitdb/234,mitdb/234,95,24500,ARR,ARR,0.9998332262039185,0.0001245968887815252,4.224900112603791e-05
swin,1,3,953,mitdb/234,mitdb/234,95,27500,ARR,ARR,0.9990052580833435,3.2248044590232894e-05,0.000962463382165879
swin,1,3,954,mitdb/234,mitdb/234,95,30500,ARR,ARR,0.9998540878295898,0.00010306152398698032,4.278343476471491e-05
swin,1,3,955,mitdb/234,mitdb/234,95,35500,ARR,ARR,0.999864935874939,5.292223431752063e-05,8.21253124740906e-05
swin,1,3,956,mitdb/234,mitdb/234,95,37500,ARR,ARR,0.9998712539672852,7.47312224120833e-05,5.396977212512866e-05
swin,1,3,957,mitdb/234,mitdb/234,95,48000,ARR,ARR,0.610227108001709,0.0009886183543130755,0.3887843191623688
swin,1,3,958,mitdb/234,mitdb/234,95,48500,ARR,ARR,0.6160544157028198,0.0002411851310171187,0.38370439410209656
swin,1,3,959,mitdb/234,mitdb/234,95,56000,ARR,ARR,0.9998359680175781,0.0001001609125523828,6.391831993823871e-05
swin,1,3,1020,chfdb/chf15,chfdb/chf15,102,14000,CHF,CHF,0.01738501526415348,0.639771580696106,0.3428434133529663
swin,1,3,1021,chfdb/chf15,chfdb/chf15,102,19500,CHF,CHF,0.00012044702452840284,0.9998093247413635,7.022866338957101e-05
swin,1,3,1022,chfdb/chf15,chfdb/chf15,102,32500,CHF,CHF,0.00010050257697002962,0.9998444318771362,5.508111644303426e-05
swin,1,3,1023,chfdb/chf15,chfdb/chf15,102,35500,CHF,ARR,0.9725238084793091,0.027410123497247696,6.609450065298006e-05
swin,1,3,1024,chfdb/chf15,chfdb/chf15,102,38500,CHF,CHF,6.845117604825646e-05,0.9998531341552734,7.838646706659347e-05
swin,1,3,1025,chfdb/chf15,chfdb/chf15,102,39000,CHF,CHF,0.00013798884174320847,0.9998173117637634,4.476258982322179e-05
swin,1,3,1026,chfdb/chf15,chfdb/chf15,102,44000,CHF,CHF,0.00026890166918747127,0.9997023940086365,2.8663209377555177e-05
swin,1,3,1027,chfdb/chf15,chfdb/chf15,102,50500,CHF,CHF,9.276426862925291e-05,0.9998483657836914,5.890430838917382e-05
swin,1,3,1028,chfdb/chf15,chfdb/chf15,102,52500,CHF,CHF,0.0005522518185898662,0.9994240999221802,2.367631532251835e-05
swin,1,3,1029,chfdb/chf15,chfdb/chf15,102,57500,CHF,CHF,0.00012953163241036236,0.9998238682746887,4.657840327126905e-05
swin,1,3,1090,chfdb/chf06,chfdb/chf06,109,8500,CHF,NSR,8.098386751953512e-05,0.3125823438167572,0.6873366832733154
swin,1,3,1091,chfdb/chf06,chfdb/chf06,109,14000,CHF,NSR,0.13087885081768036,0.020577970892190933,0.848543107509613
swin,1,3,1092,chfdb/chf06,chfdb/chf06,109,15500,CHF,CHF,0.00033155770506709814,0.9571250081062317,0.04254351183772087
swin,1,3,1093,chfdb/chf06,chfdb/chf06,109,19000,CHF,NSR,5.6422464695060626e-05,0.007629894185811281,0.9923136830329895
swin,1,3,1094,chfdb/chf06,chfdb/chf06,109,28500,CHF,CHF,8.533973596058786e-05,0.8986155986785889,0.10129904747009277
swin,1,3,1095,chfdb/chf06,chfdb/chf06,109,33500,CHF,CHF,0.0003287229628767818,0.7050783038139343,0.294592946767807
swin,1,3,1096,chfdb/chf06,chfdb/chf06,109,35000,CHF,CHF,0.0001031298452289775,0.6570717096328735,0.34282514452934265
swin,1,3,1097,chfdb/chf06,chfdb/chf06,109,45500,CHF,ARR,0.9997730851173401,0.00018994406855199486,3.6926638131262735e-05
swin,1,3,1098,chfdb/chf06,chfdb/chf06,109,50500,CHF,NSR,0.029163997620344162,0.3252081274986267,0.6456278562545776
swin,1,3,1099,chfdb/chf06,chfdb/chf06,109,64500,CHF,CHF,0.00035281237796880305,0.9991291165351868,0.0005180648295208812
swin,1,3,1100,chfdb/chf07,chfdb/chf07,110,7000,CHF,CHF,3.144478250760585e-05,0.9993913173675537,0.0005772656295448542
swin,1,3,1101,chfdb/chf07,chfdb/chf07,110,9000,CHF,CHF,4.975462070433423e-05,0.9998036026954651,0.00014668056974187493
swin,1,3,1102,chfdb/chf07,chfdb/chf07,110,14000,CHF,CHF,3.423645830480382e-05,0.9664065837860107,0.0335591658949852
swin,1,3,1103,chfdb/chf07,chfdb/chf07,110,19000,CHF,CHF,3.690879748319276e-05,0.9995701909065247,0.000392924906918779
swin,1,3,1104,chfdb/chf07,chfdb/chf07,110,28500,CHF,CHF,2.7520580260897987e-05,0.9991663694381714,0.0008061056141741574
swin,1,3,1105,chfdb/chf07,chfdb/chf07,110,36000,CHF,CHF,2.529228549974505e-05,0.9990479350090027,0.0009267723653465509
swin,1,3,1106,chfdb/chf07,chfdb/chf07,110,40000,CHF,CHF,3.200517676305026e-05,0.9994263648986816,0.0005416200729086995
swin,1,3,1107,chfdb/chf07,chfdb/chf07,110,41000,CHF,CHF,3.851141082122922e-05,0.99931800365448,0.0006434381357394159
swin,1,3,1108,chfdb/chf07,chfdb/chf07,110,48500,CHF,CHF,2.7038810003432445e-05,0.9883202314376831,0.011652739718556404
swin,1,3,1109,chfdb/chf07,chfdb/chf07,110,60000,CHF,CHF,3.095732245128602e-05,0.9914302229881287,0.008538857102394104
swin,1,3,1190,chfdb/chf15,chfdb/chf15,119,20000,CHF,CHF,5.953226354904473e-05,0.9998401403427124,0.00010036106687039137
swin,1,3,1191,chfdb/chf15,chfdb/chf15,119,21000,CHF,CHF,3.823295992333442e-05,0.9997381567955017,0.00022365250333677977
swin,1,3,1192,chfdb/chf15,chfdb/chf15,119,34000,CHF,CHF,5.0481688958825544e-05,0.9998007416725159,0.00014877547801006585
swin,1,3,1193,chfdb/chf15,chfdb/chf15,119,40500,CHF,CHF,0.00010770375229185447,0.9998363256454468,5.594096364802681e-05
swin,1,3,1194,chfdb/chf15,chfdb/chf15,119,42500,CHF,CHF,5.373649764806032e-05,0.9998310804367065,0.00011519107647472993
swin,1,3,1195,chfdb/chf15,chfdb/chf15,119,44500,CHF,CHF,5.6261025747517124e-05,0.9998308420181274,0.00011282361811026931
swin,1,3,1196,chfdb/chf15,chfdb/chf15,119,58500,CHF,CHF,6.197860784595832e-05,0.9998478889465332,9.010141366161406e-05
swin,1,3,1197,chfdb/chf15,chfdb/chf15,119,60500,CHF,CHF,7.260596612468362e-05,0.9998462200164795,8.11569407233037e-05
swin,1,3,1198,chfdb/chf15,chfdb/chf15,119,61500,CHF,CHF,6.248710269574076e-05,0.9998447895050049,9.269019210478291e-05
swin,1,3,1199,chfdb/chf15,chfdb/chf15,119,62000,CHF,CHF,3.652316809166223e-05,0.9996986389160156,0.00026490853633731604
swin,1,3,1220,chfdb/chf06,chfdb/chf06,122,5000,CHF,CHF,0.031141875311732292,0.9687400460243225,0.00011810501018771902
swin,1,3,1221,chfdb/chf06,chfdb/chf06,122,18000,CHF,CHF,0.0051724971272051334,0.9944767355918884,0.00035079100052826107
swin,1,3,1222,chfdb/chf06,chfdb/chf06,122,20000,CHF,CHF,0.0001215750235132873,0.9983975291252136,0.0014808708801865578
swin,1,3,1223,chfdb/chf06,chfdb/chf06,122,21000,CHF,CHF,4.015219019493088e-05,0.9986854195594788,0.001274449983611703
swin,1,3,1224,chfdb/chf06,chfdb/chf06,122,34000,CHF,CHF,0.000271490280283615,0.9996833801269531,4.520024958765134e-05
swin,1,3,1225,chfdb/chf06,chfdb/chf06,122,39500,CHF,CHF,0.00010216394002782181,0.9998375177383423,6.024540198268369e-05
swin,1,3,1226,chfdb/chf06,chfdb/chf06,122,42500,CHF,CHF,0.1284913271665573,0.8714204430580139,8.823526877677068e-05
swin,1,3,1227,chfdb/chf06,chfdb/chf06,122,53000,CHF,ARR,0.9804590940475464,0.019356317818164825,0.0001845344522735104
swin,1,3,1228,chfdb/chf06,chfdb/chf06,122,57500,CHF,CHF,0.005395882297307253,0.9945524334907532,5.1707280363189057e-05
swin,1,3,1229,chfdb/chf06,chfdb/chf06,122,59000,CHF,CHF,0.06835473328828812,0.9286453127861023,0.00300002982839942
swin,1,3,1230,chfdb/chf07,chfdb/chf07,123,6000,CHF,CHF,0.00014972190547268838,0.9956504702568054,0.004199833609163761
swin,1,3,1231,chfdb/chf07,chfdb/chf07,123,6500,CHF,CHF,8.61815715325065e-05,0.9992958307266235,0.0006179113988764584
swin,1,3,1232,chfdb/chf07,chfdb/chf07,123,20500,CHF,CHF,5.100849739392288e-05,0.9997329115867615,0.00021607844973914325
swin,1,3,1233,chfdb/chf07,chfdb/chf07,123,28500,CHF,CHF,3.0293225790956058e-05,0.9991843104362488,0.0007853879942558706
swin,1,3,1234,chfdb/chf07,chfdb/chf07,123,31500,CHF,CHF,0.0001386191142955795,0.9996566772460938,0.00020467281865421683
swin,1,3,1235,chfdb/chf07,chfdb/chf07,123,34500,CHF,NSR,0.000315017910907045,0.3773496150970459,0.6223353743553162
swin,1,3,1236,chfdb/chf07,chfdb/chf07,123,39500,CHF,CHF,0.002264600247144699,0.9976693987846375,6.601855420740321e-05
swin,1,3,1237,chfdb/chf07,chfdb/chf07,123,50500,CHF,NSR,0.10075180232524872,0.3092762231826782,0.5899720191955566
swin,1,3,1238,chfdb/chf07,chfdb/chf07,123,51000,CHF,CHF,0.00016671833873260766,0.998784601688385,0.001048663049004972
swin,1,3,1239,chfdb/chf07,chfdb/chf07,123,59500,CHF,CHF,0.00011183728202013299,0.999739944934845,0.00014825077960267663
swin,1,3,1370,nsrdb/16272,nsrdb/16272,137,5000,NSR,NSR,6.698335346300155e-05,0.00010988753638230264,0.9998231530189514
swin,1,3,1371,nsrdb/16272,nsrdb/16272,137,8500,NSR,NSR,7.743797323200852e-05,9.731858153827488e-05,0.9998251795768738
swin,1,3,1372,nsrdb/16272,nsrdb/16272,137,20000,NSR,NSR,9.934831905411556e-05,0.00013197674707043916,0.9997686743736267
swin,1,3,1373,nsrdb/16272,nsrdb/16272,137,21000,NSR,NSR,0.002461881609633565,0.00015586252266075462,0.9973822236061096
swin,1,3,1374,nsrdb/16272,nsrdb/16272,137,31000,NSR,NSR,4.760618685395457e-05,0.0001916291075758636,0.9997608065605164
swin,1,3,1375,nsrdb/16272,nsrdb/16272,137,36000,NSR,NSR,6.903625035192817e-05,0.0001346855569863692,0.9997963309288025
swin,1,3,1376,nsrdb/16272,nsrdb/16272,137,38000,NSR,NSR,9.279065125156194e-05,8.052524935919791e-05,0.9998266100883484
swin,1,3,1377,nsrdb/16272,nsrdb/16272,137,51000,NSR,NSR,0.00018478420679457486,5.446319482871331e-05,0.9997608065605164
swin,1,3,1378,nsrdb/16272,nsrdb/16272,137,59000,NSR,NSR,0.00018965780327562243,5.5950200476218015e-05,0.9997544884681702
swin,1,3,1379,nsrdb/16272,nsrdb/16272,137,60500,NSR,NSR,0.0022973334416747093,8.478857489535585e-05,0.9976179003715515
swin,1,3,1380,nsrdb/16272,nsrdb/16272,138,5500,NSR,ARR,0.9994072914123535,0.00011721876944648102,0.00047547026770189404
swin,1,3,1381,nsrdb/16272,nsrdb/16272,138,16000,NSR,NSR,0.07745359092950821,0.003475505392998457,0.9190708994865417
swin,1,3,1382,nsrdb/16272,nsrdb/16272,138,19500,NSR,ARR,0.99637371301651,0.0003384397423360497,0.0032879202626645565
swin,1,3,1383,nsrdb/16272,nsrdb/16272,138,20500,NSR,ARR,0.9996293783187866,0.00022062142670620233,0.00015006470493972301
swin,1,3,1384,nsrdb/16272,nsrdb/16272,138,30000,NSR,ARR,0.9984984397888184,0.0005082007264718413,0.000993334804661572
swin,1,3,1385,nsrdb/16272,nsrdb/16272,138,32000,NSR,ARR,0.994143545627594,0.00032928495784290135,0.005527139641344547
swin,1,3,1386,nsrdb/16272,nsrdb/16272,138,36500,NSR,NSR,0.3892132639884949,0.00033346007694490254,0.6104533076286316
swin,1,3,1387,nsrdb/16272,nsrdb/16272,138,42000,NSR,NSR,5.41264598723501e-05,0.00017486471915617585,0.9997710585594177
swin,1,3,1388,nsrdb/16272,nsrdb/16272,138,54000,NSR,NSR,0.0008307634270749986,7.933930464787409e-05,0.9990899562835693
swin,1,3,1389,nsrdb/16272,nsrdb/16272,138,55500,NSR,NSR,0.013510591350495815,0.0004461142234504223,0.9860433340072632
swin,1,3,1390,nsrdb/16273,nsrdb/16273,139,2500,NSR,NSR,4.994482878828421e-05,0.00018362510309088975,0.9997664093971252
swin,1,3,1391,nsrdb/16273,nsrdb/16273,139,3000,NSR,NSR,2.920093174907379e-05,0.0036053266376256943,0.9963654279708862
swin,1,3,1392,nsrdb/16273,nsrdb/16273,139,5000,NSR,NSR,3.153881698381156e-05,0.0007094559259712696,0.9992589354515076
swin,1,3,1393,nsrdb/16273,nsrdb/16273,139,8000,NSR,NSR,4.139611337450333e-05,0.03665275126695633,0.9633058309555054
swin,1,3,1394,nsrdb/16273,nsrdb/16273,139,9500,NSR,NSR,4.557580905384384e-05,0.018794545903801918,0.9811598658561707
swin,1,3,1395,nsrdb/16273,nsrdb/16273,139,13500,NSR,NSR,3.092146653216332e-05,0.00884251669049263,0.9911265969276428
swin,1,3,1396,nsrdb/16273,nsrdb/16273,139,15500,NSR,NSR,3.800444756052457e-05,0.0003772378258872777,0.9995847344398499
swin,1,3,1397,nsrdb/16273,nsrdb/16273,139,43000,NSR,NSR,5.9016922023147345e-05,0.00017393844609614462,0.9997671246528625
swin,1,3,1398,nsrdb/16273,nsrdb/16273,139,51500,NSR,NSR,3.246655614930205e-05,0.00042294428567402065,0.9995445609092712
swin,1,3,1399,nsrdb/16273,nsrdb/16273,139,60500,NSR,NSR,2.6564057407085784e-05,0.000931291317101568,0.9990420937538147
swin,1,3,1430,nsrdb/16773,nsrdb/16773,143,14500,NSR,ARR,0.9998279809951782,0.0001424213987775147,2.952234717668034e-05
swin,1,3,1431,nsrdb/16773,nsrdb/16773,143,17000,NSR,ARR,0.9992802739143372,0.0006419147248379886,7.781615568092093e-05
swin,1,3,1432,nsrdb/16773,nsrdb/16773,143,22500,NSR,ARR,0.9996315240859985,0.000346892251400277,2.152859633497428e-05
swin,1,3,1433,nsrdb/16773,nsrdb/16773,143,26000,NSR,ARR,0.9998494386672974,0.00011579843703657389,3.4740325645543635e-05
swin,1,3,1434,nsrdb/16773,nsrdb/16773,143,31000,NSR,ARR,0.9983406066894531,0.0015677495393902063,9.163891081698239e-05
swin,1,3,1435,nsrdb/16773,nsrdb/16773,143,37000,NSR,ARR,0.9998754262924194,7.586393621750176e-05,4.875517697655596e-05
swin,1,3,1436,nsrdb/16773,nsrdb/16773,143,43000,NSR,ARR,0.9998480081558228,0.00011717409506672993,3.4795615647453815e-05
swin,1,3,1437,nsrdb/16773,nsrdb/16773,143,51000,NSR,ARR,0.9986470341682434,0.0013297703117132187,2.3163092919276096e-05
swin,1,3,1438,nsrdb/16773,nsrdb/16773,143,55000,NSR,ARR,0.999864935874939,9.395531378686428e-05,4.108174834982492e-05
swin,1,3,1439,nsrdb/16773,nsrdb/16773,143,58000,NSR,CHF,0.007307650055736303,0.9920979738235474,0.0005943211144767702
swin,1,3,1450,nsrdb/16795,nsrdb/16795,145,1000,NSR,NSR,6.588346150238067e-05,0.00013114241301082075,0.9998030066490173
swin,1,3,1451,nsrdb/16795,nsrdb/16795,145,1500,NSR,NSR,0.00013770023360848427,0.0001285126490984112,0.9997338652610779
swin,1,3,1452,nsrdb/16795,nsrdb/16795,145,2000,NSR,NSR,6.398458208423108e-05,0.0014867304125800729,0.9984492063522339
swin,1,3,1453,nsrdb/16795,nsrdb/16795,145,3000,NSR,NSR,0.010713651776313782,0.0033342610113322735,0.9859521389007568
swin,1,3,1454,nsrdb/16795,nsrdb/16795,145,7000,NSR,NSR,0.00010557469067862257,0.003909063059836626,0.9959853291511536
swin,1,3,1455,nsrdb/16795,nsrdb/16795,145,15000,NSR,NSR,0.0318601168692112,0.002812908496707678,0.9653269052505493
swin,1,3,1456,nsrdb/16795,nsrdb/16795,145,31000,NSR,NSR,8.569083001930267e-05,0.00013708877668250352,0.9997772574424744
swin,1,3,1457,nsrdb/16795,nsrdb/16795,145,31500,NSR,NSR,6.80287994327955e-05,0.00012092302495148033,0.9998109936714172
swin,1,3,1458,nsrdb/16795,nsrdb/16795,145,50500,NSR,CHF,0.00016840023454278708,0.8000648617744446,0.19976679980754852
swin,1,3,1459,nsrdb/16795,nsrdb/16795,145,61500,NSR,NSR,0.0003264938131906092,0.42144909501075745,0.5782243609428406
swin,1,3,1480,nsrdb/16273,nsrdb/16273,148,2500,NSR,NSR,9.444895113119856e-05,7.808773079887033e-05,0.99982750415802
swin,1,3,1481,nsrdb/16273,nsrdb/16273,148,9000,NSR,NSR,0.0006718423683196306,3.750396354007535e-05,0.9992905855178833
swin,1,3,1482,nsrdb/16273,nsrdb/16273,148,15000,NSR,NSR,0.12600046396255493,0.0001356622378807515,0.873863935470581
swin,1,3,1483,nsrdb/16273,nsrdb/16273,148,21000,NSR,NSR,0.00017270662647206336,6.623953959206119e-05,0.9997610449790955
swin,1,3,1484,nsrdb/16273,nsrdb/16273,148,33000,NSR,NSR,0.0002876660437323153,8.319920743815601e-05,0.9996291399002075
swin,1,3,1485,nsrdb/16273,nsrdb/16273,148,40500,NSR,ARR,0.9986366629600525,5.805440741823986e-05,0.001305255456827581
swin,1,3,1486,nsrdb/16273,nsrdb/16273,148,45500,NSR,NSR,0.0045751952566206455,0.00026918109506368637,0.9951556921005249
swin,1,3,1487,nsrdb/16273,nsrdb/16273,148,47000,NSR,NSR,9.838707774179056e-05,7.837126759113744e-05,0.999823272228241
swin,1,3,1488,nsrdb/16273,nsrdb/16273,148,47500,NSR,NSR,8.803391392575577e-05,9.292658069171011e-05,0.9998189806938171
swin,1,3,1489,nsrdb/16273,nsrdb/16273,148,56000,NSR,NSR,0.00013614131603389978,7.249294867506251e-05,0.9997914433479309
swin,1,3,1590,nsrdb/16773,nsrdb/16773,159,4000,NSR,NSR,0.00496971420943737,0.00026897358475252986,0.9947612881660461
swin,1,3,1591,nsrdb/16773,nsrdb/16773,159,25000,NSR,NSR,5.054338544141501e-05,0.00015857195830903947,0.9997909665107727
swin,1,3,1592,nsrdb/16773,nsrdb/16773,159,30500,NSR,NSR,0.00029732869006693363,0.024150647222995758,0.9755520224571228
swin,1,3,1593,nsrdb/16773,nsrdb/16773,159,40000,NSR,NSR,0.0009037648560479283,5.813298776047304e-05,0.9990381002426147
swin,1,3,1594,nsrdb/16773,nsrdb/16773,159,43500,NSR,NSR,8.432642789557576e-05,8.326161332661286e-05,0.9998323917388916
swin,1,3,1595,nsrdb/16773,nsrdb/16773,159,44500,NSR,NSR,9.963965567294508e-05,7.417707820422947e-05,0.9998262524604797
swin,1,3,1596,nsrdb/16773,nsrdb/16773,159,49500,NSR,NSR,5.80521191295702e-05,0.0008093325886875391,0.9991326928138733
swin,1,3,1597,nsrdb/16773,nsrdb/16773,159,54500,NSR,NSR,0.21062405407428741,0.0006933173281140625,0.7886826992034912
swin,1,3,1598,nsrdb/16773,nsrdb/16773,159,59000,NSR,NSR,0.03479994088411331,0.0067993453703820705,0.9584006667137146
swin,1,3,1599,nsrdb/16773,nsrdb/16773,159,65000,NSR,NSR,0.001006309175863862,0.00012081496970495209,0.9988728165626526
swin,1,3,1610,nsrdb/16795,nsrdb/16795,161,13000,NSR,NSR,0.0016022918280214071,0.009973613545298576,0.9884241223335266
swin,1,3,1611,nsrdb/16795,nsrdb/16795,161,21000,NSR,ARR,0.6874121427536011,0.0046399300917983055,0.30794790387153625
swin,1,3,1612,nsrdb/16795,nsrdb/16795,161,25000,NSR,NSR,0.0012621859787032008,0.0004235859087202698,0.9983142614364624
swin,1,3,1613,nsrdb/16795,nsrdb/16795,161,33000,NSR,NSR,8.219984010793269e-05,0.00012894548126496375,0.9997888207435608
swin,1,3,1614,nsrdb/16795,nsrdb/16795,161,39000,NSR,NSR,0.4067620038986206,0.0012706085108220577,0.5919674634933472
swin,1,3,1615,nsrdb/16795,nsrdb/16795,161,41000,NSR,ARR,0.999498724937439,4.5816188503522426e-05,0.00045538748963736
swin,1,3,1616,nsrdb/16795,nsrdb/16795,161,44500,NSR,ARR,0.9932535290718079,0.0009053340181708336,0.005841158330440521
swin,1,3,1617,nsrdb/16795,nsrdb/16795,161,54000,NSR,NSR,0.0014280532486736774,0.00012094397970940918,0.9984509944915771
swin,1,3,1618,nsrdb/16795,nsrdb/16795,161,59000,NSR,NSR,6.432703230530024e-05,0.00011424677359173074,0.9998213648796082
swin,1,3,1619,nsrdb/16795,nsrdb/16795,161,62500,NSR,NSR,6.29429632681422e-05,0.00011732353596016765,0.999819815158844
swin,2,3,70,mitdb/116,mitdb/116,7,3000,ARR,NSR,0.19530202448368073,0.0007251273491419852,0.8039727807044983
swin,2,3,71,mitdb/116,mitdb/116,7,6500,ARR,ARR,0.9995636343955994,2.5715999072417617e-05,0.00041059969225898385
swin,2,3,72,mitdb/116,mitdb/116,7,12000,ARR,ARR,0.9998501539230347,2.764649070741143e-05,0.0001222244609380141
swin,2,3,73,mitdb/116,mitdb/116,7,23000,ARR,NSR,0.3510351777076721,0.0007328856736421585,0.6482319235801697
swin,2,3,74,mitdb/116,mitdb/116,7,32500,ARR,ARR,0.9998626708984375,3.553839269443415e-05,0.0001017544127535075
swin,2,3,75,mitdb/116,mitdb/116,7,40000,ARR,ARR,0.9993425011634827,0.00022508010442834347,0.000432461965829134
swin,2,3,76,mitdb/116,mitdb/116,7,40500,ARR,ARR,0.9998445510864258,2.6964964490616694e-05,0.00012846046593040228
swin,2,3,77,mitdb/116,mitdb/116,7,46500,ARR,NSR,0.4168892204761505,0.14338535070419312,0.43972545862197876
swin,2,3,78,mitdb/116,mitdb/116,7,50000,ARR,ARR,0.9998548030853271,2.964759369206149e-05,0.00011548386100912467
swin,2,3,79,mitdb/116,mitdb/116,7,58000,ARR,ARR,0.9998319149017334,6.941521860426292e-05,9.870842768577859e-05
swin,2,3,130,mitdb/122,mitdb/122,13,8000,ARR,ARR,0.999874472618103,8.226044883485883e-05,4.33032946602907e-05
swin,2,3,131,mitdb/122,mitdb/122,13,13000,ARR,ARR,0.9997915625572205,0.00017856928752735257,2.9883334718761034e-05
swin,2,3,132,mitdb/122,mitdb/122,13,14000,ARR,ARR,0.9998779296875,8.134353993227705e-05,4.072360752616078e-05
swin,2,3,133,mitdb/122,mitdb/122,13,14500,ARR,ARR,0.9998742341995239,8.542056457372382e-05,4.029329284094274e-05
swin,2,3,134,mitdb/122,mitdb/122,13,15000,ARR,ARR,0.9998008608818054,0.00016482088540215045,3.429886783123948e-05
swin,2,3,135,mitdb/122,mitdb/122,13,16000,ARR,ARR,0.9998811483383179,7.504699169658124e-05,4.3791769712697715e-05
swin,2,3,136,mitdb/122,mitdb/122,13,17000,ARR,ARR,0.9998652935028076,9.489021613262594e-05,3.979150278610177e-05
swin,2,3,137,mitdb/122,mitdb/122,13,34000,ARR,ARR,0.9998849630355835,6.870017386972904e-05,4.6341981942532584e-05
swin,2,3,138,mitdb/122,mitdb/122,13,46500,ARR,ARR,0.9998767375946045,8.280498150270432e-05,4.045815876452252e-05
swin,2,3,139,mitdb/122,mitdb/122,13,56500,ARR,ARR,0.9998524188995361,0.00011269368405919522,3.495434793876484e-05
swin,2,3,160,mitdb/200,mitdb/200,16,4500,ARR,ARR,0.9919970631599426,0.007805593311786652,0.00019731676729861647
swin,2,3,161,mitdb/200,mitdb/200,16,6500,ARR,CHF,0.09848356246948242,0.90130615234375,0.00021027181355748326
swin,2,3,162,mitdb/200,mitdb/200,16,16000,ARR,CHF,0.0005071878549642861,0.998694121837616,0.0007987361750565469
swin,2,3,163,mitdb/200,mitdb/200,16,17000,ARR,ARR,0.9987335801124573,0.0003709204029291868,0.0008955027442425489
swin,2,3,164,mitdb/200,mitdb/200,16,33000,ARR,ARR,0.9998812675476074,5.931799751124345e-05,5.934764340054244e-05
swin,2,3,165,mitdb/200,mitdb/200,16,40500,ARR,ARR,0.9860574007034302,0.013612411916255951,0.00033021584386006
swin,2,3,166,mitdb/200,mitdb/200,16,41000,ARR,CHF,0.018603317439556122,0.980722963809967,0.0006737771327607334
swin,2,3,167,mitdb/200,mitdb/200,16,45000,ARR,CHF,0.02087509259581566,0.9790031313896179,0.0001217946337419562
swin,2,3,168,mitdb/200,mitdb/200,16,60500,ARR,CHF,0.009240676648914814,0.6635633111000061,0.32719603180885315
swin,2,3,169,mitdb/200,mitdb/200,16,61500,ARR,ARR,0.9995324611663818,0.00044055405305698514,2.702506390050985e-05
swin,2,3,260,mitdb/212,mitdb/212,26,4000,ARR,ARR,0.999890923500061,5.281113044475205e-05,5.628952203551307e-05
swin,2,3,261,mitdb/212,mitdb/212,26,5000,ARR,ARR,0.999890923500061,5.031752516515553e-05,5.8797199017135426e-05
swin,2,3,262,mitdb/212,mitdb/212,26,21000,ARR,ARR,0.9998862743377686,4.449663174455054e-05,6.921288149897009e-05
swin,2,3,263,mitdb/212,mitdb/212,26,24500,ARR,ARR,0.9998899698257446,5.310932101565413e-05,5.6806966313160956e-05
swin,2,3,264,mitdb/212,mitdb/212,26,29500,ARR,ARR,0.9998840093612671,3.775262666749768e-05,7.822115730959922e-05
swin,2,3,265,mitdb/212,mitdb/212,26,33000,ARR,ARR,0.9998934268951416,4.472464934224263e-05,6.185772508615628e-05
swin,2,3,266,mitdb/212,mitdb/212,26,34000,ARR,ARR,0.9998905658721924,4.9577913159737363e-05,5.9875765145989135e-05
swin,2,3,267,mitdb/212,mitdb/212,26,53000,ARR,ARR,0.9988742470741272,0.0010705236345529556,5.5270385928452015e-05
swin,2,3,268,mitdb/212,mitdb/212,26,54500,ARR,ARR,0.9998890161514282,4.4863289076602086e-05,6.619471969315782e-05
swin,2,3,269,mitdb/212,mitdb/212,26,56000,ARR,CHF,0.0002758906630333513,0.9995282888412476,0.00019585774862207472
swin,2,3,320,mitdb/220,mitdb/220,32,7000,ARR,ARR,0.980010986328125,3.8110141758807003e-05,0.019950972869992256
swin,2,3,321,mitdb/220,mitdb/220,32,16000,ARR,ARR,0.9997368454933167,2.032254633377306e-05,0.00024275433679576963
swin,2,3,322,mitdb/220,mitdb/220,32,33500,ARR,ARR,0.9981293082237244,1.4349577213579323e-05,0.0018563404446467757
swin,2,3,323,mitdb/220,mitdb/220,32,34500,ARR,ARR,0.9995099306106567,1.6869607861735858e-05,0.0004732076486106962
swin,2,3,324,mitdb/220,mitdb/220,32,39000,ARR,ARR,0.9975605010986328,1.6416832295362838e-05,0.002423064084723592
swin,2,3,325,mitdb/220,mitdb/220,32,50000,ARR,ARR,0.999790370464325,2.2822339815320447e-05,0.00018682869267649949
swin,2,3,326,mitdb/220,mitdb/220,32,51500,ARR,ARR,0.9997826218605042,2.174091241613496e-05,0.0001957061031134799
swin,2,3,327,mitdb/220,mitdb/220,32,52000,ARR,ARR,0.9311577081680298,5.2554492867784575e-05,0.06878979504108429
swin,2,3,328,mitdb/220,mitdb/220,32,64500,ARR,ARR,0.9996896982192993,2.032794691331219e-05,0.0002899486571550369
swin,2,3,329,mitdb/220,mitdb/220,32,65000,ARR,ARR,0.9990633130073547,1.4653107427875511e-05,0.0009220560314133763
swin,2,3,370,mitdb/228,mitdb/228,37,8500,ARR,ARR,0.9998117089271545,0.00014868123980704695,3.972585909650661e-05
swin,2,3,371,mitdb/228,mitdb/228,37,9000,ARR,ARR,0.9998712539672852,9.004906314658001e-05,3.8761911127949134e-05
swin,2,3,372,mitdb/228,mitdb/228,37,10500,ARR,ARR,0.9998632669448853,9.423539449926466e-05,4.24663485318888e-05
swin,2,3,373,mitdb/228,mitdb/228,37,11000,ARR,ARR,0.9914291501045227,0.008495328016579151,7.546322012785822e-05
swin,2,3,374,mitdb/228,mitdb/228,37,20000,ARR,ARR,0.9998646974563599,9.888173372019082e-05,3.6296434700489044e-05
swin,2,3,375,mitdb/228,mitdb/228,37,22000,ARR,ARR,0.9991689920425415,0.0008042276022024453,2.6749743483378552e-05
swin,2,3,376,mitdb/228,mitdb/228,37,36500,ARR,CHF,0.0009460585424676538,0.9981470108032227,0.0009069212828762829
swin,2,3,377,mitdb/228,mitdb/228,37,43000,ARR,ARR,0.999890923500061,3.984519207733683e-05,6.92223766236566e-05
swin,2,3,378,mitdb/228,mitdb/228,37,43500,ARR,CHF,0.17095011472702026,0.8286386132240295,0.00041128811426460743
swin,2,3,379,mitdb/228,mitdb/228,37,57500,ARR,ARR,0.9998733997344971,8.02025169832632e-05,4.6337951062014326e-05
swin,2,3,380,mitdb/230,mitdb/230,38,1000,ARR,ARR,0.9998225569725037,2.4871698769857176e-05,0.00015258911298587918
swin,2,3,381,mitdb/230,mitdb/230,38,4500,ARR,ARR,0.9997650980949402,2.2628511942457408e-05,0.00021229490812402219
swin,2,3,382,mitdb/230,mitdb/230,38,14000,ARR,ARR,0.9997435212135315,2.2096237444202416e-05,0.00023447828425560147
swin,2,3,383,mitdb/230,mitdb/230,38,16000,ARR,ARR,0.9996877908706665,1.926060031109955e-05,0.00029289934900589287
swin,2,3,384,mitdb/230,mitdb/230,38,18000,ARR,ARR,0.9998244643211365,2.5257108063669875e-05,0.00015030654321890324
swin,2,3,385,mitdb/230,mitdb/230,38,29500,ARR,ARR,0.9864831566810608,2.940226659120526e-05,0.013487393967807293
swin,2,3,386,mitdb/230,mitdb/230,38,35500,ARR,ARR,0.9998607635498047,4.744659236166626e-05,9.174204751616344e-05
swin,2,3,387,mitdb/230,mitdb/230,38,41000,ARR,ARR,0.9997064471244812,2.0746630980283953e-05,0.0002727373212110251
swin,2,3,388,mitdb/230,mitdb/230,38,54000,ARR,ARR,0.9998006224632263,2.37079930229811e-05,0.00017564625886734575
swin,2,3,389,mitdb/230,mitdb/230,38,56500,ARR,ARR,0.9996731281280518,1.9620219973148778e-05,0.0003072427643928677
swin,2,3,420,mitdb/234,mitdb/234,42,0,ARR,ARR,0.999776303768158,0.00017406383994966745,4.967589120496996e-05
swin,2,3,421,mitdb/234,mitdb/234,42,6000,ARR,ARR,0.9673501253128052,0.03220034018158913,0.0004495274042710662
swin,2,3,422,mitdb/234,mitdb/234,42,9000,ARR,ARR,0.9967368245124817,0.0030104685574769974,0.0002526942698750645
swin,2,3,423,mitdb/234,mitdb/234,42,12500,ARR,CHF,0.40088117122650146,0.49423277378082275,0.10488603264093399
swin,2,3,424,mitdb/234,mitdb/234,42,21500,ARR,ARR,0.997969925403595,0.0019509706180542707,7.911533612059429e-05
swin,2,3,425,mitdb/234,mitdb/234,42,24000,ARR,CHF,0.0004465834645088762,0.9984915256500244,0.0010618445230647922
swin,2,3,426,mitdb/234,mitdb/234,42,57000,ARR,CHF,0.0006267856806516647,0.9989854693412781,0.00038777466397732496
swin,2,3,427,mitdb/234,mitdb/234,42,57500,ARR,CHF,0.00305162719450891,0.9967504739761353,0.0001978974905796349
swin,2,3,428,mitdb/234,mitdb/234,42,59500,ARR,ARR,0.9947547912597656,0.0005784482345916331,0.0046667433343827724
swin,2,3,429,mitdb/234,mitdb/234,42,63000,ARR,ARR,0.9995231628417969,0.00040911597898229957,6.763213605154306e-05
swin,2,3,490,mitdb/105,mitdb/105,49,7000,ARR,ARR,0.9998798370361328,3.231475056963973e-05,8.786832768237218e-05
swin,2,3,491,mitdb/105,mitdb/105,49,9500,ARR,ARR,0.9998781681060791,3.084501440753229e-05,9.094039705814794e-05
swin,2,3,492,mitdb/105,mitdb/105,49,11500,ARR,ARR,0.999861478805542,3.694463157444261e-05,0.00010158606892218813
swin,2,3,493,mitdb/105,mitdb/105,49,25000,ARR,ARR,0.9998853206634521,3.6082790757063776e-05,7.85321244620718e-05
swin,2,3,494,mitdb/105,mitdb/105,49,32000,ARR,ARR,0.9995459914207458,0.0003104919451288879,0.00014351408754009753
swin,2,3,495,mitdb/105,mitdb/105,49,37000,ARR,CHF,0.4432550370693207,0.5564337968826294,0.0003111783298663795
swin,2,3,496,mitdb/105,mitdb/105,49,38500,ARR,ARR,0.999883770942688,3.274809569120407e-05,8.346655522473156e-05
swin,2,3,497,mitdb/105,mitdb/105,49,48000,ARR,ARR,0.9998815059661865,3.474590994301252e-05,8.368562703253701e-05
swin,2,3,498,mitdb/105,mitdb/105,49,53000,ARR,ARR,0.9998866319656372,3.634080712799914e-05,7.695748354308307e-05
swin,2,3,499,mitdb/105,mitdb/105,49,62000,ARR,ARR,0.9998753070831299,3.449312862358056e-05,9.027004853123799e-05
swin,2,3,550,mitdb/105,mitdb/105,55,500,ARR,ARR,0.9998865127563477,4.4841101043857634e-05,6.867735646665096e-05
swin,2,3,551,mitdb/105,mitdb/105,55,8500,ARR,ARR,0.9486527442932129,0.05124586448073387,0.0001014594454318285
swin,2,3,552,mitdb/105,mitdb/105,55,13500,ARR,ARR,0.9998855590820312,3.640792419901118e-05,7.810328679624945e-05
swin,2,3,553,mitdb/105,mitdb/105,55,15000,ARR,ARR,0.9998568296432495,8.589893695898354e-05,5.717073509003967e-05
swin,2,3,554,mitdb/105,mitdb/105,55,21000,ARR,ARR,0.999884843826294,3.727530565811321e-05,7.78336834628135e-05
swin,2,3,555,mitdb/105,mitdb/105,55,27000,ARR,ARR,0.9998505115509033,0.00011223677574889734,3.716374340001494e-05
swin,2,3,556,mitdb/105,mitdb/105,55,29000,ARR,ARR,0.9358887076377869,0.06388403475284576,0.00022723480651620775
swin,2,3,557,mitdb/105,mitdb/105,55,37500,ARR,CHF,0.2597251236438751,0.7401780486106873,9.686506382422522e-05
swin,2,3,558,mitdb/105,mitdb/105,55,39500,ARR,ARR,0.999893307685852,5.0969512813026085e-05,5.566496474784799e-05
swin,2,3,559,mitdb/105,mitdb/105,55,48500,ARR,ARR,0.9886990189552307,0.011274171993136406,2.669905916263815e-05
swin,2,3,600,mitdb/116,mitdb/116,60,4000,ARR,ARR,0.9998891353607178,3.884157194988802e-05,7.194880163297057e-05
swin,2,3,601,mitdb/116,mitdb/116,60,13500,ARR,ARR,0.9998914003372192,3.8375743315555155e-05,7.021648343652487e-05
swin,2,3,602,mitdb/116,mitdb/116,60,14500,ARR,ARR,0.9998874664306641,3.774552169488743e-05,7.471375283785164e-05
swin,2,3,603,mitdb/116,mitdb/116,60,17000,ARR,ARR,0.9998860359191895,4.199645627522841e-05,7.196731894509867e-05
swin,2,3,604,mitdb/116,mitdb/116,60,22500,ARR,ARR,0.9998903274536133,4.2159281292697415e-05,6.751099863322452e-05
swin,2,3,605,mitdb/116,mitdb/116,60,23000,ARR,ARR,0.9998944997787476,4.7474262828473e-05,5.800215876661241e-05
swin,2,3,606,mitdb/116,mitdb/116,60,27500,ARR,ARR,0.9998915195465088,4.0939226892078295e-05,6.764358113287017e-05
swin,2,3,607,mitdb/116,mitdb/116,60,29500,ARR,ARR,0.9998847246170044,3.663987445179373e-05,7.867361273383722e-05
swin,2,3,608,mitdb/116,mitdb/116,60,61500,ARR,ARR,0.9998892545700073,4.2062612919835374e-05,6.869791104691103e-05
swin,2,3,609,mitdb/116,mitdb/116,60,64500,ARR,ARR,0.9998855590820312,3.768951501115225e-05,7.675503002246842e-05
swin,2,3,650,mitdb/122,mitdb/122,65,3500,ARR,ARR,0.9998847246170044,3.563967766240239e-05,7.961670780787244e-05
swin,2,3,651,mitdb/122,mitdb/122,65,8500,ARR,ARR,0.9998257756233215,2.4141663743648678e-05,0.0001500510988989845
swin,2,3,652,mitdb/122,mitdb/122,65,14000,ARR,ARR,0.9997720122337341,2.1191859559621662e-05,0.0002067635941784829
swin,2,3,653,mitdb/122,mitdb/122,65,15000,ARR,ARR,0.9997631907463074,2.1568010197370313e-05,0.00021529018704313785
swin,2,3,654,mitdb/122,mitdb/122,65,27500,ARR,ARR,0.9998359680175781,2.6575558877084404e-05,0.0001374645798932761
swin,2,3,655,mitdb/122,mitdb/122,65,29500,ARR,ARR,0.9997835755348206,2.3284077542484738e-05,0.00019319744023960084
swin,2,3,656,mitdb/122,mitdb/122,65,36000,ARR,ARR,0.9998584985733032,2.9131886549293995e-05,0.00011244326015003026
swin,2,3,657,mitdb/122,mitdb/122,65,42500,ARR,ARR,0.999652624130249,1.906026227516122e-05,0.00032835162710398436
swin,2,3,658,mitdb/122,mitdb/122,65,45500,ARR,ARR,0.9998503923416138,2.7992586183245294e-05,0.00012159645120846108
swin,2,3,659,mitdb/122,mitdb/122,65,47000,ARR,ARR,0.9998620748519897,2.9422673833323643e-05,0.00010852301784325391
swin,2,3,690,mitdb/200,mitdb/200,69,500,ARR,ARR,0.9998884201049805,3.8059526559663936e-05,7.349316729232669e-05
swin,2,3,691,mitdb/200,mitdb/200,69,4000,ARR,ARR,0.99988853931427,4.2559942812658846e-05,6.885088077979162e-05
swin,2,3,692,mitdb/200,mitdb/200,69,4500,ARR,ARR,0.9998908042907715,5.868733205716126e-05,5.0544484111014754e-05
swin,2,3,693,mitdb/200,mitdb/200,69,18500,ARR,ARR,0.9998949766159058,4.811009421246126e-05,5.6801236496539786e-05
swin,2,3,694,mitdb/200,mitdb/200,69,26000,ARR,ARR,0.9998936653137207,4.0624287066748366e-05,6.570257392013445e-05
swin,2,3,695,mitdb/200,mitdb/200,69,26500,ARR,ARR,0.9998935461044312,4.5419477828545496e-05,6.1015161918476224e-05
swin,2,3,696,mitdb/200,mitdb/200,69,37000,ARR,ARR,0.9998918771743774,4.988949149264954e-05,5.820115256938152e-05
swin,2,3,697,mitdb/200,mitdb/200,69,54000,ARR,ARR,0.9998834133148193,3.260087760281749e-05,8.390331640839577e-05
swin,2,3,698,mitdb/200,mitdb/200,69,59000,ARR,ARR,0.9998846054077148,3.425496106501669e-05,8.116872049868107e-05
swin,2,3,699,mitdb/200,mitdb/200,69,64500,ARR,ARR,0.9998844861984253,3.5112632758682594e-05,8.037730003707111e-05
swin,2,3,790,mitdb/212,mitdb/212,79,8500,ARR,ARR,0.999895453453064,4.311633529141545e-05,6.137184391263872e-05
swin,2,3,791,mitdb/212,mitdb/212,79,15000,ARR,ARR,0.9998905658721924,3.9876347727840766e-05,6.946167559362948e-05
swin,2,3,792,mitdb/212,mitdb/212,79,19000,ARR,ARR,0.9998937845230103,3.917679350706749e-05,6.694083276670426e-05
swin,2,3,793,mitdb/212,mitdb/212,79,34500,ARR,ARR,0.9998935461044312,5.3088951972313225e-05,5.345382305677049e-05
swin,2,3,794,mitdb/212,mitdb/212,79,47500,ARR,ARR,0.9998922348022461,4.046769754495472e-05,6.721849786117673e-05
swin,2,3,795,mitdb/212,mitdb/212,79,51500,ARR,ARR,0.9998936653137207,4.669365080189891e-05,5.963773946859874e-05
swin,2,3,796,mitdb/212,mitdb/212,79,54000,ARR,ARR,0.9998934268951416,4.473574153962545e-05,6.183848745422438e-05
swin,2,3,797,mitdb/212,mitdb/212,79,61000,ARR,ARR,0.9998887777328491,3.7266105209710076e-05,7.388772792182863e-05
swin,2,3,798,mitdb/212,mitdb/212,79,62500,ARR,ARR,0.9998886585235596,3.6971610825276e-05,7.434325380017981e-05
swin,2,3,799,mitdb/212,mitdb/212,79,63000,ARR,ARR,0.9998939037322998,5.505164517671801e-05,5.1026643632212654e-05
swin,2,3,850,mitdb/220,mitdb/220,85,1000,ARR,ARR,0.9998584985733032,2.714957736316137e-05,0.00011426943819969893
swin,2,3,851,mitdb/220,mitdb/220,85,11500,ARR,ARR,0.9998760223388672,3.620108691393398e-05,8.778440678725019e-05
swin,2,3,852,mitdb/220,mitdb/220,85,14000,ARR,ARR,0.9998524188995361,2.6425672331242822e-05,0.00012115509889554232
swin,2,3,853,mitdb/220,mitdb/220,85,19500,ARR,ARR,0.9998581409454346,2.6838999474421144e-05,0.00011501471453811973
swin,2,3,854,mitdb/220,mitdb/220,85,23500,ARR,ARR,0.9998502731323242,2.6716950742411427e-05,0.00012302813411224633
swin,2,3,855,mitdb/220,mitdb/220,85,27000,ARR,ARR,0.9998613595962524,2.8895476134493947e-05,0.00010979275248246267
swin,2,3,856,mitdb/220,mitdb/220,85,30500,ARR,ARR,0.9998656511306763,2.81540778814815e-05,0.00010624701099004596
swin,2,3,857,mitdb/220,mitdb/220,85,35000,ARR,ARR,0.9998540878295898,2.8246911824680865e-05,0.00011770120181608945
swin,2,3,858,mitdb/220,mitdb/220,85,41000,ARR,ARR,0.9998636245727539,2.8598036806215532e-05,0.00010772148380056024
swin,2,3,859,mitdb/220,mitdb/220,85,53000,ARR,ARR,0.9998618364334106,2.836179919540882e-05,0.0001098010761779733
swin,2,3,900,mitdb/228,mitdb/228,90,0,ARR,ARR,0.9706616997718811,0.028767496347427368,0.000570761039853096
swin,2,3,901,mitdb/228,mitdb/228,90,16000,ARR,ARR,0.9998905658721924,5.935006629442796e-05,5.006812352803536e-05
swin,2,3,902,mitdb/228,mitdb/228,90,16500,ARR,ARR,0.9998844861984253,6.349030445562676e-05,5.1922910643042997e-05
swin,2,3,903,mitdb/228,mitdb/228,90,19000,ARR,ARR,0.9996247291564941,0.0002903127169702202,8.502332639181986e-05
swin,2,3,904,mitdb/228,mitdb/228,90,21500,ARR,ARR,0.9911479949951172,0.008737645111978054,0.00011432373867137358
swin,2,3,905,mitdb/228,mitdb/228,90,39000,ARR,CHF,0.0504598505795002,0.9493614435195923,0.00017871557793114334
swin,2,3,906,mitdb/228,mitdb/228,90,39500,ARR,ARR,0.9992910623550415,0.0006664656102657318,4.24298232246656e-05
swin,2,3,907,mitdb/228,mitdb/228,90,40500,ARR,ARR,0.8864208459854126,0.1134466826915741,0.0001324822660535574
swin,2,3,908,mitdb/228,mitdb/228,90,42000,ARR,CHF,0.011405201628804207,0.9878765344619751,0.0007182236877270043
swin,2,3,909,mitdb/228,mitdb/228,90,57500,ARR,ARR,0.999479353427887,0.00047759123845025897,4.3156134779565036e-05
swin,2,3,910,mitdb/230,mitdb/230,91,6500,ARR,ARR,0.9998905658721924,4.003307185485028e-05,6.932785618118942e-05
swin,2,3,911,mitdb/230,mitdb/230,91,29000,ARR,ARR,0.9998903274536133,3.6521396395983174e-05,7.316413393709809e-05
swin,2,3,912,mitdb/230,mitdb/230,91,32000,ARR,ARR,0.9998890161514282,3.5280692827655e-05,7.571969035780057e-05
swin,2,3,913,mitdb/230,mitdb/230,91,34500,ARR,ARR,0.9998798370361328,3.3565891499165446e-05,8.658983279019594e-05
swin,2,3,914,mitdb/230,mitdb/230,91,37000,ARR,ARR,0.9998838901519775,3.14444987452589e-05,8.464678103337064e-05
swin,2,3,915,mitdb/230,mitdb/230,91,40500,ARR,ARR,0.9998841285705566,3.1882293114904314e-05,8.40207576402463e-05
swin,2,3,916,mitdb/230,mitdb/230,91,45000,ARR,ARR,0.9998733997344971,5.769816561951302e-05,6.888464849907905e-05
swin,2,3,917,mitdb/230,mitdb/230,91,54000,ARR,ARR,0.9998772144317627,3.054610715480521e-05,9.223113738698885e-05
swin,2,3,918,mitdb/230,mitdb/230,91,54500,ARR,ARR,0.9998830556869507,3.390148049220443e-05,8.313181751873344e-05
swin,2,3,919,mitdb/230,mitdb/230,91,58000,ARR,ARR,0.9998859167098999,3.771368938032538e-05,7.642228592885658e-05
swin,2,3,950,mitdb/234,mitdb/234,95,20500,ARR,ARR,0.99937504529953,0.0005357283516786993,8.924085705075413e-05
swin,2,3,951,mitdb/234,mitdb/234,95,22500,ARR,ARR,0.999687671661377,3.091540565947071e-05,0.00028149294666945934
swin,2,3,952,mitdb/234,mitdb/234,95,24500,ARR,ARR,0.9998915195465088,4.42705859313719e-05,6.421846046578139e-05
swin,2,3,953,mitdb/234,mitdb/234,95,27500,ARR,ARR,0.9998719692230225,3.705549897858873e-05,9.100334864342585e-05
swin,2,3,954,mitdb/234,mitdb/234,95,30500,ARR,ARR,0.9998904466629028,4.323667963035405e-05,6.623099761782214e-05
swin,2,3,955,mitdb/234,mitdb/234,95,35500,ARR,ARR,0.9998767375946045,3.294552516308613e-05,9.03488980839029e-05
swin,2,3,956,mitdb/234,mitdb/234,95,37500,ARR,ARR,0.9998879432678223,3.617888069129549e-05,7.575983909191564e-05
swin,2,3,957,mitdb/234,mitdb/234,95,48000,ARR,ARR,0.9998304843902588,3.203681262675673e-05,0.00013748113997280598
swin,2,3,958,mitdb/234,mitdb/234,95,48500,ARR,ARR,0.9998605251312256,2.7230382329435088e-05,0.0001122585526900366
swin,2,3,959,mitdb/234,mitdb/234,95,56000,ARR,ARR,0.9998834133148193,3.719694723258726e-05,7.939133502077311e-05
swin,2,3,1020,chfdb/chf15,chfdb/chf15,102,14000,CHF,CHF,0.00021800235845148563,0.999688982963562,9.305115236202255e-05
swin,2,3,1021,chfdb/chf15,chfdb/chf15,102,19500,CHF,CHF,3.653940439107828e-05,0.999872088432312,9.133487765211612e-05
swin,2,3,1022,chfdb/chf15,chfdb/chf15,102,32500,CHF,CHF,3.1988693081075326e-05,0.9998341798782349,0.0001337903959210962
swin,2,3,1023,chfdb/chf15,chfdb/chf15,102,35500,CHF,CHF,5.4755848395871e-05,0.9998745918273926,7.069591811159626e-05
swin,2,3,1024,chfdb/chf15,chfdb/chf15,102,38500,CHF,CHF,4.488794002099894e-05,0.9998823404312134,7.274429663084447e-05
swin,2,3,1025,chfdb/chf15,chfdb/chf15,102,39000,CHF,CHF,0.00023787954705767334,0.9997244477272034,3.760557228815742e-05
swin,2,3,1026,chfdb/chf15,chfdb/chf15,102,44000,CHF,CHF,0.00033930677454918623,0.9996345043182373,2.6191622964688577e-05
swin,2,3,1027,chfdb/chf15,chfdb/chf15,102,50500,CHF,CHF,4.686267129727639e-05,0.999884843826294,6.824118463555351e-05
swin,2,3,1028,chfdb/chf15,chfdb/chf15,102,52500,CHF,CHF,0.00014007666322868317,0.9998254179954529,3.456516424193978e-05
swin,2,3,1029,chfdb/chf15,chfdb/chf15,102,57500,CHF,CHF,8.461047400487587e-05,0.999864935874939,5.040161340730265e-05
swin,2,3,1090,chfdb/chf06,chfdb/chf06,109,8500,CHF,CHF,0.00012524222256615758,0.9685946702957153,0.031280048191547394
swin,2,3,1091,chfdb/chf06,chfdb/chf06,109,14000,CHF,NSR,0.00015416154928971082,0.007975928485393524,0.9918699264526367
swin,2,3,1092,chfdb/chf06,chfdb/chf06,109,15500,CHF,CHF,0.0003520157188177109,0.9990324974060059,0.0006154680741019547
swin,2,3,1093,chfdb/chf06,chfdb/chf06,109,19000,CHF,CHF,9.906195191433653e-05,0.5698835849761963,0.4300173223018646
swin,2,3,1094,chfdb/chf06,chfdb/chf06,109,28500,CHF,CHF,2.2883121346239932e-05,0.9992116689682007,0.000765441101975739
swin,2,3,1095,chfdb/chf06,chfdb/chf06,109,33500,CHF,CHF,0.00041114972555078566,0.5201523303985596,0.4794365465641022
swin,2,3,1096,chfdb/chf06,chfdb/chf06,109,35000,CHF,CHF,2.637944999150932e-05,0.997750461101532,0.0022231675684452057
swin,2,3,1097,chfdb/chf06,chfdb/chf06,109,45500,CHF,CHF,0.0005128445336595178,0.9994107484817505,7.637154340045527e-05
swin,2,3,1098,chfdb/chf06,chfdb/chf06,109,50500,CHF,CHF,0.0012713816249743104,0.9984110593795776,0.0003175356250721961
swin,2,3,1099,chfdb/chf06,chfdb/chf06,109,64500,CHF,NSR,0.00014255793939810246,0.010141587816178799,0.9897158741950989
swin,2,3,1100,chfdb/chf07,chfdb/chf07,110,7000,CHF,CHF,0.00011542499851202592,0.9984526634216309,0.001431927434168756
swin,2,3,1101,chfdb/chf07,chfdb/chf07,110,9000,CHF,CHF,2.5749885026016273e-05,0.9993632435798645,0.0006109709502197802
swin,2,3,1102,chfdb/chf07,chfdb/chf07,110,14000,CHF,NSR,5.957508983556181e-05,0.0007618807139806449,0.9991785883903503
swin,2,3,1103,chfdb/chf07,chfdb/chf07,110,19000,CHF,CHF,0.0001697917323326692,0.9990295171737671,0.0008007284486666322
swin,2,3,1104,chfdb/chf07,chfdb/chf07,110,28500,CHF,ARR,0.6240875124931335,0.374769389629364,0.0011430991580709815
swin,2,3,1105,chfdb/chf07,chfdb/chf07,110,36000,CHF,CHF,0.06583786755800247,0.9307309985160828,0.0034310773480683565
swin,2,3,1106,chfdb/chf07,chfdb/chf07,110,40000,CHF,CHF,7.702858420088887e-05,0.999254047870636,0.0006689074216410518
swin,2,3,1107,chfdb/chf07,chfdb/chf07,110,41000,CHF,NSR,0.005995906889438629,0.1649543195962906,0.8290497660636902
swin,2,3,1108,chfdb/chf07,chfdb/chf07,110,48500,CHF,NSR,0.0004239125410094857,0.00276418449357152,0.9968119263648987
swin,2,3,1109,chfdb/chf07,chfdb/chf07,110,60000,CHF,NSR,0.005149822682142258,0.0005087423487566411,0.9943413734436035
swin,2,3,1190,chfdb/chf15,chfdb/chf15,119,20000,CHF,CHF,3.63086219294928e-05,0.9998464584350586,0.0001172600022982806
swin,2,3,1191,chfdb/chf15,chfdb/chf15,119,21000,CHF,CHF,2.349007991142571e-05,0.9989432692527771,0.0010332507081329823
swin,2,3,1192,chfdb/chf15,chfdb/chf15,119,34000,CHF,CHF,7.49306709622033e-05,0.9915187954902649,0.008406279608607292
swin,2,3,1193,chfdb/chf15,chfdb/chf15,119,40500,CHF,CHF,9.998197492677718e-05,0.9987506866455078,0.0011492923367768526
swin,2,3,1194,chfdb/chf15,chfdb/chf15,119,42500,CHF,CHF,2.4939996364992112e-05,0.9992520213127136,0.000722996483091265
swin,2,3,1195,chfdb/chf15,chfdb/chf15,119,44500,CHF,CHF,2.483116440998856e-05,0.9994238615036011,0.0005512984353117645
swin,2,3,1196,chfdb/chf15,chfdb/chf15,119,58500,CHF,CHF,4.2925621528411284e-05,0.9998645782470703,9.250409493688494e-05
swin,2,3,1197,chfdb/chf15,chfdb/chf15,119,60500,CHF,CHF,2.4877121177269146e-05,0.999698281288147,0.0002769092679955065
swin,2,3,1198,chfdb/chf15,chfdb/chf15,119,61500,CHF,CHF,3.225592809030786e-05,0.9996658563613892,0.0003019227006006986
swin,2,3,1199,chfdb/chf15,chfdb/chf15,119,62000,CHF,CHF,3.292540350230411e-05,0.9995319843292236,0.0004351138195488602
swin,2,3,1220,chfdb/chf06,chfdb/chf06,122,5000,CHF,CHF,7.045449456200004e-05,0.9998641014099121,6.54584655421786e-05
swin,2,3,1221,chfdb/chf06,chfdb/chf06,122,18000,CHF,CHF,0.004542951006442308,0.9942672848701477,0.0011897454969584942
swin,2,3,1222,chfdb/chf06,chfdb/chf06,122,20000,CHF,CHF,0.00013539803330786526,0.9998032450675964,6.132599082775414e-05
swin,2,3,1223,chfdb/chf06,chfdb/chf06,122,21000,CHF,CHF,0.020916255190968513,0.9782568216323853,0.0008269788231700659
swin,2,3,1224,chfdb/chf06,chfdb/chf06,122,34000,CHF,CHF,0.00046960756299085915,0.9993703961372375,0.00016004104691091925
swin,2,3,1225,chfdb/chf06,chfdb/chf06,122,39500,CHF,CHF,0.0007896718452684581,0.9991497993469238,6.053754623280838e-05
swin,2,3,1226,chfdb/chf06,chfdb/chf06,122,42500,CHF,CHF,0.0012144745560362935,0.9984867572784424,0.0002987601619679481
swin,2,3,1227,chfdb/chf06,chfdb/chf06,122,53000,CHF,ARR,0.9163731336593628,0.08240432292222977,0.0012225015088915825
swin,2,3,1228,chfdb/chf06,chfdb/chf06,122,57500,CHF,CHF,0.00014216754061635584,0.9998082518577576,4.962785169482231e-05
swin,2,3,1229,chfdb/chf06,chfdb/chf06,122,59000,CHF,CHF,0.009024595841765404,0.5571165680885315,0.4338587820529938
swin,2,3,1230,chfdb/chf07,chfdb/chf07,123,6000,CHF,CHF,0.0003057531430386007,0.9986056685447693,0.0010885471710935235
swin,2,3,1231,chfdb/chf07,chfdb/chf07,123,6500,CHF,NSR,0.0012461893493309617,0.021796802058815956,0.9769570827484131
swin,2,3,1232,chfdb/chf07,chfdb/chf07,123,20500,CHF,ARR,0.951779842376709,0.0023498269729316235,0.04587038233876228
swin,2,3,1233,chfdb/chf07,chfdb/chf07,123,28500,CHF,NSR,9.218138438882306e-05,0.0005127968615852296,0.9993950128555298
swin,2,3,1234,chfdb/chf07,chfdb/chf07,123,31500,CHF,NSR,0.4059354364871979,0.0006633686134591699,0.5934011936187744
swin,2,3,1235,chfdb/chf07,chfdb/chf07,123,34500,CHF,NSR,0.00012263160897418857,0.0001473508746130392,0.9997300505638123
swin,2,3,1236,chfdb/chf07,chfdb/chf07,123,39500,CHF,NSR,0.0004026558599434793,0.0005340317147783935,0.9990633130073547
swin,2,3,1237,chfdb/chf07,chfdb/chf07,123,50500,CHF,NSR,0.0006960917380638421,0.0001141865795943886,0.9991896748542786
swin,2,3,1238,chfdb/chf07,chfdb/chf07,123,51000,CHF,NSR,0.00022188782168086618,0.0014627121854573488,0.9983154535293579
swin,2,3,1239,chfdb/chf07,chfdb/chf07,123,59500,CHF,CHF,5.376669651013799e-05,0.831804096698761,0.168142169713974
swin,2,3,1370,nsrdb/16272,nsrdb/16272,137,5000,NSR,NSR,0.002488512545824051,0.00015746417921036482,0.9973540306091309
swin,2,3,1371,nsrdb/16272,nsrdb/16272,137,8500,NSR,NSR,9.649553248891607e-05,9.24736523302272e-05,0.9998109936714172
swin,2,3,1372,nsrdb/16272,nsrdb/16272,137,20000,NSR,NSR,0.0003650192520581186,7.954260217957199e-05,0.9995554089546204
swin,2,3,1373,nsrdb/16272,nsrdb/16272,137,21000,NSR,NSR,0.00013696844689548016,7.619545795023441e-05,0.999786913394928
swin,2,3,1374,nsrdb/16272,nsrdb/16272,137,31000,NSR,NSR,0.0001130354794440791,0.00010942753579001874,0.999777615070343
swin,2,3,1375,nsrdb/16272,nsrdb/16272,137,36000,NSR,NSR,0.00021508718782570213,7.629514584550634e-05,0.9997085928916931
swin,2,3,1376,nsrdb/16272,nsrdb/16272,137,38000,NSR,NSR,0.0009021121077239513,6.155628943815827e-05,0.9990363121032715
swin,2,3,1377,nsrdb/16272,nsrdb/16272,137,51000,NSR,NSR,0.0010015605948865414,6.146236410131678e-05,0.9989369511604309
swin,2,3,1378,nsrdb/16272,nsrdb/16272,137,59000,NSR,NSR,0.0001816711010178551,7.186989387264475e-05,0.9997465014457703
swin,2,3,1379,nsrdb/16272,nsrdb/16272,137,60500,NSR,NSR,0.0006209927960298955,3.7240526580717415e-05,0.9993416666984558
swin,2,3,1380,nsrdb/16272,nsrdb/16272,138,5500,NSR,ARR,0.9729975461959839,0.00020862800010945648,0.026793712750077248
swin,2,3,1381,nsrdb/16272,nsrdb/16272,138,16000,NSR,NSR,0.0223015695810318,0.0003601869393605739,0.9773381948471069
swin,2,3,1382,nsrdb/16272,nsrdb/16272,138,19500,NSR,ARR,0.99981290102005,3.596855458454229e-05,0.0001510972942924127
swin,2,3,1383,nsrdb/16272,nsrdb/16272,138,20500,NSR,ARR,0.9998824596405029,6.830046913819388e-05,4.922755033476278e-05
swin,2,3,1384,nsrdb/16272,nsrdb/16272,138,30000,NSR,ARR,0.9767444133758545,0.022700978443026543,0.0005546106840483844
swin,2,3,1385,nsrdb/16272,nsrdb/16272,138,32000,NSR,NSR,0.3527653217315674,0.0015280956868082285,0.6457065939903259
swin,2,3,1386,nsrdb/16272,nsrdb/16272,138,36500,NSR,ARR,0.9990077614784241,9.301941463490948e-05,0.0008992243674583733
swin,2,3,1387,nsrdb/16272,nsrdb/16272,138,42000,NSR,NSR,0.0002604677283670753,6.45653999526985e-05,0.999674916267395
swin,2,3,1388,nsrdb/16272,nsrdb/16272,138,54000,NSR,NSR,0.00012742103717755526,8.890206663636491e-05,0.9997836947441101
swin,2,3,1389,nsrdb/16272,nsrdb/16272,138,55500,NSR,NSR,0.0013543784152716398,0.00014140336134005338,0.9985042810440063
swin,2,3,1390,nsrdb/16273,nsrdb/16273,139,2500,NSR,NSR,6.856686377432197e-05,0.00013681520067621022,0.9997946619987488
swin,2,3,1391,nsrdb/16273,nsrdb/16273,139,3000,NSR,NSR,4.22641278419178e-05,0.0004100898513570428,0.99954754114151
swin,2,3,1392,nsrdb/16273,nsrdb/16273,139,5000,NSR,NSR,5.7279095926787704e-05,0.00018353255291003734,0.9997591376304626
swin,2,3,1393,nsrdb/16273,nsrdb/16273,139,8000,NSR,NSR,3.055305205634795e-05,0.004843440372496843,0.995125949382782
swin,2,3,1394,nsrdb/16273,nsrdb/16273,139,9500,NSR,NSR,0.00012926348426844925,0.1787429302930832,0.8211278319358826
swin,2,3,1395,nsrdb/16273,nsrdb/16273,139,13500,NSR,NSR,3.256437412346713e-05,0.0014340751804411411,0.9985332489013672
swin,2,3,1396,nsrdb/16273,nsrdb/16273,139,15500,NSR,NSR,5.2367395255714655e-05,0.0002576035913079977,0.999690055847168
swin,2,3,1397,nsrdb/16273,nsrdb/16273,139,43000,NSR,NSR,9.301990212406963e-05,0.00013733834202867,0.9997697472572327
swin,2,3,1398,nsrdb/16273,nsrdb/16273,139,51500,NSR,NSR,6.214859604369849e-05,0.0002054544020211324,0.9997324347496033
swin,2,3,1399,nsrdb/16273,nsrdb/16273,139,60500,NSR,NSR,3.629983984865248e-05,0.0007459048647433519,0.9992177486419678
swin,2,3,1430,nsrdb/16773,nsrdb/16773,143,14500,NSR,ARR,0.9998619556427002,0.00010003244096878916,3.8029418647056445e-05
swin,2,3,1431,nsrdb/16773,nsrdb/16773,143,17000,NSR,ARR,0.9998183846473694,4.1134957427857444e-05,0.0001405756629537791
swin,2,3,1432,nsrdb/16773,nsrdb/16773,143,22500,NSR,ARR,0.9998422861099243,0.00012284274271223694,3.482971078483388e-05
swin,2,3,1433,nsrdb/16773,nsrdb/16773,143,26000,NSR,ARR,0.9998911619186401,4.5795510231982917e-05,6.300973473116755e-05
swin,2,3,1434,nsrdb/16773,nsrdb/16773,143,31000,NSR,ARR,0.9998261332511902,0.0001355210115434602,3.84313243557699e-05
swin,2,3,1435,nsrdb/16773,nsrdb/16773,143,37000,NSR,ARR,0.9998890161514282,3.7676563806599006e-05,7.324964099097997e-05
swin,2,3,1436,nsrdb/16773,nsrdb/16773,143,43000,NSR,ARR,0.999891996383667,5.140924622537568e-05,5.667224104399793e-05
swin,2,3,1437,nsrdb/16773,nsrdb/16773,143,51000,NSR,ARR,0.9994625449180603,0.000513517705257982,2.3918408260215074e-05
swin,2,3,1438,nsrdb/16773,nsrdb/16773,143,55000,NSR,ARR,0.9998878240585327,5.3254159865900874e-05,5.885137943550944e-05
swin,2,3,1439,nsrdb/16773,nsrdb/16773,143,58000,NSR,ARR,0.9988573789596558,0.001083067967556417,5.948430043645203e-05
swin,2,3,1450,nsrdb/16795,nsrdb/16795,145,1000,NSR,NSR,0.00014823130914010108,0.0002907167363446206,0.9995610117912292
swin,2,3,1451,nsrdb/16795,nsrdb/16795,145,1500,NSR,NSR,0.0001632267376407981,0.023487959057092667,0.976348876953125
swin,2,3,1452,nsrdb/16795,nsrdb/16795,145,2000,NSR,NSR,0.009443260729312897,0.01844981499016285,0.97210693359375
swin,2,3,1453,nsrdb/16795,nsrdb/16795,145,3000,NSR,CHF,0.36521652340888977,0.6344373822212219,0.00034609893918968737
swin,2,3,1454,nsrdb/16795,nsrdb/16795,145,7000,NSR,NSR,0.00013528543058782816,0.018898440524935722,0.9809662103652954
swin,2,3,1455,nsrdb/16795,nsrdb/16795,145,15000,NSR,NSR,0.022858135402202606,0.0003386499884072691,0.9768033027648926
swin,2,3,1456,nsrdb/16795,nsrdb/16795,145,31000,NSR,NSR,9.848377521848306e-05,0.00010030549310613424,0.9998012185096741
swin,2,3,1457,nsrdb/16795,nsrdb/16795,145,31500,NSR,NSR,0.00013494501763489097,8.392018935410306e-05,0.9997811913490295
swin,2,3,1458,nsrdb/16795,nsrdb/16795,145,50500,NSR,CHF,0.024346014484763145,0.9697262048721313,0.005927802994847298
swin,2,3,1459,nsrdb/16795,nsrdb/16795,145,61500,NSR,NSR,0.00022123656526673585,0.013753741979598999,0.9860250353813171
swin,2,3,1480,nsrdb/16273,nsrdb/16273,148,2500,NSR,NSR,0.0001829587563406676,9.544277418171987e-05,0.9997215867042542
swin,2,3,1481,nsrdb/16273,nsrdb/16273,148,9000,NSR,NSR,0.10545694082975388,4.4632688513956964e-05,0.8944984078407288
swin,2,3,1482,nsrdb/16273,nsrdb/16273,148,15000,NSR,NSR,0.001026568585075438,0.00014324876246973872,0.9988301396369934
swin,2,3,1483,nsrdb/16273,nsrdb/16273,148,21000,NSR,NSR,0.0003254172042943537,8.097726822597906e-05,0.9995935559272766
swin,2,3,1484,nsrdb/16273,nsrdb/16273,148,33000,NSR,NSR,6.506688077934086e-05,0.0010521130170673132,0.9988828301429749
swin,2,3,1485,nsrdb/16273,nsrdb/16273,148,40500,NSR,NSR,0.004009729716926813,0.00016907240205910057,0.9958212375640869
swin,2,3,1486,nsrdb/16273,nsrdb/16273,148,45500,NSR,NSR,0.0007027441170066595,0.00034397689159959555,0.9989532232284546
swin,2,3,1487,nsrdb/16273,nsrdb/16273,148,47000,NSR,NSR,0.00020910090825054795,0.00010377071885159239,0.9996870756149292
swin,2,3,1488,nsrdb/16273,nsrdb/16273,148,47500,NSR,NSR,0.00011197955609532073,9.154352301266044e-05,0.999796450138092
swin,2,3,1489,nsrdb/16273,nsrdb/16273,148,56000,NSR,NSR,0.0001510215806774795,8.904497371986508e-05,0.9997599720954895
swin,2,3,1590,nsrdb/16773,nsrdb/16773,159,4000,NSR,NSR,0.00043136972817592323,0.0005983671871945262,0.9989702701568604
swin,2,3,1591,nsrdb/16773,nsrdb/16773,159,25000,NSR,NSR,5.63262146897614e-05,0.0002001786488108337,0.9997434020042419
swin,2,3,1592,nsrdb/16773,nsrdb/16773,159,30500,NSR,NSR,0.006413239520043135,0.0015934924595057964,0.9919933080673218
swin,2,3,1593,nsrdb/16773,nsrdb/16773,159,40000,NSR,NSR,9.705756383482367e-05,9.708006109576672e-05,0.9998058676719666
swin,2,3,1594,nsrdb/16773,nsrdb/16773,159,43500,NSR,NSR,7.641318370588124e-05,0.00010718803969211876,0.9998164772987366
swin,2,3,1595,nsrdb/16773,nsrdb/16773,159,44500,NSR,NSR,0.00010197328083449975,8.100926061160862e-05,0.9998169541358948
swin,2,3,1596,nsrdb/16773,nsrdb/16773,159,49500,NSR,NSR,0.00021205193479545414,0.48111897706985474,0.5186689496040344
swin,2,3,1597,nsrdb/16773,nsrdb/16773,159,54500,NSR,NSR,0.00021744953119195998,7.099827053025365e-05,0.9997114539146423
swin,2,3,1598,nsrdb/16773,nsrdb/16773,159,59000,NSR,NSR,0.0001395795407006517,0.0040194266475737095,0.9958409667015076
swin,2,3,1599,nsrdb/16773,nsrdb/16773,159,65000,NSR,NSR,6.73966424074024e-05,0.00016888872778508812,0.9997637867927551
swin,2,3,1610,nsrdb/16795,nsrdb/16795,161,13000,NSR,NSR,0.001863263314589858,0.003048730082809925,0.9950880408287048
swin,2,3,1611,nsrdb/16795,nsrdb/16795,161,21000,NSR,NSR,0.00021595261932816356,0.00021970091620460153,0.9995643496513367
swin,2,3,1612,nsrdb/16795,nsrdb/16795,161,25000,NSR,NSR,0.0002421758254058659,6.186804239405319e-05,0.9996960163116455
swin,2,3,1613,nsrdb/16795,nsrdb/16795,161,33000,NSR,NSR,0.0011154202511534095,7.41382609703578e-05,0.9988104104995728
swin,2,3,1614,nsrdb/16795,nsrdb/16795,161,39000,NSR,NSR,0.00010102917440235615,0.0001243013102794066,0.9997746348381042
swin,2,3,1615,nsrdb/16795,nsrdb/16795,161,41000,NSR,ARR,0.7979349493980408,0.0003269193693995476,0.2017381340265274
swin,2,3,1616,nsrdb/16795,nsrdb/16795,161,44500,NSR,NSR,0.004201863426715136,0.00017210337682627141,0.9956259727478027
swin,2,3,1617,nsrdb/16795,nsrdb/16795,161,54000,NSR,NSR,0.00010679108527256176,0.0001096709820558317,0.9997835755348206
swin,2,3,1618,nsrdb/16795,nsrdb/16795,161,59000,NSR,NSR,0.000148684237501584,7.364911289187148e-05,0.999777615070343
swin,2,3,1619,nsrdb/16795,nsrdb/16795,161,62500,NSR,NSR,0.00040791070205159485,9.29798188735731e-05,0.9994990825653076
logistic,,4,100,mitdb/119,mitdb/119,10,9000,ARR,ARR,0.9996660947799683,1.2120998690079432e-05,0.0003217757330276072
logistic,,4,101,mitdb/119,mitdb/119,10,22000,ARR,ARR,0.9955501556396484,0.00023115286603569984,0.00421870406717062
logistic,,4,102,mitdb/119,mitdb/119,10,23500,ARR,ARR,0.9947471022605896,0.0034237373620271683,0.0018291957676410675
logistic,,4,103,mitdb/119,mitdb/119,10,24500,ARR,ARR,0.9996539354324341,0.0003356391389388591,1.0341918823542073e-05
logistic,,4,104,mitdb/119,mitdb/119,10,32500,ARR,ARR,0.9993906021118164,6.0703911003656685e-05,0.000548581825569272
logistic,,4,105,mitdb/119,mitdb/119,10,50000,ARR,ARR,0.7971576452255249,0.00014676465070806444,0.20269563794136047
logistic,,4,106,mitdb/119,mitdb/119,10,53500,ARR,ARR,0.797535240650177,0.006589628290385008,0.1958751231431961
logistic,,4,107,mitdb/119,mitdb/119,10,57000,ARR,ARR,0.9680930972099304,0.02955825813114643,0.002348674228414893
logistic,,4,108,mitdb/119,mitdb/119,10,58500,ARR,ARR,0.9936197400093079,0.0003071845567319542,0.006073119584470987
logistic,,4,109,mitdb/119,mitdb/119,10,61500,ARR,ARR,0.9986798167228699,5.6685289564484265e-06,0.0013144930126145482
logistic,,4,120,mitdb/121,mitdb/121,12,4000,ARR,ARR,0.9915685057640076,0.0004976335330866277,0.007933871820569038
logistic,,4,121,mitdb/121,mitdb/121,12,5500,ARR,ARR,0.9004114866256714,0.09740529209375381,0.0021832215134054422
logistic,,4,122,mitdb/121,mitdb/121,12,9000,ARR,CHF,0.26727163791656494,0.7141880393028259,0.018540330231189728
logistic,,4,123,mitdb/121,mitdb/121,12,17000,ARR,ARR,0.9967394471168518,0.002948269946500659,0.00031226553255692124
logistic,,4,124,mitdb/121,mitdb/121,12,32000,ARR,ARR,0.8458915948867798,0.15325894951820374,0.0008495011134073138
logistic,,4,125,mitdb/121,mitdb/121,12,46500,ARR,ARR,0.9660576581954956,0.03381546214222908,0.00012696647900156677
logistic,,4,126,mitdb/121,mitdb/121,12,55000,ARR,ARR,0.9983341097831726,0.0015795493964105844,8.645613706903532e-05
logistic,,4,127,mitdb/121,mitdb/121,12,56500,ARR,ARR,0.9982703924179077,0.0016306848265230656,9.888970816973597e-05
logistic,,4,128,mitdb/121,mitdb/121,12,58500,ARR,ARR,0.8193659782409668,0.1795358508825302,0.0010982127860188484
logistic,,4,129,mitdb/121,mitdb/121,12,64500,ARR,ARR,0.867615818977356,0.13121284544467926,0.0011713142739608884
logistic,,4,140,mitdb/123,mitdb/123,14,3500,ARR,ARR,0.9879233241081238,1.0893789976762491e-06,0.012075625360012054
logistic,,4,141,mitdb/123,mitdb/123,14,18000,ARR,ARR,0.9971165657043457,2.153547207228712e-08,0.0028834310360252857
logistic,,4,142,mitdb/123,mitdb/123,14,26000,ARR,ARR,0.9999779462814331,2.988025471495348e-08,2.208982732554432e-05
logistic,,4,143,mitdb/123,mitdb/123,14,28000,ARR,ARR,0.9983252882957458,4.0748327023720776e-07,0.0016743229934945703
logistic,,4,144,mitdb/123,mitdb/123,14,28500,ARR,ARR,0.995606005191803,4.853958444073214e-07,0.004393449984490871
logistic,,4,145,mitdb/123,mitdb/123,14,31000,ARR,ARR,0.9997289776802063,4.6145814849296585e-06,0.0002663338673301041
logistic,,4,146,mitdb/123,mitdb/123,14,34000,ARR,ARR,0.9999544620513916,8.449742949778738e-08,4.546575655695051e-05
logistic,,4,147,mitdb/123,mitdb/123,14,41000,ARR,ARR,0.9998301267623901,5.225282251331009e-08,0.00016984374087769538
logistic,,4,148,mitdb/123,mitdb/123,14,52500,ARR,ARR,0.9580388069152832,1.9432679891906446e-06,0.041959263384342194
logistic,,4,149,mitdb/123,mitdb/123,14,53500,ARR,ARR,0.9997310042381287,2.1371013403381767e-08,0.00026903068646788597
logistic,,4,200,mitdb/205,mitdb/205,20,5500,ARR,ARR,0.5350548624992371,0.15821680426597595,0.3067283630371094
logistic,,4,201,mitdb/205,mitdb/205,20,11500,ARR,ARR,0.7017030715942383,0.18561235070228577,0.11268461495637894
logistic,,4,202,mitdb/205,mitdb/205,20,19500,ARR,CHF,0.37996482849121094,0.5014292001724243,0.11860603094100952
logistic,,4,203,mitdb/205,mitdb/205,20,32500,ARR,NSR,0.252800315618515,0.08038762956857681,0.666812002658844
logistic,,4,204,mitdb/205,mitdb/205,20,33000,ARR,ARR,0.7604644298553467,0.15414287149906158,0.08539264649152756
logistic,,4,205,mitdb/205,mitdb/205,20,34000,ARR,ARR,0.8209174871444702,0.06184091046452522,0.11724159121513367
logistic,,4,206,mitdb/205,mitdb/205,20,45000,ARR,ARR,0.902213990688324,0.046350568532943726,0.05143546313047409
logistic,,4,207,mitdb/205,mitdb/205,20,47000,ARR,CHF,0.1696864515542984,0.7458632588386536,0.08445022255182266
logistic,,4,208,mitdb/205,mitdb/205,20,48000,ARR,CHF,0.37069353461265564,0.39958855509757996,0.2297179251909256
logistic,,4,209,mitdb/205,mitdb/205,20,64000,ARR,NSR,0.36529719829559326,0.22856445610523224,0.4061383903026581
logistic,,4,250,mitdb/210,mitdb/210,25,2500,ARR,ARR,0.9632673859596252,0.011539343744516373,0.025193320587277412
logistic,,4,251,mitdb/210,mitdb/210,25,11500,ARR,ARR,0.9090108275413513,0.07853876054286957,0.012450424954295158
logistic,,4,252,mitdb/210,mitdb/210,25,16000,ARR,ARR,0.4797247052192688,0.4609335958957672,0.05934172496199608
logistic,,4,253,mitdb/210,mitdb/210,25,30000,ARR,CHF,0.00972489919513464,0.8599742650985718,0.13030081987380981
logistic,,4,254,mitdb/210,mitdb/210,25,31500,ARR,CHF,0.16437895596027374,0.7442600131034851,0.09136103838682175
logistic,,4,255,mitdb/210,mitdb/210,25,32500,ARR,ARR,0.7888206839561462,0.1241828054189682,0.08699656277894974
logistic,,4,256,mitdb/210,mitdb/210,25,49000,ARR,ARR,0.9847465753555298,0.009690052829682827,0.005563348066061735
logistic,,4,257,mitdb/210,mitdb/210,25,58500,ARR,ARR,0.8125889301300049,0.17229700088500977,0.015114049427211285
logistic,,4,258,mitdb/210,mitdb/210,25,62000,ARR,NSR,0.14635755121707916,0.05038178712129593,0.8032606244087219
logistic,,4,259,mitdb/210,mitdb/210,25,62500,ARR,ARR,0.7047059535980225,0.13057680428028107,0.16471725702285767
logistic,,4,270,mitdb/213,mitdb/213,27,5000,ARR,CHF,0.02711400017142296,0.930272102355957,0.04261385649442673
logistic,,4,271,mitdb/213,mitdb/213,27,19000,ARR,CHF,0.003101242706179619,0.9967637062072754,0.0001349498488707468
logistic,,4,272,mitdb/213,mitdb/213,27,44500,ARR,CHF,0.00772507768124342,0.9878739714622498,0.004400951787829399
logistic,,4,273,mitdb/213,mitdb/213,27,45000,ARR,CHF,0.013390435837209225,0.9851085543632507,0.001501019112765789
logistic,,4,274,mitdb/213,mitdb/213,27,50500,ARR,CHF,0.0032013480085879564,0.9829225540161133,0.01387616153806448
logistic,,4,275,mitdb/213,mitdb/213,27,51000,ARR,CHF,0.0151875801384449,0.9751875400543213,0.009624939411878586
logistic,,4,276,mitdb/213,mitdb/213,27,51500,ARR,CHF,0.0023498516529798508,0.9964461922645569,0.0012040194123983383
logistic,,4,277,mitdb/213,mitdb/213,27,53500,ARR,CHF,0.06409310549497604,0.9185831546783447,0.017323657870292664
logistic,,4,278,mitdb/213,mitdb/213,27,59500,ARR,CHF,0.4066515564918518,0.5932241678237915,0.00012425838212948292
logistic,,4,279,mitdb/213,mitdb/213,27,62000,ARR,CHF,0.0008328015683218837,0.9917253255844116,0.0074419486336410046
logistic,,4,330,mitdb/103,mitdb/103,33,8000,ARR,ARR,0.993919849395752,6.124765405957078e-08,0.006079981569200754
logistic,,4,331,mitdb/103,mitdb/103,33,13000,ARR,ARR,0.9831548929214478,3.812586442109023e-07,0.016844799742102623
logistic,,4,332,mitdb/103,mitdb/103,33,18000,ARR,ARR,0.9891672134399414,1.519487966561428e-07,0.010832699947059155
logistic,,4,333,mitdb/103,mitdb/103,33,20000,ARR,ARR,0.9941657781600952,1.1320632893330185e-06,0.005833028815686703
logistic,,4,334,mitdb/103,mitdb/103,33,26500,ARR,ARR,0.9966667294502258,9.065168455890671e-07,0.0033323336392641068
logistic,,4,335,mitdb/103,mitdb/103,33,36000,ARR,ARR,0.9986034035682678,1.6194897867194413e-08,0.0013965624384582043
logistic,,4,336,mitdb/103,mitdb/103,33,37500,ARR,ARR,0.9984332919120789,2.6145938747390574e-08,0.0015667396364733577
logistic,,4,337,mitdb/103,mitdb/103,33,46000,ARR,ARR,0.9972654581069946,1.1895473051026784e-08,0.002734532579779625
logistic,,4,338,mitdb/103,mitdb/103,33,48000,ARR,ARR,0.9561367034912109,4.851586368204153e-07,0.04386289417743683
logistic,,4,339,mitdb/103,mitdb/103,33,64000,ARR,ARR,0.998345136642456,2.9760196085248936e-08,0.0016548787243664265
logistic,,4,400,mitdb/232,mitdb/232,40,2000,ARR,ARR,0.7579964399337769,0.053718019276857376,0.1882854700088501
logistic,,4,401,mitdb/232,mitdb/232,40,8500,ARR,CHF,0.4026468098163605,0.5839681029319763,0.013385104015469551
logistic,,4,402,mitdb/232,mitdb/232,40,10000,ARR,ARR,0.9762645959854126,0.022349005565047264,0.0013864251086488366
logistic,,4,403,mitdb/232,mitdb/232,40,12000,ARR,ARR,0.6724966168403625,0.2516031861305237,0.07590016722679138
logistic,,4,404,mitdb/232,mitdb/232,40,20000,ARR,ARR,0.9428318738937378,0.022539926692843437,0.034628238528966904
logistic,,4,405,mitdb/232,mitdb/232,40,24000,ARR,ARR,0.9958315491676331,5.336832327884622e-05,0.004115031100809574
logistic,,4,406,mitdb/232,mitdb/232,40,26500,ARR,ARR,0.9959035515785217,0.0019969488494098186,0.002099518431350589
logistic,,4,407,mitdb/232,mitdb/232,40,54000,ARR,ARR,0.5142833590507507,0.012681386433541775,0.4730352759361267
logistic,,4,408,mitdb/232,mitdb/232,40,55500,ARR,ARR,0.6437774300575256,0.320624977350235,0.03559758886694908
logistic,,4,409,mitdb/232,mitdb/232,40,60000,ARR,ARR,0.9873649477958679,0.0028797874692827463,0.009755183942615986
logistic,,4,440,mitdb/104,mitdb/104,44,6000,ARR,ARR,0.750342607498169,0.02571123279631138,0.22394613921642303
logistic,,4,441,mitdb/104,mitdb/104,44,8500,ARR,ARR,0.8519479036331177,0.038300223648548126,0.1097518652677536
logistic,,4,442,mitdb/104,mitdb/104,44,14500,ARR,CHF,0.08417951315641403,0.8608472943305969,0.05497321859002113
logistic,,4,443,mitdb/104,mitdb/104,44,17000,ARR,ARR,0.7359230518341064,0.06293651461601257,0.20114043354988098
logistic,,4,444,mitdb/104,mitdb/104,44,20500,ARR,CHF,0.11892722547054291,0.8078295588493347,0.07324319332838058
logistic,,4,445,mitdb/104,mitdb/104,44,22000,ARR,ARR,0.8545721173286438,0.03172919154167175,0.11369878798723221
logistic,,4,446,mitdb/104,mitdb/104,44,33500,ARR,ARR,0.7628674507141113,0.026268355548381805,0.2108641415834427
logistic,,4,447,mitdb/104,mitdb/104,44,38500,ARR,CHF,0.011421170085668564,0.9868611693382263,0.0017176769906654954
logistic,,4,448,mitdb/104,mitdb/104,44,50500,ARR,NSR,0.13471855223178864,0.007130638230592012,0.858150839805603
logistic,,4,449,mitdb/104,mitdb/104,44,63000,ARR,CHF,0.1426182985305786,0.5550537109375,0.3023279905319214
logistic,,4,470,mitdb/103,mitdb/103,47,9500,ARR,ARR,0.9983307719230652,3.5376746865267705e-08,0.001669253339059651
logistic,,4,471,mitdb/103,mitdb/103,47,16000,ARR,ARR,0.9925354719161987,2.907413154673577e-08,0.007464563474059105
logistic,,4,472,mitdb/103,mitdb/103,47,20000,ARR,ARR,0.9799986481666565,2.4555330924158625e-07,0.02000112272799015
logistic,,4,473,mitdb/103,mitdb/103,47,29000,ARR,ARR,0.9959956407546997,6.733027646532719e-08,0.004004209768027067
logistic,,4,474,mitdb/103,mitdb/103,47,29500,ARR,ARR,0.9835264086723328,1.5352391358192108e-08,0.016473613679409027
logistic,,4,475,mitdb/103,mitdb/103,47,45000,ARR,ARR,0.9949458241462708,7.30295734996389e-09,0.005054156295955181
logistic,,4,476,mitdb/103,mitdb/103,47,46000,ARR,ARR,0.9932973980903625,1.5135633191221132e-08,0.006702570244669914
logistic,,4,477,mitdb/103,mitdb/103,47,47500,ARR,ARR,0.9940063953399658,7.336031160320999e-08,0.005993416532874107
logistic,,4,478,mitdb/103,mitdb/103,47,51000,ARR,ARR,0.9989424347877502,8.573916576715135e-10,0.001057616900652647
logistic,,4,479,mitdb/103,mitdb/103,47,61500,ARR,ARR,0.9581357836723328,1.8822534642026767e-08,0.04186417907476425
logistic,,4,480,mitdb/104,mitdb/104,48,3500,ARR,NSR,0.06687130033969879,0.054060522466897964,0.87906813621521
logistic,,4,481,mitdb/104,mitdb/104,48,10000,ARR,NSR,0.20783580839633942,0.026872986927628517,0.7652912139892578
logistic,,4,482,mitdb/104,mitdb/104,48,24000,ARR,NSR,0.27516740560531616,0.1566847860813141,0.5681477785110474
logistic,,4,483,mitdb/104,mitdb/104,48,36000,ARR,ARR,0.9933294057846069,8.638473445898853e-06,0.006661924067884684
logistic,,4,484,mitdb/104,mitdb/104,48,40500,ARR,ARR,0.9066216945648193,0.07074156403541565,0.022636733949184418
logistic,,4,485,mitdb/104,mitdb/104,48,52500,ARR,ARR,0.8021901249885559,0.02774972654879093,0.17006005346775055
logistic,,4,486,mitdb/104,mitdb/104,48,56500,ARR,ARR,0.8923352360725403,0.0025404824409633875,0.105124332010746
logistic,,4,487,mitdb/104,mitdb/104,48,57500,ARR,NSR,0.35968825221061707,0.0014198842691257596,0.638891875743866
logistic,,4,488,mitdb/104,mitdb/104,48,58500,ARR,NSR,0.44914108514785767,0.00016761476581450552,0.5506913065910339
logistic,,4,489,mitdb/104,mitdb/104,48,60000,ARR,NSR,0.4453456997871399,0.029564447700977325,0.5250898599624634
logistic,,4,520,mitdb/108,mitdb/108,52,11500,ARR,ARR,0.6272731423377991,0.37106186151504517,0.0016649432945996523
logistic,,4,521,mitdb/108,mitdb/108,52,23500,ARR,ARR,0.9994807839393616,0.000502619834151119,1.662396789470222e-05
logistic,,4,522,mitdb/108,mitdb/108,52,26500,ARR,ARR,0.8063516616821289,0.1933204084634781,0.0003278643125668168
logistic,,4,523,mitdb/108,mitdb/108,52,28000,ARR,CHF,0.0025234906934201717,0.9967030882835388,0.0007733207894489169
logistic,,4,524,mitdb/108,mitdb/108,52,35500,ARR,ARR,0.9999436140060425,4.602199624059722e-05,1.034407705446938e-05
logistic,,4,525,mitdb/108,mitdb/108,52,37500,ARR,ARR,0.9997263550758362,0.0002709342516027391,2.7904050057259155e-06
logistic,,4,526,mitdb/108,mitdb/108,52,54500,ARR,ARR,0.9999219179153442,6.833795487182215e-05,9.786715054360684e-06
logistic,,4,527,mitdb/108,mitdb/108,52,61000,ARR,CHF,0.013163593597710133,0.9866272807121277,0.00020906903955619782
logistic,,4,528,mitdb/108,mitdb/108,52,63500,ARR,CHF,0.004472716245800257,0.9954667091369629,6.051518357708119e-05
logistic,,4,529,mitdb/108,mitdb/108,52,64000,ARR,CHF,0.01406051218509674,0.9848883152008057,0.001051184255629778
logistic,,4,630,mitdb/119,mitdb/119,63,0,ARR,ARR,0.9993552565574646,0.0001576181675773114,0.00048708237591199577
logistic,,4,631,mitdb/119,mitdb/119,63,8000,ARR,ARR,0.9860444068908691,0.010136820375919342,0.0038188593462109566
logistic,,4,632,mitdb/119,mitdb/119,63,16000,ARR,ARR,0.9788067936897278,0.004125087987631559,0.017068088054656982
logistic,,4,633,mitdb/119,mitdb/119,63,23000,ARR,ARR,0.9795290231704712,0.01917218044400215,0.0012988727539777756
logistic,,4,634,mitdb/119,mitdb/119,63,31000,ARR,ARR,0.6373520493507385,0.2624934911727905,0.10015442222356796
logistic,,4,635,mitdb/119,mitdb/119,63,38500,ARR,ARR,0.7806212902069092,0.2179499715566635,0.001428695279173553
logistic,,4,636,mitdb/119,mitdb/119,63,43500,ARR,ARR,0.9856502413749695,0.013712575659155846,0.0006371760973706841
logistic,,4,637,mitdb/119,mitdb/119,63,46000,ARR,ARR,0.9656805396080017,0.026103416457772255,0.008216052316129208
logistic,,4,638,mitdb/119,mitdb/119,63,54000,ARR,ARR,0.9655764698982239,0.027309134602546692,0.00711433170363307
logistic,,4,639,mitdb/119,mitdb/119,63,62000,ARR,ARR,0.9432780742645264,0.028413742780685425,0.028308235108852386
logistic,,4,640,mitdb/121,mitdb/121,64,0,ARR,NSR,0.1745712012052536,0.3726329803466797,0.4527958333492279
logistic,,4,641,mitdb/121,mitdb/121,64,7500,ARR,ARR,0.9932588338851929,4.0285580325871706e-05,0.006700913887470961
logistic,,4,642,mitdb/121,mitdb/121,64,11000,ARR,ARR,0.9991081357002258,0.00029146927408874035,0.0006003739545121789
logistic,,4,643,mitdb/121,mitdb/121,64,24000,ARR,ARR,0.9672053456306458,0.006995079107582569,0.025799505412578583
logistic,,4,644,mitdb/121,mitdb/121,64,25500,ARR,ARR,0.9989879727363586,0.0010004221694543958,1.1603330676734913e-05
logistic,,4,645,mitdb/121,mitdb/121,64,26500,ARR,ARR,0.9940094947814941,0.0005968858604319394,0.005393692292273045
logistic,,4,646,mitdb/121,mitdb/121,64,42000,ARR,ARR,0.9829211831092834,0.0016807956853881478,0.015397975221276283
logistic,,4,647,mitdb/121,mitdb/121,64,51000,ARR,CHF,0.0077179898507893085,0.9526784420013428,0.039603542536497116
logistic,,4,648,mitdb/121,mitdb/121,64,57000,ARR,ARR,0.9927329421043396,0.005312691908329725,0.001954420004040003
logistic,,4,649,mitdb/121,mitdb/121,64,60500,ARR,ARR,0.9906405210494995,0.002874138066545129,0.006485381629317999
logistic,,4,670,mitdb/123,mitdb/123,67,7500,ARR,ARR,0.9993603825569153,5.105351696954585e-09,0.000639572273939848
logistic,,4,671,mitdb/123,mitdb/123,67,14000,ARR,ARR,0.9970454573631287,8.505602977493254e-08,0.002954474650323391
logistic,,4,672,mitdb/123,mitdb/123,67,18500,ARR,ARR,0.9996071457862854,2.5608366982510233e-08,0.0003928834048565477
logistic,,4,673,mitdb/123,mitdb/123,67,28500,ARR,ARR,0.9996970891952515,2.520947717243871e-08,0.00030290870927274227
logistic,,4,674,mitdb/123,mitdb/123,67,31000,ARR,ARR,0.9980059266090393,1.034203478411655e-07,0.0019940061029046774
logistic,,4,675,mitdb/123,mitdb/123,67,32000,ARR,ARR,0.9998223185539246,5.472288577834661e-08,0.0001777417492121458
logistic,,4,676,mitdb/123,mitdb/123,67,38500,ARR,ARR,0.9983534812927246,5.047114655098994e-07,0.0016461280174553394
logistic,,4,677,mitdb/123,mitdb/123,67,47000,ARR,ARR,0.9996984004974365,2.6336527625403505e-08,0.00030167752993293107
logistic,,4,678,mitdb/123,mitdb/123,67,48000,ARR,ARR,0.999658465385437,4.888154876425688e-07,0.0003410808276385069
logistic,,4,679,mitdb/123,mitdb/123,67,59500,ARR,ARR,0.9997058510780334,2.9309408091648947e-06,0.0002911553892772645
logistic,,4,730,mitdb/205,mitdb/205,73,17000,ARR,NSR,0.09483381360769272,0.0027539569418877363,0.9024122953414917
logistic,,4,731,mitdb/205,mitdb/205,73,19000,ARR,ARR,0.992139995098114,0.004259135108441114,0.003600908676162362
logistic,,4,732,mitdb/205,mitdb/205,73,23500,ARR,ARR,0.9738332033157349,0.012879911810159683,0.013286827132105827
logistic,,4,733,mitdb/205,mitdb/205,73,28000,ARR,ARR,0.7093344926834106,0.04294603690505028,0.24771952629089355
logistic,,4,734,mitdb/205,mitdb/205,73,40000,ARR,ARR,0.5155482888221741,0.04684194549918175,0.43760982155799866
logistic,,4,735,mitdb/205,mitdb/205,73,48000,ARR,ARR,0.923220157623291,0.0071767414920032024,0.0696030780673027
logistic,,4,736,mitdb/205,mitdb/205,73,51500,ARR,ARR,0.9679353833198547,0.007770724594593048,0.02429393120110035
logistic,,4,737,mitdb/205,mitdb/205,73,61000,ARR,ARR,0.9006935954093933,0.014981790445744991,0.08432454615831375
logistic,,4,738,mitdb/205,mitdb/205,73,63000,ARR,NSR,0.3296216130256653,0.005087081342935562,0.6652913689613342
logistic,,4,739,mitdb/205,mitdb/205,73,64500,ARR,ARR,0.6566420793533325,0.006016243249177933,0.33734163641929626
logistic,,4,780,mitdb/210,mitdb/210,78,2000,ARR,ARR,0.9994184970855713,1.774164047674276e-05,0.0005637735594063997
logistic,,4,781,mitdb/210,mitdb/210,78,12500,ARR,ARR,0.9947540760040283,0.0015618581091985106,0.0036841053515672684
logistic,,4,782,mitdb/210,mitdb/210,78,30000,ARR,NSR,0.008229007013142109,0.44399863481521606,0.5477723479270935
logistic,,4,783,mitdb/210,mitdb/210,78,31500,ARR,ARR,0.9980508089065552,0.0003079086309298873,0.001641273614950478
logistic,,4,784,mitdb/210,mitdb/210,78,32500,ARR,ARR,0.9999251365661621,5.095314554637298e-05,2.3970384063431993e-05
logistic,,4,785,mitdb/210,mitdb/210,78,34500,ARR,ARR,0.9996058344841003,2.8634035516006406e-06,0.00039131310768425465
logistic,,4,786,mitdb/210,mitdb/210,78,40000,ARR,ARR,0.9974344372749329,8.517297828802839e-05,0.0024803904816508293
logistic,,4,787,mitdb/210,mitdb/210,78,42000,ARR,ARR,0.999659538269043,0.00016668516036588699,0.0001737224665703252
logistic,,4,788,mitdb/210,mitdb/210,78,53000,ARR,ARR,0.9997654557228088,0.00010068323172163218,0.00013387706712819636
logistic,,4,789,mitdb/210,mitdb/210,78,64500,ARR,ARR,0.9950308799743652,0.0014613185776397586,0.0035077384673058987
logistic,,4,800,mitdb/213,mitdb/213,80,9500,ARR,ARR,0.8276307582855225,0.16314728558063507,0.009221967309713364
logistic,,4,801,mitdb/213,mitdb/213,80,11500,ARR,CHF,0.0927024632692337,0.9065887928009033,0.0007087829289957881
logistic,,4,802,mitdb/213,mitdb/213,80,18500,ARR,ARR,0.7102654576301575,0.2503301203250885,0.03940439224243164
logistic,,4,803,mitdb/213,mitdb/213,80,19500,ARR,ARR,0.7816545367240906,0.21165914833545685,0.006686345208436251
logistic,,4,804,mitdb/213,mitdb/213,80,32000,ARR,CHF,0.23160159587860107,0.7650555372238159,0.003342872718349099
logistic,,4,805,mitdb/213,mitdb/213,80,37500,ARR,CHF,0.21735109388828278,0.7824963927268982,0.00015250446449499577
logistic,,4,806,mitdb/213,mitdb/213,80,55500,ARR,ARR,0.9376221299171448,0.06180104613304138,0.0005769037525169551
logistic,,4,807,mitdb/213,mitdb/213,80,59000,ARR,CHF,0.06732487678527832,0.932662308216095,1.2778939890267793e-05
logistic,,4,808,mitdb/213,mitdb/213,80,59500,ARR,CHF,0.003208594862371683,0.9967881441116333,3.3142493975901743e-06
logistic,,4,809,mitdb/213,mitdb/213,80,62500,ARR,CHF,0.05833891034126282,0.9416415095329285,1.9580727894208394e-05
logistic,,4,880,mitdb/108,mitdb/108,88,500,ARR,ARR,0.9908326268196106,0.008353970013558865,0.0008133055525831878
logistic,,4,881,mitdb/108,mitdb/108,88,12000,ARR,CHF,0.01623287796974182,0.9762915968894958,0.007475556340068579
logistic,,4,882,mitdb/108,mitdb/108,88,22000,ARR,ARR,0.9921358823776245,0.0070830946788191795,0.0007810721290297806
logistic,,4,883,mitdb/108,mitdb/108,88,24500,ARR,ARR,0.9996356964111328,8.130685455398634e-05,0.0002830144658219069
logistic,,4,884,mitdb/108,mitdb/108,88,31000,ARR,ARR,0.979721188545227,0.016642197966575623,0.003636679146438837
logistic,,4,885,mitdb/108,mitdb/108,88,35000,ARR,ARR,0.9173378348350525,0.08125453442335129,0.0014076392399147153
logistic,,4,886,mitdb/108,mitdb/108,88,43000,ARR,ARR,0.6407848000526428,0.3582993149757385,0.0009158832253888249
logistic,,4,887,mitdb/108,mitdb/108,88,49000,ARR,ARR,0.9956743121147156,0.004068171605467796,0.00025749290944077075
logistic,,4,888,mitdb/108,mitdb/108,88,60500,ARR,ARR,0.8155075907707214,0.18245670199394226,0.00203566811978817
logistic,,4,889,mitdb/108,mitdb/108,88,62500,ARR,ARR,0.6355406045913696,0.360664963722229,0.0037944200448691845
logistic,,4,930,mitdb/232,mitdb/232,93,14000,ARR,ARR,0.65567547082901,0.055773213505744934,0.2885512709617615
logistic,,4,931,mitdb/232,mitdb/232,93,32500,ARR,CHF,0.19007231295108795,0.761396586894989,0.04853109270334244
logistic,,4,932,mitdb/232,mitdb/232,93,33000,ARR,CHF,0.03783833235502243,0.8837961554527283,0.07836543768644333
logistic,,4,933,mitdb/232,mitdb/232,93,35500,ARR,ARR,0.722474992275238,0.08371046185493469,0.19381454586982727
logistic,,4,934,mitdb/232,mitdb/232,93,51000,ARR,ARR,0.9966387748718262,0.0006492250831797719,0.0027120765298604965
logistic,,4,935,mitdb/232,mitdb/232,93,55000,ARR,CHF,0.02938094548881054,0.9202315211296082,0.05038744956254959
logistic,,4,936,mitdb/232,mitdb/232,93,55500,ARR,ARR,0.804587185382843,0.15082426369190216,0.04458863288164139
logistic,,4,937,mitdb/232,mitdb/232,93,57500,ARR,CHF,0.2783404588699341,0.7180538773536682,0.0036056588869541883
logistic,,4,938,mitdb/232,mitdb/232,93,61000,ARR,CHF,0.29814931750297546,0.6896166205406189,0.012234113179147243
logistic,,4,939,mitdb/232,mitdb/232,93,62500,ARR,ARR,0.9993226528167725,0.00010621391265885904,0.0005711300764232874
logistic,,4,1040,chfdb/chf02,chfdb/chf02,104,2000,CHF,ARR,0.9723266363143921,0.02759113535284996,8.217300637625158e-05
logistic,,4,1041,chfdb/chf02,chfdb/chf02,104,9000,CHF,ARR,0.678846538066864,0.32107216119766235,8.136219548759982e-05
logistic,,4,1042,chfdb/chf02,chfdb/chf02,104,12000,CHF,ARR,0.6526600122451782,0.3460352122783661,0.0013047561515122652
logistic,,4,1043,chfdb/chf02,chfdb/chf02,104,22000,CHF,ARR,0.9304194450378418,0.06956441700458527,1.6081485227914527e-05
logistic,,4,1044,chfdb/chf02,chfdb/chf02,104,36500,CHF,CHF,0.38153350353240967,0.6183106303215027,0.00015581816842313856
logistic,,4,1045,chfdb/chf02,chfdb/chf02,104,37000,CHF,ARR,0.840498149394989,0.15946993231773376,3.183936860295944e-05
logistic,,4,1046,chfdb/chf02,chfdb/chf02,104,40500,CHF,CHF,9.410453640157357e-05,0.9998975992202759,8.335479833476711e-06
logistic,,4,1047,chfdb/chf02,chfdb/chf02,104,42000,CHF,CHF,0.13546377420425415,0.8642407059669495,0.0002955425006803125
logistic,,4,1048,chfdb/chf02,chfdb/chf02,104,46500,CHF,CHF,0.08844585716724396,0.911371648311615,0.0001825487270252779
logistic,,4,1049,chfdb/chf02,chfdb/chf02,104,49500,CHF,CHF,0.4623027443885803,0.5352641344070435,0.0024331058375537395
logistic,,4,1050,chfdb/chf03,chfdb/chf03,105,500,CHF,CHF,0.4383144676685333,0.5154716968536377,0.04621382802724838
logistic,,4,1051,chfdb/chf03,chfdb/chf03,105,4500,CHF,CHF,0.012318400666117668,0.987585186958313,9.641374344937503e-05
logistic,,4,1052,chfdb/chf03,chfdb/chf03,105,10000,CHF,CHF,0.1979101598262787,0.7818244695663452,0.0202653706073761
logistic,,4,1053,chfdb/chf03,chfdb/chf03,105,16000,CHF,CHF,0.009701951406896114,0.9900181293487549,0.0002799782087095082
logistic,,4,1054,chfdb/chf03,chfdb/chf03,105,23000,CHF,CHF,0.33875370025634766,0.6611583232879639,8.802989032119513e-05
logistic,,4,1055,chfdb/chf03,chfdb/chf03,105,23500,CHF,CHF,0.1212867796421051,0.8774946331977844,0.0012186806416139007
logistic,,4,1056,chfdb/chf03,chfdb/chf03,105,33000,CHF,CHF,0.01816175878047943,0.9818094968795776,2.8711425329674967e-05
logistic,,4,1057,chfdb/chf03,chfdb/chf03,105,47000,CHF,CHF,0.14160367846488953,0.8563238978385925,0.002072509378194809
logistic,,4,1058,chfdb/chf03,chfdb/chf03,105,50500,CHF,ARR,0.8209383487701416,0.17879752814769745,0.0002641210739966482
logistic,,4,1059,chfdb/chf03,chfdb/chf03,105,53500,CHF,CHF,0.07622664421796799,0.9236651062965393,0.00010821851174114272
logistic,,4,1070,chfdb/chf02,chfdb/chf02,107,1500,CHF,NSR,0.0932256355881691,0.08373554795980453,0.8230388760566711
logistic,,4,1071,chfdb/chf02,chfdb/chf02,107,5500,CHF,CHF,0.016512060537934303,0.9294055104255676,0.054082389920949936
logistic,,4,1072,chfdb/chf02,chfdb/chf02,107,9000,CHF,CHF,0.07921110838651657,0.7694831490516663,0.15130572021007538
logistic,,4,1073,chfdb/chf02,chfdb/chf02,107,28500,CHF,CHF,0.011013323441147804,0.7779863476753235,0.21100035309791565
logistic,,4,1074,chfdb/chf02,chfdb/chf02,107,29500,CHF,NSR,0.025623932480812073,0.12710173428058624,0.8472743034362793
logistic,,4,1075,chfdb/chf02,chfdb/chf02,107,42500,CHF,CHF,0.03082437627017498,0.6897889971733093,0.2793866693973541
logistic,,4,1076,chfdb/chf02,chfdb/chf02,107,47000,CHF,CHF,0.1283242553472519,0.796276330947876,0.07539937645196915
logistic,,4,1077,chfdb/chf02,chfdb/chf02,107,50000,CHF,CHF,0.04643593356013298,0.8535281419754028,0.10003580898046494
logistic,,4,1078,chfdb/chf02,chfdb/chf02,107,58500,CHF,CHF,0.12207826972007751,0.8034400939941406,0.07448168843984604
logistic,,4,1079,chfdb/chf02,chfdb/chf02,107,61000,CHF,CHF,0.004945740569382906,0.8967681527137756,0.09828609973192215
logistic,,4,1120,chfdb/chf09,chfdb/chf09,112,1000,CHF,CHF,0.011269274167716503,0.9838435053825378,0.004887244664132595
logistic,,4,1121,chfdb/chf09,chfdb/chf09,112,12000,CHF,CHF,0.0068817888386547565,0.9917566776275635,0.0013616295764222741
logistic,,4,1122,chfdb/chf09,chfdb/chf09,112,16000,CHF,CHF,0.05268578231334686,0.9094680547714233,0.03784610703587532
logistic,,4,1123,chfdb/chf09,chfdb/chf09,112,25500,CHF,CHF,0.2641181945800781,0.7060173153877258,0.029864560812711716
logistic,,4,1124,chfdb/chf09,chfdb/chf09,112,28500,CHF,CHF,0.13121889531612396,0.8489494323730469,0.019831648096442223
logistic,,4,1125,chfdb/chf09,chfdb/chf09,112,50500,CHF,CHF,0.20216123759746552,0.5897384285926819,0.208100363612175
logistic,,4,1126,chfdb/chf09,chfdb/chf09,112,53500,CHF,CHF,0.002754439366981387,0.9944427609443665,0.002802817849442363
logistic,,4,1127,chfdb/chf09,chfdb/chf09,112,56000,CHF,CHF,0.12079229205846786,0.8637126684188843,0.015495062805712223
logistic,,4,1128,chfdb/chf09,chfdb/chf09,112,57000,CHF,CHF,0.08542940765619278,0.6921723484992981,0.22239825129508972
logistic,,4,1129,chfdb/chf09,chfdb/chf09,112,58000,CHF,CHF,0.06486654281616211,0.8426746726036072,0.09245874732732773
logistic,,4,1180,chfdb/chf03,chfdb/chf03,118,1000,CHF,CHF,0.02218329720199108,0.9771462678909302,0.0006705402047373354
logistic,,4,1181,chfdb/chf03,chfdb/chf03,118,23000,CHF,CHF,0.0002360434882575646,0.9997571110725403,6.748099167452892e-06
logistic,,4,1182,chfdb/chf03,chfdb/chf03,118,24000,CHF,CHF,0.10205842554569244,0.8970026969909668,0.0009388962644152343
logistic,,4,1183,chfdb/chf03,chfdb/chf03,118,31000,CHF,CHF,0.0002145342150470242,0.9997056126594543,7.989029836608097e-05
logistic,,4,1184,chfdb/chf03,chfdb/chf03,118,34000,CHF,CHF,0.00227022054605186,0.9975805282592773,0.00014928344171494246
logistic,,4,1185,chfdb/chf03,chfdb/chf03,118,43500,CHF,CHF,0.06617038697004318,0.9335582256317139,0.0002712701680138707
logistic,,4,1186,chfdb/chf03,chfdb/chf03,118,44000,CHF,CHF,0.007263676263391972,0.992681086063385,5.5258187785511836e-05
logistic,,4,1187,chfdb/chf03,chfdb/chf03,118,44500,CHF,CHF,0.010574273765087128,0.9892242550849915,0.00020139297703281045
logistic,,4,1188,chfdb/chf03,chfdb/chf03,118,47500,CHF,CHF,9.310287714470178e-05,0.9998956918716431,1.1171562618983444e-05
logistic,,4,1189,chfdb/chf03,chfdb/chf03,118,53000,CHF,CHF,0.000825627357698977,0.9986811280250549,0.0004932284937240183
logistic,,4,1250,chfdb/chf09,chfdb/chf09,125,1500,CHF,CHF,0.004191966261714697,0.8458384871482849,0.14996950328350067
logistic,,4,1251,chfdb/chf09,chfdb/chf09,125,3500,CHF,CHF,0.0014518676325678825,0.86639404296875,0.13215415179729462
logistic,,4,1252,chfdb/chf09,chfdb/chf09,125,20000,CHF,NSR,0.0022838369477540255,0.18981698155403137,0.8078991770744324
logistic,,4,1253,chfdb/chf09,chfdb/chf09,125,35000,CHF,ARR,0.5893151760101318,0.2807627320289612,0.1299220472574234
logistic,,4,1254,chfdb/chf09,chfdb/chf09,125,38000,CHF,CHF,0.004917431622743607,0.7672321796417236,0.22785048186779022
logistic,,4,1255,chfdb/chf09,chfdb/chf09,125,51500,CHF,CHF,0.007033450994640589,0.921847939491272,0.07111861556768417
logistic,,4,1256,chfdb/chf09,chfdb/chf09,125,55500,CHF,CHF,0.022033393383026123,0.5268272161483765,0.4511393904685974
logistic,,4,1257,chfdb/chf09,chfdb/chf09,125,58500,CHF,CHF,0.0034710669424384832,0.6121669411659241,0.38436195254325867
logistic,,4,1258,chfdb/chf09,chfdb/chf09,125,62000,CHF,NSR,0.03464363142848015,0.2862764894962311,0.6790798306465149
logistic,,4,1259,chfdb/chf09,chfdb/chf09,125,62500,CHF,NSR,0.002270141150802374,0.4946669042110443,0.503062903881073
logistic,,4,1280,nsrdb/17453,nsrdb/17453,128,5500,NSR,NSR,0.06958100944757462,0.0076198517344892025,0.9227991700172424
logistic,,4,1281,nsrdb/17453,nsrdb/17453,128,10500,NSR,ARR,0.6057441234588623,0.012718388810753822,0.38153746724128723
logistic,,4,1282,nsrdb/17453,nsrdb/17453,128,19500,NSR,NSR,0.07279359549283981,0.019668735563755035,0.9075376391410828
logistic,,4,1283,nsrdb/17453,nsrdb/17453,128,20000,NSR,NSR,0.008970344439148903,0.00313639547675848,0.987893283367157
logistic,,4,1284,nsrdb/17453,nsrdb/17453,128,21500,NSR,NSR,0.001970250392332673,0.0010697894031181931,0.9969600439071655
logistic,,4,1285,nsrdb/17453,nsrdb/17453,128,34000,NSR,NSR,0.00963123980909586,0.015120058320462704,0.9752487540245056
logistic,,4,1286,nsrdb/17453,nsrdb/17453,128,38000,NSR,NSR,0.027096658945083618,0.005714923609048128,0.9671884179115295
logistic,,4,1287,nsrdb/17453,nsrdb/17453,128,51500,NSR,NSR,0.12104375660419464,0.0012386261951178312,0.8777176141738892
logistic,,4,1288,nsrdb/17453,nsrdb/17453,128,53000,NSR,NSR,0.06308744847774506,0.000480226386571303,0.9364323616027832
logistic,,4,1289,nsrdb/17453,nsrdb/17453,128,60500,NSR,NSR,0.2796427607536316,0.026024069637060165,0.6943331360816956
logistic,,4,1330,nsrdb/19093,nsrdb/19093,133,500,NSR,NSR,0.0053725466132164,0.04929855838418007,0.945328950881958
logistic,,4,1331,nsrdb/19093,nsrdb/19093,133,9500,NSR,NSR,0.0009824653388932347,1.6373853213735856e-05,0.9990012049674988
logistic,,4,1332,nsrdb/19093,nsrdb/19093,133,22000,NSR,NSR,0.0059582930989563465,1.544683527754387e-07,0.9940415024757385
logistic,,4,1333,nsrdb/19093,nsrdb/19093,133,34500,NSR,NSR,0.010117226280272007,4.0022923712967895e-06,0.98987877368927
logistic,,4,1334,nsrdb/19093,nsrdb/19093,133,42500,NSR,NSR,0.0020854496397078037,1.2677148333750665e-05,0.9979019165039062
logistic,,4,1335,nsrdb/19093,nsrdb/19093,133,43000,NSR,NSR,0.0026103847194463015,2.2916169655218255e-06,0.9973873496055603
logistic,,4,1336,nsrdb/19093,nsrdb/19093,133,46500,NSR,NSR,0.0013145612319931388,2.2932422325538937e-06,0.9986831545829773
logistic,,4,1337,nsrdb/19093,nsrdb/19093,133,47500,NSR,NSR,0.0017976125236600637,1.9883243567164754e-06,0.9982004165649414
logistic,,4,1338,nsrdb/19093,nsrdb/19093,133,52000,NSR,NSR,0.028013290837407112,6.52826258829009e-07,0.9719860553741455
logistic,,4,1339,nsrdb/19093,nsrdb/19093,133,62000,NSR,NSR,0.011672009713947773,7.645464393135626e-06,0.9883203506469727
logistic,,4,1400,nsrdb/16420,nsrdb/16420,140,2000,NSR,NSR,0.46900704503059387,0.008745777420699596,0.5222471952438354
logistic,,4,1401,nsrdb/16420,nsrdb/16420,140,2500,NSR,NSR,0.4514043629169464,0.0070516630075871944,0.5415439605712891
logistic,,4,1402,nsrdb/16420,nsrdb/16420,140,12500,NSR,NSR,0.0362931452691555,0.0017464155098423362,0.96196049451828
logistic,,4,1403,nsrdb/16420,nsrdb/16420,140,15000,NSR,NSR,0.3602060377597809,0.036915868520736694,0.6028780937194824
logistic,,4,1404,nsrdb/16420,nsrdb/16420,140,25000,NSR,NSR,0.41047942638397217,0.0719301849603653,0.5175904035568237
logistic,,4,1405,nsrdb/16420,nsrdb/16420,140,35500,NSR,NSR,0.0708141028881073,0.01138014905154705,0.9178057909011841
logistic,,4,1406,nsrdb/16420,nsrdb/16420,140,37500,NSR,NSR,0.041017256677150726,0.16302210092544556,0.7959606647491455
logistic,,4,1407,nsrdb/16420,nsrdb/16420,140,39500,NSR,NSR,0.04058071970939636,0.08426447957754135,0.8751547932624817
logistic,,4,1408,nsrdb/16420,nsrdb/16420,140,43000,NSR,NSR,0.36746400594711304,0.009099774062633514,0.6234362125396729
logistic,,4,1409,nsrdb/16420,nsrdb/16420,140,46500,NSR,NSR,0.00945463590323925,0.044247858226299286,0.9462975859642029
logistic,,4,1470,nsrdb/17453,nsrdb/17453,147,4500,NSR,ARR,0.7723966836929321,0.012502191588282585,0.21510113775730133
logistic,,4,1471,nsrdb/17453,nsrdb/17453,147,34000,NSR,NSR,0.0002456656366121024,0.0050649321638047695,0.9946894645690918
logistic,,4,1472,nsrdb/17453,nsrdb/17453,147,43500,NSR,ARR,0.9638919234275818,0.00012020849680993706,0.03598782792687416
logistic,,4,1473,nsrdb/17453,nsrdb/17453,147,46500,NSR,ARR,0.5353466868400574,0.0004972509341314435,0.46415603160858154
logistic,,4,1474,nsrdb/17453,nsrdb/17453,147,52000,NSR,ARR,0.635032057762146,4.071169314556755e-06,0.36496391892433167
logistic,,4,1475,nsrdb/17453,nsrdb/17453,147,56500,NSR,NSR,0.0013939222553744912,0.008206713944673538,0.9903993010520935
logistic,,4,1476,nsrdb/17453,nsrdb/17453,147,57000,NSR,NSR,0.002275630133226514,0.0010585126001387835,0.996665894985199
logistic,,4,1477,nsrdb/17453,nsrdb/17453,147,59000,NSR,NSR,0.03074517659842968,0.00041722250171005726,0.9688376188278198
logistic,,4,1478,nsrdb/17453,nsrdb/17453,147,60000,NSR,NSR,0.28224441409111023,0.0015987568767741323,0.7161568403244019
logistic,,4,1479,nsrdb/17453,nsrdb/17453,147,64500,NSR,NSR,0.1765614002943039,0.012750471010804176,0.8106880784034729
logistic,,4,1530,nsrdb/19093,nsrdb/19093,153,3000,NSR,NSR,0.001028666622005403,0.12799116969108582,0.8709802031517029
logistic,,4,1531,nsrdb/19093,nsrdb/19093,153,6000,NSR,NSR,0.3844718337059021,6.1964497035660315e-06,0.6155219674110413
logistic,,4,1532,nsrdb/19093,nsrdb/19093,153,18500,NSR,ARR,0.9765698313713074,8.033698577492032e-06,0.023422176018357277
logistic,,4,1533,nsrdb/19093,nsrdb/19093,153,21000,NSR,ARR,0.9654024839401245,1.1951486840189318e-06,0.03459641709923744
logistic,,4,1534,nsrdb/19093,nsrdb/19093,153,26500,NSR,ARR,0.5751180052757263,1.4337923857965507e-05,0.4248676896095276
logistic,,4,1535,nsrdb/19093,nsrdb/19093,153,37500,NSR,ARR,0.7650938630104065,2.728328809098457e-06,0.23490338027477264
logistic,,4,1536,nsrdb/19093,nsrdb/19093,153,43000,NSR,ARR,0.8210307955741882,1.2166416127001867e-05,0.1789570450782776
logistic,,4,1537,nsrdb/19093,nsrdb/19093,153,45500,NSR,NSR,0.32972395420074463,1.8727422457232024e-06,0.6702741384506226
logistic,,4,1538,nsrdb/19093,nsrdb/19093,153,50500,NSR,ARR,0.6798800826072693,0.0001173490090877749,0.32000255584716797
logistic,,4,1539,nsrdb/19093,nsrdb/19093,153,61500,NSR,ARR,0.6374086737632751,6.263044633669779e-05,0.3625286817550659
logistic,,4,1560,nsrdb/16420,nsrdb/16420,156,3000,NSR,NSR,0.030925635248422623,0.00020596168178599328,0.9688684344291687
logistic,,4,1561,nsrdb/16420,nsrdb/16420,156,8500,NSR,NSR,0.018883896991610527,0.00014491342881228775,0.9809711575508118
logistic,,4,1562,nsrdb/16420,nsrdb/16420,156,17000,NSR,NSR,0.0862303301692009,0.00021817281958647072,0.9135515093803406
logistic,,4,1563,nsrdb/16420,nsrdb/16420,156,20000,NSR,NSR,0.05108494684100151,0.00041451718425378203,0.9485005140304565
logistic,,4,1564,nsrdb/16420,nsrdb/16420,156,23000,NSR,NSR,0.15716654062271118,0.0010494954185560346,0.8417840003967285
logistic,,4,1565,nsrdb/16420,nsrdb/16420,156,27000,NSR,NSR,0.21923698484897614,0.06945105642080307,0.711311936378479
logistic,,4,1566,nsrdb/16420,nsrdb/16420,156,39000,NSR,NSR,0.02075139991939068,0.0017568267649039626,0.9774917960166931
logistic,,4,1567,nsrdb/16420,nsrdb/16420,156,55500,NSR,NSR,0.011531304568052292,0.00015616278687957674,0.9883125424385071
logistic,,4,1568,nsrdb/16420,nsrdb/16420,156,58500,NSR,NSR,0.0022816467098891735,2.623938416945748e-05,0.9976921081542969
logistic,,4,1569,nsrdb/16420,nsrdb/16420,156,61000,NSR,NSR,0.008227343671023846,8.97634799912339e-06,0.991763710975647
swin,0,4,100,mitdb/119,mitdb/119,10,9000,ARR,ARR,0.999840497970581,7.321325392695144e-05,8.625839836895466e-05
swin,0,4,101,mitdb/119,mitdb/119,10,22000,ARR,ARR,0.9998379945755005,7.454281148966402e-05,8.751250425120816e-05
swin,0,4,102,mitdb/119,mitdb/119,10,23500,ARR,ARR,0.9998291730880737,8.342308865394443e-05,8.732199057703838e-05
swin,0,4,103,mitdb/119,mitdb/119,10,24500,ARR,ARR,0.9991493225097656,0.0008017750806175172,4.883490692009218e-05
swin,0,4,104,mitdb/119,mitdb/119,10,32500,ARR,ARR,0.9997988343238831,0.000129804146126844,7.135433406801894e-05
swin,0,4,105,mitdb/119,mitdb/119,10,50000,ARR,ARR,0.9997005462646484,5.016254726797342e-05,0.00024926182231865823
swin,0,4,106,mitdb/119,mitdb/119,10,53500,ARR,ARR,0.9998304843902588,6.521252362290397e-05,0.0001042629883158952
swin,0,4,107,mitdb/119,mitdb/119,10,57000,ARR,ARR,0.9998201727867126,0.00011998492118436843,5.977342152618803e-05
swin,0,4,108,mitdb/119,mitdb/119,10,58500,ARR,ARR,0.9998276233673096,7.405878568533808e-05,9.828230395214632e-05
swin,0,4,109,mitdb/119,mitdb/119,10,61500,ARR,ARR,0.9998186230659485,5.947877434664406e-05,0.00012193898146506399
swin,0,4,120,mitdb/121,mitdb/121,12,4000,ARR,ARR,0.9998428821563721,7.897430623415858e-05,7.809883391018957e-05
swin,0,4,121,mitdb/121,mitdb/121,12,5500,ARR,ARR,0.999819815158844,0.0001202296552946791,5.998119740979746e-05
swin,0,4,122,mitdb/121,mitdb/121,12,9000,ARR,ARR,0.9998074173927307,0.0001406518858857453,5.2014063840033486e-05
swin,0,4,123,mitdb/121,mitdb/121,12,17000,ARR,ARR,0.999841570854187,8.943395368987694e-05,6.898277206346393e-05
swin,0,4,124,mitdb/121,mitdb/121,12,32000,ARR,ARR,0.9998145699501038,9.704554395284504e-05,8.839435031404719e-05
swin,0,4,125,mitdb/121,mitdb/121,12,46500,ARR,ARR,0.9998295307159424,0.0001018625043798238,6.854166713310406e-05
swin,0,4,126,mitdb/121,mitdb/121,12,55000,ARR,ARR,0.999840259552002,8.39068234199658e-05,7.575587369501591e-05
swin,0,4,127,mitdb/121,mitdb/121,12,56500,ARR,ARR,0.9998329877853394,0.0001113399412133731,5.569102359004319e-05
swin,0,4,128,mitdb/121,mitdb/121,12,58500,ARR,ARR,0.9998319149017334,0.00010794276022352278,6.0100741393398494e-05
swin,0,4,129,mitdb/121,mitdb/121,12,64500,ARR,ARR,0.9997914433479309,0.00016004084318410605,4.850330878980458e-05
swin,0,4,140,mitdb/123,mitdb/123,14,3500,ARR,ARR,0.9998099207878113,5.39505053893663e-05,0.0001361421454930678
swin,0,4,141,mitdb/123,mitdb/123,14,18000,ARR,ARR,0.9997633099555969,4.685639578383416e-05,0.0001898726768558845
swin,0,4,142,mitdb/123,mitdb/123,14,26000,ARR,ARR,0.9998416900634766,7.462588837370276e-05,8.368134149350226e-05
swin,0,4,143,mitdb/123,mitdb/123,14,28000,ARR,ARR,0.9998383522033691,6.557843153132126e-05,9.610410052118823e-05
swin,0,4,144,mitdb/123,mitdb/123,14,28500,ARR,ARR,0.9998364448547363,6.496412970591336e-05,9.853337542153895e-05
swin,0,4,145,mitdb/123,mitdb/123,14,31000,ARR,ARR,0.9998316764831543,6.345153815345839e-05,0.00010490593558643013
swin,0,4,146,mitdb/123,mitdb/123,14,34000,ARR,ARR,0.9998366832733154,6.899730215081945e-05,9.422372386325151e-05
swin,0,4,147,mitdb/123,mitdb/123,14,41000,ARR,ARR,0.9998414516448975,6.864676106488332e-05,8.98859289009124e-05
swin,0,4,148,mitdb/123,mitdb/123,14,52500,ARR,ARR,0.9997978806495667,4.842989437747747e-05,0.0001537511416245252
swin,0,4,149,mitdb/123,mitdb/123,14,53500,ARR,ARR,0.9997878670692444,5.314392183208838e-05,0.00015902851009741426
swin,0,4,200,mitdb/205,mitdb/205,20,5500,ARR,ARR,0.9997286200523376,3.889129948220216e-05,0.00023248905199579895
swin,0,4,201,mitdb/205,mitdb/205,20,11500,ARR,ARR,0.9997745156288147,4.350870585767552e-05,0.0001819433964556083
swin,0,4,202,mitdb/205,mitdb/205,20,19500,ARR,ARR,0.9995911717414856,3.431581717450172e-05,0.00037452115793712437
swin,0,4,203,mitdb/205,mitdb/205,20,32500,ARR,ARR,0.9996974468231201,3.7764628359582275e-05,0.00026476752827875316
swin,0,4,204,mitdb/205,mitdb/205,20,33000,ARR,ARR,0.9997196793556213,3.854328315355815e-05,0.00024177449813578278
swin,0,4,205,mitdb/205,mitdb/205,20,34000,ARR,ARR,0.9997279047966003,3.9369533624267206e-05,0.00023273024999070913
swin,0,4,206,mitdb/205,mitdb/205,20,45000,ARR,ARR,0.9997588992118835,4.151267421548255e-05,0.00019957692711614072
swin,0,4,207,mitdb/205,mitdb/205,20,47000,ARR,ARR,0.9997803568840027,4.3882584577659145e-05,0.0001757965364959091
swin,0,4,208,mitdb/205,mitdb/205,20,48000,ARR,ARR,0.9996708631515503,3.6759767681360245e-05,0.00029239983996376395
swin,0,4,209,mitdb/205,mitdb/205,20,64000,ARR,ARR,0.9995653033256531,3.314878267701715e-05,0.00040155905298888683
swin,0,4,250,mitdb/210,mitdb/210,25,2500,ARR,ARR,0.999833345413208,0.00010580162779660895,6.079484228393994e-05
swin,0,4,251,mitdb/210,mitdb/210,25,11500,ARR,ARR,0.9998329877853394,0.00010564853437244892,6.133623537607491e-05
swin,0,4,252,mitdb/210,mitdb/210,25,16000,ARR,ARR,0.9997784495353699,0.00016552933084312826,5.59656327823177e-05
swin,0,4,253,mitdb/210,mitdb/210,25,30000,ARR,ARR,0.6076450347900391,0.3867362439632416,0.005618688650429249
swin,0,4,254,mitdb/210,mitdb/210,25,31500,ARR,ARR,0.999765932559967,0.00018521634046919644,4.890369382337667e-05
swin,0,4,255,mitdb/210,mitdb/210,25,32500,ARR,ARR,0.999832034111023,0.0001084282121155411,5.951855564489961e-05
swin,0,4,256,mitdb/210,mitdb/210,25,49000,ARR,ARR,0.9998202919960022,0.00012702714593615383,5.270280234981328e-05
swin,0,4,257,mitdb/210,mitdb/210,25,58500,ARR,ARR,0.9997569918632507,0.00020055705681443214,4.2376963392598554e-05
swin,0,4,258,mitdb/210,mitdb/210,25,62000,ARR,ARR,0.9992004036903381,0.0007563914987258613,4.3288506276439875e-05
swin,0,4,259,mitdb/210,mitdb/210,25,62500,ARR,ARR,0.9997716546058655,0.00018605691730044782,4.230267950333655e-05
swin,0,4,270,mitdb/213,mitdb/213,27,5000,ARR,ARR,0.9992637038230896,3.338754686410539e-05,0.0007029488333500922
swin,0,4,271,mitdb/213,mitdb/213,27,19000,ARR,ARR,0.9816051125526428,0.018237171694636345,0.0001577872462803498
swin,0,4,272,mitdb/213,mitdb/213,27,44500,ARR,ARR,0.999816358089447,6.3558247347828e-05,0.00012016035179840401
swin,0,4,273,mitdb/213,mitdb/213,27,45000,ARR,ARR,0.9998437166213989,6.686679262202233e-05,8.935256482800469e-05
swin,0,4,274,mitdb/213,mitdb/213,27,50500,ARR,ARR,0.9983580708503723,0.0010455554584041238,0.0005964078009128571
swin,0,4,275,mitdb/213,mitdb/213,27,51000,ARR,ARR,0.9982230067253113,0.0007103481912054121,0.0010667459573596716
swin,0,4,276,mitdb/213,mitdb/213,27,51500,ARR,ARR,0.9997653365135193,4.996211646357551e-05,0.000184783260920085
swin,0,4,277,mitdb/213,mitdb/213,27,53500,ARR,ARR,0.9997815489768982,4.924549284623936e-05,0.00016922449867706746
swin,0,4,278,mitdb/213,mitdb/213,27,59500,ARR,ARR,0.9503528475761414,0.04947807639837265,0.00016899220645427704
swin,0,4,279,mitdb/213,mitdb/213,27,62000,ARR,ARR,0.9996360540390015,0.00027685880195349455,8.714142313692719e-05
swin,0,4,330,mitdb/103,mitdb/103,33,8000,ARR,ARR,0.999848484992981,6.998557364568114e-05,8.149706263793632e-05
swin,0,4,331,mitdb/103,mitdb/103,33,13000,ARR,ARR,0.9998317956924438,6.466649938374758e-05,0.00010351234232075512
swin,0,4,332,mitdb/103,mitdb/103,33,18000,ARR,ARR,0.9998409748077393,6.376952660502866e-05,9.523177141090855e-05
swin,0,4,333,mitdb/103,mitdb/103,33,20000,ARR,ARR,0.9998494386672974,7.325134356506169e-05,7.723209273535758e-05
swin,0,4,334,mitdb/103,mitdb/103,33,26500,ARR,ARR,0.9998359680175781,7.885733793955296e-05,8.507147140335292e-05
swin,0,4,335,mitdb/103,mitdb/103,33,36000,ARR,ARR,0.9998505115509033,7.638286479050294e-05,7.309671491384506e-05
swin,0,4,336,mitdb/103,mitdb/103,33,37500,ARR,ARR,0.9998500347137451,8.036763756535947e-05,6.955199205549434e-05
swin,0,4,337,mitdb/103,mitdb/103,33,46000,ARR,ARR,0.9998489618301392,7.711459329584613e-05,7.386963989119977e-05
swin,0,4,338,mitdb/103,mitdb/103,33,48000,ARR,ARR,0.9998419284820557,7.499411731259897e-05,8.305493975058198e-05
swin,0,4,339,mitdb/103,mitdb/103,33,64000,ARR,ARR,0.9998499155044556,7.37588998163119e-05,7.626823935424909e-05
swin,0,4,400,mitdb/232,mitdb/232,40,2000,ARR,NSR,0.010111907497048378,0.00036256099701859057,0.9895254373550415
swin,0,4,401,mitdb/232,mitdb/232,40,8500,ARR,ARR,0.9830015897750854,0.01316799595952034,0.0038304629269987345
swin,0,4,402,mitdb/232,mitdb/232,40,10000,ARR,ARR,0.9998452663421631,8.830497245071456e-05,6.642845983151346e-05
swin,0,4,403,mitdb/232,mitdb/232,40,12000,ARR,ARR,0.9998235106468201,6.045053305570036e-05,0.00011603928578551859
swin,0,4,404,mitdb/232,mitdb/232,40,20000,ARR,ARR,0.9998182654380798,5.356379188015126e-05,0.0001282421435462311
swin,0,4,405,mitdb/232,mitdb/232,40,24000,ARR,ARR,0.9998257756233215,5.590357250184752e-05,0.00011839539365610108
swin,0,4,406,mitdb/232,mitdb/232,40,26500,ARR,ARR,0.9982421398162842,0.0014922944828867912,0.0002656434662640095
swin,0,4,407,mitdb/232,mitdb/232,40,54000,ARR,ARR,0.9460416436195374,0.00029243301833048463,0.05366596579551697
swin,0,4,408,mitdb/232,mitdb/232,40,55500,ARR,ARR,0.9997771382331848,4.9626971303950995e-05,0.00017326850502286106
swin,0,4,409,mitdb/232,mitdb/232,40,60000,ARR,ARR,0.9998384714126587,6.379412661772221e-05,9.776669321581721e-05
swin,0,4,440,mitdb/104,mitdb/104,44,6000,ARR,ARR,0.9998327493667603,6.942693289602175e-05,9.785548900254071e-05
swin,0,4,441,mitdb/104,mitdb/104,44,8500,ARR,ARR,0.9990235567092896,0.0002451643522363156,0.0007312717498280108
swin,0,4,442,mitdb/104,mitdb/104,44,14500,ARR,ARR,0.9559902548789978,0.00022524603991769254,0.04378458857536316
swin,0,4,443,mitdb/104,mitdb/104,44,17000,ARR,ARR,0.9858023524284363,0.0004108439607080072,0.013786831870675087
swin,0,4,444,mitdb/104,mitdb/104,44,20500,ARR,ARR,0.9835582375526428,0.015512053854763508,0.000929653353523463
swin,0,4,445,mitdb/104,mitdb/104,44,22000,ARR,ARR,0.9998096823692322,7.61072151362896e-05,0.00011420927330618724
swin,0,4,446,mitdb/104,mitdb/104,44,33500,ARR,ARR,0.9433023929595947,0.0008115721866488457,0.05588609725236893
swin,0,4,447,mitdb/104,mitdb/104,44,38500,ARR,ARR,0.8540337085723877,0.14557403326034546,0.00039228363311849535
swin,0,4,448,mitdb/104,mitdb/104,44,50500,ARR,ARR,0.9725626707077026,0.026282668113708496,0.001154658617451787
swin,0,4,449,mitdb/104,mitdb/104,44,63000,ARR,ARR,0.9998311996459961,6.587143434444442e-05,0.00010290370846632868
swin,0,4,470,mitdb/103,mitdb/103,47,9500,ARR,ARR,0.9998470544815063,9.017303818836808e-05,6.268420838750899e-05
swin,0,4,471,mitdb/103,mitdb/103,47,16000,ARR,ARR,0.9998451471328735,7.091518637025729e-05,8.385306864511222e-05
swin,0,4,472,mitdb/103,mitdb/103,47,20000,ARR,ARR,0.9998465776443481,7.782862667227164e-05,7.557348726550117e-05
swin,0,4,473,mitdb/103,mitdb/103,47,29000,ARR,ARR,0.9998477697372437,7.777544669806957e-05,7.433865539496765e-05
swin,0,4,474,mitdb/103,mitdb/103,47,29500,ARR,ARR,0.9998471736907959,7.179636304499581e-05,8.107764006126672e-05
swin,0,4,475,mitdb/103,mitdb/103,47,45000,ARR,ARR,0.9998472929000854,8.203571633202955e-05,7.072609150782228e-05
swin,0,4,476,mitdb/103,mitdb/103,47,46000,ARR,ARR,0.9998486042022705,7.52012274460867e-05,7.610559987369925e-05
swin,0,4,477,mitdb/103,mitdb/103,47,47500,ARR,ARR,0.9998495578765869,7.816992001608014e-05,7.22879049135372e-05
swin,0,4,478,mitdb/103,mitdb/103,47,51000,ARR,ARR,0.9998494386672974,8.053776400629431e-05,7.002041820669547e-05
swin,0,4,479,mitdb/103,mitdb/103,47,61500,ARR,ARR,0.9998493194580078,7.937787449918687e-05,7.126054697437212e-05
swin,0,4,480,mitdb/104,mitdb/104,48,3500,ARR,NSR,0.00020753490389324725,0.00016395802958868444,0.9996284246444702
swin,0,4,481,mitdb/104,mitdb/104,48,10000,ARR,NSR,0.005054555833339691,0.00014053368067834526,0.9948049187660217
swin,0,4,482,mitdb/104,mitdb/104,48,24000,ARR,NSR,0.00039123021997511387,7.333792746067047e-05,0.9995355606079102
swin,0,4,483,mitdb/104,mitdb/104,48,36000,ARR,ARR,0.9998493194580078,8.437242649961263e-05,6.625227979384363e-05
swin,0,4,484,mitdb/104,mitdb/104,48,40500,ARR,ARR,0.980939507484436,0.0027876102831214666,0.01627287082374096
swin,0,4,485,mitdb/104,mitdb/104,48,52500,ARR,ARR,0.9996860027313232,3.8566031435038894e-05,0.0002754265151452273
swin,0,4,486,mitdb/104,mitdb/104,48,56500,ARR,ARR,0.9998015761375427,6.485290941782296e-05,0.00013366475468501449
swin,0,4,487,mitdb/104,mitdb/104,48,57500,ARR,NSR,0.3409220576286316,0.00014443662075791508,0.6589334607124329
swin,0,4,488,mitdb/104,mitdb/104,48,58500,ARR,ARR,0.9987214207649231,0.00013287582260090858,0.0011456594802439213
swin,0,4,489,mitdb/104,mitdb/104,48,60000,ARR,ARR,0.9825894832611084,9.181495261145756e-05,0.017318718135356903
swin,0,4,520,mitdb/108,mitdb/108,52,11500,ARR,ARR,0.9998264908790588,0.00012480380246415734,4.8802427045302466e-05
swin,0,4,521,mitdb/108,mitdb/108,52,23500,ARR,ARR,0.9998026490211487,0.000152558131958358,4.487250771489926e-05
swin,0,4,522,mitdb/108,mitdb/108,52,26500,ARR,ARR,0.9997885823249817,0.00017225442570634186,3.9230246329680085e-05
swin,0,4,523,mitdb/108,mitdb/108,52,28000,ARR,ARR,0.9982957243919373,0.0012250688159838319,0.00047920492943376303
swin,0,4,524,mitdb/108,mitdb/108,52,35500,ARR,ARR,0.9997497200965881,0.00021466976613737643,3.558521348168142e-05
swin,0,4,525,mitdb/108,mitdb/108,52,37500,ARR,ARR,0.9998094439506531,0.00014635139086749405,4.420982804731466e-05
swin,0,4,526,mitdb/108,mitdb/108,52,54500,ARR,ARR,0.9998210072517395,0.0001302403979934752,4.8791644076118246e-05
swin,0,4,527,mitdb/108,mitdb/108,52,61000,ARR,ARR,0.999625563621521,0.00017534841026645154,0.0001991782191907987
swin,0,4,528,mitdb/108,mitdb/108,52,63500,ARR,ARR,0.9998273849487305,0.00011695811554091051,5.561136640608311e-05
swin,0,4,529,mitdb/108,mitdb/108,52,64000,ARR,ARR,0.9727793335914612,0.0025165106635540724,0.02470417134463787
swin,0,4,630,mitdb/119,mitdb/119,63,0,ARR,ARR,0.9998348951339722,6.89061707817018e-05,9.623169898986816e-05
swin,0,4,631,mitdb/119,mitdb/119,63,8000,ARR,ARR,0.9998432397842407,7.893314614193514e-05,7.782539614709094e-05
swin,0,4,632,mitdb/119,mitdb/119,63,16000,ARR,ARR,0.9998317956924438,6.933859549462795e-05,9.8826625617221e-05
swin,0,4,633,mitdb/119,mitdb/119,63,23000,ARR,ARR,0.9998335838317871,6.878429849166423e-05,9.766966104507446e-05
swin,0,4,634,mitdb/119,mitdb/119,63,31000,ARR,ARR,0.9998383522033691,8.113772491924465e-05,8.045726281125098e-05
swin,0,4,635,mitdb/119,mitdb/119,63,38500,ARR,ARR,0.9997825026512146,0.00016120942018460482,5.624344703392126e-05
swin,0,4,636,mitdb/119,mitdb/119,63,43500,ARR,ARR,0.9983645081520081,0.0013786713825538754,0.00025689080939628184
swin,0,4,637,mitdb/119,mitdb/119,63,46000,ARR,ARR,0.9998389482498169,8.07037649792619e-05,8.033571066334844e-05
swin,0,4,638,mitdb/119,mitdb/119,63,54000,ARR,ARR,0.9998401403427124,8.629589137854055e-05,7.359412120422348e-05
swin,0,4,639,mitdb/119,mitdb/119,63,62000,ARR,ARR,0.9998295307159424,0.00011037874355679378,6.0012738686054945e-05
swin,0,4,640,mitdb/121,mitdb/121,64,0,ARR,ARR,0.9979860782623291,0.001225449494086206,0.000788359553553164
swin,0,4,641,mitdb/121,mitdb/121,64,7500,ARR,ARR,0.9998340606689453,6.353204662445933e-05,0.00010233930515823886
swin,0,4,642,mitdb/121,mitdb/121,64,11000,ARR,ARR,0.9998408555984497,6.801552808610722e-05,9.11204406293109e-05
swin,0,4,643,mitdb/121,mitdb/121,64,24000,ARR,ARR,0.9998352527618408,6.472496897913516e-05,9.9992859759368e-05
swin,0,4,644,mitdb/121,mitdb/121,64,25500,ARR,ARR,0.9998403787612915,7.616080984007567e-05,8.342935325345024e-05
swin,0,4,645,mitdb/121,mitdb/121,64,26500,ARR,ARR,0.9998284578323364,6.189843406900764e-05,0.00010968804417643696
swin,0,4,646,mitdb/121,mitdb/121,64,42000,ARR,ARR,0.9998045563697815,5.0782364269252867e-05,0.0001446439855499193
swin,0,4,647,mitdb/121,mitdb/121,64,51000,ARR,ARR,0.9972102046012878,0.0012295887572690845,0.0015602755593135953
swin,0,4,648,mitdb/121,mitdb/121,64,57000,ARR,ARR,0.99983811378479,8.19889028207399e-05,7.981323142303154e-05
swin,0,4,649,mitdb/121,mitdb/121,64,60500,ARR,ARR,0.9998358488082886,6.26275796093978e-05,0.00010157300130231306
swin,0,4,670,mitdb/123,mitdb/123,67,7500,ARR,ARR,0.9998202919960022,5.8039018767885864e-05,0.0001216721284436062
swin,0,4,671,mitdb/123,mitdb/123,67,14000,ARR,ARR,0.9998095631599426,5.3249128541210666e-05,0.00013720046263188124
swin,0,4,672,mitdb/123,mitdb/123,67,18500,ARR,ARR,0.9998093247413635,5.4154093959368765e-05,0.00013661678531207144
swin,0,4,673,mitdb/123,mitdb/123,67,28500,ARR,ARR,0.9998295307159424,6.0547485190909356e-05,0.0001099407600122504
swin,0,4,674,mitdb/123,mitdb/123,67,31000,ARR,ARR,0.999756395816803,4.483227530727163e-05,0.00019883437198586762
swin,0,4,675,mitdb/123,mitdb/123,67,32000,ARR,ARR,0.9998067021369934,5.2982275519752875e-05,0.000140249147079885
swin,0,4,676,mitdb/123,mitdb/123,67,38500,ARR,ARR,0.9997507929801941,4.315254409448244e-05,0.0002060845581581816
swin,0,4,677,mitdb/123,mitdb/123,67,47000,ARR,ARR,0.9998186230659485,5.6724144087638706e-05,0.0001246604515472427
swin,0,4,678,mitdb/123,mitdb/123,67,48000,ARR,ARR,0.9998103976249695,5.398378198151477e-05,0.0001356494758510962
swin,0,4,679,mitdb/123,mitdb/123,67,59500,ARR,ARR,0.999733030796051,4.8478417738806456e-05,0.0002184327895520255
swin,0,4,730,mitdb/205,mitdb/205,73,17000,ARR,ARR,0.9990398287773132,3.850723078357987e-05,0.0009216993930749595
swin,0,4,731,mitdb/205,mitdb/205,73,19000,ARR,ARR,0.9993574023246765,0.0005152109079062939,0.00012730916205327958
swin,0,4,732,mitdb/205,mitdb/205,73,23500,ARR,ARR,0.9990693926811218,4.344237459008582e-05,0.0008871782338246703
swin,0,4,733,mitdb/205,mitdb/205,73,28000,ARR,ARR,0.9992960691452026,0.00017314600700046867,0.0005308271502144635
swin,0,4,734,mitdb/205,mitdb/205,73,40000,ARR,ARR,0.9997804760932922,6.111418770160526e-05,0.00015837607497815043
swin,0,4,735,mitdb/205,mitdb/205,73,48000,ARR,ARR,0.9997562766075134,8.006199641386047e-05,0.0001636487286305055
swin,0,4,736,mitdb/205,mitdb/205,73,51500,ARR,ARR,0.9670943021774292,0.0003110899415332824,0.032594598829746246
swin,0,4,737,mitdb/205,mitdb/205,73,61000,ARR,ARR,0.6170604825019836,0.00023282687470782548,0.3827066719532013
swin,0,4,738,mitdb/205,mitdb/205,73,63000,ARR,ARR,0.9951617121696472,0.0002286701783305034,0.004609526135027409
swin,0,4,739,mitdb/205,mitdb/205,73,64500,ARR,ARR,0.9997236132621765,4.513022577157244e-05,0.0002311957796337083
swin,0,4,780,mitdb/210,mitdb/210,78,2000,ARR,ARR,0.9998441934585571,9.128356032306328e-05,6.449915963457897e-05
swin,0,4,781,mitdb/210,mitdb/210,78,12500,ARR,ARR,0.9998315572738647,0.00011649350926745683,5.196732308831997e-05
swin,0,4,782,mitdb/210,mitdb/210,78,30000,ARR,NSR,0.3940228819847107,0.01790751703083515,0.5880696177482605
swin,0,4,783,mitdb/210,mitdb/210,78,31500,ARR,ARR,0.9998482465744019,8.513298234902322e-05,6.66363921482116e-05
swin,0,4,784,mitdb/210,mitdb/210,78,32500,ARR,ARR,0.9998385906219482,0.00010451411071699113,5.6883196521084756e-05
swin,0,4,785,mitdb/210,mitdb/210,78,34500,ARR,ARR,0.9998449087142944,9.537756704958156e-05,5.968757250229828e-05
swin,0,4,786,mitdb/210,mitdb/210,78,40000,ARR,ARR,0.9998431205749512,9.676736954133958e-05,6.003622547723353e-05
swin,0,4,787,mitdb/210,mitdb/210,78,42000,ARR,ARR,0.9998407363891602,9.699303336674348e-05,6.21728177065961e-05
swin,0,4,788,mitdb/210,mitdb/210,78,53000,ARR,ARR,0.9998428821563721,9.460165892960504e-05,6.249496800592169e-05
swin,0,4,789,mitdb/210,mitdb/210,78,64500,ARR,ARR,0.9998480081558228,8.236643770942464e-05,6.955848220968619e-05
swin,0,4,800,mitdb/213,mitdb/213,80,9500,ARR,ARR,0.9998366832733154,9.632865112507716e-05,6.699998630210757e-05
swin,0,4,801,mitdb/213,mitdb/213,80,11500,ARR,ARR,0.9998342990875244,9.342750126961619e-05,7.22674376447685e-05
swin,0,4,802,mitdb/213,mitdb/213,80,18500,ARR,ARR,0.9998337030410767,9.84309081104584e-05,6.782706623198465e-05
swin,0,4,803,mitdb/213,mitdb/213,80,19500,ARR,ARR,0.998933732509613,0.0009383581345900893,0.00012784574937541038
swin,0,4,804,mitdb/213,mitdb/213,80,32000,ARR,ARR,0.999818742275238,0.0001245883177034557,5.669035454047844e-05
swin,0,4,805,mitdb/213,mitdb/213,80,37500,ARR,ARR,0.9996548891067505,0.000299055507639423,4.603723209584132e-05
swin,0,4,806,mitdb/213,mitdb/213,80,55500,ARR,ARR,0.9974495768547058,0.002348531037569046,0.00020192121155560017
swin,0,4,807,mitdb/213,mitdb/213,80,59000,ARR,ARR,0.6991766095161438,0.3005487024784088,0.00027460872661322355
swin,0,4,808,mitdb/213,mitdb/213,80,59500,ARR,ARR,0.829028844833374,0.17061422765254974,0.0003568511747289449
swin,0,4,809,mitdb/213,mitdb/213,80,62500,ARR,ARR,0.9984056353569031,0.0015522553585469723,4.208804966765456e-05
swin,0,4,880,mitdb/108,mitdb/108,88,500,ARR,ARR,0.9998451471328735,8.615093975095078e-05,6.863784801680595e-05
swin,0,4,881,mitdb/108,mitdb/108,88,12000,ARR,ARR,0.999842643737793,7.222890417324379e-05,8.515889203408733e-05
swin,0,4,882,mitdb/108,mitdb/108,88,22000,ARR,ARR,0.99973064661026,0.00023246536147780716,3.684273178805597e-05
swin,0,4,883,mitdb/108,mitdb/108,88,24500,ARR,ARR,0.9993854761123657,0.0005846514250151813,2.989023232657928e-05
swin,0,4,884,mitdb/108,mitdb/108,88,31000,ARR,ARR,0.9777575135231018,0.0029493283946067095,0.01929306797683239
swin,0,4,885,mitdb/108,mitdb/108,88,35000,ARR,ARR,0.9996451139450073,0.00031946873059496284,3.539845420164056e-05
swin,0,4,886,mitdb/108,mitdb/108,88,43000,ARR,ARR,0.9910462498664856,0.008808006532490253,0.00014578455011360347
swin,0,4,887,mitdb/108,mitdb/108,88,49000,ARR,ARR,0.8993006348609924,0.10060625523328781,9.308404696639627e-05
swin,0,4,888,mitdb/108,mitdb/108,88,60500,ARR,ARR,0.999646782875061,0.00031883068731985986,3.4460124879842624e-05
swin,0,4,889,mitdb/108,mitdb/108,88,62500,ARR,CHF,0.016086362302303314,0.9836047291755676,0.0003089040983468294
swin,0,4,930,mitdb/232,mitdb/232,93,14000,ARR,ARR,0.9997934699058533,0.00014106917660683393,6.544584903167561e-05
swin,0,4,931,mitdb/232,mitdb/232,93,32500,ARR,ARR,0.9989867806434631,0.0007494044257327914,0.00026382142095826566
swin,0,4,932,mitdb/232,mitdb/232,93,33000,ARR,ARR,0.9945131540298462,0.0035344145726412535,0.001952522317878902
swin,0,4,933,mitdb/232,mitdb/232,93,35500,ARR,ARR,0.9998119473457336,6.175919406814501e-05,0.00012637574400287122
swin,0,4,934,mitdb/232,mitdb/232,93,51000,ARR,ARR,0.993030846118927,0.006750538479536772,0.0002187028294429183
swin,0,4,935,mitdb/232,mitdb/232,93,55000,ARR,ARR,0.9984354376792908,0.0004079943464603275,0.0011565022869035602
swin,0,4,936,mitdb/232,mitdb/232,93,55500,ARR,ARR,0.9997134804725647,0.00023888199939392507,4.76295426778961e-05
swin,0,4,937,mitdb/232,mitdb/232,93,57500,ARR,ARR,0.7018365859985352,0.27793726325035095,0.020226100459694862
swin,0,4,938,mitdb/232,mitdb/232,93,61000,ARR,NSR,0.3479708135128021,0.2738350033760071,0.3781941831111908
swin,0,4,939,mitdb/232,mitdb/232,93,62500,ARR,ARR,0.9996892213821411,0.0002705851511564106,4.011970668216236e-05
swin,0,4,1040,chfdb/chf02,chfdb/chf02,104,2000,CHF,CHF,0.006947343237698078,0.992984414100647,6.831447535660118e-05
swin,0,4,1041,chfdb/chf02,chfdb/chf02,104,9000,CHF,ARR,0.9913851022720337,0.008590791374444962,2.412228968751151e-05
swin,0,4,1042,chfdb/chf02,chfdb/chf02,104,12000,CHF,ARR,0.7595821022987366,0.24035057425498962,6.739344098605216e-05
swin,0,4,1043,chfdb/chf02,chfdb/chf02,104,22000,CHF,ARR,0.9890413880348206,0.010934141464531422,2.444591336825397e-05
swin,0,4,1044,chfdb/chf02,chfdb/chf02,104,36500,CHF,CHF,0.00033722727675922215,0.9996151924133301,4.753089160658419e-05
swin,0,4,1045,chfdb/chf02,chfdb/chf02,104,37000,CHF,CHF,0.03184102103114128,0.9681137800216675,4.526242264546454e-05
swin,0,4,1046,chfdb/chf02,chfdb/chf02,104,40500,CHF,CHF,0.00037711835466325283,0.994251012802124,0.005371876992285252
swin,0,4,1047,chfdb/chf02,chfdb/chf02,104,42000,CHF,CHF,0.00017158203991129994,0.9997571110725403,7.134434417821467e-05
swin,0,4,1048,chfdb/chf02,chfdb/chf02,104,46500,CHF,CHF,8.67398630362004e-05,0.9998351335525513,7.807328074704856e-05
swin,0,4,1049,chfdb/chf02,chfdb/chf02,104,49500,CHF,CHF,0.0004715649411082268,0.9994514584541321,7.69526741351001e-05
swin,0,4,1050,chfdb/chf03,chfdb/chf03,105,500,CHF,CHF,7.9604062193539e-05,0.9998394250869751,8.092638017842546e-05
swin,0,4,1051,chfdb/chf03,chfdb/chf03,105,4500,CHF,CHF,6.979075260460377e-05,0.9998371601104736,9.298315126216039e-05
swin,0,4,1052,chfdb/chf03,chfdb/chf03,105,10000,CHF,CHF,0.00010012365237344056,0.9998244643211365,7.547775021521375e-05
swin,0,4,1053,chfdb/chf03,chfdb/chf03,105,16000,CHF,CHF,8.763965161051601e-05,0.9998412132263184,7.106764678610489e-05
swin,0,4,1054,chfdb/chf03,chfdb/chf03,105,23000,CHF,CHF,0.00010604030103422701,0.9998247027397156,6.928693619556725e-05
swin,0,4,1055,chfdb/chf03,chfdb/chf03,105,23500,CHF,CHF,9.265154221793637e-05,0.9998359680175781,7.132092287065461e-05
swin,0,4,1056,chfdb/chf03,chfdb/chf03,105,33000,CHF,CHF,0.00010308061609975994,0.999832272529602,6.456023402279243e-05
swin,0,4,1057,chfdb/chf03,chfdb/chf03,105,47000,CHF,CHF,6.739031960023567e-05,0.9998462200164795,8.639333100290969e-05
swin,0,4,1058,chfdb/chf03,chfdb/chf03,105,50500,CHF,CHF,0.0023719249293208122,0.9974417686462402,0.0001862968783825636
swin,0,4,1059,chfdb/chf03,chfdb/chf03,105,53500,CHF,CHF,8.860665548127145e-05,0.9998369216918945,7.4426454375498e-05
swin,0,4,1070,chfdb/chf02,chfdb/chf02,107,1500,CHF,CHF,4.539084329735488e-05,0.9995805621147156,0.0003740099782589823
swin,0,4,1071,chfdb/chf02,chfdb/chf02,107,5500,CHF,CHF,4.8698115278966725e-05,0.999729573726654,0.00022170852753333747
swin,0,4,1072,chfdb/chf02,chfdb/chf02,107,9000,CHF,CHF,4.194414577796124e-05,0.9997316002845764,0.00022644322598353028
swin,0,4,1073,chfdb/chf02,chfdb/chf02,107,28500,CHF,CHF,4.1501956729916856e-05,0.9997448325157166,0.00021363083214964718
swin,0,4,1074,chfdb/chf02,chfdb/chf02,107,29500,CHF,CHF,3.8720030715921894e-05,0.999677300453186,0.00028394648688845336
swin,0,4,1075,chfdb/chf02,chfdb/chf02,107,42500,CHF,CHF,0.0001541335805086419,0.9195157289505005,0.08033006638288498
swin,0,4,1076,chfdb/chf02,chfdb/chf02,107,47000,CHF,CHF,3.0109824365354143e-05,0.9978182315826416,0.002151710446923971
swin,0,4,1077,chfdb/chf02,chfdb/chf02,107,50000,CHF,CHF,7.151071622502059e-05,0.9962236881256104,0.0037048168014734983
swin,0,4,1078,chfdb/chf02,chfdb/chf02,107,58500,CHF,CHF,8.071531192399561e-05,0.9977521300315857,0.002167158294469118
swin,0,4,1079,chfdb/chf02,chfdb/chf02,107,61000,CHF,CHF,4.572648322209716e-05,0.9997455477714539,0.0002087612374452874
swin,0,4,1120,chfdb/chf09,chfdb/chf09,112,1000,CHF,CHF,0.00012285710545256734,0.9998201727867126,5.6949505960801616e-05
swin,0,4,1121,chfdb/chf09,chfdb/chf09,112,12000,CHF,CHF,0.0033206322696059942,0.9964373111724854,0.00024202953500207514
swin,0,4,1122,chfdb/chf09,chfdb/chf09,112,16000,CHF,CHF,9.432523074792698e-05,0.9998424053192139,6.323365960270166e-05
swin,0,4,1123,chfdb/chf09,chfdb/chf09,112,25500,CHF,CHF,0.00017083522106986493,0.9997666478157043,6.25218526693061e-05
swin,0,4,1124,chfdb/chf09,chfdb/chf09,112,28500,CHF,ARR,0.9058104157447815,0.07487421482801437,0.019315313547849655
swin,0,4,1125,chfdb/chf09,chfdb/chf09,112,50500,CHF,ARR,0.999570906162262,0.00033833077759481966,9.08442452782765e-05
swin,0,4,1126,chfdb/chf09,chfdb/chf09,112,53500,CHF,CHF,0.00011780391650972888,0.9998118281364441,7.038123294478282e-05
swin,0,4,1127,chfdb/chf09,chfdb/chf09,112,56000,CHF,CHF,0.14137400686740875,0.8585194945335388,0.00010651259799487889
swin,0,4,1128,chfdb/chf09,chfdb/chf09,112,57000,CHF,CHF,0.016853319481015205,0.9819474220275879,0.0011991969076916575
swin,0,4,1129,chfdb/chf09,chfdb/chf09,112,58000,CHF,ARR,0.9975065588951111,0.0022903254721313715,0.0002030682808253914
swin,0,4,1180,chfdb/chf03,chfdb/chf03,118,1000,CHF,CHF,0.01209521945565939,0.9877306818962097,0.0001740514999255538
swin,0,4,1181,chfdb/chf03,chfdb/chf03,118,23000,CHF,CHF,0.021361032500863075,0.9778429865837097,0.000795974861830473
swin,0,4,1182,chfdb/chf03,chfdb/chf03,118,24000,CHF,ARR,0.9996830224990845,0.0002307854883838445,8.613532554591075e-05
swin,0,4,1183,chfdb/chf03,chfdb/chf03,118,31000,CHF,CHF,7.992492464836687e-05,0.9998327493667603,8.72810123837553e-05
swin,0,4,1184,chfdb/chf03,chfdb/chf03,118,34000,CHF,CHF,0.00017921786638908088,0.9997672438621521,5.3531031880993396e-05
swin,0,4,1185,chfdb/chf03,chfdb/chf03,118,43500,CHF,ARR,0.9998018145561218,0.00013827506336383522,5.990614590700716e-05
swin,0,4,1186,chfdb/chf03,chfdb/chf03,118,44000,CHF,CHF,7.900138734839857e-05,0.9998346567153931,8.633443212602288e-05
swin,0,4,1187,chfdb/chf03,chfdb/chf03,118,44500,CHF,ARR,0.9992914199829102,0.0006748369196429849,3.377167377038859e-05
swin,0,4,1188,chfdb/chf03,chfdb/chf03,118,47500,CHF,CHF,0.00013159362424630672,0.9998093247413635,5.908935781917535e-05
swin,0,4,1189,chfdb/chf03,chfdb/chf03,118,53000,CHF,CHF,9.055434202309698e-05,0.999816358089447,9.306708670919761e-05
swin,0,4,1250,chfdb/chf09,chfdb/chf09,125,1500,CHF,CHF,2.7662255888571963e-05,0.9987587928771973,0.0012135733850300312
swin,0,4,1251,chfdb/chf09,chfdb/chf09,125,3500,CHF,CHF,0.0003571900015231222,0.7947186827659607,0.2049241065979004
swin,0,4,1252,chfdb/chf09,chfdb/chf09,125,20000,CHF,CHF,4.809344682144001e-05,0.9906909465789795,0.00926100742071867
swin,0,4,1253,chfdb/chf09,chfdb/chf09,125,35000,CHF,CHF,0.003555903211236,0.9914335012435913,0.005010590888559818
swin,0,4,1254,chfdb/chf09,chfdb/chf09,125,38000,CHF,CHF,2.850138298526872e-05,0.9988840222358704,0.0010874615982174873
swin,0,4,1255,chfdb/chf09,chfdb/chf09,125,51500,CHF,CHF,0.0002621510939206928,0.9994300007820129,0.00030786957358941436
swin,0,4,1256,chfdb/chf09,chfdb/chf09,125,55500,CHF,CHF,2.9832675863872282e-05,0.9992358684539795,0.000734297267626971
swin,0,4,1257,chfdb/chf09,chfdb/chf09,125,58500,CHF,CHF,2.8231184842297807e-05,0.9972296357154846,0.0027421500999480486
swin,0,4,1258,chfdb/chf09,chfdb/chf09,125,62000,CHF,CHF,0.00015918990538921207,0.74858558177948,0.25125521421432495
swin,0,4,1259,chfdb/chf09,chfdb/chf09,125,62500,CHF,CHF,4.5548291382147e-05,0.9792937636375427,0.020660674199461937
swin,0,4,1280,nsrdb/17453,nsrdb/17453,128,5500,NSR,ARR,0.9969802498817444,2.7734820832847618e-05,0.002991993213072419
swin,0,4,1281,nsrdb/17453,nsrdb/17453,128,10500,NSR,ARR,0.5805057883262634,0.0002567102201282978,0.4192374348640442
swin,0,4,1282,nsrdb/17453,nsrdb/17453,128,19500,NSR,NSR,0.16970834136009216,0.0020935223437845707,0.8281980752944946
swin,0,4,1283,nsrdb/17453,nsrdb/17453,128,20000,NSR,NSR,0.00011415820335969329,0.00021341560932341963,0.9996724128723145
swin,0,4,1284,nsrdb/17453,nsrdb/17453,128,21500,NSR,NSR,0.00022742411238141358,8.163060556398705e-05,0.9996910095214844
swin,0,4,1285,nsrdb/17453,nsrdb/17453,128,34000,NSR,ARR,0.6953631043434143,0.0018552610417827964,0.3027816116809845
swin,0,4,1286,nsrdb/17453,nsrdb/17453,128,38000,NSR,NSR,0.0758049264550209,0.0001037357869790867,0.9240913391113281
swin,0,4,1287,nsrdb/17453,nsrdb/17453,128,51500,NSR,NSR,0.0032763537019491196,0.00044750000233761966,0.9962761402130127
swin,0,4,1288,nsrdb/17453,nsrdb/17453,128,53000,NSR,NSR,0.0002981182187795639,8.942012209445238e-05,0.9996125102043152
swin,0,4,1289,nsrdb/17453,nsrdb/17453,128,60500,NSR,ARR,0.9997184872627258,3.780300903599709e-05,0.00024374904751311988
swin,0,4,1330,nsrdb/19093,nsrdb/19093,133,500,NSR,NSR,0.00012140752369305119,0.00010956902406178415,0.9997690320014954
swin,0,4,1331,nsrdb/19093,nsrdb/19093,133,9500,NSR,NSR,0.0015083954203873873,6.103666964918375e-05,0.9984305500984192
swin,0,4,1332,nsrdb/19093,nsrdb/19093,133,22000,NSR,NSR,0.3657960891723633,0.00019108936248812824,0.6340128779411316
swin,0,4,1333,nsrdb/19093,nsrdb/19093,133,34500,NSR,NSR,0.00021220689814072102,0.00010067648690892383,0.9996870756149292
swin,0,4,1334,nsrdb/19093,nsrdb/19093,133,42500,NSR,NSR,0.00017936677613761276,9.161909838439897e-05,0.9997289776802063
swin,0,4,1335,nsrdb/19093,nsrdb/19093,133,43000,NSR,NSR,0.00014498899690806866,0.00011137086403323337,0.999743640422821
swin,0,4,1336,nsrdb/19093,nsrdb/19093,133,46500,NSR,NSR,0.0013869707472622395,0.00012983192573301494,0.9984832406044006
swin,0,4,1337,nsrdb/19093,nsrdb/19093,133,47500,NSR,NSR,0.00014415709301829338,0.00011004640691680834,0.999745786190033
swin,0,4,1338,nsrdb/19093,nsrdb/19093,133,52000,NSR,NSR,0.04297937825322151,0.0006036189734004438,0.9564170837402344
swin,0,4,1339,nsrdb/19093,nsrdb/19093,133,62000,NSR,NSR,0.009229196235537529,0.00015264356625266373,0.9906181693077087
swin,0,4,1400,nsrdb/16420,nsrdb/16420,140,2000,NSR,ARR,0.4247630536556244,0.3660871088504791,0.20914988219738007
swin,0,4,1401,nsrdb/16420,nsrdb/16420,140,2500,NSR,ARR,0.998114824295044,0.0016464001964777708,0.00023875077022239566
swin,0,4,1402,nsrdb/16420,nsrdb/16420,140,12500,NSR,NSR,0.30491378903388977,0.004209245089441538,0.6908769607543945
swin,0,4,1403,nsrdb/16420,nsrdb/16420,140,15000,NSR,ARR,0.782713770866394,0.02337520383298397,0.19391101598739624
swin,0,4,1404,nsrdb/16420,nsrdb/16420,140,25000,NSR,NSR,0.0006689165020361543,0.00135135930031538,0.9979797005653381
swin,0,4,1405,nsrdb/16420,nsrdb/16420,140,35500,NSR,ARR,0.9968493580818176,0.00018111805547960103,0.0029694889672100544
swin,0,4,1406,nsrdb/16420,nsrdb/16420,140,37500,NSR,NSR,4.8693098506191745e-05,0.0007726765470579267,0.9991785883903503
swin,0,4,1407,nsrdb/16420,nsrdb/16420,140,39500,NSR,NSR,0.04598735645413399,0.0014214325929060578,0.9525912404060364
swin,0,4,1408,nsrdb/16420,nsrdb/16420,140,43000,NSR,NSR,0.141496479511261,0.15223391354084015,0.7062696218490601
swin,0,4,1409,nsrdb/16420,nsrdb/16420,140,46500,NSR,NSR,3.6188917874824256e-05,0.002551271580159664,0.9974126219749451
swin,0,4,1470,nsrdb/17453,nsrdb/17453,147,4500,NSR,NSR,0.007542713079601526,0.44533368945121765,0.5471236705780029
swin,0,4,1471,nsrdb/17453,nsrdb/17453,147,34000,NSR,NSR,0.00014728224778082222,0.00010215641668764874,0.999750554561615
swin,0,4,1472,nsrdb/17453,nsrdb/17453,147,43500,NSR,ARR,0.9980648159980774,0.00021066797489766032,0.0017245298950001597
swin,0,4,1473,nsrdb/17453,nsrdb/17453,147,46500,NSR,NSR,0.00010982398816850036,0.0001628794998396188,0.999727189540863
swin,0,4,1474,nsrdb/17453,nsrdb/17453,147,52000,NSR,NSR,0.03891676664352417,0.00017105689039453864,0.9609122276306152
swin,0,4,1475,nsrdb/17453,nsrdb/17453,147,56500,NSR,NSR,0.00017946306616067886,0.00020906137069687247,0.9996115565299988
swin,0,4,1476,nsrdb/17453,nsrdb/17453,147,57000,NSR,NSR,0.0001991666213143617,7.238007674459368e-05,0.9997285008430481
swin,0,4,1477,nsrdb/17453,nsrdb/17453,147,59000,NSR,NSR,0.0015704033430665731,0.00013038826000411063,0.9982991814613342
swin,0,4,1478,nsrdb/17453,nsrdb/17453,147,60000,NSR,NSR,0.00012261010124348104,0.0001395971339661628,0.9997377991676331
swin,0,4,1479,nsrdb/17453,nsrdb/17453,147,64500,NSR,NSR,0.00016952960868366063,0.0004933517193421721,0.9993371367454529
swin,0,4,1530,nsrdb/19093,nsrdb/19093,153,3000,NSR,NSR,0.09699109941720963,0.00030035609961487353,0.9027085900306702
swin,0,4,1531,nsrdb/19093,nsrdb/19093,153,6000,NSR,ARR,0.9980530738830566,0.0007796687423251569,0.0011672967812046409
swin,0,4,1532,nsrdb/19093,nsrdb/19093,153,18500,NSR,ARR,0.9569315314292908,0.040339745581150055,0.002728747669607401
swin,0,4,1533,nsrdb/19093,nsrdb/19093,153,21000,NSR,ARR,0.9998321533203125,9.095877612708136e-05,7.684548472752795e-05
swin,0,4,1534,nsrdb/19093,nsrdb/19093,153,26500,NSR,ARR,0.9996685981750488,7.206139707705006e-05,0.00025932470452971756
swin,0,4,1535,nsrdb/19093,nsrdb/19093,153,37500,NSR,ARR,0.9998297691345215,8.230737876147032e-05,8.788865670794621e-05
swin,0,4,1536,nsrdb/19093,nsrdb/19093,153,43000,NSR,ARR,0.999811589717865,6.046492126188241e-05,0.00012799397518392652
swin,0,4,1537,nsrdb/19093,nsrdb/19093,153,45500,NSR,ARR,0.9988847374916077,0.0001605527359060943,0.0009547294466756284
swin,0,4,1538,nsrdb/19093,nsrdb/19093,153,50500,NSR,ARR,0.9435814619064331,0.0004551331512629986,0.05596349388360977
swin,0,4,1539,nsrdb/19093,nsrdb/19093,153,61500,NSR,ARR,0.9752116799354553,0.001107715768739581,0.02368062175810337
swin,0,4,1560,nsrdb/16420,nsrdb/16420,156,3000,NSR,NSR,0.009897359646856785,9.285630221711472e-05,0.9900097250938416
swin,0,4,1561,nsrdb/16420,nsrdb/16420,156,8500,NSR,NSR,0.08293519169092178,7.312930392799899e-05,0.9169917106628418
swin,0,4,1562,nsrdb/16420,nsrdb/16420,156,17000,NSR,NSR,0.0008396754856221378,4.522792005445808e-05,0.9991150498390198
swin,0,4,1563,nsrdb/16420,nsrdb/16420,156,20000,NSR,ARR,0.6198786497116089,0.0003045654739253223,0.37981677055358887
swin,0,4,1564,nsrdb/16420,nsrdb/16420,156,23000,NSR,ARR,0.9939782619476318,2.8561451472342014e-05,0.005993172060698271
swin,0,4,1565,nsrdb/16420,nsrdb/16420,156,27000,NSR,ARR,0.9792470335960388,7.95109081082046e-05,0.020673507824540138
swin,0,4,1566,nsrdb/16420,nsrdb/16420,156,39000,NSR,NSR,0.0002562086738180369,6.833075894974172e-05,0.9996755123138428
swin,0,4,1567,nsrdb/16420,nsrdb/16420,156,55500,NSR,NSR,0.0003077360161114484,6.013424717821181e-05,0.9996321201324463
swin,0,4,1568,nsrdb/16420,nsrdb/16420,156,58500,NSR,NSR,0.0002680841716937721,6.251976446947083e-05,0.9996693134307861
swin,0,4,1569,nsrdb/16420,nsrdb/16420,156,61000,NSR,NSR,0.0012282837415114045,6.0550450143637136e-05,0.998711109161377
swin,1,4,100,mitdb/119,mitdb/119,10,9000,ARR,ARR,0.9999032020568848,2.9545186407631263e-05,6.717456562910229e-05
swin,1,4,101,mitdb/119,mitdb/119,10,22000,ARR,ARR,0.9999179840087891,3.547645974322222e-05,4.643154898076318e-05
swin,1,4,102,mitdb/119,mitdb/119,10,23500,ARR,ARR,0.9999158382415771,4.04074125981424e-05,4.37526723544579e-05
swin,1,4,103,mitdb/119,mitdb/119,10,24500,ARR,ARR,0.9998593330383301,0.00011858061770908535,2.203362419095356e-05
swin,1,4,104,mitdb/119,mitdb/119,10,32500,ARR,ARR,0.999903678894043,6.176008901093155e-05,3.4600689104991034e-05
swin,1,4,105,mitdb/119,mitdb/119,10,50000,ARR,ARR,0.9994621872901917,4.128013824811205e-05,0.0004966442938894033
swin,1,4,106,mitdb/119,mitdb/119,10,53500,ARR,ARR,0.9998699426651001,2.30043751798803e-05,0.00010705299791879952
swin,1,4,107,mitdb/119,mitdb/119,10,57000,ARR,ARR,0.8932209610939026,0.10658398270606995,0.00019509627600200474
swin,1,4,108,mitdb/119,mitdb/119,10,58500,ARR,ARR,0.9999028444290161,6.558616587426513e-05,3.1555406167171896e-05
swin,1,4,109,mitdb/119,mitdb/119,10,61500,ARR,ARR,0.9995245933532715,8.095530938589945e-05,0.00039451284101232886
swin,1,4,120,mitdb/121,mitdb/121,12,4000,ARR,ARR,0.9999058246612549,6.872702942928299e-05,2.5341731088701636e-05
swin,1,4,121,mitdb/121,mitdb/121,12,5500,ARR,ARR,0.9998751878738403,9.96636226773262e-05,2.5098590413108468e-05
swin,1,4,122,mitdb/121,mitdb/121,12,9000,ARR,ARR,0.9997219443321228,0.00025560581707395613,2.2395206542569213e-05
swin,1,4,123,mitdb/121,mitdb/121,12,17000,ARR,ARR,0.9999182224273682,5.5005071772029623e-05,2.6792837161337957e-05
swin,1,4,124,mitdb/121,mitdb/121,12,32000,ARR,ARR,0.9997757077217102,8.740196790313348e-05,0.00013688555918633938
swin,1,4,125,mitdb/121,mitdb/121,12,46500,ARR,ARR,0.9998781681060791,0.00010106286936206743,2.0754983779625036e-05
swin,1,4,126,mitdb/121,mitdb/121,12,55000,ARR,ARR,0.9999158382415771,5.810217044199817e-05,2.6062230972456746e-05
swin,1,4,127,mitdb/121,mitdb/121,12,56500,ARR,ARR,0.99989914894104,7.797789294272661e-05,2.291199598403182e-05
swin,1,4,128,mitdb/121,mitdb/121,12,58500,ARR,ARR,0.9998188614845276,0.00016310707724187523,1.8060636648442596e-05
swin,1,4,129,mitdb/121,mitdb/121,12,64500,ARR,ARR,0.9998782873153687,0.00010201572877122089,1.967048956430517e-05
swin,1,4,140,mitdb/123,mitdb/123,14,3500,ARR,ARR,0.999915599822998,5.298683390719816e-05,3.131752600893378e-05
swin,1,4,141,mitdb/123,mitdb/123,14,18000,ARR,ARR,0.9999129772186279,4.208792597637512e-05,4.498192356550135e-05
swin,1,4,142,mitdb/123,mitdb/123,14,26000,ARR,ARR,0.9998873472213745,9.26275024539791e-05,2.0012224922538735e-05
swin,1,4,143,mitdb/123,mitdb/123,14,28000,ARR,ARR,0.999913215637207,3.3434298529755324e-05,5.334197703632526e-05
swin,1,4,144,mitdb/123,mitdb/123,14,28500,ARR,ARR,0.9999189376831055,4.936648838338442e-05,3.175516030751169e-05
swin,1,4,145,mitdb/123,mitdb/123,14,31000,ARR,ARR,0.9999183416366577,4.7048200940480456e-05,3.4579159546410665e-05
swin,1,4,146,mitdb/123,mitdb/123,14,34000,ARR,ARR,0.9998846054077148,9.057124407263473e-05,2.4834869691403583e-05
swin,1,4,147,mitdb/123,mitdb/123,14,41000,ARR,ARR,0.9999114274978638,4.8736754251876846e-05,3.9849128370406106e-05
swin,1,4,148,mitdb/123,mitdb/123,14,52500,ARR,ARR,0.9991016387939453,7.403826020890847e-05,0.0008243385818786919
swin,1,4,149,mitdb/123,mitdb/123,14,53500,ARR,ARR,0.9990774393081665,0.0007491012220270932,0.0001734094985295087
swin,1,4,200,mitdb/205,mitdb/205,20,5500,ARR,ARR,0.9999085664749146,2.3748776584398e-05,6.770017353119329e-05
swin,1,4,201,mitdb/205,mitdb/205,20,11500,ARR,ARR,0.9999103546142578,2.6132322091143578e-05,6.355282675940543e-05
swin,1,4,202,mitdb/205,mitdb/205,20,19500,ARR,ARR,0.9999001026153564,2.158565985155292e-05,7.831153925508261e-05
swin,1,4,203,mitdb/205,mitdb/205,20,32500,ARR,ARR,0.9998825788497925,1.9526434698491357e-05,9.784673602553084e-05
swin,1,4,204,mitdb/205,mitdb/205,20,33000,ARR,ARR,0.9998770952224731,2.1301362721715122e-05,0.00010152102186111733
swin,1,4,205,mitdb/205,mitdb/205,20,34000,ARR,ARR,0.9998902082443237,2.2465850634034723e-05,8.73464741744101e-05
swin,1,4,206,mitdb/205,mitdb/205,20,45000,ARR,ARR,0.9998979568481445,2.745736128417775e-05,7.46713049011305e-05
swin,1,4,207,mitdb/205,mitdb/205,20,47000,ARR,ARR,0.9999170303344727,2.6754789359983988e-05,5.631515887216665e-05
swin,1,4,208,mitdb/205,mitdb/205,20,48000,ARR,ARR,0.9998841285705566,1.941782647918444e-05,9.639690688345581e-05
swin,1,4,209,mitdb/205,mitdb/205,20,64000,ARR,ARR,0.9998321533203125,1.951803824340459e-05,0.00014830799773335457
swin,1,4,250,mitdb/210,mitdb/210,25,2500,ARR,ARR,0.9999107122421265,6.23547239229083e-05,2.6961193725583144e-05
swin,1,4,251,mitdb/210,mitdb/210,25,11500,ARR,ARR,0.9999215602874756,4.448827894520946e-05,3.398562330403365e-05
swin,1,4,252,mitdb/210,mitdb/210,25,16000,ARR,ARR,0.9999046325683594,6.13569573033601e-05,3.402665606699884e-05
swin,1,4,253,mitdb/210,mitdb/210,25,30000,ARR,ARR,0.7780994772911072,0.06599371135234833,0.1559068113565445
swin,1,4,254,mitdb/210,mitdb/210,25,31500,ARR,ARR,0.9999122619628906,5.969398625893518e-05,2.7992769901175052e-05
swin,1,4,255,mitdb/210,mitdb/210,25,32500,ARR,ARR,0.9999173879623413,3.9477537939092144e-05,4.315487967687659e-05
swin,1,4,256,mitdb/210,mitdb/210,25,49000,ARR,ARR,0.9999009370803833,7.424505020026118e-05,2.480462171661202e-05
swin,1,4,257,mitdb/210,mitdb/210,25,58500,ARR,ARR,0.9999116659164429,5.9259356930851936e-05,2.9062975954730064e-05
swin,1,4,258,mitdb/210,mitdb/210,25,62000,ARR,ARR,0.9998912811279297,7.183487468864769e-05,3.685894262162037e-05
swin,1,4,259,mitdb/210,mitdb/210,25,62500,ARR,ARR,0.9999115467071533,5.760085696238093e-05,3.09075003315229e-05
swin,1,4,270,mitdb/213,mitdb/213,27,5000,ARR,ARR,0.9998975992202759,3.461252708802931e-05,6.776816007914022e-05
swin,1,4,271,mitdb/213,mitdb/213,27,19000,ARR,ARR,0.5188971757888794,0.48104169964790344,6.113378913141787e-05
swin,1,4,272,mitdb/213,mitdb/213,27,44500,ARR,ARR,0.9999188184738159,4.2674015276134014e-05,3.851443761959672e-05
swin,1,4,273,mitdb/213,mitdb/213,27,45000,ARR,ARR,0.9999146461486816,4.7086316044442356e-05,3.824011218966916e-05
swin,1,4,274,mitdb/213,mitdb/213,27,50500,ARR,ARR,0.9994261264801025,0.0004203996213618666,0.00015345291467383504
swin,1,4,275,mitdb/213,mitdb/213,27,51000,ARR,ARR,0.9998637437820435,0.00010029981058323756,3.597631803131662e-05
swin,1,4,276,mitdb/213,mitdb/213,27,51500,ARR,ARR,0.9998371601104736,0.00013566618144977838,2.712829336815048e-05
swin,1,4,277,mitdb/213,mitdb/213,27,53500,ARR,ARR,0.9999111890792847,2.747286453086417e-05,6.139939068816602e-05
swin,1,4,278,mitdb/213,mitdb/213,27,59500,ARR,ARR,0.9742650389671326,0.02565368078649044,8.124575106194243e-05
swin,1,4,279,mitdb/213,mitdb/213,27,62000,ARR,ARR,0.9999089241027832,4.737463314086199e-05,4.36862392234616e-05
swin,1,4,330,mitdb/103,mitdb/103,33,8000,ARR,ARR,0.9998515844345093,0.00012737563520204276,2.1015146558056585e-05
swin,1,4,331,mitdb/103,mitdb/103,33,13000,ARR,ARR,0.9945517182350159,0.0004922948428429663,0.004956027027219534
swin,1,4,332,mitdb/103,mitdb/103,33,18000,ARR,ARR,0.9998807907104492,9.288581350119784e-05,2.6335848815506324e-05
swin,1,4,333,mitdb/103,mitdb/103,33,20000,ARR,ARR,0.9995902180671692,0.00039425326394848526,1.55323159560794e-05
swin,1,4,334,mitdb/103,mitdb/103,33,26500,ARR,ARR,0.9999186992645264,4.05309911002405e-05,4.0717419324209914e-05
swin,1,4,335,mitdb/103,mitdb/103,33,36000,ARR,ARR,0.9998644590377808,0.00011372166045475751,2.1776517314719968e-05
swin,1,4,336,mitdb/103,mitdb/103,33,37500,ARR,ARR,0.9997989535331726,0.00018004878074862063,2.092872091452591e-05
swin,1,4,337,mitdb/103,mitdb/103,33,46000,ARR,ARR,0.999871015548706,0.0001078371933544986,2.1110870875418186e-05
swin,1,4,338,mitdb/103,mitdb/103,33,48000,ARR,ARR,0.9999116659164429,4.515520413406193e-05,4.313949102652259e-05
swin,1,4,339,mitdb/103,mitdb/103,33,64000,ARR,ARR,0.9998728036880493,0.00010473840666236356,2.244905408588238e-05
swin,1,4,400,mitdb/232,mitdb/232,40,2000,ARR,NSR,6.737420335412025e-05,0.00016423390479758382,0.9997684359550476
swin,1,4,401,mitdb/232,mitdb/232,40,8500,ARR,ARR,0.9939786195755005,0.0036252294667065144,0.002396148396655917
swin,1,4,402,mitdb/232,mitdb/232,40,10000,ARR,ARR,0.9998183846473694,5.4656880820402876e-05,0.00012698340287897736
swin,1,4,403,mitdb/232,mitdb/232,40,12000,ARR,ARR,0.9998888969421387,2.44444418058265e-05,8.661497849971056e-05
swin,1,4,404,mitdb/232,mitdb/232,40,20000,ARR,ARR,0.999735414981842,1.932062878040597e-05,0.00024525061598978937
swin,1,4,405,mitdb/232,mitdb/232,40,24000,ARR,ARR,0.9999127388000488,3.290030508651398e-05,5.431849422166124e-05
swin,1,4,406,mitdb/232,mitdb/232,40,26500,ARR,ARR,0.8937703967094421,0.10509083420038223,0.0011387531412765384
swin,1,4,407,mitdb/232,mitdb/232,40,54000,ARR,NSR,9.388200851390138e-05,0.0004314764228183776,0.9994747042655945
swin,1,4,408,mitdb/232,mitdb/232,40,55500,ARR,ARR,0.9991119503974915,7.533095049438998e-05,0.0008127494947984815
swin,1,4,409,mitdb/232,mitdb/232,40,60000,ARR,ARR,0.9999200105667114,2.9719310987275094e-05,5.033267007092945e-05
swin,1,4,440,mitdb/104,mitdb/104,44,6000,ARR,ARR,0.999915599822998,3.3134983823401853e-05,5.124398012412712e-05
swin,1,4,441,mitdb/104,mitdb/104,44,8500,ARR,ARR,0.9985104203224182,9.78547686827369e-05,0.0013916704338043928
swin,1,4,442,mitdb/104,mitdb/104,44,14500,ARR,ARR,0.9943038821220398,9.477385901845992e-05,0.005601316224783659
swin,1,4,443,mitdb/104,mitdb/104,44,17000,ARR,ARR,0.9995672106742859,2.4499417122569866e-05,0.0004081811348441988
swin,1,4,444,mitdb/104,mitdb/104,44,20500,ARR,ARR,0.9998469352722168,0.00010512366861803457,4.79153823107481e-05
swin,1,4,445,mitdb/104,mitdb/104,44,22000,ARR,ARR,0.9994169473648071,0.00021892816585022956,0.000364090345101431
swin,1,4,446,mitdb/104,mitdb/104,44,33500,ARR,NSR,0.05556279793381691,0.0005227304063737392,0.9439144134521484
swin,1,4,447,mitdb/104,mitdb/104,44,38500,ARR,ARR,0.9697083830833435,0.026779567822813988,0.003511957125738263
swin,1,4,448,mitdb/104,mitdb/104,44,50500,ARR,ARR,0.9998961687088013,7.63253920013085e-05,2.755597233772278e-05
swin,1,4,449,mitdb/104,mitdb/104,44,63000,ARR,ARR,0.9999171495437622,4.47956335847266e-05,3.800215199589729e-05
swin,1,4,470,mitdb/103,mitdb/103,47,9500,ARR,ARR,0.9998315572738647,0.00015119901217985898,1.7197611668962054e-05
swin,1,4,471,mitdb/103,mitdb/103,47,16000,ARR,ARR,0.999778687953949,0.0002010079479077831,2.0255403796909377e-05
swin,1,4,472,mitdb/103,mitdb/103,47,20000,ARR,ARR,0.9997974038124084,0.00018652858852874488,1.6120220607263036e-05
swin,1,4,473,mitdb/103,mitdb/103,47,29000,ARR,ARR,0.9998506307601929,0.0001301135343965143,1.9227893062634394e-05
swin,1,4,474,mitdb/103,mitdb/103,47,29500,ARR,ARR,0.9998877048492432,8.999782585306093e-05,2.2347985577653162e-05
swin,1,4,475,mitdb/103,mitdb/103,47,45000,ARR,ARR,0.9998840093612671,9.349016909254715e-05,2.2555703253601678e-05
swin,1,4,476,mitdb/103,mitdb/103,47,46000,ARR,ARR,0.9998225569725037,0.00015999621246010065,1.7571936041349545e-05
swin,1,4,477,mitdb/103,mitdb/103,47,47500,ARR,ARR,0.9998929500579834,8.400803926633671e-05,2.3037069695419632e-05
swin,1,4,478,mitdb/103,mitdb/103,47,51000,ARR,ARR,0.9998763799667358,0.0001027950638672337,2.085122832795605e-05
swin,1,4,479,mitdb/103,mitdb/103,47,61500,ARR,ARR,0.9998921155929565,8.450076711596921e-05,2.340788887522649e-05
swin,1,4,480,mitdb/104,mitdb/104,48,3500,ARR,NSR,0.010225091129541397,0.0010091210715472698,0.9887657761573792
swin,1,4,481,mitdb/104,mitdb/104,48,10000,ARR,ARR,0.9995798468589783,1.9070728740189224e-05,0.0004010898992419243
swin,1,4,482,mitdb/104,mitdb/104,48,24000,ARR,NSR,0.0004963087849318981,7.871921843616292e-05,0.999424934387207
swin,1,4,483,mitdb/104,mitdb/104,48,36000,ARR,ARR,0.9998676776885986,0.00011375195754226297,1.8552998881204985e-05
swin,1,4,484,mitdb/104,mitdb/104,48,40500,ARR,ARR,0.7675918936729431,0.0012640017084777355,0.23114410042762756
swin,1,4,485,mitdb/104,mitdb/104,48,52500,ARR,ARR,0.9999161958694458,5.251684342510998e-05,3.117852975265123e-05
swin,1,4,486,mitdb/104,mitdb/104,48,56500,ARR,ARR,0.9996694326400757,0.00029813210130669177,3.2463798561366275e-05
swin,1,4,487,mitdb/104,mitdb/104,48,57500,ARR,ARR,0.9999086856842041,2.6560363039607182e-05,6.47266351734288e-05
swin,1,4,488,mitdb/104,mitdb/104,48,58500,ARR,ARR,0.9988127946853638,0.0010825612116605043,0.00010469863627804443
swin,1,4,489,mitdb/104,mitdb/104,48,60000,ARR,ARR,0.9999151229858398,3.9215159631567076e-05,4.569182056002319e-05
swin,1,4,520,mitdb/108,mitdb/108,52,11500,ARR,ARR,0.9998917579650879,7.583957631140947e-05,3.237386772525497e-05
swin,1,4,521,mitdb/108,mitdb/108,52,23500,ARR,ARR,0.9999184608459473,4.814449857803993e-05,3.341005867696367e-05
swin,1,4,522,mitdb/108,mitdb/108,52,26500,ARR,ARR,0.9999209642410278,3.5146578738931566e-05,4.384959538583644e-05
swin,1,4,523,mitdb/108,mitdb/108,52,28000,ARR,ARR,0.8999320864677429,0.0004031208227388561,0.09966480731964111
swin,1,4,524,mitdb/108,mitdb/108,52,35500,ARR,ARR,0.9998791217803955,9.031921217683703e-05,3.0512594094034284e-05
swin,1,4,525,mitdb/108,mitdb/108,52,37500,ARR,ARR,0.9999176263809204,4.5827520807506517e-05,3.664349060272798e-05
swin,1,4,526,mitdb/108,mitdb/108,52,54500,ARR,ARR,0.9999189376831055,3.6392892070580274e-05,4.4725191401084885e-05
swin,1,4,527,mitdb/108,mitdb/108,52,61000,ARR,ARR,0.9996988773345947,0.00011702976917149499,0.00018408468167763203
swin,1,4,528,mitdb/108,mitdb/108,52,63500,ARR,ARR,0.9999101161956787,4.2435669456608593e-05,4.739742144010961e-05
swin,1,4,529,mitdb/108,mitdb/108,52,64000,ARR,ARR,0.9998763799667358,2.2429640011978336e-05,0.00010123641550308093
swin,1,4,630,mitdb/119,mitdb/119,63,0,ARR,ARR,0.9999185800552368,5.386054181144573e-05,2.7572679755394347e-05
swin,1,4,631,mitdb/119,mitdb/119,63,8000,ARR,ARR,0.9998888969421387,8.795464236754924e-05,2.31251342484029e-05
swin,1,4,632,mitdb/119,mitdb/119,63,16000,ARR,ARR,0.9999079704284668,6.612656579818577e-05,2.589956420706585e-05
swin,1,4,633,mitdb/119,mitdb/119,63,23000,ARR,ARR,0.9999197721481323,4.987185820937157e-05,3.042587559320964e-05
swin,1,4,634,mitdb/119,mitdb/119,63,31000,ARR,ARR,0.9999028444290161,7.401846232824028e-05,2.3160348064266145e-05
swin,1,4,635,mitdb/119,mitdb/119,63,38500,ARR,ARR,0.9998992681503296,7.684880256420001e-05,2.3878252250142395e-05
swin,1,4,636,mitdb/119,mitdb/119,63,43500,ARR,ARR,0.9528919458389282,0.046929895877838135,0.000178144546225667
swin,1,4,637,mitdb/119,mitdb/119,63,46000,ARR,ARR,0.9998615980148315,0.00011776776955230162,2.0571338609443046e-05
swin,1,4,638,mitdb/119,mitdb/119,63,54000,ARR,ARR,0.9998418092727661,0.000137180439196527,2.0945471987943165e-05
swin,1,4,639,mitdb/119,mitdb/119,63,62000,ARR,ARR,0.9998739957809448,0.00010435984586365521,2.1518297216971405e-05
swin,1,4,640,mitdb/121,mitdb/121,64,0,ARR,ARR,0.9987632036209106,0.00044916698243469,0.0007876059389673173
swin,1,4,641,mitdb/121,mitdb/121,64,7500,ARR,ARR,0.9998997449874878,7.3277871706523e-05,2.696580850169994e-05
swin,1,4,642,mitdb/121,mitdb/121,64,11000,ARR,ARR,0.9999091625213623,6.152036075945944e-05,2.933529503934551e-05
swin,1,4,643,mitdb/121,mitdb/121,64,24000,ARR,ARR,0.999911904335022,5.6287804909516126e-05,3.1809588108444586e-05
swin,1,4,644,mitdb/121,mitdb/121,64,25500,ARR,ARR,0.9999034404754639,7.178047235356644e-05,2.4843366190907545e-05
swin,1,4,645,mitdb/121,mitdb/121,64,26500,ARR,ARR,0.9999127388000488,5.946764213149436e-05,2.7824597054859623e-05
swin,1,4,646,mitdb/121,mitdb/121,64,42000,ARR,ARR,0.9999188184738159,3.079662565141916e-05,5.0386883231112733e-05
swin,1,4,647,mitdb/121,mitdb/121,64,51000,ARR,ARR,0.7483057975769043,0.012260321527719498,0.2394338697195053
swin,1,4,648,mitdb/121,mitdb/121,64,57000,ARR,ARR,0.9996243715286255,0.0003260799858253449,4.958040881319903e-05
swin,1,4,649,mitdb/121,mitdb/121,64,60500,ARR,ARR,0.9999151229858398,5.861280806129798e-05,2.6188132324023172e-05
swin,1,4,670,mitdb/123,mitdb/123,67,7500,ARR,ARR,0.9997757077217102,7.6025549788028e-05,0.00014820955402683467
swin,1,4,671,mitdb/123,mitdb/123,67,14000,ARR,ARR,0.9998952150344849,7.910537533462048e-05,2.561915789556224e-05
swin,1,4,672,mitdb/123,mitdb/123,67,18500,ARR,ARR,0.999915361404419,4.6440552978310734e-05,3.819687117356807e-05
swin,1,4,673,mitdb/123,mitdb/123,67,28500,ARR,ARR,0.9999138116836548,5.65841983188875e-05,2.9614218874485232e-05
swin,1,4,674,mitdb/123,mitdb/123,67,31000,ARR,ARR,0.9990106821060181,0.0001782927429303527,0.0008109681075438857
swin,1,4,675,mitdb/123,mitdb/123,67,32000,ARR,ARR,0.9998873472213745,8.267881639767438e-05,2.9951193937449716e-05
swin,1,4,676,mitdb/123,mitdb/123,67,38500,ARR,ARR,0.9997493624687195,6.348184979287907e-05,0.00018707223352976143
swin,1,4,677,mitdb/123,mitdb/123,67,47000,ARR,ARR,0.9999145269393921,3.346509765833616e-05,5.1998504204675555e-05
swin,1,4,678,mitdb/123,mitdb/123,67,48000,ARR,ARR,0.9999165534973145,5.0518989155534655e-05,3.286070204921998e-05
swin,1,4,679,mitdb/123,mitdb/123,67,59500,ARR,ARR,0.9999115467071533,5.971802966087125e-05,2.870479875127785e-05
swin,1,4,730,mitdb/205,mitdb/205,73,17000,ARR,ARR,0.545689582824707,0.0004594528581947088,0.45385098457336426
swin,1,4,731,mitdb/205,mitdb/205,73,19000,ARR,ARR,0.9997637867927551,0.00019508690456859767,4.117470234632492e-05
swin,1,4,732,mitdb/205,mitdb/205,73,23500,ARR,NSR,0.3435980975627899,0.0020000142976641655,0.6544018983840942
swin,1,4,733,mitdb/205,mitdb/205,73,28000,ARR,ARR,0.9587739109992981,9.507474896963686e-05,0.04113104194402695
swin,1,4,734,mitdb/205,mitdb/205,73,40000,ARR,ARR,0.9994738698005676,0.0002795447944663465,0.00024663927615620196
swin,1,4,735,mitdb/205,mitdb/205,73,48000,ARR,ARR,0.9987170696258545,0.0001620267576072365,0.0011209045769646764
swin,1,4,736,mitdb/205,mitdb/205,73,51500,ARR,NSR,0.00011620740406215191,0.00016328775382135063,0.9997205138206482
swin,1,4,737,mitdb/205,mitdb/205,73,61000,ARR,NSR,0.006316015496850014,0.00019148677529301494,0.9934924244880676
swin,1,4,738,mitdb/205,mitdb/205,73,63000,ARR,ARR,0.8948246836662292,0.0002819010114762932,0.10489337146282196
swin,1,4,739,mitdb/205,mitdb/205,73,64500,ARR,ARR,0.9998977184295654,4.123913458897732e-05,6.105062493588775e-05
swin,1,4,780,mitdb/210,mitdb/210,78,2000,ARR,ARR,0.999903678894043,6.901021697558463e-05,2.7266587494523264e-05
swin,1,4,781,mitdb/210,mitdb/210,78,12500,ARR,ARR,0.9999151229858398,5.295377195579931e-05,3.1979874620446935e-05
swin,1,4,782,mitdb/210,mitdb/210,78,30000,ARR,NSR,0.011649520136415958,0.0003576315939426422,0.9879928827285767
swin,1,4,783,mitdb/210,mitdb/210,78,31500,ARR,ARR,0.9999104738235474,6.130310066509992e-05,2.8243171982467175e-05
swin,1,4,784,mitdb/210,mitdb/210,78,32500,ARR,ARR,0.9999040365219116,6.798642425565049e-05,2.8057991585228592e-05
swin,1,4,785,mitdb/210,mitdb/210,78,34500,ARR,ARR,0.9999014139175415,7.033097790554166e-05,2.8280406695557758e-05
swin,1,4,786,mitdb/210,mitdb/210,78,40000,ARR,ARR,0.999910831451416,5.881626202608459e-05,3.0365134080057032e-05
swin,1,4,787,mitdb/210,mitdb/210,78,42000,ARR,ARR,0.9999139308929443,5.288905595079996e-05,3.317236405564472e-05
swin,1,4,788,mitdb/210,mitdb/210,78,53000,ARR,ARR,0.9999099969863892,5.858808435732499e-05,3.1378578569274396e-05
swin,1,4,789,mitdb/210,mitdb/210,78,64500,ARR,ARR,0.9999181032180786,4.501717194216326e-05,3.681647649500519e-05
swin,1,4,800,mitdb/213,mitdb/213,80,9500,ARR,ARR,0.9992802739143372,0.0003373765794094652,0.00038240401772782207
swin,1,4,801,mitdb/213,mitdb/213,80,11500,ARR,ARR,0.9999250173568726,3.874012327287346e-05,3.626049874583259e-05
swin,1,4,802,mitdb/213,mitdb/213,80,18500,ARR,ARR,0.999907374382019,6.243692769203335e-05,3.017004746652674e-05
swin,1,4,803,mitdb/213,mitdb/213,80,19500,ARR,ARR,0.9999172687530518,5.642306132358499e-05,2.6373178116045892e-05
swin,1,4,804,mitdb/213,mitdb/213,80,32000,ARR,ARR,0.9999191761016846,5.476058868225664e-05,2.6091687686857767e-05
swin,1,4,805,mitdb/213,mitdb/213,80,37500,ARR,ARR,0.9997945427894592,0.0001885832316474989,1.695262653811369e-05
swin,1,4,806,mitdb/213,mitdb/213,80,55500,ARR,ARR,0.9990023970603943,0.0008729976252652705,0.00012462260201573372
swin,1,4,807,mitdb/213,mitdb/213,80,59000,ARR,CHF,0.09837702661752701,0.901441216468811,0.00018182714120484889
swin,1,4,808,mitdb/213,mitdb/213,80,59500,ARR,ARR,0.9919891953468323,0.007961539551615715,4.9160535127157345e-05
swin,1,4,809,mitdb/213,mitdb/213,80,62500,ARR,ARR,0.9993610978126526,0.0005284270737320185,0.00011048221495002508
swin,1,4,880,mitdb/108,mitdb/108,88,500,ARR,ARR,0.9999160766601562,5.609100480796769e-05,2.7734482500818558e-05
swin,1,4,881,mitdb/108,mitdb/108,88,12000,ARR,ARR,0.9999103546142578,5.9395631978986785e-05,3.0306910048238933e-05
swin,1,4,882,mitdb/108,mitdb/108,88,22000,ARR,ARR,0.9998986721038818,7.72066559875384e-05,2.402073732810095e-05
swin,1,4,883,mitdb/108,mitdb/108,88,24500,ARR,ARR,0.9998537302017212,0.00012628285912796855,1.9986318875453435e-05
swin,1,4,884,mitdb/108,mitdb/108,88,31000,ARR,ARR,0.9997453093528748,3.642233423306607e-05,0.00021820289839524776
swin,1,4,885,mitdb/108,mitdb/108,88,35000,ARR,ARR,0.9984500408172607,0.0015281208325177431,2.17552969843382e-05
swin,1,4,886,mitdb/108,mitdb/108,88,43000,ARR,ARR,0.9996604919433594,0.0003237130003981292,1.5846289898036048e-05
swin,1,4,887,mitdb/108,mitdb/108,88,49000,ARR,ARR,0.9998995065689087,7.321115117520094e-05,2.731003587541636e-05
swin,1,4,888,mitdb/108,mitdb/108,88,60500,ARR,ARR,0.9987659454345703,0.0012178532779216766,1.6207264707190916e-05
swin,1,4,889,mitdb/108,mitdb/108,88,62500,ARR,ARR,0.9991656541824341,0.0007896575843915343,4.471417560125701e-05
swin,1,4,930,mitdb/232,mitdb/232,93,14000,ARR,ARR,0.9836323857307434,0.015486792661249638,0.000880794832482934
swin,1,4,931,mitdb/232,mitdb/232,93,32500,ARR,ARR,0.997908353805542,8.403934771195054e-05,0.002007692586630583
swin,1,4,932,mitdb/232,mitdb/232,93,33000,ARR,NSR,0.1294819414615631,0.00816669687628746,0.8623514175415039
swin,1,4,933,mitdb/232,mitdb/232,93,35500,ARR,ARR,0.9987348914146423,0.0004250297788530588,0.0008400238584727049
swin,1,4,934,mitdb/232,mitdb/232,93,51000,ARR,ARR,0.8613000512123108,0.13787426054477692,0.0008256337023340166
swin,1,4,935,mitdb/232,mitdb/232,93,55000,ARR,NSR,0.09868223965167999,0.028486717492341995,0.8728310465812683
swin,1,4,936,mitdb/232,mitdb/232,93,55500,ARR,ARR,0.9869863390922546,0.01282506063580513,0.0001885557285277173
swin,1,4,937,mitdb/232,mitdb/232,93,57500,ARR,ARR,0.9635189771652222,0.035193271934986115,0.0012877639383077621
swin,1,4,938,mitdb/232,mitdb/232,93,61000,ARR,CHF,0.05310530960559845,0.9409586787223816,0.005936034489423037
swin,1,4,939,mitdb/232,mitdb/232,93,62500,ARR,ARR,0.9990721940994263,0.0009126003133133054,1.5069009350554552e-05
swin,1,4,1040,chfdb/chf02,chfdb/chf02,104,2000,CHF,CHF,0.0002763431693892926,0.9990235567092896,0.0007001500925980508
swin,1,4,1041,chfdb/chf02,chfdb/chf02,104,9000,CHF,CHF,0.00038088479777798057,0.9987961053848267,0.0008229402592405677
swin,1,4,1042,chfdb/chf02,chfdb/chf02,104,12000,CHF,CHF,0.0002539035340305418,0.9996612071990967,8.491670450894162e-05
swin,1,4,1043,chfdb/chf02,chfdb/chf02,104,22000,CHF,CHF,0.007440180517733097,0.9923955202102661,0.0001643533760216087
swin,1,4,1044,chfdb/chf02,chfdb/chf02,104,36500,CHF,CHF,0.0003061613824684173,0.9996280670166016,6.581065099453554e-05
swin,1,4,1045,chfdb/chf02,chfdb/chf02,104,37000,CHF,CHF,0.00024029630003497005,0.9996943473815918,6.53690003673546e-05
swin,1,4,1046,chfdb/chf02,chfdb/chf02,104,40500,CHF,CHF,0.003725963644683361,0.9948704242706299,0.001403655158355832
swin,1,4,1047,chfdb/chf02,chfdb/chf02,104,42000,CHF,CHF,0.00023790237901266664,0.9992600083351135,0.0005020664539188147
swin,1,4,1048,chfdb/chf02,chfdb/chf02,104,46500,CHF,CHF,0.00284460443072021,0.9971141815185547,4.124447514186613e-05
swin,1,4,1049,chfdb/chf02,chfdb/chf02,104,49500,CHF,CHF,0.0008701686165295541,0.9990566372871399,7.324045873247087e-05
swin,1,4,1050,chfdb/chf03,chfdb/chf03,105,500,CHF,CHF,0.00027550605591386557,0.9996722936630249,5.224001870374195e-05
swin,1,4,1051,chfdb/chf03,chfdb/chf03,105,4500,CHF,CHF,0.0001465270615881309,0.9997959733009338,5.7471621403237805e-05
swin,1,4,1052,chfdb/chf03,chfdb/chf03,105,10000,CHF,CHF,0.00020330952247604728,0.9997368454933167,5.987044278299436e-05
swin,1,4,1053,chfdb/chf03,chfdb/chf03,105,16000,CHF,CHF,0.00031395608675666153,0.9996358156204224,5.018451702198945e-05
swin,1,4,1054,chfdb/chf03,chfdb/chf03,105,23000,CHF,CHF,0.0028362534940242767,0.9971213936805725,4.228625039104372e-05
swin,1,4,1055,chfdb/chf03,chfdb/chf03,105,23500,CHF,CHF,0.0003723891859408468,0.999584972858429,4.268976772436872e-05
swin,1,4,1056,chfdb/chf03,chfdb/chf03,105,33000,CHF,CHF,0.00023415900068357587,0.9997159838676453,4.982723112334497e-05
swin,1,4,1057,chfdb/chf03,chfdb/chf03,105,47000,CHF,CHF,0.00018124302732758224,0.9997610449790955,5.77039536437951e-05
swin,1,4,1058,chfdb/chf03,chfdb/chf03,105,50500,CHF,CHF,0.0012059444561600685,0.9987431168556213,5.098823385196738e-05
swin,1,4,1059,chfdb/chf03,chfdb/chf03,105,53500,CHF,CHF,0.00024572969414293766,0.9997023940086365,5.1893064664909616e-05
swin,1,4,1070,chfdb/chf02,chfdb/chf02,107,1500,CHF,CHF,0.00025960299535654485,0.9995195865631104,0.00022076682944316417
swin,1,4,1071,chfdb/chf02,chfdb/chf02,107,5500,CHF,CHF,0.1281566619873047,0.8712772727012634,0.0005661040195263922
swin,1,4,1072,chfdb/chf02,chfdb/chf02,107,9000,CHF,CHF,0.0005630165105685592,0.9993650317192078,7.19638483133167e-05
swin,1,4,1073,chfdb/chf02,chfdb/chf02,107,28500,CHF,CHF,0.00015081842138897628,0.9990274906158447,0.0008216537535190582
swin,1,4,1074,chfdb/chf02,chfdb/chf02,107,29500,CHF,CHF,8.384587272303179e-05,0.9997860789299011,0.00013004547508899122
swin,1,4,1075,chfdb/chf02,chfdb/chf02,107,42500,CHF,CHF,0.39532390236854553,0.6043756008148193,0.0003004316531587392
swin,1,4,1076,chfdb/chf02,chfdb/chf02,107,47000,CHF,CHF,6.182850484037772e-05,0.9997242093086243,0.0002139081625500694
swin,1,4,1077,chfdb/chf02,chfdb/chf02,107,50000,CHF,ARR,0.9546492695808411,0.0450151301920414,0.0003356345696374774
swin,1,4,1078,chfdb/chf02,chfdb/chf02,107,58500,CHF,ARR,0.9829061031341553,0.016824940219521523,0.00026899113436229527
swin,1,4,1079,chfdb/chf02,chfdb/chf02,107,61000,CHF,CHF,0.01268535666167736,0.9858711361885071,0.0014435111079365015
swin,1,4,1120,chfdb/chf09,chfdb/chf09,112,1000,CHF,CHF,0.0017821632791310549,0.9981887936592102,2.9069482479826547e-05
swin,1,4,1121,chfdb/chf09,chfdb/chf09,112,12000,CHF,CHF,0.012907546944916248,0.9867952466011047,0.00029726509819738567
swin,1,4,1122,chfdb/chf09,chfdb/chf09,112,16000,CHF,CHF,0.3219541907310486,0.6777575016021729,0.0002883015258703381
swin,1,4,1123,chfdb/chf09,chfdb/chf09,112,25500,CHF,ARR,0.9998795986175537,8.661459287395701e-05,3.372851278982125e-05
swin,1,4,1124,chfdb/chf09,chfdb/chf09,112,28500,CHF,ARR,0.566077470779419,0.3358347415924072,0.09808783233165741
swin,1,4,1125,chfdb/chf09,chfdb/chf09,112,50500,CHF,ARR,0.9965685606002808,0.00019298045663163066,0.003238468198105693
swin,1,4,1126,chfdb/chf09,chfdb/chf09,112,53500,CHF,CHF,0.01640474610030651,0.9834680557250977,0.00012714610784314573
swin,1,4,1127,chfdb/chf09,chfdb/chf09,112,56000,CHF,ARR,0.9991267323493958,0.0008289258694276214,4.430030458024703e-05
swin,1,4,1128,chfdb/chf09,chfdb/chf09,112,57000,CHF,ARR,0.5504717826843262,0.4490590989589691,0.00046914670383557677
swin,1,4,1129,chfdb/chf09,chfdb/chf09,112,58000,CHF,CHF,0.4461755156517029,0.5534241795539856,0.00040031608659774065
swin,1,4,1180,chfdb/chf03,chfdb/chf03,118,1000,CHF,CHF,0.07205014675855637,0.9271085262298584,0.0008413176983594894
swin,1,4,1181,chfdb/chf03,chfdb/chf03,118,23000,CHF,ARR,0.9972530007362366,0.002706897910684347,4.008049290860072e-05
swin,1,4,1182,chfdb/chf03,chfdb/chf03,118,24000,CHF,ARR,0.999397873878479,0.000289394985884428,0.0003127754607703537
swin,1,4,1183,chfdb/chf03,chfdb/chf03,118,31000,CHF,CHF,0.00021246474352665246,0.9996826648712158,0.00010484977974556386
swin,1,4,1184,chfdb/chf03,chfdb/chf03,118,34000,CHF,CHF,0.0022569475695490837,0.9976170659065247,0.00012590005644597113
swin,1,4,1185,chfdb/chf03,chfdb/chf03,118,43500,CHF,ARR,0.9998277425765991,0.00015636587340850383,1.588535087648779e-05
swin,1,4,1186,chfdb/chf03,chfdb/chf03,118,44000,CHF,CHF,0.00265019410289824,0.997141420841217,0.00020839586795773357
swin,1,4,1187,chfdb/chf03,chfdb/chf03,118,44500,CHF,ARR,0.999099612236023,0.0008828801801428199,1.7477470464655198e-05
swin,1,4,1188,chfdb/chf03,chfdb/chf03,118,47500,CHF,CHF,0.002454305998980999,0.9974862337112427,5.9401172620709985e-05
swin,1,4,1189,chfdb/chf03,chfdb/chf03,118,53000,CHF,CHF,0.0010831139516085386,0.9982996582984924,0.0006172012072056532
swin,1,4,1250,chfdb/chf09,chfdb/chf09,125,1500,CHF,CHF,0.00015065123443491757,0.9650354385375977,0.034813959151506424
swin,1,4,1251,chfdb/chf09,chfdb/chf09,125,3500,CHF,NSR,0.0013197121443226933,0.03355344757437706,0.9651268124580383
swin,1,4,1252,chfdb/chf09,chfdb/chf09,125,20000,CHF,NSR,5.202861575526185e-05,0.004588924814015627,0.9953591227531433
swin,1,4,1253,chfdb/chf09,chfdb/chf09,125,35000,CHF,ARR,0.6483654975891113,0.041430678218603134,0.31020382046699524
swin,1,4,1254,chfdb/chf09,chfdb/chf09,125,38000,CHF,CHF,0.00014203923637978733,0.8451160192489624,0.15474198758602142
swin,1,4,1255,chfdb/chf09,chfdb/chf09,125,51500,CHF,CHF,0.00021152525732759386,0.999538779258728,0.0002497635141480714
swin,1,4,1256,chfdb/chf09,chfdb/chf09,125,55500,CHF,NSR,5.154853715794161e-05,0.0012864142190665007,0.998661994934082
swin,1,4,1257,chfdb/chf09,chfdb/chf09,125,58500,CHF,NSR,6.320670945569873e-05,0.00021176210429985076,0.9997250437736511
swin,1,4,1258,chfdb/chf09,chfdb/chf09,125,62000,CHF,NSR,9.441771544516087e-05,0.0004325131303630769,0.9994731545448303
swin,1,4,1259,chfdb/chf09,chfdb/chf09,125,62500,CHF,NSR,4.213232750771567e-05,0.0005713560967706144,0.9993864297866821
swin,1,4,1280,nsrdb/17453,nsrdb/17453,128,5500,NSR,NSR,0.10451925545930862,6.434426904888824e-05,0.8954163789749146
swin,1,4,1281,nsrdb/17453,nsrdb/17453,128,10500,NSR,ARR,0.9972149133682251,0.0007802214240655303,0.002004855079576373
swin,1,4,1282,nsrdb/17453,nsrdb/17453,128,19500,NSR,NSR,0.007190529722720385,0.00010411669063614681,0.9927052855491638
swin,1,4,1283,nsrdb/17453,nsrdb/17453,128,20000,NSR,NSR,0.00016810023225843906,7.769166404614225e-05,0.9997542500495911
swin,1,4,1284,nsrdb/17453,nsrdb/17453,128,21500,NSR,NSR,0.001928959391079843,0.0001442682696506381,0.9979267120361328
swin,1,4,1285,nsrdb/17453,nsrdb/17453,128,34000,NSR,NSR,0.0003273133188486099,5.335055539035238e-05,0.9996192455291748
swin,1,4,1286,nsrdb/17453,nsrdb/17453,128,38000,NSR,ARR,0.6471858620643616,0.00032309532980434597,0.35249102115631104
swin,1,4,1287,nsrdb/17453,nsrdb/17453,128,51500,NSR,ARR,0.9824548363685608,0.0002008539595408365,0.01734429970383644
swin,1,4,1288,nsrdb/17453,nsrdb/17453,128,53000,NSR,ARR,0.7802258133888245,0.0004899181658402085,0.21928434073925018
swin,1,4,1289,nsrdb/17453,nsrdb/17453,128,60500,NSR,ARR,0.9959725737571716,2.2472546334029175e-05,0.004004940390586853
swin,1,4,1330,nsrdb/19093,nsrdb/19093,133,500,NSR,NSR,0.00012594823783729225,8.154832175932825e-05,0.9997925162315369
swin,1,4,1331,nsrdb/19093,nsrdb/19093,133,9500,NSR,NSR,0.0001429603435099125,7.519591599702835e-05,0.9997817873954773
swin,1,4,1332,nsrdb/19093,nsrdb/19093,133,22000,NSR,NSR,9.839346603257582e-05,0.00011357769835740328,0.9997879862785339
swin,1,4,1333,nsrdb/19093,nsrdb/19093,133,34500,NSR,NSR,0.00011550067574717104,9.775277430890128e-05,0.9997867941856384
swin,1,4,1334,nsrdb/19093,nsrdb/19093,133,42500,NSR,NSR,0.0001219761252286844,8.868960139807314e-05,0.9997894167900085
swin,1,4,1335,nsrdb/19093,nsrdb/19093,133,43000,NSR,NSR,9.082975157070905e-05,0.00010209313040832058,0.9998070597648621
swin,1,4,1336,nsrdb/19093,nsrdb/19093,133,46500,NSR,NSR,8.90619630808942e-05,0.00010612997721182182,0.9998049139976501
swin,1,4,1337,nsrdb/19093,nsrdb/19093,133,47500,NSR,NSR,0.00010393799311714247,9.191068238578737e-05,0.9998041987419128
swin,1,4,1338,nsrdb/19093,nsrdb/19093,133,52000,NSR,ARR,0.8049700260162354,0.00015536518185399473,0.1948746144771576
swin,1,4,1339,nsrdb/19093,nsrdb/19093,133,62000,NSR,NSR,0.0003394102677702904,0.0013782661408185959,0.9982823133468628
swin,1,4,1400,nsrdb/16420,nsrdb/16420,140,2000,NSR,ARR,0.9993640780448914,0.0006162615609355271,1.960794543265365e-05
swin,1,4,1401,nsrdb/16420,nsrdb/16420,140,2500,NSR,ARR,0.996505618095398,0.0007762743043713272,0.00271805701777339
swin,1,4,1402,nsrdb/16420,nsrdb/16420,140,12500,NSR,NSR,0.001769892405718565,0.00017961546836886555,0.9980504512786865
swin,1,4,1403,nsrdb/16420,nsrdb/16420,140,15000,NSR,ARR,0.8388574719429016,0.02535325661301613,0.13578926026821136
swin,1,4,1404,nsrdb/16420,nsrdb/16420,140,25000,NSR,ARR,0.9613051414489746,0.001365205505862832,0.03732965886592865
swin,1,4,1405,nsrdb/16420,nsrdb/16420,140,35500,NSR,ARR,0.9836446046829224,0.00025156961055472493,0.016103893518447876
swin,1,4,1406,nsrdb/16420,nsrdb/16420,140,37500,NSR,NSR,5.1383398385951295e-05,0.0003363219148013741,0.9996123909950256
swin,1,4,1407,nsrdb/16420,nsrdb/16420,140,39500,NSR,NSR,0.3892911374568939,0.0013396332506090403,0.6093692183494568
swin,1,4,1408,nsrdb/16420,nsrdb/16420,140,43000,NSR,ARR,0.69753098487854,0.0006010633078403771,0.3018680214881897
swin,1,4,1409,nsrdb/16420,nsrdb/16420,140,46500,NSR,NSR,0.00011266007641097531,0.00012054671242367476,0.9997668862342834
swin,1,4,1470,nsrdb/17453,nsrdb/17453,147,4500,NSR,ARR,0.5421854853630066,0.001102316309697926,0.45671218633651733
swin,1,4,1471,nsrdb/17453,nsrdb/17453,147,34000,NSR,NSR,0.000285108748357743,5.552470975089818e-05,0.9996594190597534
swin,1,4,1472,nsrdb/17453,nsrdb/17453,147,43500,NSR,ARR,0.9994157552719116,0.0001854329602792859,0.0003989337128587067
swin,1,4,1473,nsrdb/17453,nsrdb/17453,147,46500,NSR,NSR,0.0005588308558799326,5.485185465659015e-05,0.9993863105773926
swin,1,4,1474,nsrdb/17453,nsrdb/17453,147,52000,NSR,NSR,0.0007850172114558518,6.135649891803041e-05,0.9991536140441895
swin,1,4,1475,nsrdb/17453,nsrdb/17453,147,56500,NSR,NSR,0.00024527733330614865,6.864761235192418e-05,0.9996861219406128
swin,1,4,1476,nsrdb/17453,nsrdb/17453,147,57000,NSR,NSR,0.0028767285402864218,6.069525989005342e-05,0.9970625042915344
swin,1,4,1477,nsrdb/17453,nsrdb/17453,147,59000,NSR,ARR,0.7936118245124817,7.883028592914343e-05,0.20630933344364166
swin,1,4,1478,nsrdb/17453,nsrdb/17453,147,60000,NSR,NSR,0.002047950867563486,4.875925515079871e-05,0.9979032278060913
swin,1,4,1479,nsrdb/17453,nsrdb/17453,147,64500,NSR,ARR,0.8858255743980408,0.00012277199130039662,0.11405154317617416
swin,1,4,1530,nsrdb/19093,nsrdb/19093,153,3000,NSR,NSR,0.2476741522550583,0.00019782851450145245,0.7521281242370605
swin,1,4,1531,nsrdb/19093,nsrdb/19093,153,6000,NSR,ARR,0.9998708963394165,2.17932574742008e-05,0.00010727824701461941
swin,1,4,1532,nsrdb/19093,nsrdb/19093,153,18500,NSR,ARR,0.9997990727424622,5.8048750361194834e-05,0.00014284628559835255
swin,1,4,1533,nsrdb/19093,nsrdb/19093,153,21000,NSR,ARR,0.9999220371246338,3.188024857081473e-05,4.607879600371234e-05
swin,1,4,1534,nsrdb/19093,nsrdb/19093,153,26500,NSR,ARR,0.9999185800552368,3.8002963265171275e-05,4.337274003773928e-05
swin,1,4,1535,nsrdb/19093,nsrdb/19093,153,37500,NSR,ARR,0.9999098777770996,5.709301694878377e-05,3.3020663977367803e-05
swin,1,4,1536,nsrdb/19093,nsrdb/19093,153,43000,NSR,ARR,0.9996761083602905,0.00010238921822747216,0.0002215442800661549
swin,1,4,1537,nsrdb/19093,nsrdb/19093,153,45500,NSR,ARR,0.999906063079834,2.2647311197943054e-05,7.129260484362021e-05
swin,1,4,1538,nsrdb/19093,nsrdb/19093,153,50500,NSR,ARR,0.9998676776885986,0.00010278064291924238,2.960370147775393e-05
swin,1,4,1539,nsrdb/19093,nsrdb/19093,153,61500,NSR,ARR,0.99991774559021,5.141507790540345e-05,3.0899260309524834e-05
swin,1,4,1560,nsrdb/16420,nsrdb/16420,156,3000,NSR,NSR,0.24427348375320435,0.00020265697094146162,0.7555238604545593
swin,1,4,1561,nsrdb/16420,nsrdb/16420,156,8500,NSR,NSR,0.48599377274513245,0.00017102211131714284,0.5138351917266846
swin,1,4,1562,nsrdb/16420,nsrdb/16420,156,17000,NSR,NSR,0.33345097303390503,0.00010912733705481514,0.6664398908615112
swin,1,4,1563,nsrdb/16420,nsrdb/16420,156,20000,NSR,ARR,0.6081075072288513,0.00015043371240608394,0.3917420208454132
swin,1,4,1564,nsrdb/16420,nsrdb/16420,156,23000,NSR,ARR,0.9820227026939392,7.500052743125707e-05,0.01790221966803074
swin,1,4,1565,nsrdb/16420,nsrdb/16420,156,27000,NSR,NSR,0.021837905049324036,0.00013753227540291846,0.9780244827270508
swin,1,4,1566,nsrdb/16420,nsrdb/16420,156,39000,NSR,NSR,0.04123508185148239,7.394297426799312e-05,0.9586909413337708
swin,1,4,1567,nsrdb/16420,nsrdb/16420,156,55500,NSR,NSR,0.006524214521050453,5.968319601379335e-05,0.9934160709381104
swin,1,4,1568,nsrdb/16420,nsrdb/16420,156,58500,NSR,NSR,0.00038858549669384956,4.95483836857602e-05,0.9995618462562561
swin,1,4,1569,nsrdb/16420,nsrdb/16420,156,61000,NSR,NSR,0.00032685184851288795,5.23134003742598e-05,0.999620795249939
swin,2,4,100,mitdb/119,mitdb/119,10,9000,ARR,ARR,0.9854443669319153,0.0015543897170573473,0.013001236133277416
swin,2,4,101,mitdb/119,mitdb/119,10,22000,ARR,ARR,0.9859701991081238,0.011871358379721642,0.0021584080532193184
swin,2,4,102,mitdb/119,mitdb/119,10,23500,ARR,ARR,0.9917942881584167,0.008084651082754135,0.00012103486369596794
swin,2,4,103,mitdb/119,mitdb/119,10,24500,ARR,ARR,0.9988431930541992,0.0011043651029467583,5.242862971499562e-05
swin,2,4,104,mitdb/119,mitdb/119,10,32500,ARR,ARR,0.9994620680809021,0.0003208980488125235,0.00021703008678741753
swin,2,4,105,mitdb/119,mitdb/119,10,50000,ARR,ARR,0.9990798234939575,1.7270509488298558e-05,0.0009029390057548881
swin,2,4,106,mitdb/119,mitdb/119,10,53500,ARR,NSR,0.05673540383577347,0.015904992818832397,0.9273595809936523
swin,2,4,107,mitdb/119,mitdb/119,10,57000,ARR,ARR,0.9988574981689453,0.0009992332197725773,0.0001432517310604453
swin,2,4,108,mitdb/119,mitdb/119,10,58500,ARR,ARR,0.9997016787528992,0.00015415463712997735,0.00014403200475499034
swin,2,4,109,mitdb/119,mitdb/119,10,61500,ARR,ARR,0.9987934827804565,0.0005565017927438021,0.0006499318988062441
swin,2,4,120,mitdb/121,mitdb/121,12,4000,ARR,ARR,0.999900221824646,6.063787077437155e-05,3.9072419895092025e-05
swin,2,4,121,mitdb/121,mitdb/121,12,5500,ARR,ARR,0.999903678894043,4.517120760283433e-05,5.114343002787791e-05
swin,2,4,122,mitdb/121,mitdb/121,12,9000,ARR,ARR,0.9998800754547119,8.353465818800032e-05,3.633027517935261e-05
swin,2,4,123,mitdb/121,mitdb/121,12,17000,ARR,ARR,0.9998983144760132,5.943067299085669e-05,4.223946598358452e-05
swin,2,4,124,mitdb/121,mitdb/121,12,32000,ARR,ARR,0.9998001456260681,2.5944849767256528e-05,0.00017384818056598306
swin,2,4,125,mitdb/121,mitdb/121,12,46500,ARR,ARR,0.9998981952667236,3.762732376344502e-05,6.417351687559858e-05
swin,2,4,126,mitdb/121,mitdb/121,12,55000,ARR,ARR,0.9999047517776489,4.7519642976112664e-05,4.766701385960914e-05
swin,2,4,127,mitdb/121,mitdb/121,12,56500,ARR,ARR,0.9998855590820312,8.058270032051951e-05,3.387289689271711e-05
swin,2,4,128,mitdb/121,mitdb/121,12,58500,ARR,ARR,0.9998823404312134,8.47598203108646e-05,3.285252387286164e-05
swin,2,4,129,mitdb/121,mitdb/121,12,64500,ARR,ARR,0.9998972415924072,6.274950283113867e-05,4.004612856078893e-05
swin,2,4,140,mitdb/123,mitdb/123,14,3500,ARR,ARR,0.9998999834060669,3.367725730640814e-05,6.624413799727336e-05
swin,2,4,141,mitdb/123,mitdb/123,14,18000,ARR,ARR,0.9998935461044312,3.108774035354145e-05,7.527306297561154e-05
swin,2,4,142,mitdb/123,mitdb/123,14,26000,ARR,ARR,0.9999061822891235,4.2036215745611116e-05,5.1690094551304355e-05
swin,2,4,143,mitdb/123,mitdb/123,14,28000,ARR,ARR,0.9999008178710938,3.7071906263008714e-05,6.209543789736927e-05
swin,2,4,144,mitdb/123,mitdb/123,14,28500,ARR,ARR,0.9999017715454102,3.4650187444640324e-05,6.358186510624364e-05
swin,2,4,145,mitdb/123,mitdb/123,14,31000,ARR,ARR,0.9998996257781982,3.338115129736252e-05,6.703296094201505e-05
swin,2,4,146,mitdb/123,mitdb/123,14,34000,ARR,ARR,0.9999045133590698,4.088287096237764e-05,5.4541149438591674e-05
swin,2,4,147,mitdb/123,mitdb/123,14,41000,ARR,ARR,0.9999005794525146,3.632222069427371e-05,6.310191383818164e-05
swin,2,4,148,mitdb/123,mitdb/123,14,52500,ARR,ARR,0.9998384714126587,2.1787813238915987e-05,0.00013970042346045375
swin,2,4,149,mitdb/123,mitdb/123,14,53500,ARR,ARR,0.9999032020568848,4.3540127080632374e-05,5.325492747942917e-05
swin,2,4,200,mitdb/205,mitdb/205,20,5500,ARR,ARR,0.9998563528060913,2.2498923499369994e-05,0.00012107494694646448
swin,2,4,201,mitdb/205,mitdb/205,20,11500,ARR,ARR,0.9998770952224731,2.587452036095783e-05,9.70510664046742e-05
swin,2,4,202,mitdb/205,mitdb/205,20,19500,ARR,ARR,0.999835729598999,2.2330015781335533e-05,0.00014189672947395593
swin,2,4,203,mitdb/205,mitdb/205,20,32500,ARR,ARR,0.9998518228530884,2.1542211470659822e-05,0.00012656919716391712
swin,2,4,204,mitdb/205,mitdb/205,20,33000,ARR,ARR,0.9998787641525269,2.592146302049514e-05,9.532450349070132e-05
swin,2,4,205,mitdb/205,mitdb/205,20,34000,ARR,ARR,0.9998668432235718,2.3762058845022693e-05,0.00010939264029730111
swin,2,4,206,mitdb/205,mitdb/205,20,45000,ARR,ARR,0.9998767375946045,2.489839243935421e-05,9.838081314228475e-05
swin,2,4,207,mitdb/205,mitdb/205,20,47000,ARR,ARR,0.9998759031295776,2.5024133719853126e-05,9.901948214974254e-05
swin,2,4,208,mitdb/205,mitdb/205,20,48000,ARR,ARR,0.9998252987861633,2.0561041310429573e-05,0.00015407639148179442
swin,2,4,209,mitdb/205,mitdb/205,20,64000,ARR,ARR,0.9998248219490051,1.9856495782732964e-05,0.00015535006241407245
swin,2,4,250,mitdb/210,mitdb/210,25,2500,ARR,ARR,0.9998940229415894,6.981543265283108e-05,3.611722058849409e-05
swin,2,4,251,mitdb/210,mitdb/210,25,11500,ARR,ARR,0.9998986721038818,5.7811052101897076e-05,4.346359128248878e-05
swin,2,4,252,mitdb/210,mitdb/210,25,16000,ARR,ARR,0.9998871088027954,6.137139280326664e-05,5.154728569323197e-05
swin,2,4,253,mitdb/210,mitdb/210,25,30000,ARR,ARR,0.9906882047653198,0.006628334987908602,0.002683472353965044
swin,2,4,254,mitdb/210,mitdb/210,25,31500,ARR,ARR,0.999862551689148,0.00010860041220439598,2.8878706871182658e-05
swin,2,4,255,mitdb/210,mitdb/210,25,32500,ARR,ARR,0.9998997449874878,6.012201265548356e-05,4.0224138501798734e-05
swin,2,4,256,mitdb/210,mitdb/210,25,49000,ARR,ARR,0.9998961687088013,6.668191781500354e-05,3.720668246387504e-05
swin,2,4,257,mitdb/210,mitdb/210,25,58500,ARR,ARR,0.9998125433921814,0.00016047628014348447,2.700532422750257e-05
swin,2,4,258,mitdb/210,mitdb/210,25,62000,ARR,ARR,0.974229633808136,0.02570035122334957,6.997571472311392e-05
swin,2,4,259,mitdb/210,mitdb/210,25,62500,ARR,ARR,0.9989109039306641,0.0010709959315136075,1.815249015635345e-05
swin,2,4,270,mitdb/213,mitdb/213,27,5000,ARR,ARR,0.9998782873153687,3.3401713153580204e-05,8.826502744341269e-05
swin,2,4,271,mitdb/213,mitdb/213,27,19000,ARR,CHF,0.04155263677239418,0.9583646655082703,8.268050441984087e-05
swin,2,4,272,mitdb/213,mitdb/213,27,44500,ARR,ARR,0.9969122409820557,0.0030416385270655155,4.61232011730317e-05
swin,2,4,273,mitdb/213,mitdb/213,27,45000,ARR,ARR,0.9998776912689209,8.012694888748229e-05,4.217495734337717e-05
swin,2,4,274,mitdb/213,mitdb/213,27,50500,ARR,ARR,0.999474823474884,0.00030534961842931807,0.00021979835582897067
swin,2,4,275,mitdb/213,mitdb/213,27,51000,ARR,ARR,0.9998817443847656,3.0051396606722847e-05,8.822730160318315e-05
swin,2,4,276,mitdb/213,mitdb/213,27,51500,ARR,ARR,0.9998934268951416,3.794507938437164e-05,6.865366594865918e-05
swin,2,4,277,mitdb/213,mitdb/213,27,53500,ARR,ARR,0.9998877048492432,3.0559189326595515e-05,8.176019764505327e-05
swin,2,4,278,mitdb/213,mitdb/213,27,59500,ARR,ARR,0.9903353452682495,0.009513508528470993,0.00015112521941773593
swin,2,4,279,mitdb/213,mitdb/213,27,62000,ARR,ARR,0.9986705780029297,0.0011025452986359596,0.00022688084573019296
swin,2,4,330,mitdb/103,mitdb/103,33,8000,ARR,ARR,0.9999005794525146,5.628019425785169e-05,4.3118696339661255e-05
swin,2,4,331,mitdb/103,mitdb/103,33,13000,ARR,ARR,0.9902004599571228,0.000853711913805455,0.008945809677243233
swin,2,4,332,mitdb/103,mitdb/103,33,18000,ARR,ARR,0.9998867511749268,4.050021743751131e-05,7.274129166034982e-05
swin,2,4,333,mitdb/103,mitdb/103,33,20000,ARR,ARR,0.9998959302902222,6.757933442713693e-05,3.645054675871506e-05
swin,2,4,334,mitdb/103,mitdb/103,33,26500,ARR,ARR,0.9998074173927307,4.9226622650166973e-05,0.00014343336806632578
swin,2,4,335,mitdb/103,mitdb/103,33,36000,ARR,ARR,0.9999043941497803,5.644203338306397e-05,3.914878470823169e-05
swin,2,4,336,mitdb/103,mitdb/103,33,37500,ARR,ARR,0.9999024868011475,5.307322498993017e-05,4.440532575245015e-05
swin,2,4,337,mitdb/103,mitdb/103,33,46000,ARR,ARR,0.9998979568481445,5.8888243074761704e-05,4.310172516852617e-05
swin,2,4,338,mitdb/103,mitdb/103,33,48000,ARR,ARR,0.9993510842323303,1.9824330593110062e-05,0.0006291597383096814
swin,2,4,339,mitdb/103,mitdb/103,33,64000,ARR,ARR,0.9998785257339478,3.4181233786512166e-05,8.729183173272759e-05
swin,2,4,400,mitdb/232,mitdb/232,40,2000,ARR,ARR,0.9919883012771606,0.0002864104462787509,0.007725283969193697
swin,2,4,401,mitdb/232,mitdb/232,40,8500,ARR,ARR,0.9560291767120361,0.004761021584272385,0.03920988366007805
swin,2,4,402,mitdb/232,mitdb/232,40,10000,ARR,ARR,0.9999022483825684,5.7777528127189726e-05,3.996693340013735e-05
swin,2,4,403,mitdb/232,mitdb/232,40,12000,ARR,ARR,0.9999048709869385,4.225763041176833e-05,5.276062074699439e-05
swin,2,4,404,mitdb/232,mitdb/232,40,20000,ARR,ARR,0.9999065399169922,4.386297587188892e-05,4.9589769332669675e-05
swin,2,4,405,mitdb/232,mitdb/232,40,24000,ARR,ARR,0.9999077320098877,3.893018583767116e-05,5.328707266016863e-05
swin,2,4,406,mitdb/232,mitdb/232,40,26500,ARR,ARR,0.9996891021728516,0.0002367131382925436,7.422421913361177e-05
swin,2,4,407,mitdb/232,mitdb/232,40,54000,ARR,ARR,0.9741025567054749,0.00012099983723601326,0.02577640302479267
swin,2,4,408,mitdb/232,mitdb/232,40,55500,ARR,ARR,0.9998654127120972,3.665503390948288e-05,9.790629701456055e-05
swin,2,4,409,mitdb/232,mitdb/232,40,60000,ARR,ARR,0.999903678894043,3.287654908490367e-05,6.339078390737996e-05
swin,2,4,440,mitdb/104,mitdb/104,44,6000,ARR,ARR,0.9998916387557983,5.482345659402199e-05,5.34869177499786e-05
swin,2,4,441,mitdb/104,mitdb/104,44,8500,ARR,ARR,0.9957572817802429,0.0014220242155715823,0.002820639405399561
swin,2,4,442,mitdb/104,mitdb/104,44,14500,ARR,ARR,0.9995958209037781,0.00010371227836003527,0.0003005568287335336
swin,2,4,443,mitdb/104,mitdb/104,44,17000,ARR,ARR,0.9998595714569092,3.313148408778943e-05,0.00010729739733505994
swin,2,4,444,mitdb/104,mitdb/104,44,20500,ARR,ARR,0.9952483773231506,0.004654343705624342,9.725624113343656e-05
swin,2,4,445,mitdb/104,mitdb/104,44,22000,ARR,ARR,0.9998683929443359,3.5866385587723926e-05,9.565472282702103e-05
swin,2,4,446,mitdb/104,mitdb/104,44,33500,ARR,ARR,0.9998235106468201,0.00013483881775755435,4.171904220129363e-05
swin,2,4,447,mitdb/104,mitdb/104,44,38500,ARR,ARR,0.9845729470252991,0.004843301139771938,0.010583748109638691
swin,2,4,448,mitdb/104,mitdb/104,44,50500,ARR,ARR,0.99826979637146,0.00044855548185296357,0.0012816748348996043
swin,2,4,449,mitdb/104,mitdb/104,44,63000,ARR,ARR,0.9999011754989624,5.314568625180982e-05,4.560411616694182e-05
swin,2,4,470,mitdb/103,mitdb/103,47,9500,ARR,ARR,0.999907374382019,5.250821413937956e-05,4.00121025450062e-05
swin,2,4,471,mitdb/103,mitdb/103,47,16000,ARR,ARR,0.9999059438705444,4.101395097677596e-05,5.302145655150525e-05
swin,2,4,472,mitdb/103,mitdb/103,47,20000,ARR,ARR,0.9999088048934937,4.427983731147833e-05,4.6938759624026716e-05
swin,2,4,473,mitdb/103,mitdb/103,47,29000,ARR,ARR,0.9999092817306519,4.6186520194169134e-05,4.4534717744681984e-05
swin,2,4,474,mitdb/103,mitdb/103,47,29500,ARR,ARR,0.9999065399169922,5.0915237807203084e-05,4.258165790815838e-05
swin,2,4,475,mitdb/103,mitdb/103,47,45000,ARR,ARR,0.9999042749404907,4.705157698481344e-05,4.8598005378153175e-05
swin,2,4,476,mitdb/103,mitdb/103,47,46000,ARR,ARR,0.9999047517776489,5.1893617637688294e-05,4.3441064917715266e-05
swin,2,4,477,mitdb/103,mitdb/103,47,47500,ARR,ARR,0.9999046325683594,4.391240872791968e-05,5.150239303475246e-05
swin,2,4,478,mitdb/103,mitdb/103,47,51000,ARR,ARR,0.9999053478240967,5.5085576605051756e-05,3.9539605495519936e-05
swin,2,4,479,mitdb/103,mitdb/103,47,61500,ARR,ARR,0.9999068975448608,4.572705802274868e-05,4.729770444100723e-05
swin,2,4,480,mitdb/104,mitdb/104,48,3500,ARR,ARR,0.9908148646354675,0.0011373460292816162,0.008047795854508877
swin,2,4,481,mitdb/104,mitdb/104,48,10000,ARR,ARR,0.9995836615562439,1.4604669559048489e-05,0.00040166464168578386
swin,2,4,482,mitdb/104,mitdb/104,48,24000,ARR,NSR,0.09838707745075226,0.00033613736741244793,0.9012767672538757
swin,2,4,483,mitdb/104,mitdb/104,48,36000,ARR,ARR,0.9999076128005981,4.864639777224511e-05,4.377513687359169e-05
swin,2,4,484,mitdb/104,mitdb/104,48,40500,ARR,ARR,0.9982728958129883,7.322210149141029e-05,0.0016539510106667876
swin,2,4,485,mitdb/104,mitdb/104,48,52500,ARR,ARR,0.9998989105224609,3.237709097447805e-05,6.867329648230225e-05
swin,2,4,486,mitdb/104,mitdb/104,48,56500,ARR,ARR,0.999477207660675,0.00043507153168320656,8.769676787778735e-05
swin,2,4,487,mitdb/104,mitdb/104,48,57500,ARR,ARR,0.999882698059082,2.5325536626041867e-05,9.199270425597206e-05
swin,2,4,488,mitdb/104,mitdb/104,48,58500,ARR,ARR,0.9998441934585571,4.935286415275186e-05,0.0001064024108927697
swin,2,4,489,mitdb/104,mitdb/104,48,60000,ARR,ARR,0.9998431205749512,2.4914657842600718e-05,0.00013198469241615385
swin,2,4,520,mitdb/108,mitdb/108,52,11500,ARR,ARR,0.9988448619842529,0.0010022580390796065,0.00015285291010513902
swin,2,4,521,mitdb/108,mitdb/108,52,23500,ARR,ARR,0.999869704246521,9.915844566421583e-05,3.11133662762586e-05
swin,2,4,522,mitdb/108,mitdb/108,52,26500,ARR,ARR,0.9998761415481567,8.281511691166088e-05,4.0995830204337835e-05
swin,2,4,523,mitdb/108,mitdb/108,52,28000,ARR,ARR,0.9985182881355286,0.0005027201259508729,0.0009790683398023248
swin,2,4,524,mitdb/108,mitdb/108,52,35500,ARR,ARR,0.9998925924301147,6.49580397293903e-05,4.237490793457255e-05
swin,2,4,525,mitdb/108,mitdb/108,52,37500,ARR,ARR,0.9998836517333984,7.993562758201733e-05,3.639168062363751e-05
swin,2,4,526,mitdb/108,mitdb/108,52,54500,ARR,ARR,0.9998946189880371,6.770026084268466e-05,3.7658741348423064e-05
swin,2,4,527,mitdb/108,mitdb/108,52,61000,ARR,ARR,0.9998767375946045,5.2607556426664814e-05,7.062343502184376e-05
swin,2,4,528,mitdb/108,mitdb/108,52,63500,ARR,ARR,0.8279908299446106,0.17185349762439728,0.00015567436639685184
swin,2,4,529,mitdb/108,mitdb/108,52,64000,ARR,ARR,0.9982228875160217,3.963834387832321e-05,0.0017375253373757005
swin,2,4,630,mitdb/119,mitdb/119,63,0,ARR,ARR,0.9999042749404907,4.029315823572688e-05,5.5424134188797325e-05
swin,2,4,631,mitdb/119,mitdb/119,63,8000,ARR,ARR,0.9998354911804199,0.0001382052432745695,2.6273397452314384e-05
swin,2,4,632,mitdb/119,mitdb/119,63,16000,ARR,ARR,0.9998953342437744,3.916968125849962e-05,6.543741619680077e-05
swin,2,4,633,mitdb/119,mitdb/119,63,23000,ARR,ARR,0.9999034404754639,3.73593793483451e-05,5.9271191275911406e-05
swin,2,4,634,mitdb/119,mitdb/119,63,31000,ARR,ARR,0.9999039173126221,4.726780025521293e-05,4.879550397163257e-05
swin,2,4,635,mitdb/119,mitdb/119,63,38500,ARR,ARR,0.9999011754989624,4.423792415764183e-05,5.46383744222112e-05
swin,2,4,636,mitdb/119,mitdb/119,63,43500,ARR,ARR,0.9993426203727722,0.0005446266150102019,0.00011268338130321354
swin,2,4,637,mitdb/119,mitdb/119,63,46000,ARR,ARR,0.9998875856399536,6.888773350510746e-05,4.351101233623922e-05
swin,2,4,638,mitdb/119,mitdb/119,63,54000,ARR,ARR,0.999901533126831,4.312951205065474e-05,5.531134956981987e-05
swin,2,4,639,mitdb/119,mitdb/119,63,62000,ARR,ARR,0.9999054670333862,4.039485793327913e-05,5.408672950579785e-05
swin,2,4,640,mitdb/121,mitdb/121,64,0,ARR,ARR,0.9998701810836792,4.2539279093034565e-05,8.720639743842185e-05
swin,2,4,641,mitdb/121,mitdb/121,64,7500,ARR,ARR,0.9999094009399414,4.6416807890636846e-05,4.42151322204154e-05
swin,2,4,642,mitdb/121,mitdb/121,64,11000,ARR,ARR,0.9999071359634399,3.760100298677571e-05,5.530897033168003e-05
swin,2,4,643,mitdb/121,mitdb/121,64,24000,ARR,ARR,0.9999064207077026,3.761718835448846e-05,5.589379361481406e-05
swin,2,4,644,mitdb/121,mitdb/121,64,25500,ARR,ARR,0.9999014139175415,5.129615601617843e-05,4.7378616727655753e-05
swin,2,4,645,mitdb/121,mitdb/121,64,26500,ARR,ARR,0.9999083280563354,4.3412932427600026e-05,4.831773912883364e-05
swin,2,4,646,mitdb/121,mitdb/121,64,42000,ARR,ARR,0.9999059438705444,4.2796225898200646e-05,5.1216517022112384e-05
swin,2,4,647,mitdb/121,mitdb/121,64,51000,ARR,ARR,0.9982056617736816,0.0011263728374615312,0.0006679526413790882
swin,2,4,648,mitdb/121,mitdb/121,64,57000,ARR,ARR,0.999894380569458,3.552817361196503e-05,7.008068496361375e-05
swin,2,4,649,mitdb/121,mitdb/121,64,60500,ARR,ARR,0.9999076128005981,4.1184004658134654e-05,5.118535045767203e-05
swin,2,4,670,mitdb/123,mitdb/123,67,7500,ARR,ARR,0.9999020099639893,3.446327173151076e-05,6.35879478068091e-05
swin,2,4,671,mitdb/123,mitdb/123,67,14000,ARR,ARR,0.9998218417167664,2.1648678739438765e-05,0.0001565395068610087
swin,2,4,672,mitdb/123,mitdb/123,67,18500,ARR,ARR,0.9999017715454102,3.277893119957298e-05,6.538350135087967e-05
swin,2,4,673,mitdb/123,mitdb/123,67,28500,ARR,ARR,0.999903678894043,3.5671571822604164e-05,6.067232243367471e-05
swin,2,4,674,mitdb/123,mitdb/123,67,31000,ARR,ARR,0.9998631477355957,2.447686711093411e-05,0.0001123518159147352
swin,2,4,675,mitdb/123,mitdb/123,67,32000,ARR,ARR,0.9998960494995117,3.221840233891271e-05,7.17334114597179e-05
swin,2,4,676,mitdb/123,mitdb/123,67,38500,ARR,ARR,0.9990094900131226,1.8303418983123265e-05,0.0009721018141135573
swin,2,4,677,mitdb/123,mitdb/123,67,47000,ARR,ARR,0.999890923500061,2.9801887649227865e-05,7.926529360702261e-05
swin,2,4,678,mitdb/123,mitdb/123,67,48000,ARR,ARR,0.9999045133590698,3.348525569890626e-05,6.196126196300611e-05
swin,2,4,679,mitdb/123,mitdb/123,67,59500,ARR,ARR,0.9999061822891235,4.156637078267522e-05,5.225408312981017e-05
swin,2,4,730,mitdb/205,mitdb/205,73,17000,ARR,ARR,0.9854252934455872,2.7873978979187086e-05,0.014546927995979786
swin,2,4,731,mitdb/205,mitdb/205,73,19000,ARR,ARR,0.9998819828033447,2.9099554012645967e-05,8.89026778168045e-05
swin,2,4,732,mitdb/205,mitdb/205,73,23500,ARR,ARR,0.999782145023346,2.365910950175021e-05,0.00019416115537751466
swin,2,4,733,mitdb/205,mitdb/205,73,28000,ARR,ARR,0.993929386138916,5.763332228525542e-05,0.006013034842908382
swin,2,4,734,mitdb/205,mitdb/205,73,40000,ARR,ARR,0.999874472618103,2.7666654204949737e-05,9.780882101040334e-05
swin,2,4,735,mitdb/205,mitdb/205,73,48000,ARR,ARR,0.9998997449874878,3.5236822441220284e-05,6.497839785879478e-05
swin,2,4,736,mitdb/205,mitdb/205,73,51500,ARR,NSR,0.05762965604662895,0.00074245739961043,0.9416279196739197
swin,2,4,737,mitdb/205,mitdb/205,73,61000,ARR,ARR,0.9996622800827026,1.7981557903112844e-05,0.0003197884652763605
swin,2,4,738,mitdb/205,mitdb/205,73,63000,ARR,ARR,0.9981301426887512,1.8611341147334315e-05,0.001851305947639048
swin,2,4,739,mitdb/205,mitdb/205,73,64500,ARR,ARR,0.9997976422309875,2.3495242203352973e-05,0.00017893707263283432
swin,2,4,780,mitdb/210,mitdb/210,78,2000,ARR,ARR,0.9999022483825684,5.328231054591015e-05,4.444891237653792e-05
swin,2,4,781,mitdb/210,mitdb/210,78,12500,ARR,ARR,0.9999030828475952,5.401103408075869e-05,4.2875559302046895e-05
swin,2,4,782,mitdb/210,mitdb/210,78,30000,ARR,NSR,0.017632927745580673,0.0004824743082281202,0.9818845391273499
swin,2,4,783,mitdb/210,mitdb/210,78,31500,ARR,ARR,0.99989914894104,6.0253772971918806e-05,4.069965871167369e-05
swin,2,4,784,mitdb/210,mitdb/210,78,32500,ARR,ARR,0.9998960494995117,6.572835991391912e-05,3.82379766961094e-05
swin,2,4,785,mitdb/210,mitdb/210,78,34500,ARR,ARR,0.9998975992202759,6.432114605559036e-05,3.800329068326391e-05
swin,2,4,786,mitdb/210,mitdb/210,78,40000,ARR,ARR,0.9998980760574341,6.283387483563274e-05,3.907271093339659e-05
swin,2,4,787,mitdb/210,mitdb/210,78,42000,ARR,ARR,0.9998985528945923,6.0291327827144414e-05,4.111479938728735e-05
swin,2,4,788,mitdb/210,mitdb/210,78,53000,ARR,ARR,0.9998948574066162,6.787398888263851e-05,3.732419645530172e-05
swin,2,4,789,mitdb/210,mitdb/210,78,64500,ARR,ARR,0.9999035596847534,5.108439290779643e-05,4.5268232497619465e-05
swin,2,4,800,mitdb/213,mitdb/213,80,9500,ARR,ARR,0.9998977184295654,6.326466973405331e-05,3.894591282005422e-05
swin,2,4,801,mitdb/213,mitdb/213,80,11500,ARR,ARR,0.9999027252197266,5.1247086958028376e-05,4.603042907547206e-05
swin,2,4,802,mitdb/213,mitdb/213,80,18500,ARR,ARR,0.999901533126831,5.10903300892096e-05,4.7322711907327175e-05
swin,2,4,803,mitdb/213,mitdb/213,80,19500,ARR,ARR,0.9999005794525146,3.580710836104117e-05,6.370378832798451e-05
swin,2,4,804,mitdb/213,mitdb/213,80,32000,ARR,ARR,0.9999001026153564,4.096824341104366e-05,5.8923818869516253e-05
swin,2,4,805,mitdb/213,mitdb/213,80,37500,ARR,ARR,0.9998823404312134,6.0714319261023775e-05,5.697276719729416e-05
swin,2,4,806,mitdb/213,mitdb/213,80,55500,ARR,ARR,0.9998962879180908,6.006576222716831e-05,4.3638508941512555e-05
swin,2,4,807,mitdb/213,mitdb/213,80,59000,ARR,ARR,0.8843958377838135,0.11532259732484818,0.0002814423351082951
swin,2,4,808,mitdb/213,mitdb/213,80,59500,ARR,ARR,0.99662184715271,0.0031165778636932373,0.000261626293649897
swin,2,4,809,mitdb/213,mitdb/213,80,62500,ARR,ARR,0.9998935461044312,5.080704067950137e-05,5.5702257668599486e-05
swin,2,4,880,mitdb/108,mitdb/108,88,500,ARR,ARR,0.9999054670333862,4.404598075780086e-05,5.0460745114833117e-05
swin,2,4,881,mitdb/108,mitdb/108,88,12000,ARR,ARR,0.9998810291290283,2.5784882382140495e-05,9.316360228694975e-05
swin,2,4,882,mitdb/108,mitdb/108,88,22000,ARR,ARR,0.9998807907104492,8.446371066384017e-05,3.466029738774523e-05
swin,2,4,883,mitdb/108,mitdb/108,88,24500,ARR,ARR,0.9998894929885864,7.073407323332503e-05,3.9795006159693e-05
swin,2,4,884,mitdb/108,mitdb/108,88,31000,ARR,ARR,0.9998549222946167,0.0001109781296690926,3.4125769161619246e-05
swin,2,4,885,mitdb/108,mitdb/108,88,35000,ARR,ARR,0.9998475313186646,0.00011640830780379474,3.599086994654499e-05
swin,2,4,886,mitdb/108,mitdb/108,88,43000,ARR,ARR,0.9998292922973633,0.00010832578846020624,6.229472637642175e-05
swin,2,4,887,mitdb/108,mitdb/108,88,49000,ARR,ARR,0.999782383441925,0.000187084122444503,3.051834210054949e-05
swin,2,4,888,mitdb/108,mitdb/108,88,60500,ARR,ARR,0.99988853931427,6.873030361020938e-05,4.2619649320840836e-05
swin,2,4,889,mitdb/108,mitdb/108,88,62500,ARR,ARR,0.7183077931404114,0.2808564305305481,0.0008358497289009392
swin,2,4,930,mitdb/232,mitdb/232,93,14000,ARR,ARR,0.9880657196044922,0.011048649437725544,0.0008856814820319414
swin,2,4,931,mitdb/232,mitdb/232,93,32500,ARR,NSR,0.4758557677268982,0.003080931259319186,0.5210633277893066
swin,2,4,932,mitdb/232,mitdb/232,93,33000,ARR,CHF,0.11011356115341187,0.8884167671203613,0.0014697110746055841
swin,2,4,933,mitdb/232,mitdb/232,93,35500,ARR,ARR,0.9246108531951904,0.07488343119621277,0.0005057323141954839
swin,2,4,934,mitdb/232,mitdb/232,93,51000,ARR,ARR,0.7378774285316467,0.2611953318119049,0.0009273330797441304
swin,2,4,935,mitdb/232,mitdb/232,93,55000,ARR,ARR,0.9997715353965759,0.00016159767983481288,6.686004780931398e-05
swin,2,4,936,mitdb/232,mitdb/232,93,55500,ARR,ARR,0.9077058434486389,0.09077581763267517,0.0015183729119598866
swin,2,4,937,mitdb/232,mitdb/232,93,57500,ARR,ARR,0.9908636212348938,0.008350355550646782,0.0007859511533752084
swin,2,4,938,mitdb/232,mitdb/232,93,61000,ARR,NSR,0.00435335049405694,0.2909688651561737,0.7046777606010437
swin,2,4,939,mitdb/232,mitdb/232,93,62500,ARR,ARR,0.9991520643234253,0.0008270532707683742,2.0835466784774326e-05
swin,2,4,1040,chfdb/chf02,chfdb/chf02,104,2000,CHF,CHF,0.005560358986258507,0.9944069385528564,3.27604211634025e-05
swin,2,4,1041,chfdb/chf02,chfdb/chf02,104,9000,CHF,CHF,0.008243073709309101,0.9917323589324951,2.4556438802392222e-05
swin,2,4,1042,chfdb/chf02,chfdb/chf02,104,12000,CHF,CHF,0.004557979758828878,0.9954148530960083,2.7157464501215145e-05
swin,2,4,1043,chfdb/chf02,chfdb/chf02,104,22000,CHF,CHF,0.008623600006103516,0.9913491606712341,2.7317379135638475e-05
swin,2,4,1044,chfdb/chf02,chfdb/chf02,104,36500,CHF,CHF,7.274838571902364e-05,0.9998812675476074,4.5945143938297406e-05
swin,2,4,1045,chfdb/chf02,chfdb/chf02,104,37000,CHF,CHF,0.0001516978518338874,0.9998114705085754,3.68223809346091e-05
swin,2,4,1046,chfdb/chf02,chfdb/chf02,104,40500,CHF,CHF,0.008145521394908428,0.9835935235023499,0.008260887116193771
swin,2,4,1047,chfdb/chf02,chfdb/chf02,104,42000,CHF,CHF,4.4620428525377065e-05,0.9998884201049805,6.69898436171934e-05
swin,2,4,1048,chfdb/chf02,chfdb/chf02,104,46500,CHF,CHF,6.309766467893496e-05,0.9998780488967896,5.879907985217869e-05
swin,2,4,1049,chfdb/chf02,chfdb/chf02,104,49500,CHF,CHF,0.00013210970791988075,0.9998227953910828,4.5169363147579134e-05
swin,2,4,1050,chfdb/chf03,chfdb/chf03,105,500,CHF,CHF,0.00015223016089294106,0.9998182654380798,2.9537040973082185e-05
swin,2,4,1051,chfdb/chf03,chfdb/chf03,105,4500,CHF,CHF,0.0005854244227521122,0.9993840456008911,3.0492428777506575e-05
swin,2,4,1052,chfdb/chf03,chfdb/chf03,105,10000,CHF,CHF,0.000160558323841542,0.9998076558113098,3.185499008395709e-05
swin,2,4,1053,chfdb/chf03,chfdb/chf03,105,16000,CHF,CHF,0.0008996977121569216,0.9990690350532532,3.13034288410563e-05
swin,2,4,1054,chfdb/chf03,chfdb/chf03,105,23000,CHF,CHF,0.0965539738535881,0.9033640623092651,8.193436951842159e-05
swin,2,4,1055,chfdb/chf03,chfdb/chf03,105,23500,CHF,CHF,0.04700985923409462,0.9529048204421997,8.53272940730676e-05
swin,2,4,1056,chfdb/chf03,chfdb/chf03,105,33000,CHF,CHF,0.0004757490532938391,0.9994974136352539,2.685476101760287e-05
swin,2,4,1057,chfdb/chf03,chfdb/chf03,105,47000,CHF,CHF,6.727001891704276e-05,0.9998878240585327,4.489593629841693e-05
swin,2,4,1058,chfdb/chf03,chfdb/chf03,105,50500,CHF,ARR,0.9982320666313171,0.0017369631677865982,3.096031286986545e-05
swin,2,4,1059,chfdb/chf03,chfdb/chf03,105,53500,CHF,CHF,0.0012476580450311303,0.9987282156944275,2.415327435301151e-05
swin,2,4,1070,chfdb/chf02,chfdb/chf02,107,1500,CHF,CHF,3.373173240106553e-05,0.9998835325241089,8.27109906822443e-05
swin,2,4,1071,chfdb/chf02,chfdb/chf02,107,5500,CHF,CHF,0.00010790038504637778,0.9998388290405273,5.3274459787644446e-05
swin,2,4,1072,chfdb/chf02,chfdb/chf02,107,9000,CHF,CHF,4.611684926203452e-05,0.9998921155929565,6.178824696689844e-05
swin,2,4,1073,chfdb/chf02,chfdb/chf02,107,28500,CHF,CHF,3.431937511777505e-05,0.999882698059082,8.300748595502228e-05
swin,2,4,1074,chfdb/chf02,chfdb/chf02,107,29500,CHF,CHF,3.6967241612728685e-05,0.9998905658721924,7.243580330396071e-05
swin,2,4,1075,chfdb/chf02,chfdb/chf02,107,42500,CHF,CHF,3.643829404609278e-05,0.98610919713974,0.013854319229722023
swin,2,4,1076,chfdb/chf02,chfdb/chf02,107,47000,CHF,CHF,2.4365977878915146e-05,0.9998133778572083,0.00016232888447120786
swin,2,4,1077,chfdb/chf02,chfdb/chf02,107,50000,CHF,CHF,6.520790338981897e-05,0.9998607635498047,7.4061106715817e-05
swin,2,4,1078,chfdb/chf02,chfdb/chf02,107,58500,CHF,CHF,8.698411693330854e-05,0.9998652935028076,4.7659315896453336e-05
swin,2,4,1079,chfdb/chf02,chfdb/chf02,107,61000,CHF,CHF,3.111424666712992e-05,0.9998722076416016,9.661913645686582e-05
swin,2,4,1120,chfdb/chf09,chfdb/chf09,112,1000,CHF,CHF,0.00020028483413625509,0.9997557997703552,4.389105015434325e-05
swin,2,4,1121,chfdb/chf09,chfdb/chf09,112,12000,CHF,CHF,0.000202926283236593,0.9997612833976746,3.5786077205557376e-05
swin,2,4,1122,chfdb/chf09,chfdb/chf09,112,16000,CHF,CHF,0.0002802133676595986,0.9996939897537231,2.5787139747990295e-05
swin,2,4,1123,chfdb/chf09,chfdb/chf09,112,25500,CHF,CHF,0.00011600364814512432,0.9998481273651123,3.584548176149838e-05
swin,2,4,1124,chfdb/chf09,chfdb/chf09,112,28500,CHF,CHF,0.012697012163698673,0.9627846479415894,0.0245183315128088
swin,2,4,1125,chfdb/chf09,chfdb/chf09,112,50500,CHF,CHF,0.007332542445510626,0.934664249420166,0.05800319463014603
swin,2,4,1126,chfdb/chf09,chfdb/chf09,112,53500,CHF,CHF,0.00011960501433350146,0.9998302459716797,5.00725072924979e-05
swin,2,4,1127,chfdb/chf09,chfdb/chf09,112,56000,CHF,ARR,0.9981805086135864,0.0017923795385286212,2.716617200348992e-05
swin,2,4,1128,chfdb/chf09,chfdb/chf09,112,57000,CHF,CHF,7.339577132370323e-05,0.9996868371963501,0.00023976662487257272
swin,2,4,1129,chfdb/chf09,chfdb/chf09,112,58000,CHF,CHF,0.005300138611346483,0.9946237802505493,7.607491716044024e-05
swin,2,4,1180,chfdb/chf03,chfdb/chf03,118,1000,CHF,ARR,0.9389737248420715,0.059091828763484955,0.0019345058826729655
swin,2,4,1181,chfdb/chf03,chfdb/chf03,118,23000,CHF,ARR,0.9969373941421509,0.0028788356576114893,0.00018376467050984502
swin,2,4,1182,chfdb/chf03,chfdb/chf03,118,24000,CHF,ARR,0.9997524619102478,0.00020343468349892646,4.408756649354473e-05
swin,2,4,1183,chfdb/chf03,chfdb/chf03,118,31000,CHF,CHF,0.00022905386867932975,0.9997199177742004,5.098925976199098e-05
swin,2,4,1184,chfdb/chf03,chfdb/chf03,118,34000,CHF,CHF,0.00011978816473856568,0.999826967716217,5.327088001649827e-05
swin,2,4,1185,chfdb/chf03,chfdb/chf03,118,43500,CHF,ARR,0.9998630285263062,9.059305011760443e-05,4.638704194803722e-05
swin,2,4,1186,chfdb/chf03,chfdb/chf03,118,44000,CHF,CHF,0.0001353448024019599,0.9996036887168884,0.00026093170163221657
swin,2,4,1187,chfdb/chf03,chfdb/chf03,118,44500,CHF,ARR,0.9995971322059631,0.0003612952132243663,4.154143971391022e-05
swin,2,4,1188,chfdb/chf03,chfdb/chf03,118,47500,CHF,CHF,0.00019481955678202212,0.9997695088386536,3.564386133803055e-05
swin,2,4,1189,chfdb/chf03,chfdb/chf03,118,53000,CHF,CHF,0.0002634900447446853,0.9996817111968994,5.476961814565584e-05
swin,2,4,1250,chfdb/chf09,chfdb/chf09,125,1500,CHF,CHF,3.191160794813186e-05,0.999382495880127,0.0005856013740412891
swin,2,4,1251,chfdb/chf09,chfdb/chf09,125,3500,CHF,CHF,1.8780578102450818e-05,0.9967013001441956,0.0032799034379422665
swin,2,4,1252,chfdb/chf09,chfdb/chf09,125,20000,CHF,NSR,7.289373752428219e-05,0.34950727224349976,0.6504198312759399
swin,2,4,1253,chfdb/chf09,chfdb/chf09,125,35000,CHF,CHF,8.180789882317185e-05,0.9994544386863708,0.0004637708480004221
swin,2,4,1254,chfdb/chf09,chfdb/chf09,125,38000,CHF,CHF,1.4304440810519736e-05,0.9976320266723633,0.002353676361963153
swin,2,4,1255,chfdb/chf09,chfdb/chf09,125,51500,CHF,CHF,4.5037879317533225e-05,0.9998706579208374,8.429652370978147e-05
swin,2,4,1256,chfdb/chf09,chfdb/chf09,125,55500,CHF,CHF,1.8315813576919027e-05,0.9946789741516113,0.005302779376506805
swin,2,4,1257,chfdb/chf09,chfdb/chf09,125,58500,CHF,CHF,3.9096925320336595e-05,0.9270925521850586,0.07286832481622696
swin,2,4,1258,chfdb/chf09,chfdb/chf09,125,62000,CHF,CHF,5.612089080386795e-05,0.9859674572944641,0.013976385816931725
swin,2,4,1259,chfdb/chf09,chfdb/chf09,125,62500,CHF,CHF,4.470922431210056e-05,0.9425616264343262,0.05739367753267288
swin,2,4,1280,nsrdb/17453,nsrdb/17453,128,5500,NSR,NSR,0.0031020112801343203,8.07372634881176e-05,0.9968172311782837
swin,2,4,1281,nsrdb/17453,nsrdb/17453,128,10500,NSR,NSR,0.07688755542039871,0.033027611672878265,0.8900848031044006
swin,2,4,1282,nsrdb/17453,nsrdb/17453,128,19500,NSR,NSR,0.0001732267701299861,0.0007527448469772935,0.9990741014480591
swin,2,4,1283,nsrdb/17453,nsrdb/17453,128,20000,NSR,NSR,9.479347500018775e-05,0.0001844672515289858,0.9997207522392273
swin,2,4,1284,nsrdb/17453,nsrdb/17453,128,21500,NSR,NSR,0.0004917528131045401,5.6279201089637354e-05,0.9994520545005798
swin,2,4,1285,nsrdb/17453,nsrdb/17453,128,34000,NSR,NSR,0.01239289902150631,0.1103634312748909,0.8772436380386353
swin,2,4,1286,nsrdb/17453,nsrdb/17453,128,38000,NSR,NSR,0.0002441002579871565,0.0004779622540809214,0.9992780089378357
swin,2,4,1287,nsrdb/17453,nsrdb/17453,128,51500,NSR,NSR,0.00011650663509499282,0.00017959419346880168,0.9997038245201111
swin,2,4,1288,nsrdb/17453,nsrdb/17453,128,53000,NSR,NSR,0.0001202768471557647,0.00010235956142423674,0.9997773766517639
swin,2,4,1289,nsrdb/17453,nsrdb/17453,128,60500,NSR,ARR,0.9841720461845398,5.1785613322863355e-05,0.01577625796198845
swin,2,4,1330,nsrdb/19093,nsrdb/19093,133,500,NSR,NSR,0.00015516251733060926,5.39497887075413e-05,0.9997908473014832
swin,2,4,1331,nsrdb/19093,nsrdb/19093,133,9500,NSR,NSR,0.0003449521027505398,4.16218645113986e-05,0.9996134638786316
swin,2,4,1332,nsrdb/19093,nsrdb/19093,133,22000,NSR,NSR,0.0002819020301103592,8.692660048836842e-05,0.9996311664581299
swin,2,4,1333,nsrdb/19093,nsrdb/19093,133,34500,NSR,NSR,0.016575871035456657,0.00040208688005805016,0.9830220937728882
swin,2,4,1334,nsrdb/19093,nsrdb/19093,133,42500,NSR,NSR,0.00035880610812455416,3.9492333598900586e-05,0.9996017813682556
swin,2,4,1335,nsrdb/19093,nsrdb/19093,133,43000,NSR,NSR,0.00016491542919538915,6.636499165324494e-05,0.9997686743736267
swin,2,4,1336,nsrdb/19093,nsrdb/19093,133,46500,NSR,NSR,0.00024282817321363837,5.946987585048191e-05,0.9996976852416992
swin,2,4,1337,nsrdb/19093,nsrdb/19093,133,47500,NSR,NSR,0.00024775744532234967,4.95095518999733e-05,0.9997027516365051
swin,2,4,1338,nsrdb/19093,nsrdb/19093,133,52000,NSR,NSR,0.0025958989281207323,5.01824397360906e-05,0.9973539113998413
swin,2,4,1339,nsrdb/19093,nsrdb/19093,133,62000,NSR,ARR,0.9024626612663269,0.0004363239277154207,0.09710102528333664
swin,2,4,1400,nsrdb/16420,nsrdb/16420,140,2000,NSR,CHF,0.004164882004261017,0.8219872713088989,0.17384779453277588
swin,2,4,1401,nsrdb/16420,nsrdb/16420,140,2500,NSR,ARR,0.9095291495323181,0.0001826479856390506,0.09028813242912292
swin,2,4,1402,nsrdb/16420,nsrdb/16420,140,12500,NSR,NSR,0.0002454935747664422,5.2176859753672034e-05,0.9997022747993469
swin,2,4,1403,nsrdb/16420,nsrdb/16420,140,15000,NSR,NSR,0.002484841737896204,0.00186560966540128,0.9956496357917786
swin,2,4,1404,nsrdb/16420,nsrdb/16420,140,25000,NSR,NSR,5.371215593186207e-05,0.0003431150398682803,0.9996032118797302
swin,2,4,1405,nsrdb/16420,nsrdb/16420,140,35500,NSR,ARR,0.8118127584457397,0.0023368457332253456,0.18585041165351868
swin,2,4,1406,nsrdb/16420,nsrdb/16420,140,37500,NSR,NSR,5.3182306146482006e-05,0.0004353275871835649,0.9995114803314209
swin,2,4,1407,nsrdb/16420,nsrdb/16420,140,39500,NSR,NSR,0.00010533309978200123,0.005466077011078596,0.9944285154342651
swin,2,4,1408,nsrdb/16420,nsrdb/16420,140,43000,NSR,NSR,0.0025664351414889097,0.00027849889011122286,0.9971550703048706
swin,2,4,1409,nsrdb/16420,nsrdb/16420,140,46500,NSR,NSR,0.0001025017918436788,0.00016110639262478799,0.9997363686561584
swin,2,4,1470,nsrdb/17453,nsrdb/17453,147,4500,NSR,CHF,0.008322805166244507,0.7629421353340149,0.2287350594997406
swin,2,4,1471,nsrdb/17453,nsrdb/17453,147,34000,NSR,NSR,8.95863922778517e-05,0.00012530895764939487,0.9997851252555847
swin,2,4,1472,nsrdb/17453,nsrdb/17453,147,43500,NSR,CHF,0.0046605803072452545,0.5579766631126404,0.43736279010772705
swin,2,4,1473,nsrdb/17453,nsrdb/17453,147,46500,NSR,NSR,0.2639545202255249,0.0010464200749993324,0.7349990606307983
swin,2,4,1474,nsrdb/17453,nsrdb/17453,147,52000,NSR,NSR,0.012565229088068008,0.00034717522794380784,0.987087607383728
swin,2,4,1475,nsrdb/17453,nsrdb/17453,147,56500,NSR,NSR,0.0001780461025191471,8.352871373062953e-05,0.9997383952140808
swin,2,4,1476,nsrdb/17453,nsrdb/17453,147,57000,NSR,NSR,8.834979234961793e-05,0.0001702058216324076,0.9997414946556091
swin,2,4,1477,nsrdb/17453,nsrdb/17453,147,59000,NSR,NSR,0.00027014673105441034,0.0010317895794287324,0.9986979961395264
swin,2,4,1478,nsrdb/17453,nsrdb/17453,147,60000,NSR,NSR,0.0010127660352736712,0.0008089304901659489,0.9981783628463745
swin,2,4,1479,nsrdb/17453,nsrdb/17453,147,64500,NSR,NSR,0.0011617938289418817,0.009217651560902596,0.989620566368103
swin,2,4,1530,nsrdb/19093,nsrdb/19093,153,3000,NSR,ARR,0.8250680565834045,0.000704348785802722,0.17422759532928467
swin,2,4,1531,nsrdb/19093,nsrdb/19093,153,6000,NSR,ARR,0.9998053908348083,2.753434637270402e-05,0.00016715633682906628
swin,2,4,1532,nsrdb/19093,nsrdb/19093,153,18500,NSR,CHF,0.06777423620223999,0.9316163659095764,0.0006093819974921644
swin,2,4,1533,nsrdb/19093,nsrdb/19093,153,21000,NSR,ARR,0.9969333410263062,0.00011694923887262121,0.0029496620409190655
swin,2,4,1534,nsrdb/19093,nsrdb/19093,153,26500,NSR,ARR,0.9974442720413208,3.5697215935215354e-05,0.002520116278901696
swin,2,4,1535,nsrdb/19093,nsrdb/19093,153,37500,NSR,ARR,0.9985130429267883,8.28514966997318e-05,0.0014041208196431398
swin,2,4,1536,nsrdb/19093,nsrdb/19093,153,43000,NSR,ARR,0.9980438947677612,0.0009938328294083476,0.0009622329962439835
swin,2,4,1537,nsrdb/19093,nsrdb/19093,153,45500,NSR,ARR,0.9998395442962646,2.7111858798889443e-05,0.00013336182746570557
swin,2,4,1538,nsrdb/19093,nsrdb/19093,153,50500,NSR,ARR,0.9756799936294556,0.0037797701079398394,0.020540231838822365
swin,2,4,1539,nsrdb/19093,nsrdb/19093,153,61500,NSR,NSR,0.3935849666595459,0.01541732344776392,0.5909976959228516
swin,2,4,1560,nsrdb/16420,nsrdb/16420,156,3000,NSR,NSR,0.009694231674075127,8.708183304406703e-05,0.9902186989784241
swin,2,4,1561,nsrdb/16420,nsrdb/16420,156,8500,NSR,NSR,0.002174951834604144,2.9962637199787423e-05,0.9977951049804688
swin,2,4,1562,nsrdb/16420,nsrdb/16420,156,17000,NSR,NSR,0.0026828842237591743,3.7366116885095835e-05,0.9972797632217407
swin,2,4,1563,nsrdb/16420,nsrdb/16420,156,20000,NSR,NSR,0.02318459376692772,3.887545608449727e-05,0.9767764806747437
swin,2,4,1564,nsrdb/16420,nsrdb/16420,156,23000,NSR,ARR,0.9980529546737671,1.3420914001471829e-05,0.0019335639663040638
swin,2,4,1565,nsrdb/16420,nsrdb/16420,156,27000,NSR,ARR,0.8550319075584412,4.778050788445398e-05,0.1449202299118042
swin,2,4,1566,nsrdb/16420,nsrdb/16420,156,39000,NSR,NSR,0.00024940099683590233,7.280491990968585e-05,0.9996777772903442
swin,2,4,1567,nsrdb/16420,nsrdb/16420,156,55500,NSR,NSR,0.0002182952594012022,5.2624669478973374e-05,0.9997289776802063
swin,2,4,1568,nsrdb/16420,nsrdb/16420,156,58500,NSR,NSR,0.00023443620011676103,4.990915476810187e-05,0.9997156262397766
swin,2,4,1569,nsrdb/16420,nsrdb/16420,156,61000,NSR,NSR,0.000242627298575826,5.666539800586179e-05,0.9997007846832275
