record_id,patient_id,split,label,waveform_sha256,fold,partition,study_partition,engineering
00019,P17913,train,0,bd22bd70c007daaecad782d36a3ccf9236a3d6ceed7ca46ebb21dcb4a7cd63dc,2,fit,model_fit,0
00022,P06953,train,0,273426ae3dab567fb28bb2adae0bcad9917acd6bf47f4e77caf087d7bd710504,1,fit,model_fit,0
00027,P04228,train,0,436d6d6cfe4350cfa4cf9c5196b4a5c9ac7cb2647dd264fca581319b2af644fe,2,fit,model_fit,0
00031,P03897,train,0,814bb8ab8c1bfc7b2513cbe7ad9ce37b11bb44543c3706c829a9f2a19ad902cd,1,fit,model_evaluation,0
00036,P04386,train,0,8e636eada0449aab87be4eaa80a10300d8919fd6772b7f47ce343831129356de,3,fit,model_fit,0
00048,P04643,train,0,a6f48d27c354fff521042ffef4268048d053a8bafaf595690683c09004fb28db,3,fit,model_fit,0
00069,P13799,train,0,2fd39751ad8bcd72a6751954daa891ed86cca62b28d71d59cd136772226c3541,4,fit,model_fit,0
00075,P11468,train,0,bdd490760c6306edfb9efd801cf33a6b94b8e3e436dacd81a5224ddb34a17bf4,2,fit,model_evaluation,0
00091,P16758,train,0,b7ce9d56ed6da4a9e334996ffba99509b965f67f8abb697feb077cb07d264ff8,2,fit,model_fit,1
00092,P03623,train,0,d96ae5c4e34122885ef7e775d7c625662e30bbee94be77f97033fb0d12b10fdf,2,fit,model_evaluation,0
00096,P18035,train,0,7a6d524c02ffeb015d7336eaec6001ba6c3dbbf6b72dcb4f0ad0bba2fb6fab1c,2,fit,model_evaluation,0
00110,P02414,train,0,25a6f200092634262ef1090a87896707f66a300b34ed1c296b9b65419d3885e1,1,fit,model_fit,1
00112,P06524,train,0,484facd6d1a77ab4257b869197a6a10aa52ceb8f9d5c90a700c87375f19d4bae,1,fit,model_fit,1
00124,P04114,train,0,46d96d2b762874eba5d856607bb64e8863100792decaa5df41fe2cee23af84a1,3,fit,model_fit,0
00136,P01618,train,0,91289d7b04128101738eb026a1165dda7c9c7756ec8e40274405b707731017b7,3,fit,model_fit,0
00138,P11862,train,0,2679ff2923bbbe3aa181febf0c01bc3ce0509c8fd0fc635d078a8fb19f508244,1,fit,model_fit,1
00144,P14106,train,0,cb6a0d59ad5b87a7238f6d77b120787d272ef0642288c582cb47603511924380,4,fit,model_fit,0
00150,P08849,train,0,ee07f900f74604c535770cec709e97f9014d324b42a5a9966310ba47a53eb563,3,fit,model_evaluation,0
00156,P15226,train,0,e38c8879226512e57e923a8b165d28e5f678a96356ca68794744ed25bb79e337,4,fit,model_fit,0
00162,P02812,train,0,c66699a013fdb63ab5c51eb6382df4a9a542a6f7c80d2b3f699f240d09b20e2f,4,fit,model_fit,0
00163,P05383,train,0,eacc27dc945998067be908078fbeebef9cf6aa331cb796cf30fdbcca70984127,3,fit,model_evaluation,0
00165,P06575,train,0,0be43c0b4991c90e607ca0864e7b07e8751b5e182945ecd4dad5dcd2012d6e4f,2,fit,model_fit,0
00170,P11205,train,0,e06c76c2411e709dd1d60987ba274688d01d625eeeb738fc0058284c0f4c7511,3,fit,model_fit,1
00172,P18372,train,0,2dda06a106ed8d0f773c52d3d15176bb36b53481b15ab1c5e2064dec3e26670d,2,fit,model_fit,1
00176,P16446,train,0,f260a4cf1f90f012937b06102768dc3eb4f401827106174e9305aaa2cc17fbd5,3,fit,model_fit,0
00192,P08819,train,0,8b1fda828ffe7ace73d3937fcf41edfd5e1cd6fb35d865fbeec94cfbd5c17e26,2,fit,model_fit,0
00197,P16589,train,0,b4e66cb350a5d6444c6baa624be45ca21a893f17e31e8f178189283c7f7ef856,3,fit,model_fit,0
00212,P06951,train,0,69a9ec356db82d01b3139e56e1a81f23ea0e71afe94052a7164980243bae6a6c,1,fit,model_fit,1
00214,P14991,train,0,a7d201ed52f6d91b95c81a87852fcf1f56f93c43a2a77be84ad2202d5cc6033b,2,fit,model_fit,0
00216,P15697,train,0,d26bbfd5cc6b4338f966ff588990ef4cac568e8c3ebff7e988631841051bea82,2,fit,model_fit,0
00237,P05784,train,0,a2fd2b19f662def3e4d3726a182b36049c723e87203febeac582de9a62664051,1,fit,model_fit,0
00238,P03540,train,0,6f533739aed57f504534617689ffa399c6f556b533695cffb141455ea8e4082b,4,fit,model_fit,1
00244,P14867,train,0,eaef96e4539388fbfb18304b8c3251bbca1b859b7fde1c036956eb42bbb37eb6,2,fit,model_fit,0
00251,P05196,train,0,7bd8851b81ebdcc6efbe7c5e92cbd0fd7b36de514690223010dcb6a5a58ca976,2,fit,model_fit,0
00259,P01364,train,0,8e28266a42dd3686c0932ded44293fa0112e910dcbebbb4b058a16ddb7339f72,3,fit,model_fit,1
00264,P08250,train,0,718f7dadcb03ff3c296e8835af3d5721df6b41113f2a3d74d9abf73c3ed1835c,1,fit,model_fit,0
00271,P07049,train,0,e20fbad982c81360515bf90f29fd3fd1069a56333e0937ed6e11cdaab3fd86c7,4,fit,model_fit,1
00298,P10236,train,0,e69954270162a3afd83415df7574a14677ca9d1fe5f2d21bc7ab141537c34bc1,4,fit,model_evaluation,0
00309,P10600,train,0,046cefe62744f8462c50c44d7b17b582c04248378ef04c9df7d91b37d2b310c6,4,fit,model_fit,0
00310,P03073,train,0,6f6a1a44fa5d40da8345f431d35c6b978117bafeed3214374915f61b951ca829,2,fit,model_evaluation,0
00318,P09167,train,0,6c0493db2f48bb9844539a50025f4cb57d998fe8f2325d0638d46868021df974,3,fit,model_fit,0
00319,P12142,train,0,76ea4920c5bac7a0518f2e4f7fe7fb3b2caeeffc7aa4632520d83470debf0948,4,fit,model_fit,0
00326,P00542,train,0,1ee0b64609a02b66303db29f4fa5d3b79a7acd3711de672f48965288db3d2e24,4,fit,model_evaluation,0
00349,P17270,train,0,f50c8944e8ef52b88bea70b5f1c9168ecce871c22328f10bad0914289f980460,4,fit,model_evaluation,0
00388,P06533,train,0,245f4dc5b2a366aef4f99a2cec8d0f74f07bd1105f2ff948c0735b9c84269570,2,fit,model_evaluation,0
00389,P04865,train,0,76ba24ef67df517996697b567a8bde4788a585f81cb8dce7192420f472a6f534,4,fit,model_fit,0
00395,P09560,train,0,e80c76ea72753df647da1e6e4c135fe51c76d640436d604d5378a09e9bed5f30,2,fit,model_fit,1
00419,P04268,train,0,c04575fe4161c2a1e6ff6d429294e7982dcfd738566e164195f2b4dd86a6db44,4,fit,model_evaluation,0
00431,P15871,train,0,79a77da747af1578b409ee8e340640eaf0c423456d4cc6cc276f713e2b9c5e03,2,fit,model_fit,0
00443,P04588,train,0,6c2bd0a21035db8902976eb913dbef1a3e92ba5b56dd879379346cf74e8f3d19,2,fit,model_fit,0
00447,P08194,train,0,35f1f557f2aa2cab6cb302ea5f714b35dda66fed57d380022836db86229944c1,2,fit,model_fit,0
00448,P03367,train,1,6be040f8268e1dfc31f565faa4e92101fe14d11d1eae181ee76ab5683a7d3fdf,3,fit,model_evaluation,0
00459,P10083,train,0,838e0861e8c19e3e7641df5c82ddbe1461702e1e4a73dd226a789b838deade63,4,fit,model_evaluation,0
00460,P04563,train,0,8c7f8b1bbf9f8c8240941391028eacf5934a44a5936f86ef5ce9af847c229943,1,fit,model_fit,0
00470,P01469,train,0,562dde5d647d7dc0f616514601550980af5274514206ef1aea1d494a7f962bb3,3,fit,model_fit,0
00472,P05864,train,0,a0b4cf70edd1b037f850790006f6fd41150d31e0af702b04e2fb39d4e0b3dfe3,3,fit,model_fit,0
00485,P13939,train,0,d974c86eb533ccc7513f8a01ca042a48cf80d97761a3b5a7f150cedfc38c6e49,1,fit,model_fit,0
00494,P01423,train,0,849a57ad9589888c974d6c248500bc9e8d449c4dd49ccce09cb2142c97dffe0f,2,fit,model_fit,0
00500,P07689,train,0,2e8c78a6aba5eaa198c473046b00ee717a17c692c6c3b0e84d674f57041ea234,3,fit,model_fit,0
00515,P02424,train,0,c501affa4113a2023ae0464f4c92e3a71049ed4f8cab54f314032e8d5823b941,2,fit,model_fit,0
00524,P00627,train,0,9bfad0cbd1d227fb85086c5d51c53d75290672801e07e9d7a64f66429c5c511c,3,fit,model_evaluation,0
00541,P12582,train,0,a0ceaf33cb95011243c82ea07edaeb75ed6a026cf8c67bda66be2e3bdf080def,2,fit,model_fit,1
00569,P03830,train,0,ea308c8d2958ef36d23a7ff71229ef76496d8d6489ce7fb08332423e7c5f27a3,4,fit,model_fit,1
00571,P01430,train,0,fb734ce369c4c5540a5a6a734d8e5e63c17fa9b85e5173f9836477dc0793b5dd,2,fit,model_fit,0
00573,P00074,train,0,2a9e271a13d21139fc87b74e9516ca8c1b1a68c79d31b8d896fa0e0203541640,2,fit,model_fit,0
00574,P15250,train,0,ea5abab20693c648ce16934f59289b75c780e864b15d67c18664fa774f24a3c4,3,fit,model_fit,0
00583,P04411,train,0,af97fbe174dfea0e163c3726efcbd3456eb7995e4ee07adb7e2e6d50f2ae2451,2,fit,model_evaluation,0
00588,P06093,train,0,716438f614b88566be221ee780610d30ae7e0a3e6a75a302572d0063d6b2a09b,2,fit,model_fit,1
00601,P05151,train,0,d7eabaa943eee6ae4e6b4f6d660cc20256769b6e0f9eb7edc60dcbc85a38a44a,3,fit,model_fit,1
00602,P13657,train,0,c2716c4e474eba3e44d85e361975ca6205946515c181f8692b02e7465540618f,2,fit,model_fit,1
00603,P13363,train,1,8dd2df64b1524837e035282f39fb3a98a9f1f91e71b5fd50b68416064475e956,3,fit,model_fit,0
00604,P03075,train,0,fc3af89adfc5de78fac7a8387a5e07ee7e52c1da5b9416a07fab87f3b9223e79,3,fit,model_fit,0
00607,P09187,train,0,ff1edb2e8ef22dcf4c747958bbaa7c7377479fb03597ca7a57b3c65184939584,4,fit,model_evaluation,0
00613,P18182,train,0,c3bce2dd3b298582eec02a5d524f820db14ce78e34cb9ac8096177a0ae8d6ee7,1,fit,model_fit,0
00662,P11184,train,0,6331260f475119b8ad14f2e012204a98a737159776dc7fe1182fb900b125e6dc,1,fit,model_evaluation,0
00667,P14773,train,0,9d5c380b09e61a22a15b7aecb828587d7e3070b9d0564b64d35ff7d20c814d24,2,fit,model_fit,1
00673,P18400,train,0,64f4474bbc45b6397845eaad1072b44cdc9e27553ecd8c8d4b03f8a72a113de5,1,fit,model_evaluation,0
00679,P15755,train,0,e4308cec9e22c6ec7d3b38c03c8d94e963137617cc70a04345e0b22ba7b7c493,1,fit,model_fit,0
00701,P07035,train,1,9a42f569423185e0e20a123fead7aefb0ab8ae093cde817ad08f6ff3def51e6b,1,fit,model_fit,0
00706,P01549,train,0,62ee6b23ec30a5fd030160381dd3ed05cc0bae7331820dcdf8b1d344a4efc771,2,fit,model_fit,0
00734,P08238,train,0,4fbd85fbbda5828e27906b4b9a097b3db0810cb3b654cafaeea0f48c4f0ac32c,4,fit,model_fit,1
00747,P16716,train,0,f1f2091a57e991c95b6d152dd4eb9809aaaebc653ded31f23aff6e7c202fa569,4,fit,model_fit,0
00748,P18472,train,0,69a58ab3bcfdd0a2b79eb87b56fbe6a995e4787e80ad8555d32fbc36eb9361dc,1,fit,model_evaluation,0
00755,P07169,train,0,0f24db5765ef407fb1267dc4a56c6d45518135e6a8e7883b91ef251686f0e9f9,2,fit,model_fit,0
00763,P00855,train,1,5bced42fc27a6af1b369156ea9e2e6ee443924220f3f537b061989026d33c905,3,fit,model_fit,0
00790,P15139,train,1,0eb1f21969bd021a1a5d418078438c6a47f64b0802b9575df6fd99e527d6412e,3,fit,model_fit,1
00794,P08742,train,0,ebaa897812ec6f618016ccbc5c2781cf5cdb847c4b94e7ca939030d1a3dfa65b,3,fit,model_fit,0
00806,P05415,train,1,33001722b8308408103838442b25c354cb4a4a40dfd96da89bc4c944f740f32c,3,fit,model_fit,1
00816,P02713,train,0,49323c2e43c5419340638e360b82afed3a878f60b355514ea768e89a07564d2d,1,fit,model_fit,1
00833,P13466,train,0,ad6a425f70c1167cbe30c38b6debb9af63839c7391a56b9d5ca60d74111e1785,1,fit,model_evaluation,0
00837,P07039,train,1,be4db970ac7042b25d8f095932ba356bb4a3366d34d2c16d43fe02eacee46450,3,fit,model_fit,0
00848,P17015,train,0,80f41ab7699a1a13a9a90914b33d06120174f56417189f8907a2ed1e8f2e5cd0,2,fit,model_fit,1
00849,P02947,train,0,f3a7d8d0220d66050d2a5fcc9cc024144cc3d9ff973172e60fee260a04c1597b,4,fit,model_fit,0
00855,P09822,train,0,6dbae1da728301ff516cd4cf72c91dd73ed32a25ce79d3324ab28e5dae843e09,4,fit,model_fit,0
00861,P10903,train,1,c3b5d576b89bcbcf6d13f19b3af85ccd8ce38255f5524b122839e14a3c008450,3,fit,model_fit,1
00875,P11922,train,1,7e739c5a4b7313b0694f7c2e05ed9bc32332526d5dc0e26e7aacf8d4b77811d2,2,fit,model_fit,1
00876,P02627,train,1,863f0e059ca401fad4d245a0d1b4f8b2bd042c55852b0d6d88210b8dd8339c7e,1,fit,model_fit,0
00883,P12134,train,0,ac81eed08eb18c744f3a552fd596efe37e9013bee128972bdd0faaf7d54443af,1,fit,model_fit,1
00890,P17762,train,0,dfb373ab27a3efb258ee649c23a3409ebf579e3455972caf870c4b9e8e8cd1f3,4,fit,model_fit,0
00893,P01386,train,0,1ff53556511736fe5fd9cb2269ee6def36618fac8d1f20e8bf8889ecb176a20d,4,fit,model_fit,0
00904,P07212,train,0,f99bec8725a0317a3602ad4f415f2578977288793459aa2f6d61e3285353c06c,4,fit,model_evaluation,0
00915,P08310,train,0,c8f7cc3c99af9233f9942c27d1d61df93f0a8a95d6a468f5a550e5cbdca68864,1,fit,model_fit,0
00922,P11603,train,0,067dfe770fe08229a3e8a3eb5b715a09691d73f580416d78531dbea702e5c765,2,fit,model_fit,0
00952,P11661,train,0,3f765c7265317c57cb59ea31b50d5912cf34bd7a5a2e8d772e0875d319732a78,1,fit,model_fit,1
00973,P01279,train,1,ef4c227895334abe9e44ae348fee6245b8562eee9ab1f18ea09573c5d416c9ae,2,fit,model_evaluation,0
00980,P14418,train,0,e2455384e1b8ff7dd31a4e4282ed21e044e39b1e4fae775c78c294cf806d7f1f,1,fit,model_fit,0
00986,P14938,train,0,9d644b9a2d84da857937bb3f9d279b1465113c66877b666087a49b74f31e36db,1,fit,model_fit,0
00988,P11920,train,0,d38bbaa098391487afae67decd6ccf54d62934f2eae8e834d65cf82fb9fbf92e,3,fit,model_fit,0
01012,P06149,train,0,8254950c3afe3027c813c60a60905559fbb531f953ffbcc547d14429b26e149e,3,fit,model_fit,0
01014,P11037,train,1,a59257e9dbc3be3f12f703f36eecb51c7345a32cee495b2cfea9426f57011ad0,2,fit,model_fit,0
01017,P05912,train,0,b6eee60470ac020bd25f660cd869e7a38f1026ec36210f79299a5f49cf37b09d,1,fit,model_fit,0
01019,P02382,train,0,aaad4777643e41015a3f5898ae31e62d198648cd668f26c885d5ec9cd89fc886,1,fit,model_fit,1
01028,P09444,train,0,f8b6a785dc38c40df7f34d89f21b1ad3dd8825fcb35b182721848c23da99d171,3,fit,model_fit,0
01049,P02355,train,0,a07a9ada661d8661c587f89aa3cd829e67885511227536a6f2a40ed7f9b0c4b8,2,fit,model_evaluation,0
01058,P00966,train,0,a976fe6951472ff011c3f6341c588cce0c1fa578d5068244a74f8b92928ff6f2,2,fit,model_fit,0
01062,P09539,train,1,30cb5155e349abbb44a22408d17846d58d10e0852beafd54de11c689707af16d,4,fit,model_fit,0
01083,P05328,train,0,4aa716c74e277f68d8c6b20ded4874bf88bad6911223e599519aa5a83034513e,3,fit,model_fit,1
01086,P05742,train,0,a3c6a9ed3fdb0ce873f9635b974bc0044b1b1267069674a1108e63000aeab1cd,4,fit,model_evaluation,0
01098,P06508,train,0,11a038ab28c4d7ec4936e404b12fec27335032f92b4d48d21e875587fcfa4e3e,2,fit,model_evaluation,0
01118,P05548,train,0,c054abca937e4545e820bef97feaab6674b495223f47acf66c5858e8cb554d80,1,fit,model_fit,0
01124,P04942,train,1,dd26552abc09ac0dcc2112d6f00d16888141701f8c9173ea3b64c8a8025a5651,1,fit,model_fit,0
01126,P08374,train,1,a88704110a5b481c4880704032b06b89947039fc59081a030096f3a1d7c61614,2,fit,model_fit,0
01136,P09401,train,0,2998567c69d576eabe1b6762cb3308ba13a1503526c7a7f2363c919e168cbca7,3,fit,model_fit,0
01142,P01411,train,0,ac3f23ab36819ad2877df79327cb9e2ae5b6f25c1b228cf160a0f0287179b69c,1,fit,model_fit,0
01147,P17429,train,1,20998cc6f7d0725f28f41813f67a757710f747430ff2536a68bf134eeb28dd22,3,fit,model_fit,0
01153,P09269,train,1,1d1900d7d5e2f32447c5dbfc8363a3a56d8c4f49a0d9a8c08bad429e98a03f3c,3,fit,model_fit,0
01156,P17655,train,0,40f8ebe12b2c8b242420eb8c848506f8cc172a9aa2be4e8b39c264ad074f8b7b,3,fit,model_fit,1
01161,P01205,train,0,aa14c40c4282b52a824a26ed0faf25b4b6d8f5a8abecd5eebd50de329a07b428,1,fit,model_evaluation,0
01171,P06344,train,0,6745d067bfb9ec9ee5163a65a57ede73cccbade3490bd8e80f092ee0cc6bd6b8,1,fit,model_evaluation,0
01210,P06074,train,0,09ecfdad022c5bcab06ff0461a2c9d1cc25f132dad427a6c999ea6406e976391,2,fit,model_fit,0
01218,P12526,train,0,5bc95bd4345bf14e97e5d465fff00c4ff27a45ecaa7554982f79e2a36b1c58cf,3,fit,model_fit,0
01226,P00307,train,0,e8443cbfc724c5816941ed22eb5925776eba87b4084b368b8f83c583142168c6,3,fit,model_fit,0
01240,P08929,train,0,32ed31709a4fc69898560641b3cc6fc86c08aeb523e18b496e7da5379fb97dac,4,fit,model_fit,0
01271,P02863,train,0,fdd8128d9bc90c8464141f791a067a7279e620b86dba4c2fbf90711dc880cd29,2,fit,model_fit,0
01274,P03670,train,0,ca11e682c5f53b52caf2fa9db3d6912027341877fb305032719916758224ddbb,3,fit,model_fit,0
01317,P17220,train,0,32a9d736caee1161bc59b7daacf899dfd32f65b5c93ebee9c5d867843fbac502,4,fit,model_fit,0
01319,P01591,train,0,b856c467874a3fdb22829f569435e0c612f9063f0458f63f3b647efee73b1b19,2,fit,model_evaluation,0
01326,P09202,train,0,93371af62de42a73ef0d927506795a6ec577a92bfb9223d090a1bd4be3768e5a,2,fit,model_evaluation,0
01328,P02139,train,1,c03b44d920e824439924ac0135ab78b6624b7c47c941544fc5743a48adc34801,4,fit,model_fit,1
01329,P01450,train,0,87886598e0dc88fecc4c379fc11871121081e3dd2a5049d8b33caef350e66213,4,fit,model_fit,0
01350,P16139,train,0,f8df11e9cd07a49e38a24ea53e1f5bf682375af947978cd17f57fb245423d9c5,2,fit,model_evaluation,0
01351,P17478,train,0,2f1f81e79599ff30a1c7d6c8955ce82f21ed43edf39a90c3e7f0fff1ff9624c6,3,fit,model_fit,0
01352,P07608,train,0,6b8b9780c272e03dd5f86dae69ec136729da2c970abae63d03bc74329cd04067,2,fit,model_fit,0
01363,P06566,train,0,8514346430aacc0b2469405b8a937b1b5930838bfbe8028c94141865d10de8d1,2,fit,model_fit,0
01367,P16872,train,0,8c029c70349ee319daa5d533f01cf35d0b033d9c449b4ac23ceeb80cfb8f4323,2,fit,model_evaluation,0
01368,P12414,train,0,ded9c5b79a80465984ddac38eb3b636b322d5d32f58f9999cc3e008a90dbf16f,1,fit,model_fit,1
01376,P00398,train,0,d2ddf036780cc2cdc7f0447f0bfe8f8fcfde66e0a76202ed97bd856590bcc62d,1,fit,model_fit,1
01381,P11767,train,0,2d67aa8148e15dbc8fcaff6cc995bd91891410da4f3818d1bb369c9b0eb0ccf5,3,fit,model_fit,0
01382,P12223,train,0,e90675f6b8062d64ee34e430713c6bdf5afea07efb9cb39edf05a5f691d44d85,1,fit,model_fit,0
01389,P08599,train,0,46c488ba2e85c2b78992daaf2884f7dedde3cf0bfc3ec0f143831ccaf08ffc8c,1,fit,model_evaluation,0
01410,P10670,train,0,5042db1406f09255c783db8f5d1f12e6ebdada8973dbd9015abb5e7cdf5112e2,1,fit,model_fit,0
01419,P04284,train,0,878923164a71eb9dbef1375a80866cad1827a68091a1ba7cbed38531b8b411e3,2,fit,model_fit,1
01434,P08608,train,0,abc27835db25f911fa7cb741c05e6224c48cb9958039d3ccf3ed1066b4b97ddf,2,fit,model_fit,0
01447,P13553,train,0,9ddcd932d6d71f0174e5a51da939c41f9b1bce89638b7923b1aa8bb770fcee51,3,fit,model_evaluation,0
01457,P11246,train,0,dcbb0034bf7b76a4a33bf9c7b530a7bf65f43c9503c2130b8b1eaf102b877132,4,fit,model_fit,1
01470,P18231,train,0,da818f8985cb960b086d3b9ca2665184f818de1268382469e74cf929a4641986,2,fit,model_evaluation,0
01473,P11055,train,0,2f8b483af6f52d7aacee8dbe968fac4ddd6945f0fa66420dc0c67d5ac7142f85,3,fit,model_fit,1
01483,P03599,train,0,e74543b2f0186976a1354c5d652118a0f8c6432a553d114f087923f8a0fcb79d,3,fit,model_fit,0
01525,P06733,train,0,77f5b41dab8d5a6aeacf7a99093d274dfb9d44e56a173cdc0ae6dfaa804a7976,4,fit,model_evaluation,0
01551,P04025,train,0,51952ff8c22c4df53ae39c7d78056f56d122c96df6e7afa1d7d643885d0e847d,2,fit,model_fit,0
01554,P14069,train,0,02306ff3789687f82ff7b1219c17714fd0675518e071d3449bc7bb4610eb101d,3,fit,model_evaluation,0
01589,P09726,train,0,e9b5067678a0a32073c8f3968f7a6cb8dab8fac3fd31b5b034cbc4a418cf4780,4,fit,model_fit,0
01616,P01339,train,0,31dd47183dbcdca0ed47f3c8fdefee1839b4478c1f85951149f3b6e07107f9ef,3,fit,model_fit,1
01625,P00867,train,0,8916683721f9da7e3d6c396d6654b3f9a932d5f9b0f23698eb1d5c5e43f25de7,1,fit,model_fit,0
01627,P06891,train,0,af27268441cadf1b1cccc55848ccc4ee3af5e646c6aedf47f87306ae37054867,2,fit,model_evaluation,0
01629,P12567,train,0,c2ee9d1676a7536ac12005ab361ed73c4420667bc1e4f2ec1fd076feeaad87fc,2,fit,model_fit,1
01644,P16703,train,0,13276ebef077fb3b9524483bb05b958d83dd1fb918c42fe416d4740747708172,1,fit,model_fit,1
01652,P05839,train,0,7b465f0f25f4fed271c6672b9c88039edbc4594990f23d8ec75815538c39b824,4,fit,model_fit,0
01666,P00584,train,0,b3aacf2417edb692ee8dd87de987858e5c4a645b652014db682e7f32d037c95b,1,fit,model_fit,1
01677,P01872,train,0,5ca97c5af795f2aa43827eb7a92619b60bc2c2d8cfedf45a4981ca4e811a1cde,4,fit,model_evaluation,0
01678,P05340,train,0,ca3534deb2072040e9bfbe0cb6d1eae75c11c430b68ec4c2987b55f89474c055,2,fit,model_fit,1
01711,P12930,train,0,2cc1f0f8e24b58d8e2d11077ae558d0e0a389d28266f36f22ec55dbba1968107,4,fit,model_fit,1
01721,P05545,train,0,c1e32928086108009096e3ebfa6f02c343e92c0d195edb5482beb01f25c4c195,2,fit,model_fit,0
01736,P11341,train,0,e8265e9c4161877568b62f2476d40914ab7812ee4dccb7b5614ce32ffa3269c7,4,fit,model_fit,0
01780,P18177,train,0,1c3bf5eb405ad7f9265ab60c08da2e927ed42170b391377309196f82241de98a,1,fit,model_evaluation,0
01793,P16576,train,0,bd6dce0d92bb2e898ca2111f02bb4b23990f1bee133938c1ad7fe88de77b8cd6,4,fit,model_fit,0
01800,P00692,train,0,1644da2e1bc90c75ab5475a45eda3a6b34be7b2e55445bb574b54dfae854c692,4,fit,model_evaluation,0
01807,P02057,train,0,5f65cf8441727017d4b6c75f2b473584fbe0d1740f3caca54b94402592f4de3e,3,fit,model_evaluation,0
01809,P12851,train,0,ec34016142b223d40d1398a75c52ab2bd2125b9b292fc5f8f6178db567fdbe5e,3,fit,model_fit,0
01814,P05929,train,0,f04d6f329a97863e3fb4a3efec1d5af3a9b8e79ecc61893f6e4ea4e798a14e9d,4,fit,model_fit,0
01823,P17573,train,0,b7fc3edf56c92ef5034070ddfa42894b1f4f8f0b7e560886ee1fca9002ccbbfb,3,fit,model_fit,1
01847,P08638,train,0,c9dd2112b3358f0c87763cccd365acaa3a7ccdf27dcb4a8287190a862ec8adc6,3,fit,model_fit,1
01848,P06115,train,0,3722215c21254004d23413b311c9e34e23024a37160810cc29a7bb19474890b9,1,fit,model_fit,0
01858,P13940,train,0,7dc33104b26a3480b1ed2eb26c5ff168504a07117302c04b797024e039ba10d8,3,fit,model_fit,0
01860,P16946,train,0,642478b4b0a59a4c609ff880d4cb8315b426a65a8ca9ab1ead2506138c80569d,3,fit,model_evaluation,0
01866,P00042,train,0,c20a3dcfc3ee37bc54be8e9b082381f07e018ceb43566e540e17faf46109956f,1,fit,model_fit,1
01884,P11536,train,0,a7567da05c4ddea286a1e52c4fe7e368fb3f02143b476af73b0a6b6a3861d29a,2,fit,model_fit,0
01889,P08642,train,1,ea3c3284efcfb039102b9ad4775f88f465c9a8cfbae719442c3251e10711de1a,4,fit,model_fit,0
01905,P02924,train,0,7ef95b7607fe1b8d6cb8bd8ac546848208d730ff010b3a8ed8f623bf3e9a554f,1,fit,model_fit,0
01911,P16604,train,0,6225d620bb87fe0f9b8e0ab883513845088447d86f2a80a54c0d01e8191ac4ea,1,fit,model_fit,0
01916,P10380,train,0,aa69b65fc1de32e91033b213b2d001763d1ed69f55c142a3b5279b65bc52cb4b,3,fit,model_fit,0
01928,P04437,train,0,c2c8d3a4b938201e27c437eadb7a362d72996a87be322202f1548ce8df81e8e5,1,fit,model_fit,0
01933,P12402,train,0,b60ded8a791de7694c7d0fcf474b40bd8e9c907809d4a28f7020e18e25f11544,4,fit,model_fit,0
01934,P09127,train,0,4c78e1d0bcc947173e97e9a437311abe6b8f7bebcad5ce43b38c0705ed5436e1,1,fit,model_evaluation,0
01940,P02444,train,0,a12efbebe4c0384a95d0fe597ce407ac8283c52bced3b821ce7d6004b3aeca83,4,fit,model_fit,0
01966,P15256,train,0,0b40f812c92c8a0ab43f894d3f86811fb3d4e2f0402df03c94d6d91697604a7d,1,fit,model_fit,1
01982,P17604,train,0,19ce70210cde7457a0539b3186694c9d1863e56c25c35515889fd614d49aec90,4,fit,model_fit,0
01995,P17560,train,0,f8cb29d95bd22344265e65ce5481157686a79692e756f8c2d02046b55e56fae9,3,fit,model_fit,1
02014,P01851,train,0,9a4d2a4d1d3c22808240077302cdb927474b7ad57536c5b8c14689329c43f2a4,2,fit,model_fit,0
02022,P14500,train,0,5de05508ddc1c0c826c8e4ab8bdb53cf86451ba53f7c1d75d2cce871827bc0d0,4,fit,model_fit,1
02024,P08119,train,0,94d81676dd29337885fb0556235ba8ce54846bea888b02eec31d6aceb79462a7,1,fit,model_fit,0
02025,P03821,train,0,1eab7df350f0f46d4eba90394c40a529e6931abbce4efa72a0fe3de6376b11e3,2,fit,model_fit,0
02033,P11894,train,0,8a25ae964f2010bf8a6069a5da16948b7031289e2da35e6d6569bfccbc59eade,2,fit,model_evaluation,0
02034,P14273,train,0,ff0b7fef346ea60d60df5d45537b90729682ee8478c73b3253a5cc12f323dd61,4,fit,model_fit,1
02045,P13382,train,0,43e2d4a90dd270798841c2e5a1adcfedfa47b3b80947f228c227ac89ebc4196a,4,fit,model_fit,0
02053,P14715,train,0,38dad3101e9c0b676a4a487a1c96b0373d49aba102308ae504af53034545bf3c,3,fit,model_evaluation,0
02074,P09102,train,0,d4a0427b8d07e3bef9a30c6a30e517445af92bd672876e2f498f96f218f2ebf9,1,fit,model_evaluation,0
02078,P04784,train,1,8c16eeb57ecf7ac392b97e6d4d7c9f56f85d71133690827af59d68830ba1c922,3,fit,model_fit,0
02091,P06579,train,0,2056cbffd9b63eca4775c8c1cdaf2fcdead5c52d7b5c25102cfefe376858909b,3,fit,model_evaluation,0
02096,P17799,train,0,4ae1863209ded6128ce0c21e37c08f0c338e56c5a7dd813c24113d0b612bdafa,3,fit,model_fit,0
02105,P17003,train,0,7841854616cef38d405549f48ede6b0b185dfbbabaa9eb675a167f55b5b6190a,4,fit,model_fit,1
02106,P01873,train,0,587844a7bf501f85c9e160847810d3eccbb552912f1740132829e27323b9d070,2,fit,model_fit,0
02109,P01070,train,0,9ad7685e7523ab6b253d029547a6e3f2d4acd558adacd0607a24616e3734455e,2,fit,model_fit,0
02129,P18149,train,0,43727ae98977b5a62421aed100d7a20873bf8cee8381d9f5949a05b675ff349f,2,fit,model_evaluation,0
02159,P12788,train,1,9b66922432f442168451a2812865b552a453663b8a54baacc5d6022f1228adca,3,fit,model_fit,0
02169,P02219,train,0,e0b90bd55aa2cf4567266a18ee444c8e0914b1ab2180a1601f7ce896fc8f914f,1,fit,model_fit,0
02181,P06250,train,0,51a354d9fc68eb32a9708d28d930be01585d9d3062826a74455468d110943e49,2,fit,model_evaluation,0
02185,P11168,train,0,9cc05a83ab668d574c2e1b7880e641f963ef518bcca1e72206e2dc33a10bea7a,4,fit,model_fit,0
02190,P08595,train,0,5809055b9461f2c7921ad1884e5f7fde1b88d127f428a5cbfac75a32e74286e2,2,fit,model_fit,0
02201,P03653,train,0,00ff8b6049021079dc93fc672e0b882e5454c089bd3111aeca210f3f30d6bbd5,3,fit,model_fit,0
02207,P11781,train,0,e5f63644cf35ad212086f5464a238056ee68b0bbb76b8a8b148b70bff006bea4,1,fit,model_fit,0
02210,P12225,train,0,3c955b8d733b4471ea6c2be71802746f01d7faadd89caeef45590ab772055757,4,fit,model_fit,0
02212,P00810,train,0,e048f0e4dc1fa507e3a61aea12ab03f299a1facd3bee66fe6ff08cc3878826fe,4,fit,model_fit,0
02244,P08672,train,0,3017739b812f8a1ee177d74ff4fc5045c7a614949098b451571ecc4ef47054bc,3,fit,model_fit,0
02255,P04611,train,0,50fefe0b9017b1b5cc0475c302a3a588e9f7b5feeb30f97c8062f39896f56fb9,1,fit,model_evaluation,0
02259,P17141,train,0,e51e90a2759955954aec8bc7a2f4982fbe3e4f1420d9abf0a36c99a1ce5e1fa3,2,fit,model_fit,0
02265,P00802,train,0,800adaabb67b3606b468ddd75063283a82882d803bfcb9cdb4a16c0e6b77ea78,1,fit,model_evaluation,0
02272,P18179,train,0,8dd51989783b1aacd053cfece7444a8543529fd5549ebea49e2bef2680c956f4,2,fit,model_fit,0
02273,P16944,train,0,b2c4e2d3519f19b3c0c6c698a337641e00241a85d84d8d56c1411a9ba60fc5bb,4,fit,model_fit,0
02291,P13447,train,0,17319dc453954d22c2b4b605992bd5347051b6933e96c29dec4cf3b8ddfdc419,4,fit,model_fit,0
02293,P08294,train,0,c8d4e4339ee447d3f1288dca78b3600965bb03d51d0a5acb4c3be38403b5c18a,2,fit,model_fit,1
02325,P13898,train,0,2231b352935db3af398070d3efe87acd96ba695a169abffc40c1364a16afcc2a,4,fit,model_evaluation,0
02332,P09700,train,0,d588e0dc40e3b725381d5ff0428d8d8548b9131577a018104ec7c99d77e06563,3,fit,model_fit,0
02333,P13961,train,0,1237fcdb5d04fbd3a62df578f651c0f666264668f462890471d7885b63808252,1,fit,model_evaluation,0
02338,P07847,train,0,7d1a9f6581c2e9695e8537d3c1d2d520f3a6c85da79d5c63a3221384d247e660,4,fit,model_fit,1
02348,P02137,train,0,aecfc5f8a813e136c10f69a3f305cf694e43e6ffd7ef6b21c0acb7a6b46fe769,3,fit,model_fit,1
02355,P13151,train,1,edce0e71d2962037e8f53a19b547982766e8fe16cab9fd5e8fcd431c6fd17766,3,fit,model_evaluation,0
02369,P12075,train,0,ec08155fcdaea3f049754efc8faef6f8237000f989aa0f4bd73a2f7bb6fca88d,3,fit,model_fit,0
02388,P17936,train,0,21ebb59be8edecc01394cbd5ea719bfa02b10b3967bc903e10ee83e7b2531076,3,fit,model_fit,0
02391,P00943,train,0,6c4fa27fa251a741661ca0521a5c81c277db359c5a64c946c143d6b7274c0559,4,fit,model_fit,0
02392,P11237,train,0,226f6c758c22072a642ccab2a1ee0d8058c1b6ed27c3fa844ee4ee818bfbbab2,3,fit,model_evaluation,0
02402,P16524,train,1,a3e4b0b2d8305a0e23f8a35a04e874196c490b107f9712f394a68123ec6e22a2,4,fit,model_fit,0
02421,P00361,train,0,8ec6153308075e045fc22524d1d643c989aafcd89e3e1a9ca87ae1f519d73502,2,fit,model_fit,1
02434,P17344,train,0,b3c7fef613e422b34b1abd3f0e0b231933d524422397a8e5ef91c89519733fed,4,fit,model_evaluation,0
02438,P04616,train,1,605b12ad4574d66782584ab3cf4607e3e53766fbedd7c4d0f02e0e4eceecb100,3,fit,model_fit,1
02446,P04141,train,0,48b11f55d86e17ad32194a181b2c4fbcb123c291e4583a564b9798870267c3a0,4,fit,model_fit,1
02454,P03146,train,0,1735e6214caf25b5c1745241eb10151a77410c58615da103d0dbbd5b162e0dcb,3,fit,model_evaluation,0
02457,P02599,train,0,c5b2c10ee35bafe29949b38c3727300b1e75954bfdeb1ff6943a3efbc1485e9e,3,fit,model_evaluation,0
02464,P04543,train,0,9f410e3f6ed6552ac563ac62432a49112f6ae215c2e0a55fd8b81244879bd046,2,fit,model_fit,0
02480,P05124,train,0,6cec7b9357f9de1178a718ea2eefe9ad2d1b71f9ded5f7a6f35512adeb9087e1,1,fit,model_fit,1
02482,P09897,train,0,3ee5cb0054ef1cadb0d3dc74e547524e4c6ae17831253b538e15487b2a1d9a6e,2,fit,model_evaluation,0
02487,P15446,train,0,2d54c6e35f73d9084474ba28591a348edd9ae3b5099c441d91feab3311ced4cd,1,fit,model_evaluation,0
02511,P08619,train,0,619d0bd1d86f33ddb137f0d9ba2ac719a8f0741211cbd93257e201a7a16ad587,1,fit,model_fit,0
02514,P02950,train,0,1681f16945613f72db64ddebf3f561a5cbce272df3022284c812ce50896a5c02,4,fit,model_fit,0
02519,P10699,train,0,c0e682a7f27eedcf124b9091faca6e7c89e4ce84be70e50080fc459b790f7370,3,fit,model_fit,1
02540,P10960,train,0,b83428a8162ec95d4af1f9a556da624d785e3c2114d26baeedc92d538e8d043e,1,fit,model_evaluation,0
02557,P11604,train,0,3e141d519571615c217e912e6ce6a1b9b868a5ae98f83ead8e58fece92d074a4,2,fit,model_fit,0
02573,P01731,train,0,619fcb09fb946c75d14b930f6e82d3bbc3f5cb55166c4d028cc6c86ca64bdb87,2,fit,model_evaluation,0
02590,P09223,train,0,42806f9fc706745ea76276685375e1c77154963f8e0e60ac6085aed8aee38db6,3,fit,model_fit,1
02604,P15427,train,0,afb562439ab0629d7d639c1aa886ffd6e0cb7e7aa1a020c7a1d6896c57163724,1,fit,model_fit,1
02609,P13043,train,1,1322e2fec05784af42823f4f33b7d492c56931ae1cd4c572944a48b3ac3c86bb,3,fit,model_evaluation,0
02622,P17669,train,0,61ec6192bdc7a9de49a6fc0930940f07e49cdea31397d2a16f451f72c2cdcfa4,1,fit,model_fit,1
02629,P17021,train,0,528c0fcd8a6a51e056bf4911fd52647673d55c6d2e71c95d3209f70563a6e0b0,2,fit,model_evaluation,0
02641,P10581,train,0,a2629b04eb8f2637f852f84dfc321b7085745d22a356a455e15460247ad9840b,1,fit,model_fit,0
02643,P00980,train,0,fd440b505f81b37970bbfbbc22bb621dab56aa5cc55c24531a34692c5c5b51ba,4,fit,model_fit,0
02647,P00167,train,0,d06563abe3e2f0f3a6ca0cdbd563e505bd3f3e1a31de3d4476d4ba6a02dabcc6,4,fit,model_fit,0
02654,P02152,train,0,2b43313a54105c6b172d30c8381faf48691cec7a0b134f723f4f787e0c0534ae,1,fit,model_fit,1
02670,P07747,train,0,db7c77f1313db6a006fdfee6af4b1c818c9fd9e56cfa9c0dc21eb9f4e5245879,2,fit,model_fit,0
02674,P12709,train,1,8f23e209b798493b586cd2d2517b951f62dd6833cdb36d3f3bc58eb245a2697c,2,fit,model_fit,0
02677,P18841,train,0,2e2441108889eb8040fac578112fc8434ffa23ca72c427146dc7ea367416dd54,1,fit,model_fit,0
02679,P03220,train,0,33047d41097da22ae474362b5bed63508f8e14e30175584ac30c43cd48be6807,2,fit,model_fit,0
02695,P06286,train,0,fb62157cadfdeafe3c0db3be49253d00d029aa5db56c4285a718cdac216d04d9,4,fit,model_fit,0
02707,P11192,train,0,08fec6c69a6945be0d829525313ec7d44da237956d806d6f6bcd0d15e4f569ed,1,fit,model_fit,0
02723,P16855,train,1,aa9674516dba7e5e571bb0aaa23a104cf2fc390a60f146089071cb2b1654750b,4,fit,model_fit,0
02728,P08014,train,0,8d9ecbeac5c6cdb103958715236f6e0f9ac9ae5ba28aaee6ee63e2c992bd3020,2,fit,model_evaluation,0
02737,P13570,train,0,b9d52f52319773aaa468f4c28074959c2776a54e1ba0c24060af861270041fd0,3,fit,model_fit,0
02750,P15257,train,0,e56908edfa8d4d9cdd591d5953dce72b3bbd22eab87fea2b1d3887feaeef357b,4,fit,model_fit,1
02758,P01487,train,0,8f9faf712ce569eaa63923d6e12017fd3e60c91c2f2c04c4597469b1f3c3dea0,4,fit,model_fit,0
02767,P15579,train,0,f3c3b1740a3be6f9678d695832c18426e319b061435f307ace57cbb4784e8f64,3,fit,model_evaluation,0
02768,P16561,train,0,ae1783c132b12366a31f1bdca8b9cd8e296e9e7c86b57b348083e9abb976aac7,1,fit,model_fit,0
02780,P16352,train,0,aaba1e289d567126d0ef9dec976ba26edc7952a47af973c605fe377e170335e6,1,fit,model_fit,0
02793,P08708,train,0,f272ebbb70e039d97fed52f4d8399fbf8bb54ac46cdd118e8b46a44eab9be247,4,fit,model_fit,1
02796,P05951,train,0,512b0d72532cc5a339f644265f55c3843d9eef055a587a130f50427215566fd9,2,fit,model_evaluation,0
02798,P07320,train,0,33681a3610ca3b8a1636f4197f3cbe2a2ef9a1d14f3ed2bec6ed9529a51e3e02,2,fit,model_evaluation,0
02800,P04850,train,0,fa68e3e50657f6deba0dee5b12ba6701b28df0aad6cb7eefc25c50ac71647afe,1,fit,model_evaluation,0
02821,P04281,train,0,50bdb6556ec764e117e520d2d39bb666dff7d9023db6bda2f0fb03d509dd5c40,3,fit,model_fit,0
02831,P17594,train,0,2f3a5dc495cdf245636012d9da18bd103af7c82e779109b4f6afdaa0ed38e23e,1,fit,model_evaluation,0
02839,P02843,train,0,7bc2000dbab70141e668304026f475f29edbcc08e9544023b3250160da465d9a,4,fit,model_fit,1
02869,P01799,train,0,656bbe6aea7ea0f584daec12392c16f9bcda2ca207d5e5325323bb5a0501c28c,1,fit,model_fit,1
02876,P18782,train,0,f9c6e66e5f1fa3986bf8d2a6342695c8d126944352c7d378bda010f6e49a1fc2,3,fit,model_fit,1
02878,P12314,train,0,e487e08377bfd21fd8665e8b23fb5efca091c2259800a862f18bd4140565f3e0,3,fit,model_fit,0
02898,P02677,train,0,7abd0c37f672b8267a7a83268d3bebacbba473380b7071cc1708895a16a3a985,1,fit,model_fit,0
02900,P11230,train,0,9279a2732f8047e0043fa1b71b3ad419aa5afc9854202761a5ddf49ab0a60b61,2,fit,model_fit,1
02912,P09377,train,0,f5d4ffe1dd0c27e7d175288841524f90e1e507c83296b32967f515c590c43a8d,1,fit,model_fit,1
02918,P06862,train,0,a1cb43597813abbe8c80d45f7fe423e3d023cf5efc1253ddba6023ef7e2e117d,3,fit,model_evaluation,0
02923,P06596,train,0,de79e41a19977ad3234a693f0993c4e2ad95adc1761f2f613a1c0745db089b32,1,fit,model_fit,1
02924,P16738,train,0,fcebcde8ddb5786ddce9b77db9d280735886e8ab296f4b80aedaeb84551afb02,3,fit,model_fit,0
02942,P18195,train,0,0875ca755534c00f663f41496e6857cb52c79b828e7910b9dc2a03760efa0472,4,fit,model_fit,1
02943,P08875,train,0,80cc88a8e07a96286eaa315854a212538143e53f81f5a9d8f2225aad060e3f86,4,fit,model_fit,0
02964,P06797,train,0,80dcee2486334d9788d06282184ef1ee99ebe8694a11837ca2b71c58587d3f95,2,fit,model_fit,0
02969,P11905,train,0,0ab2fcc310cc6cf942ec6f314a95fc688c14c9391a24356ab93a45e38811f4e9,3,fit,model_fit,1
02974,P08714,train,0,00420505c4a8db140a2a6ff22e1f23eb73e6b1010410d4e6709dc70f5257223a,2,fit,model_evaluation,0
02981,P01109,train,1,dcfd60e0facfbf53ddbd780a5d1dab1c08a151b83134f332af10910b6c2bffd2,1,fit,model_fit,1
02982,P00314,train,0,417c757c18c32e1baa68c4441e5c5b451dabcb6789de61c443ac8551ff150635,3,fit,model_fit,0
02984,P10160,train,0,0e330e6540609eb9bf0df8556c59ed82562cbe548ea721aafff647178b5ea740,3,fit,model_fit,1
02988,P01020,train,0,eae1e0cc116e4fef9bb86b38799972c725e49732a52db9ce2554c4c64f9f8f9c,2,fit,model_fit,1
02989,P04017,train,0,05d5a9bb699e79a1fe553401be27c1a807b6f60110f3bb62101ad3ad3dc80b66,4,fit,model_fit,0
02992,P17045,train,0,523659164459c920f1d563fc9a9cad7ad39645b0a544b8936c3f90146ac0a6b4,4,fit,model_fit,1
03014,P02269,train,0,fc0bdfecaef624965c4ca7a47cbd5ccb072588c4517bef7ebed039760d04c556,1,fit,model_fit,0
03015,P18890,train,0,6a832949dc1a415a9850b7da2376e1fa58aace8c5f80b0db32b72ae995e33cf3,1,fit,model_fit,0
03016,P03846,train,0,b5f4a770d3e800ade269a0e6a5496d61cbc212ef90e61815cc23aafd2adf7ffe,4,fit,model_fit,1
03033,P12162,train,0,64691b4fd836318867855553adeb00a8f820b3ccda04381ad67ebd4c5b6e0fa5,2,fit,model_evaluation,0
03036,P07173,train,0,dad7fed207d9154bc10c5db2a03b19a6bcb67e3dea3995f97ce0ec6903b63be7,1,fit,model_evaluation,0
03037,P10154,train,0,3775f424c28b7d5b16454cb61a7cb37b6b30b5051eb378532dd4b7627581ad3d,2,fit,model_fit,1
03044,P06109,train,0,dedacec63f4270567e25c420196822c2832001f0be8a4c1f4a885039069b38df,3,fit,model_fit,0
03052,P10164,train,0,3ef35f1f2202838c70e97236cebad39e0a4c830d23638c87db486ee93fbc9007,2,fit,model_evaluation,0
03068,P18256,train,0,8fe3c2c92857891b5b8b8b5e4d6b9b8a7389c2d55fba1813fa05bd583ab4b952,4,fit,model_fit,1
03069,P15732,train,0,3df375401cea88a0604155bedb48e1db2a05dab2fce08eab44de0b3e7a57ea6e,2,fit,model_evaluation,0
03076,P08886,train,0,28197962bd443911d7c89b7fccd5b41ac67a75d369ea3c73e3fea0d8ece74ade,3,fit,model_fit,0
03094,P15156,train,0,397d2cb666f0fac613d4d03aacb9f3a298fcd13c8373f3039c89a9b556fa5b9c,2,fit,model_evaluation,0
03107,P17064,train,0,36470de142111ea5f3db68c6e04d86a56de6646078f7fa141dc07f39c559aad2,3,fit,model_fit,1
03119,P15928,train,0,3d12a20e15e1e77c097a1f5f31ee1c177eb762f5bf5d84538aa43c589aeff686,3,fit,model_fit,0
03124,P14149,train,0,b1c3cfbbf49b33a7d273e8858e07dbd949c945549bade0d3b9c6f47f295dba33,4,fit,model_fit,1
03137,P14172,train,0,1ccab7ed01fa34ac75250833c8288dc8b66619aa4e02a7d8cb9b9a955041ab4c,4,fit,model_fit,0
03140,P08955,train,0,c4bd332b225cbc7d8c5e994c9a4a889685fea6842432406a1ec23a9b6c076eba,1,fit,model_fit,1
03141,P00506,train,0,ca3c8eebb6a4fbcf05054d253ea8f5f0a8e11fd586118f56ccdeea009a1a6612,1,fit,model_evaluation,0
03150,P02984,train,0,5677b6e14e494cd3fc5ac12a1c2d09b9f46f68131e9cafabaa8ca0553eddf018,1,fit,model_fit,1
03153,P03373,train,0,dd8ccc4357500572c132e665960d6e1b620e19cdde585225b57f8dea3ba075ac,1,fit,model_evaluation,0
03164,P11891,train,0,c41575b1feebac8b8a9c3f6f9a142b4431b3dfc6206f59f08ad6c8ec299858ec,1,fit,model_fit,0
03179,P09491,train,0,eeef9ac6dfb4cb17699a20d7221e2383225ed5d5420257aa2be821e0505f2db0,2,fit,model_evaluation,0
03190,P03456,train,1,06a20003acf9ebf6cbcb80dcd534bf9dde015073e71904aac95857456237d5ce,3,fit,model_evaluation,0
03197,P01714,train,0,098bcde840d51a95d6d5760c3b3597d76b807e00d60f7564db45c5a90cd42924,4,fit,model_fit,0
03235,P04851,train,0,8fb50dc6c2cd3b0ee8c11830ecaeeff40d824f42a1634ca61c1435ce88d9fe90,3,fit,model_fit,0
03242,P00794,train,0,43e2619d5f5faf90e632e323e099dc1e10f0777c67c405106b3efda1b110820a,3,fit,model_evaluation,0
03246,P06798,train,0,1ac31f06a430d558e4f65a66b3bf9ece3c795352ad0bafb52e07268055a4fd4f,3,fit,model_fit,0
03251,P13024,train,0,fd425e8b6f394d5651c941aa9d82d48ba4e6ea6e7f120560c2ba35514622f6d3,4,fit,model_fit,0
03253,P10826,train,0,d743b136334a683cde7b6809612cdded5c292a9dfd8c84fed6cd684694530e1c,2,fit,model_fit,1
03276,P00839,train,0,a6bbfb7a969ebe9d2cd66a0d1ebc80e88a9115055f9d22aa1b3098a40e11b1f5,3,fit,model_fit,1
03280,P07899,train,0,dbaa468a54f86a44a49d58aaee303ae5fb6190c825439776048455de85297563,1,fit,model_evaluation,0
03281,P01597,train,0,e506eba58f25883b9eb6af8ce945bce7f45b22f90d1223bf2f8ed174d8c508bb,2,fit,model_fit,0
03282,P14742,train,0,deec1c67e57457705d0ae10626320d90ddbdc70368cf5822469edfc4218dd7b9,4,fit,model_fit,0
03293,P07785,train,0,96a4c177de74dc2ac1ece09a6f47e7ca7100d93b5fc6cc33ee2f9b0229efe045,4,fit,model_fit,1
03308,P15952,train,0,6557f9f6fc09038843c4d3b7cfcc1c10303b4f1465dd1e12e34c4ab49dc734d4,3,fit,model_evaluation,0
03314,P03246,train,0,7624e8a249d1c398ad8945801a28f742dffdb98e522b986ff59b5808a722a11a,1,fit,model_fit,1
03320,P08866,train,0,dc7ec17b995f448be08e174b5b3502570eb40bcbf4305f0451d58fb77f68eed0,4,fit,model_fit,0
03332,P14463,train,0,9fb4b567cd624b8b4a8c23e2f0743ebc635fc166424d13522af84448eb3a1a08,1,fit,model_fit,0
03340,P05323,train,0,8af9d88189c8c0fd8b5b44853601c0c8fbfccce2ae402d8c9279386a38877982,3,fit,model_fit,1
03352,P05828,train,0,3fdc0c3c48b5b13d9fac66619bc4f91d8902687c31703c91a4aad69650ed576c,3,fit,model_evaluation,0
03358,P08644,train,0,6cc002f08490ca6c59a79662d9f3fec6b9c16bc8a96ca5922fc65e2e46522e19,4,fit,model_fit,0
03361,P08869,train,0,4e141dfea58402b3c9952a8e2d3af74c644aa3b9ad03100a719a22a13b66f616,3,fit,model_fit,0
03379,P07780,train,0,530e5d2df9eaf7106bc4539617182064937c6c838a927f4e0ed4a5b859ff2a43,4,fit,model_fit,0
03380,P12303,train,0,925b389f0b045c1a4d6c9b96469612e187e5e7f4585a3295b42cbee24b3dcdcf,3,fit,model_fit,0
03384,P00545,train,0,3f6e6ad3d2ab7d86c9f00e07df8504f72d7f2d53fc7d46473ceaea98379a6f5c,3,fit,model_fit,1
03385,P03751,train,0,10be62d9f9e09f44096b9bc05453806f09bf0bd0be1018353950e22024fdabf4,3,fit,model_fit,1
03392,P14738,train,0,3944f63d3274185c77a292fb5ac68f7bf61b1e29c57819567a2900b612d7a002,1,fit,model_fit,0
03397,P17783,train,0,3ea0380eb38fddd567028edf041b820b3cb79b4111fd409ea38f3518c5a57791,1,fit,model_fit,0
03407,P18455,train,0,32defe78b0cbb8d968c30dd146e9a6bc0beb426808e9dd192582dd90dcd01343,2,fit,model_evaluation,0
03413,P16023,train,0,d227db83ad1a8a4d35822584bdd9d4d2b3a5b762d52ab31a0ef1b9c2841363fc,1,fit,model_evaluation,0
03416,P16711,train,0,4fdb0f40a62ae888db70b97e68b497dd4613317c7c1ab0f7cc57ddb04b5f40a0,4,fit,model_fit,0
03432,P09585,train,0,f86a304a6882ea99b28025029d21bb87077311eb1de0387a879a7cdecf400b7a,2,fit,model_fit,1
03441,P16674,train,0,60f1177c78771a9d0420fb1e9e2d71c33c4cb0138011b056ceba7e351e654c97,4,fit,model_fit,0
03458,P07230,train,0,8bcf202889026620800aa2c6cd08fd88ac05f96da91a17caad08bb03104023d7,1,fit,model_evaluation,0
03475,P04161,train,0,9e4a3496e9fad856003e6b0635b6684bd25857597abe88788c74eaf2c7338d68,1,fit,model_fit,0
03482,P15596,train,0,9b8053d64dd723883115e25f3b7339eff431231300adb7279596a9fad87187e0,2,fit,model_evaluation,0
03486,P06186,train,1,ec803333376824034b0e25088e746cb4a7eb05003e73909258f7084baa83c64b,1,fit,model_evaluation,0
03487,P00607,train,1,d2bcd21c126eb039a54549deee37956dd57f3716f22eb3080407ad46969b4a71,2,fit,model_fit,1
03504,P08850,train,0,f9963cf058df8d54ddd7056874800ab0a9e7ecee8a7a154bb392ee9497be313c,1,fit,model_evaluation,0
03505,P10944,train,0,09c5129c85b01618cae2ac20fb14ff5ab968d036e3039597cfcf23ae22c436cb,1,fit,model_fit,0
03510,P17446,train,0,30258fab5fe6eb60d0a53fe7535c2d08673016c4ed462698877afb93bfb0e26c,3,fit,model_fit,0
03523,P15193,train,0,bf0d597ebd076119bf6afaa5938a3bb9152ff6c8efb4dc94b0cf3655b1875c8a,4,fit,model_fit,0
03526,P10343,train,0,01222b8cfee266f6e6d04cd7a4ad5506ec274bc450716861d5ac70470959dbe9,2,fit,model_fit,1
03537,P07636,train,0,e0a1cd05367f476b7023d9dc95c17e8c33179b4451df5dced750787c6821d0fb,1,fit,model_evaluation,0
03541,P01687,train,0,14cbe3a18df4dcae3fb0eab9e5ee2914261ae81a9c000cd6a393698bbaf4eb58,3,fit,model_fit,0
03550,P01492,train,0,1122a5f046c1526240909022cd7c1dcf9979c3d2706847975070b16ce01d5985,4,fit,model_fit,0
03555,P18746,train,0,7115fa6de278454fd711ab9f7114fe09cc7bc8bcc6446235e6d6249597381340,3,fit,model_fit,0
03556,P18808,train,0,5e9fb9892a2c3c8f95ee5e1b9251c38b41419f3bd617f023e069a66c40e5221b,3,fit,model_fit,0
03560,P05376,train,0,745b970b39121f980846d3d0840f3550b7fff48e199ed808f730e44dfe7164ee,2,fit,model_fit,0
03567,P16883,train,0,797e3996813f53d6b45b289db2031fc2d2ee7ac161847166c41f1ea934ab3e83,2,fit,model_fit,1
03594,P15538,train,0,2d45ad1cf8faa76201d3b318bad073135c1a639922cc4ca4be0adbb54739975d,1,fit,model_fit,0
03598,P15127,train,0,9fb79e47dbd6cea9d11d728bfac2a7f8e773212edaa7940764efd697054220f4,1,fit,model_fit,1
03601,P01854,train,0,83ac52d0c43edcf08ce7af273c84130ec806a2449c6384fbf1bbcb6915ea91da,2,fit,model_fit,0
03607,P12065,train,0,35f7ab03c18648de7ddfe70bafbf1ec766c0f973af2bbd5c6199467ec0456691,4,fit,model_fit,0
03647,P14955,train,0,f65501777f3b12ac56b6a6959749f377d59f9a7a422eb747a22eaa61bf336a6f,2,fit,model_evaluation,0
03673,P16790,train,0,aae1a54ac5342a88e4cc52ac7a7355ae1e5b17438ba27f552e78dea109f0e7e9,3,fit,model_fit,0
03686,P17146,train,0,3b7cd5a6961beb218d9400ad0571317c52cee483540c9731e1bc9720ada2ba36,2,fit,model_fit,0
03719,P16066,train,0,f3e219157bab0a42089a9cfa2be2cde1101e7103cee7e293d3062978b61f14c5,3,fit,model_fit,0
03720,P13627,train,0,deeaf60fb8402f6298feec9d4c8c389957a01dfcba5174f4b66d6aad1463da4e,4,fit,model_fit,0
03730,P12676,train,0,c64b56b3dd3056586b6bf75a684fdde7e9c878d37a4309bdcabb985677f803e4,1,fit,model_fit,1
03733,P05455,train,0,b07c2c1c357b6c316cd23bf3d42d50a20af27360a61f56c3458a90896e5feea6,1,fit,model_evaluation,0
03808,P10720,train,0,bbdf9a28a0492aad4f17a4f01291c11a266feafc0eca4f863197dfcb296d574d,1,fit,model_fit,0
03812,P03393,train,0,364411fd36d26c62b315d181c7170ba84e1e8cd9e8955135e82fc269b127ad84,1,fit,model_fit,1
03818,P16268,train,1,62493a4e72064b55e601a346c88903588ce3613718a2b774165816f52263799e,1,fit,model_fit,0
03829,P11017,train,0,820dec182cf085990d0a9dc29950bc643f814d2d234ab7c3241f596400ee70e7,3,fit,model_fit,1
03832,P04246,train,0,55bae4cd786fc5d3bfa2f0eb80faa41113c5ad8d075e65dbe9a52910208bfb1b,1,fit,model_evaluation,0
03834,P13337,train,1,6585da4f16ac1866782aecd46bb9f7d67bfb0063bee7baef990ffe7e49bd6dbf,2,fit,model_evaluation,0
03848,P04352,train,0,13f0b6ac84bf345ba03f9976b86bdc6d013f825648ffd383fc6275be84fa2b57,3,fit,model_fit,0
03872,P05264,train,0,c9cbea02f4fb65bf702cc410f2e4efdba4bc12eb7592ccbea15fdb201ce544be,1,fit,model_fit,0
03879,P04525,train,0,c108ab60bc37297458c541e34be3edbf9f5dd6f75fe8d54a43ba5d85bc8c3ec5,2,fit,model_fit,1
03884,P12252,train,1,13d55f055a7b2ed5924d2eca7e7b6bead74f4018d357f87f91da31e3d21cb032,4,fit,model_fit,0
03885,P09793,train,1,5faa9e6788b06e4206019b8ec41cb582e8bf31698094791893e4229c774abe5d,4,fit,model_fit,0
03889,P15803,train,0,47532869f7c9f30a7b39d4b0277bb31a755c69320682c31220dd4fe2f7cd5388,1,fit,model_fit,1
03897,P13843,train,0,16a1e5355ed6b2f6fcdcdea85cc8200a80bae07ebc0cd7201ad9ddc949b7cc2e,2,fit,model_fit,1
03902,P05017,train,0,bab6ed0b4398f8f72f42aa274667b044e3cd5aab1cd4906f837a46c4a8703418,4,fit,model_evaluation,0
03914,P03400,train,0,79065afac826ee172bd99d323cce4ae2f9b7a2bb1a5dbb77f31765cf918705b0,2,fit,model_fit,0
03932,P04690,train,0,7e4a95c14816d8447d1571d05abe03d1886d9cc4e195cce725ee48047037547e,2,fit,model_fit,1
03935,P05767,train,0,7195c026f71663c23ed1955ae2b317312302bdafe19b588231520cee48f96310,2,fit,model_fit,1
03936,P01849,train,0,6d219a0dcc5a597ba0ee2c33da423a8c5bfcd0f806435e34a9fc7d6f279fb011,4,fit,model_fit,1
03943,P15131,train,0,7336f1205cadbe4a4fcead5c252710d499830d748923ecc435b5fdd287f144eb,4,fit,model_fit,0
04021,P08299,train,0,e34ce899b6ef7d7adaa2159847fac4711244237520a400633caccb72ee8eedb7,2,fit,model_evaluation,0
04031,P04834,train,0,58ed5141312fcb6376929323d0b40586661aa9813bde5cf8e7ba22b14b16774e,1,fit,model_fit,0
04032,P12320,train,0,75381532cea32382411407dd2026c43fc8ea26e477a971ff9f966dcbb6f8e196,2,fit,model_evaluation,0
04041,P09770,train,0,dd8b293a55383b69df90d212d38ea0ebcea2f339089cfed1118b9eb50a6b93ad,2,fit,model_evaluation,0
04053,P16702,train,0,249b170e159860d5d8040d2529c65f490f924540eb414b492071541f19895de7,2,fit,model_fit,1
04059,P06653,train,0,359e27404f6ed041b725d059f9b153ce5cbf54f1c751094ca5377ebd356f15ec,4,fit,model_fit,1
04061,P13656,train,0,d3116d39ca648c3e0f311f69fc6118d0177c0606f66dadfd6acaf52190c4cc73,1,fit,model_fit,0
04063,P04475,train,0,135ac6c00af53642b13b73d107ea8e35d0f1fcf3ce5e9fabb093e624297cf8b7,1,fit,model_evaluation,0
04065,P12243,train,0,35cdd6aba68633a9cb3a21dc5b1860376acd0be31f3a1f8eecf3d02ea372bde1,4,fit,model_fit,1
04066,P01620,train,0,388c1b2e1b0961e1c31f8e1bc2a0106053d5241255892c09de37df8a9f38e725,2,fit,model_fit,1
04073,P00741,train,0,6fda9b8a385ae49f419ea23a4abd48c8d6cc113b8bcc304e88054b0b5f3fa79b,1,fit,model_fit,0
04089,P02248,train,0,7c9be481fc05f997fb47ee42ba902c8fddb0901d36f85188d68c6141aac54c8a,2,fit,model_fit,1
04108,P08192,train,0,bb4b250f56990875f89b5fe08254a51e80c5302dcbae22edc3fa070e58188653,1,fit,model_evaluation,0
04124,P08687,train,0,38ca653cb4d8b1b67d7a363454a6adbb52a33fdb7ce8b7ae72359cf142924b72,3,fit,model_fit,1
04130,P12101,train,0,996a006e1c7f893cc53688f80361be2061a2ddbfa6740f4f509055386bbcdf0c,2,fit,model_fit,1
04145,P03604,train,0,0b16200720649ad94b922b5299c416a7b8133c86b589f8afd9073750100f9ab6,3,fit,model_evaluation,0
04163,P16385,train,0,0059e4311f539666d96cb65dee134e31bc6e59d369f3964add16e6f6fd5103d9,3,fit,model_fit,0
04171,P06393,train,0,7cc95f4f88f1a5c9cb78dec5f1cc8cc60b41d833146187e356d0a6d691f48412,3,fit,model_fit,0
04180,P17482,train,0,fbbadb38b3dede9af088231e993e746ed0d44b4ede929d8cdd20578a903adbf1,4,fit,model_fit,1
04195,P08214,train,0,049b26c3cad2fb02a6acf9110c20167ecd06bf41da56c4c2e120727de217a45c,4,fit,model_fit,0
04202,P10382,train,0,e64f39e7609f05c140e5d75a04825308a2fc275b27bdc540e6786be9161df785,3,fit,model_fit,1
04205,P01752,train,0,6b6b4034e129c0d8601d9be9466aab83110c517700f29b97254e2fad6469b448,3,fit,model_fit,0
04208,P03541,train,0,a8d9f30ef614c4a83167af5461e28a7905022cf78b2bdef5b7114c65e2b611a2,3,fit,model_fit,1
04217,P10688,train,0,3a3b21cc74ca94eb7608caf8312f4ce37f44a8d2c25ffce4c528ca36188b9170,4,fit,model_fit,0
04228,P08221,train,0,d3a51f237dd463d9c700931023eeae4a658fb4288108671987216bc650814c69,3,fit,model_fit,1
04231,P05305,train,0,a9ab012067047129014705692080e1126980795ec08ab0ff77f0d21854ef08b8,4,fit,model_fit,0
04234,P10833,train,1,5f01831d18912d0eb93ac2297c9902024ea3c34013891602d4c59138c03c9956,1,fit,model_evaluation,0
04236,P13022,train,1,b88a018daa1473b5413a16347fba38a1d941c62459144fae7f59ab7567930f12,2,fit,model_fit,1
04237,P15865,train,0,406d94286e73137ea324acdc9e556bdbbcda2f0a0283bf6768812ff2fbe95c71,4,fit,model_fit,0
04274,P07261,train,0,176df279cb2b0f3ca530bfa8b9e335717e5aaf79b492cb8dc18d60a9f8fa70de,2,fit,model_fit,1
04276,P07637,train,0,4f35e954edf0edae6d41eff38ea2c00e70797fe8ce87c0189cc860aefbbbd8b9,1,fit,model_fit,0
04298,P12105,train,0,2540e5aa68f3f480c7037a86c33e1a8b81c6588d9ae7826bda0a8bfc2f75e959,2,fit,model_fit,0
04300,P12945,train,0,533571eed381c15556a7cde85419750d0fd5261a0c6f147c625c184fd9d05d9e,2,fit,model_fit,0
04320,P10566,train,0,37cf3efae2b250f1c0d930f4e1186d407e15f361ae4d037968bda5dff7ffe3e4,3,fit,model_evaluation,0
04326,P00371,train,0,688846b7c576a43a2cafc52a92335b7652de4e9b748e5098ab74889285b9a71e,3,fit,model_fit,0
04330,P16160,train,0,ec2092b25d159c0647d70febe2afb470ad4db1feef7ca2c596dca940af8aaf32,4,fit,model_fit,0
04356,P06933,train,0,0d2a1b6833d3b2490ae24763ab0efe2af218324c02370421d2bfd93e1d001a85,1,fit,model_evaluation,0
04392,P09446,train,0,54cc93438cb100952339d8e3c41bdeb05ab92060cdc20e2b7d344adcf10257b0,3,fit,model_evaluation,0
04395,P15313,train,0,d1b241475d883c1639c5c12e1d98f91826c09ad75ad5d14faf3dc98e92d5b598,4,fit,model_fit,0
04402,P04361,train,0,37f395278017681f69712f1394753ab3ee2d40a7a79bab59ae109a498a9ead60,4,fit,model_fit,1
04411,P15565,train,0,c8d9d90893b7a7d35331bc44118a0e01697dff39516d420bb8c9dd4644065e2d,1,fit,model_fit,1
04416,P13600,train,1,00b3894acb267220379102e3adbd6e21a150737c718e6f95fb2f81544c0f9455,2,fit,model_evaluation,0
04419,P01881,train,0,7d67e39668abdee8d9ba442875d4c1e00574a6fa61db74eb620eccdc000dc014,2,fit,model_fit,0
04426,P02653,train,0,caee6fbacfee666a5851e3b36974f10c13266017142fd7987f461893e37738b5,4,fit,model_fit,0
04428,P12659,train,0,3b4eef9fce2d3c45fac23aa4707b4b35be9060173c62857d29243b70e21d5c2f,1,fit,model_fit,0
04434,P15242,train,0,03f7f7c77e641244e53717869db6f42737d89db3510e6613cd3d2f92ad655990,1,fit,model_fit,0
04457,P01727,train,0,8db23f89a21d1d319da390b57710662587357f9f8a7af6f750bf930b2c9d1b8d,4,fit,model_fit,1
04458,P08335,train,0,594e24aadd330055b1b21dc53cc644039a15a2c99563c582d2ff2a2e5b9c7c7e,1,fit,model_fit,0
04462,P09576,train,0,d068b192c983b825b354b29f7051c0dcde8b90274d8f3d4bbc0fa1830962b3bc,3,fit,model_fit,0
04469,P18188,train,1,36b20c44d252dfa4aaf70b0c0b1c2be37ed616650d29f7300d364a01052d09f7,1,fit,model_fit,1
04472,P02901,train,0,f56fa05ff56c86998e03ae0048fe6b570865d1b50a983b1b2e63b8ed2d4e2130,2,fit,model_fit,1
04477,P02920,train,0,87815958318a6145a4da4ce19eb930bf78897906dbe4cff70290eb6de523f614,2,fit,model_fit,0
04516,P17876,train,0,8e3fa51633a2ce2df2a7852c17acbb3744c9ff4f22a63ae8c38bd0122b541662,3,fit,model_evaluation,0
04523,P08011,train,0,a084ae5d79259816e9d0929cf5a99a346358ddc5f403511f9ea29d610955de23,4,fit,model_evaluation,0
04527,P14462,train,0,deb23c9a0defb26a0d6469df72f631e648011df0995f6a07f6baf1d97072302c,2,fit,model_fit,1
04529,P17476,train,0,b419aafedd5759db64d416521c7a50b15848226a61becd3abcf1f9eef468b5ce,3,fit,model_fit,0
04554,P14799,train,0,d6610ad93bef8fe382c02356b0695c89bf6f7d7a71937bcbe0ddb45f95c6a936,2,fit,model_fit,1
04562,P16632,train,0,534a634457f27a7c0ecaa7d9988825f2f1baf68d5ea54e350c140324e045fa0d,1,fit,model_fit,0
04563,P09141,train,0,316d3210f4c50be3cf54531cfcad8ae2301989360cf5388f4eac72725d0182bc,1,fit,model_fit,0
04565,P08482,train,0,ca14f49b9183f2f0fb6193c1ad2633d01101210ed52795e2a240d7af53b61845,4,fit,model_fit,0
04567,P11082,train,0,b913ea7fd577897102d2c8f5572c793a12dbafc62a74070184d5f54933631cdd,3,fit,model_fit,0
04572,P04244,train,0,3aca8fd120adda7e0f1c82fdfa03a7d93c4d4055c4d6c1a80eedac798e9029ac,2,fit,model_fit,0
04577,P17304,train,0,3be15413c5cfce9904746c710330a8e2082dbf2d837162d1d413dcc73bf78dc6,4,fit,model_fit,0
04588,P03013,train,0,90b6a30a7ae4d2e65e6dd2fc63d791fd5e0b09da762c4ece93beab06f0433833,3,fit,model_fit,0
04597,P00992,train,0,825c0562aebb8328c8aa531371452ed7b99c1bc5608d8f4559a6a5a36303be9a,1,fit,model_fit,0
04602,P09459,train,0,e4a6404183c4ee47210699bb2923ee0378d6e0d4abcc503e27293194016c8e2e,1,fit,model_fit,0
04609,P17537,train,0,6e51578d9302ea7191d1cb5f94ebab667b05adc887a4f48b2c7575ce72ae50b9,3,fit,model_fit,0
04627,P01969,train,0,aaebba9fc8c5bdafe4db0f7d484c3654f2d0752cb1554d7718a84bedb39deeeb,2,fit,model_fit,0
04628,P15603,train,0,d64f1a539acc02a92144ce9faca8bd0a2ba6cae51b40d4c333348343a771cd0d,3,fit,model_fit,1
04633,P17006,train,0,f4d7e9030775acd27f7d08e5718cbdb46601de4e33b5fb6e4a73226fe5c7e19b,2,fit,model_fit,0
04653,P02013,train,0,5b013503720c02e39c27bd464f00574dfdb9bde56c773c49af5ff40878140069,4,fit,model_evaluation,0
04669,P02675,train,0,503111cd8c796b2aa0eba1f76ccf644396ac00ab64760707439a6452243de5c4,4,fit,model_fit,0
04679,P15473,train,0,f640e6dba8e70901b6e2a0d885c21388a1ee331e0b584b29e2c7b14d857a1b68,2,fit,model_fit,0
04686,P05880,train,0,ddb0e48aabaeb1345f38b4e2fcf83456f36977e0e8d4c8357121577720011d34,4,fit,model_fit,0
04702,P03834,train,0,6d7f0123b0e7e29d8e0142428592132ea3f2ca902bb5925428b873a269d70106,3,fit,model_fit,0
04710,P00346,train,0,e46d9d4602edd7bbc6c6cf8cf91d48057a1ae75b60c0853bdaa014ae437cd355,2,fit,model_evaluation,0
04718,P04824,train,0,f4577f676d949114fb903b794480b1bf021e31060d8ca5f56b272149fc7e4f6c,1,fit,model_fit,0
04726,P15574,train,0,9274daebf906aaefb18c099c8b264e6723807b20eeb7100131bbd5a359fc63d4,4,fit,model_fit,1
04734,P04084,train,0,e0eec6b39cffb08eba9bd19e516afd2f7e70fa10293c6d5c531387aff39b4c58,3,fit,model_evaluation,0
04735,P08283,train,0,2e6c5d58d94f5df6ac519242bcf983732bae71c860a5bad8a045d4acbf280e4a,4,fit,model_fit,0
04737,P01964,train,0,aa5c39967334bb953b306d0c5810be5095c8fab9476c337eeb0c72a80a667daf,2,fit,model_fit,0
04751,P04610,train,0,2358176ceebe85e2c543eef4897ea2f8a154f27f49c2ac42b4fafa517af9b9ce,4,fit,model_fit,0
04760,P12889,train,0,72ce13da42f526807f23f2994d32a7aa042c68d0cf0d2698676a2fa2b45a5319,4,fit,model_fit,1
04777,P05899,train,0,e4d7edffe79eeaddab4e2a30d9313ca20f9413362a94dcd3a8d071f492426a28,2,fit,model_fit,0
04790,P18781,train,0,35837f5b456debe9e3105c7313bb2a6f51102538e3c988772cf034f3cc6810a5,4,fit,model_fit,0
04802,P10764,train,0,ace463ecfe1a433caa69ab3fa4cd7729ff90d6411e6bb5a7ece9fa932cc3b3db,3,fit,model_fit,0
04809,P04168,train,0,9d2a4595c3aa4b7cb7be9f8753778eebfe9cb7d89890f9a4af08a783ccd49edb,1,fit,model_evaluation,0
04820,P17874,train,0,701b075e794c663436fc362dd6b4c3a71ac0a2505dcdf3e060e2ea6ed4b7f59a,4,fit,model_fit,0
04821,P15019,train,0,af292d65a7fcfd0bbef6026f7a84ccfb6294e32285e9941be73661bd1a1f7826,2,fit,model_fit,0
04823,P15834,train,0,33142dbb47fa6fca79b68fd402bacff18e49d65efe7fb3f2413feeeb715bb9c3,2,fit,model_evaluation,0
04830,P13357,train,0,5afc698b223181e99049f645ad40082f75adb3acfd4af09d72e08c01370bd048,4,fit,model_evaluation,0
04834,P18295,train,0,97ef14f5f7f1637de57d5425a02e2e315cebed97086646d8b81a1ab557263078,2,fit,model_fit,0
04835,P15852,train,0,eaf59396c7c8333a4aeda7c9a85e439f41a188ab3eafa5980537df862431453f,3,fit,model_evaluation,0
04841,P13358,train,0,a43a162aa812e8d0abb403a726dfa7068107f18d74a242354b9a0c2cebd789d6,2,fit,model_fit,0
04852,P11892,train,0,b9804951079549c9015c3e1b5ab45f9a72d678bfb392ec834b6b2ff17a32fc16,2,fit,model_fit,0
04867,P09961,train,0,6e09c42ce8730ae3cb5b740c00f49713a768ac6b6f28eb305aab394ee5503a25,1,fit,model_evaluation,0
04878,P17219,train,0,5c352ccede165c5779f705f25ee92e1e9d90bffaad21e2ff813716ba119daced,4,fit,model_fit,0
04901,P09513,train,0,d4c261e349d19de9d068b0c531a94a8d38779c13dc1f9b347bf75186b6be7b6b,4,fit,model_fit,0
04904,P00001,train,0,2440f810abe44fc63a11d6bc63bf4b5f3d47f92d2ce4e7ea78e144dfe4d66322,3,fit,model_fit,0
04915,P03410,train,0,608f1819748d659fb8e2cc946aad1a5eba925cabe9bf4f070faa35a1c147b5f0,3,fit,model_fit,0
04953,P02096,train,0,b994536f8401874fab34850bbb2e5dc31c22fb48ddeddd0fe30b3d06cbe3c0b3,1,fit,model_fit,1
04961,P02982,train,0,672abc7532875f12c14f5fdd075336ad6c18d82d76dbf95ee03c72e8075ac760,2,fit,model_fit,0
04962,P03780,train,0,61d2330d616989a1eff9a4e598befc1997b2d30cc25d99594e568590138c1518,3,fit,model_fit,0
04968,P13591,train,0,45443a0afba7306edf2e423f5da937b85507044e7206453a064b651bdffc875c,4,fit,model_fit,0
04991,P06434,train,0,d689cbde5c6e77c8de299ac498566538326123a1b67f66be5b486152ec4a85b2,4,fit,model_fit,1
04997,P02494,train,0,69702d2f8afeff6a77e679cafa1e9fc3dc95760c60831661ab2082861c2092e7,2,fit,model_fit,1
05002,P07268,train,0,86911cb9f79a3997a8f1e27a88478b928e3c97ffe35e1edb8bb6d996607654a0,2,fit,model_fit,1
05005,P08239,train,0,a48d57a868a41d974d36c232ea1e6091b01c66c37a9c091c2cc0a0389c74fca6,2,fit,model_fit,0
05021,P18099,train,0,fae9f97a183584f699846e2ae1cf8754a5fafdbd1fbd496e64fff6ffe4f1f340,2,fit,model_evaluation,0
05029,P12584,train,0,01c3aa6f1f9db026c9f76e845300b39af215e7a29bfdeefe5950d5f469bd4bd2,2,fit,model_evaluation,0
05032,P16428,train,0,553f7009f0412698fdc0b86a35ddf9c86f4346df96f423272cd158345f6d59da,1,fit,model_fit,1
05035,P03256,train,0,3172b13023ceeb80428e73e3c280d5d08da5eb8a8d53521e33eaf247dea9c8a9,4,fit,model_fit,0
05043,P10152,train,0,642bf7a8ab48f73dc7c924a0c747fc7c62e4f7ba8ecd466a374be5fd5bb6cdf5,2,fit,model_evaluation,0
05124,P02037,train,0,f187ca5901451124ac8dae575f02a82d4312c21c9287da772bfbd2daa1e64477,4,fit,model_evaluation,0
05127,P03843,train,0,40bc686e9693e3a8a46d6fc94138e76f04d374b2422dab58c54b162421fa50ae,1,fit,model_fit,0
05132,P03236,train,0,87ee9c2d865df2f68573b7d6c373d8a07d52ed112ec1a5934a2b1028c86c02be,2,fit,model_evaluation,0
05133,P02561,train,0,742a6c418b9a39e4b842cba25f4a805e8c7c0fe4f0550f9c244febd2e9d3a4c5,4,fit,model_evaluation,0
05164,P17023,train,0,28bc203f5aaa7d031c29864067383946bdeeae5e4f29fa55923a611080564fad,3,fit,model_fit,0
05170,P10517,train,0,4de94413605d58caa674c221fcceb9d2ec65fc39d2d5d3c73cf2da4ccd3ddcdf,4,fit,model_fit,1
05175,P03443,train,0,899fe2e965d5c651fa48e2b0fe731bf3213eeabf387a179078cff9ee3b5284d4,3,fit,model_evaluation,0
05179,P13005,train,0,c8af4b9359234a3a59ad9d33f1d2807c10ede2ab3a0e803c3836e061f7a63256,1,fit,model_fit,1
05191,P03605,train,0,4b8d95cf7a1826460afd0d8f43413ee402f6bcf2cf7f1996a97cb91538abc187,1,fit,model_evaluation,0
05235,P16130,train,0,3915f230be7eb8a468b71cf39753a711c39f53583d7d9b485343060b15cba44c,3,fit,model_fit,0
05236,P05390,train,0,0f0414273a3329118b647519ae604ceb6760e93459b609eabe736bd58fddcb98,3,fit,model_fit,1
05245,P11741,train,1,0c38d45eb9b4b02086246d982e81a35b1b0a4190009ed00d98e6982870d281cb,4,fit,model_evaluation,0
05251,P11946,train,0,4c9923c83d961382490e87af8e6739082ca65337f62d0c97e4c4b8a283a642bf,3,fit,model_fit,1
05262,P10472,train,1,7bd17ca140fa03ff3b6dd588a4c729a9d399a148b14efd1e656b973f323fd775,2,fit,model_fit,0
05270,P03162,train,0,cbc5937e9ef2b8f09fa98f4d7f1078ea50864a682361ad2b3a0fb70ff2c23c02,1,fit,model_fit,0
05278,P16954,train,0,b4cf9ef5638f19b7a09b8c8cf39688ef7f1b6ef8c8e5a5b92183e66239c0026c,2,fit,model_fit,0
05280,P04235,train,0,bfb8401dccc264093403e09559424f963912c59e96e056a4a739dbc2b1dd8832,3,fit,model_fit,1
05284,P10639,train,0,f1a6616aab67abac720e94584255885cfaa002898b267eea30607ff3aeda63c1,3,fit,model_evaluation,0
05294,P14682,train,0,fa00c646a98945a2ba15170d0f2982c2e742a9f56f85d2ba86512016fcb84bf7,1,fit,model_fit,0
05301,P12395,train,1,47b4af5e08add6a40143a936cfdbcf574cbaf1a4f198f263dd5e8d5ae9fa241c,3,fit,model_fit,0
05314,P12922,train,0,43344de195f283eff59d76dadcf38c105ba32709b68f6bbf58fa9272e0d7cf81,2,fit,model_fit,0
05320,P12420,train,0,329d135a272ff4c4aa5ce27be66e794826f309b9040a674d809d157b32ff5dc9,1,fit,model_fit,0
05336,P18215,train,0,1abf05521b0bbf810f2536e185ee6b72b3b1af4530f89c474736692a1d41cdad,4,fit,model_fit,0
05342,P03130,train,0,d07c9dd34ca8f3eb37b2a2d0a396b1065edc444e3c9c9e49b044d5a6b42de44c,2,fit,model_evaluation,0
05352,P12732,train,0,3feb5ee10e9c2497e34e3843be5d1c38af7dd775c8aa41406f5bffb1b8395c37,3,fit,model_fit,1
05367,P15096,train,0,ff3ce3e6b2d37249346983c0ffff5b22dd4a9272bc6557fcbaa561fb5361e831,2,fit,model_fit,0
05370,P15317,train,0,afd76d3a3d46ef70ff4d22381e5753f21caeda07e7552e1335c25969dc03e72e,3,fit,model_fit,1
05375,P03933,train,1,87120c330c783ce630a88601f4e002bdfad15effe6993a4acf394ec6399b255d,3,fit,model_fit,1
05395,P10074,train,0,e126716633fc1b02f468c1b1f9723f50b43731523420e06ee3831c8f4a002096,3,fit,model_evaluation,0
05401,P16383,train,0,54961ec36b359ee176be7eee598f2feab09f6a5bb6bb7fddf75cec392da3451a,4,fit,model_fit,0
05428,P12137,train,0,748a1d749af12e7d6ae799f617913ce92f025bf8801a7c0b1889042c60d20d10,1,fit,model_fit,0
05437,P08446,train,0,59469908dd011057f524bf8acb3786603dc7b37b1280276a7d5828357c7f9f9a,4,fit,model_evaluation,0
05442,P14248,train,0,e140a30e33aadf28a8529068798eb64ec261c902a30cfa8a23495ef73cf73b65,1,fit,model_evaluation,0
05444,P13435,train,0,f86eb209a46f1cfd5468c39307e6dbb9c330e95d298ad8553aae1f20acaf2884,1,fit,model_fit,1
05493,P13784,train,0,60fcfe0f3608de439fbaac6cae96cb791f0aa7a3a29d07c3c69413b461792372,1,fit,model_fit,1
05506,P07287,train,0,f47f91ea58426b594d9f25f36c36e75185d8bbca5bfc493db25bd0e7db6afb85,3,fit,model_evaluation,0
05510,P07646,train,0,eb3a56cda21fe3113cbfb03b119a793abb196c7b0542bb359e7b750c28ed32f2,2,fit,model_fit,1
05517,P00714,train,0,e44642c783d40cc8579558a8a2d7c0bd7e53bedf530a188509942e32ad998a52,3,fit,model_fit,1
05525,P05446,train,0,4eae64e048058c9045eb5c0e5c7875685c1c512353861467d5516519d2461abe,2,fit,model_fit,0
05539,P07984,train,0,3a8b9694f2fbc5b3ce9b441e82935e517918f4b3046d3b77e103af108bf792cf,4,fit,model_fit,1
05558,P02729,train,0,40882bf5f7bef2d89fc9cdc5b5b53ba4e9c6ba95fd88dd25cec5894008dbf3ae,4,fit,model_fit,1
05559,P10112,train,0,8ad1eaef092c934a0f1b7ca2a146f1568d9dee258a874aa1a272e87acf5f2db5,1,fit,model_fit,0
05576,P18840,train,0,acb153580d11549b251477bf0ed00675328b0eae7a483450842a95b33796dbfa,4,fit,model_fit,0
05589,P11867,train,0,568a4b741acbde41ab88b489ce7d5f8ed0a1b5e0707a7982b1a44cbcf9130f68,3,fit,model_fit,1
05591,P04815,train,0,c92c7fb7829f9255d76ab9b9340186b86f646c3b906fb8f2431638ff88e9ccda,1,fit,model_fit,0
05603,P06387,train,0,dd89145ccfe926f22ed74b3f968d79e7a235344147f176606bc8492e3ec03853,1,fit,model_evaluation,0
05630,P17195,train,0,224871638cc25193e2c7b042bc60a817da0ff328a9397bdfb75051efd7354e7d,4,fit,model_fit,0
05645,P03388,train,0,720256faf063eb9be3e0ec095de1be946c8916a7fae31a3e8c70d8a0d3c33a31,2,fit,model_fit,0
05656,P05170,train,0,020956a0b64a90b66587f8f90f7aecbd7cc8a738278cb2511602164fe1fed8f4,4,fit,model_fit,0
05657,P11575,train,0,f4025a20d994958ddd1a74e1a3ffad7c007c8aa3080adafc97ea5a1ceb2ced7e,4,fit,model_fit,1
05670,P09535,train,0,1cb642657e3a39e1a6229b64ef61fa6e7da1bc6e5f81111b19400b1033b034d7,3,fit,model_fit,0
05672,P07477,train,0,2aa4b6484677e050bc96cfd48583de48bc33cf968e4784d4c05ca7c87b8bac00,3,fit,model_fit,0
05687,P18654,train,0,9cdda712c2fa2498dfce20b821a1e31bf5e0946e5ba44bf21aac85650cf6c306,2,fit,model_fit,0
05693,P05218,train,0,2a2eef5dcf7c2b9dccf337966605750f1f4b4a9e17db6de0e643c2d34ed94b50,2,fit,model_fit,1
05706,P14707,train,0,a50d22f413120f93334bb2227857a2cd8b1fe1a71ceb24e41313b2602ee52254,4,fit,model_fit,0
05712,P11258,train,0,bae241b44815de0262754ea20ee61ccd0bb747768f724a40bbf187108de472c4,4,fit,model_fit,0
05726,P06180,train,0,ed2d1b4905347862910d9a2acc19b44aadb8c7e21f9fff5bbabc42874545bc70,2,fit,model_evaluation,0
05744,P04368,train,0,f3aeff08afc9adb527df6ef4107a080e8099fcb0e6b1293cb718c6caf9234f18,4,fit,model_evaluation,0
05748,P00019,train,0,4687a716d836bbc95334a641c557dbd54ea8549fd7aedfc9c059e16eef8df417,3,fit,model_fit,0
05752,P00996,train,0,a2dad3c1f1232bafab51dece4efb15b97bf68f923173babd9e834b156153dba4,2,fit,model_evaluation,0
05755,P08691,train,0,b4f65e102e8df3c5ff28516434296162118edd9f9aee7b855ea23fc14434ec50,1,fit,model_evaluation,0
05771,P14285,train,0,03c69e3f69619c0a6769a70119c1df7a1dd2b3cc7898be86a5c2ec4958a20cd3,4,fit,model_fit,1
05773,P16842,train,0,acab1435f4c5e2dd35587cd40015b7583ca95094d8692248baba73363ef9f559,2,fit,model_fit,0
05776,P14928,train,0,8790b7ea1635cade34add0b02da47f5e14abfa5c920115ed83a851799c6f3563,3,fit,model_fit,0
05780,P18682,train,0,005cc36b56552a85a03fec9374cd3229271eca4a4422438dc875d5c4fd1591e4,3,fit,model_fit,0
05794,P17493,train,0,e6703e1179917aec8b92816f9fc1f192bf302e6a64052f569432a728e024ad2e,2,fit,model_fit,0
05798,P15688,train,0,d1182e0157aa5ed349bbc730e55e8c8e7f0bc4b5bf061d63864d8996554c62e9,1,fit,model_fit,1
05831,P09220,train,0,1fbd8a4b1f2d101c3ae0da013228a24a3876e3e790575a9efe3341cb5fb54744,1,fit,model_evaluation,0
05842,P15044,train,0,12b6479929dee1a5d821be6ff0e1e52d48998fa1099ee58812056a69f862b657,4,fit,model_fit,1
05846,P00247,train,0,f585a30f19489afcf863f3ea5988db9fed11cb2093a6fa213d3c9749431b6770,2,fit,model_fit,1
05849,P08217,train,0,7d79bffbb51da358c60a6977340912d3663970b3550da32a9882e6b0784ed487,2,fit,model_evaluation,0
05850,P02847,train,0,76d1e873c089ec0ecf3f7cef579cb7c566bced543f69d0d15a26ea4ebae01116,2,fit,model_evaluation,0
05853,P00410,train,0,2a19af080aebb37cb880457fb47c668f0aebd2308948ff702cd7270770f5a3b1,4,fit,model_fit,1
05855,P05740,train,0,afc634dc6f179a616a0d0785b646bcc06fa9563c20f0ffd97e0e1106bd473dd8,2,fit,model_evaluation,0
05858,P11713,train,0,70cd6cb8329370a0221870d091da259bb32b7d06d19630d986e0713964541ce0,1,fit,model_evaluation,0
05865,P13631,train,0,053cce3c30d23ce3d9ee52ee7d3ed76e196513c83874cab43f0a4e3f27682e67,3,fit,model_fit,0
05878,P12110,train,0,b54452c27449c3ba4fcbbb1033855589bf6f1dcb3cfe914b96f723386dce6107,2,fit,model_fit,1
05884,P12833,train,0,caea5e8f4fc341d9c00cfad8fe4ce015eac22b1f040df904169925d4c1110817,3,fit,model_evaluation,0
05888,P16586,train,0,3808aa2d5f98332cef909cd8b765a6183ffacfd65b677133bcde1e02b530e37f,2,fit,model_evaluation,0
05891,P17581,train,0,ae3af06accb19dd34396b5dc943c406697dd991fa7654515e2b84fab90a03ff9,1,fit,model_evaluation,0
05925,P07435,train,0,db5b9cbfd276072cf466d255a8ebf149bf29a97890cb42b29134021e01ec13e6,3,fit,model_fit,0
05933,P04171,train,0,aa70fcb3d46602a0152d05deed67cad043b39e2e9617fbfb9bc6bed804c33810,4,fit,model_evaluation,0
05937,P15455,train,0,a9952ac8d0346e70b1f9a4770cece4b8e84bfc320aab8e4016fcfa8d71b0fee4,4,fit,model_evaluation,0
05945,P00804,train,0,a2b56b92852e6a732c798c7d30344a88906d3d76fb46ed43b827306860cea776,4,fit,model_fit,0
05950,P16433,train,0,e93d9dab171f5a448c40756335f88a181a85db7963ef82d5edc38738b7682f6d,4,fit,model_fit,1
05951,P10366,train,1,135d4a682de813cb3f875b9ec2b92302a66ca12282a0a37fe6b58112de63e037,4,fit,model_fit,0
05960,P16579,train,0,05a6778b6773b824ef3be3bc9320244169ec13a2ef6ae11d721b44a1aeaaa51a,4,fit,model_fit,0
05966,P05549,train,0,bb28d50673a227b6df548d2189753f4c5d9bb228aa5b633b0aab1f35aa7149c3,2,fit,model_evaluation,0
05972,P06670,train,0,a2278336817b45118897dfdafa0856c7c71addf7257f03646a11d8702341ba25,4,fit,model_fit,0
05973,P05991,train,0,5a4dd9a33518d3d6eb206a674d664c940495659b099904acf86c9d59552b0017,4,fit,model_evaluation,0
06014,P18552,train,0,a694010dc97c991451f01330f5a837d4b5c20d4355465e5df8342d64b44bbc4b,1,fit,model_evaluation,0
06067,P11064,train,0,549291b77e130380089d7f636174c6cabdb529cb01c22830c397aa6d8aa6b185,4,fit,model_fit,1
06095,P05380,train,0,b32ec3e81c767acf1d24a9be75efb4d03954ad5806b27c5a396ca81fac46e30d,4,fit,model_fit,1
06108,P18362,train,0,5f17811e0726321d1766d65a70a53b32cea61fa9350213048f256344b81a9832,3,fit,model_evaluation,0
06114,P15663,train,0,59bcda0777bd7145fe3031a02dd9f38d8607ba0daa5ed4a70e2c81da302de509,3,fit,model_evaluation,0
06117,P11322,train,0,34f8124b5193adacac63bbe333a3b3f85090b6092f0c136f693beae63a8c079f,2,fit,model_evaluation,0
06139,P03046,train,0,f733c3ffc4073ceba775ca4dd30e48a8748434c27520475b780ef484b1762df9,3,fit,model_fit,0
06142,P08893,train,0,caea68285de8ba689ae98e0d6265c5440c0bb1d2ba67105693646f9b0f2c2fa5,3,fit,model_evaluation,0
06154,P03532,train,0,df8f10625bd0cfe1bc6e055a852ec7116eea830313342af4b8496184982f38e0,4,fit,model_fit,0
06157,P06745,train,1,83bac1767f698927bad6adcb748512cbfd70a72cd1762eb528a82af719d59bcc,2,fit,model_fit,0
06160,P07466,train,0,1536d22114201e191b25ab6571ca3af25ad29ff42e5fb18ccd17fd36249b2d1c,1,fit,model_evaluation,0
06173,P14311,train,0,c821ba97d0ad455da352cd14828480ce0e5cc78a85e743545c525f0e86f6f4ff,3,fit,model_fit,0
06181,P00071,train,0,989ad5142cced159f80954fb67d61b5e739b3e12010c1868a53d030119e6d65b,1,fit,model_evaluation,0
06199,P15129,train,0,331d916f971edee758c67cdc4be7697cfa5ecf3b12362e93c904c48895ddf7f6,3,fit,model_evaluation,0
06202,P08085,train,0,a05541a56a587e739d49cd8e34efbd8f22e037692cb447e82919ce4f7e51917a,4,fit,model_fit,1
06204,P04129,train,0,2a2a2e47a5f23458e12ff920b3ef8da7ba1afe89652d366773bdbf891d2be3eb,1,fit,model_evaluation,0
06208,P17712,train,0,9c12f44708243df77d20171864830777228ad0413ae93c1e426df540e8dffdd7,3,fit,model_fit,0
06217,P15911,train,0,d72b7f343becac02121d136a0da39558967fa711da4887a678b39337798168f9,4,fit,model_fit,0
06234,P12393,train,0,a0821e006f2971cc0ccaf865c635e05f66497921d2a4cc02e44b108ac12c9fc3,2,fit,model_fit,0
06242,P09478,train,0,1909b1eff5d7e6d9e14daed52c813dd010bf949103a733ec091a68b4522a5dfe,1,fit,model_evaluation,0
06260,P02905,train,1,5d5e825969542864bd1008b78c6d7cc4ec9073deff5433188f92b76f76ef80b6,1,fit,model_fit,0
06283,P12729,train,0,7b18e37760aee929259bc94e97562447ff37d16e9493783e90bc4d58552af936,4,fit,model_fit,1
06285,P06488,train,0,7a52d4971c46ef90e1e446b4985815e468babda3633090ecf88d55097ba6386c,4,fit,model_fit,0
06293,P18296,train,0,f56c1fb6acbab5b86a6dc828c802376e812a6c7cd7ab75d7d28f7460c016c049,4,fit,model_evaluation,0
06315,P11916,train,0,aeb31491234755b06dddcb3486f658725b31eca1a44ce95b4c4af7bd12275ef5,2,fit,model_fit,0
06318,P17018,train,0,9e04e979ae3a7b904883a5ddf0fc7b18a3d2b29ac3ed334a6f662c17db7b8797,4,fit,model_fit,1
06338,P03873,train,0,ad192b182c074f0d228866035484aa5f0e5d5ea48efd8f10af63bcd556a6cf80,4,fit,model_evaluation,0
06339,P07072,train,0,a7260c9e105cc4cceb70e703a524819ef3e9791f5e5792a4ff27f7cee9978696,4,fit,model_fit,0
06353,P03200,train,0,eee61cad0f0d0407bf1c8dfe60be1bae52a02468ea2fd501c295124e6a2fb2cf,1,fit,model_fit,1
06372,P02452,train,0,5376aa674ad36a719ba882dd63613409d7f23a1cd7394a5f8b0cf419e27bfe7c,1,fit,model_fit,0
06394,P17510,train,0,8b12ca8046b4b82afaf9f29f1f2012b547fbc484a02aec864e1efc65e68229a3,1,fit,model_fit,0
06401,P04904,train,0,b0c06e1fe7089238cb07d51f6aa563df46c04fd189c4587798a92baf73cf18e0,4,fit,model_fit,0
06415,P02445,train,0,5365c4b73bff7770406fc4b905b5072c0c52fc13023518a7e1bed5fe7f7f799d,4,fit,model_fit,1
06418,P18029,train,0,7593d2fc230c413b2ea8d36d8c78a680dbce273c2d649fbde4a64b3eb6d8cdaf,4,fit,model_fit,0
06428,P16672,train,0,cb7356f41060229c4c792406212c8ad63e0f8765a3cabb55fb1834a35182ef3a,1,fit,model_fit,0
06430,P08539,train,0,5f6054e18f15829f2d5251c5ef5989d06d4ce646c5fce47cf566e7bf4a39c42b,3,fit,model_fit,0
06458,P09005,train,0,05c76dfb3b747210326914f847000fd3596befaab711e8a3f393936845b3ea9b,2,fit,model_fit,0
06490,P15363,train,0,c95c7d8451a01506bac673dc6cd5ae0e2533d0f1c080fb39982a95b5c7cc2379,3,fit,model_fit,0
06491,P06817,train,0,0ea1886615a70a3b9fadd75658c311e7846f5df17abb13465b5584cf2f2711ac,4,fit,model_fit,0
06497,P08980,train,0,57ffd438430006652881b8483a8dcebe4ac9d840161520e1d91622db79e0385a,2,fit,model_evaluation,0
06511,P11243,train,0,6c33c569fe5f72b43c96930e77e2240674e9e97121fc4ff55b53bbfd904505ff,3,fit,model_evaluation,0
06516,P02556,train,0,189db77dd0e972ccace737b4a9b6e5767fb69d53fc754238e086e512dd789109,1,fit,model_fit,1
06518,P08142,train,0,f092cb6bcce66d0be7df8293600b269fedde1d12f62c0e49bb483a11cb6ce3f4,3,fit,model_fit,1
06526,P03269,train,0,166fd05eb3766d918a77f553cfa437ab31f8d27d7e0f17502c7e6866a00b3bef,1,fit,model_fit,0
06529,P09647,train,0,117599f96620c21bfd2aff38c3f09be32bb1a4d2e21b939e7339f147da0da41c,1,fit,model_fit,0
06553,P07393,train,1,329040ea126e30bd06eb7b777767c868490cd9add533ffadc70a6b976d707337,2,fit,model_evaluation,0
06566,P10484,train,0,45209fe8aa67c6e13bbec09e3bd9d72dcfedbd3d482b9de4460dec66fa3d862c,3,fit,model_evaluation,0
06577,P07394,train,0,8ba5972a7fe15c03ea8491a79829a4eea8a20daefdf8c36bf3d1c6650ad945df,2,fit,model_fit,1
06580,P00540,train,0,287cc880cf787c24ffcb7f21ed5e284056a795781ce4d8f0db541c1612576319,3,fit,model_evaluation,0
06586,P07650,train,0,474b8fef65a8f741f1f49427104f29c725c4913fc24d9e8e7dab32ce43a9246c,4,fit,model_fit,1
06593,P09709,train,0,7cd51b826894ef3f15412b3995c7caa6ee3b7d0e3f8dcf9357ac81fb8ece8dad,2,fit,model_evaluation,0
06594,P11449,train,1,5e03464c16d7cedcf91d5290c09c01ca5afa6796e999addac1ffae8d7450b690,4,fit,model_fit,0
06608,P14132,train,0,791df7643fba08d08f29baaaf07461248a9e9291790c3915162f5cf7749f3a3d,2,fit,model_fit,1
06614,P12680,train,0,870f2a532a0772800108c50029800e50c7025ba113a201419d8c1820f69c2367,4,fit,model_fit,0
06623,P16864,train,0,48740404dda834a14518730bae206bf486b5eaf7b0b4238a904158b353cfdf30,3,fit,model_fit,0
06626,P06990,train,0,db1fcf9e540d917e0ec88950cb2fba7498f592ad123133b84698c5cb2e05c5c4,1,fit,model_fit,0
06635,P06092,train,0,28e9ad1ba3442a54069eeb5fd68f870004774aaf49c4f082e9cd1c59ce153869,4,fit,model_evaluation,0
06642,P11031,train,0,6be9e3ff634bb88f4ceeea15df4feea6ae6cb362bdba93ef1cf8321c46bfa021,1,fit,model_fit,0
06651,P11011,train,0,24bc9207f50b58519cb4b79ce3cd90ad602893596ed598dc63f3bd28d2dd97d8,2,fit,model_evaluation,0
06652,P11881,train,0,0a2c9c8f10b2247caf94ee55a468a5defc7cbd1fd01edf6b81eb886501d25288,3,fit,model_fit,0
06653,P09949,train,0,ada698cd061b397dcf4ee06acfcb2a0f7b8dd0535bcb33c5b29dd25c67419b0a,3,fit,model_fit,1
06658,P10807,train,0,eb1fe5559bc6fe753e0592b6b7fcb7c2c1b174a9521cd29926caf3f51dd54668,1,fit,model_fit,0
06664,P18350,train,0,c5008c5a5faa09831225223ee4c7da58f30d69122c8fb0d421394840e2dde295,2,fit,model_fit,1
06675,P08820,train,0,63db75074e6a1494cf829f30e9c7eb06c10370f3c603f50b5e7a7fd426a57d5c,2,fit,model_fit,0
06676,P01971,train,0,df582617c15ca54c831262bc83f69411638cee5d0659a3bb6b83d5aed995f683,2,fit,model_fit,0
06679,P04362,train,0,606a7b856dbdf05ea91170dbeb35203598972433b9b30a681b185c5beec0b0af,4,fit,model_fit,0
06685,P09445,train,0,ed27af927dec584444b5543480c44d65f4c1adbb6038226e0d2a31761011f233,3,fit,model_fit,0
06691,P02021,train,0,bdd64b571608c4792988cde3b914ff6efb967c5abefe5069c88d5e5e11eb7044,2,fit,model_fit,0
06695,P04050,train,0,236f4dc01fcb6d1ccea1be7c6c4fbc9f5a86a4e205d1fd7dde5f503039d86536,1,fit,model_fit,0
06704,P09404,train,0,a76f7f17b389e5b0c4c95015abc57159f9ff9324a7a45c3a5d49cd79778f8ca4,4,fit,model_evaluation,0
06715,P06779,train,0,18235c2aebcd8e8ecf0b461fec4fd837c8f2e166673157d3c6bc6a17b364241f,4,fit,model_evaluation,0
06716,P04075,train,0,6307e1bda53154d4af55416491d7ccceb14020e902bf28ceb503058c3ef04c56,2,fit,model_evaluation,0
06719,P15401,train,0,a5fc6e2457d8eef40860d33f8c5b143161b4bae460658cef53b8713e7e76d6bd,1,fit,model_fit,0
06735,P12275,train,0,c9a98e9bc1f1c597c5b2f71ae0148db00e4687e42fcee83cbe6f18dcf3e953c8,3,fit,model_evaluation,0
06749,P02172,train,0,3fbeda5833b76e8ca9f1a0fcb972b601fd550ff7175a06bb2eb5c4173754d30a,2,fit,model_evaluation,0
06756,P18030,train,0,aa43466db730a2389fbccc8747f97c375b20842834a4b89623d8fb155403f0b0,2,fit,model_fit,0
06774,P14033,train,0,cce6499f1195b69e00b096004d227f124ac24ee1513e3f12176eeec009b7d0cf,1,fit,model_fit,1
06779,P11622,train,0,d21ac29f7aa596f9488de0d9c8aea93e37845f39ede26dda71eb6b09943ada05,2,fit,model_fit,0
06786,P04971,train,1,3c6bc95f88100ae29148639eaeb0290be1ee2c6ae0e537cfdc9e1ac519d6e24a,4,fit,model_fit,0
06788,P13978,train,0,7c18469fba49bd1dba2e8af66386d1e2f131c95bdaa6989ba7693268bac34c2e,3,fit,model_evaluation,0
06789,P07676,train,0,4f46c2421483ddf95af3b13d996c647757a7485f55a49e3cabf057ed7539e761,1,fit,model_fit,0
06796,P16612,train,0,653fc99a82ebfca54dfc949d9cfa870155cc30e229e525b9b8e1acfbe79e302b,2,fit,model_fit,0
06804,P17135,train,0,9d0e414194dca15a424b53557450995f1d71d6a8399abe9d33667fbffca1176c,4,fit,model_fit,0
06863,P08287,train,0,856ddae0a600d18b8c71ad960b97eb0be7cfeff4de6ee313c8a5128cd46acba8,2,fit,model_fit,1
06867,P10092,train,0,03cc77c9ab8203079a5f8c99a98bc26fa4348e08c596b7ab5e6a4ef4caec39b5,1,fit,model_fit,0
06870,P01792,train,0,f971ed28da63bd7157a7f0112c75ee9ad9bf5dba3aff1f438bae801a4feeb8a3,4,fit,model_fit,1
06878,P03899,train,0,4884f0d7fab270b0373edd727e24f4075ea869dd77c974dac99bda65954149ec,1,fit,model_fit,1
06896,P06402,train,0,f2a49fb49abdd21ecb7ef5c6508fcd0bf178345964c50196f3e056e5cdb9b79f,1,fit,model_fit,1
06903,P06649,train,0,aeacfe899c00e303a33da231d6738f47c8f3ef552d5485e29c8d680d1c83a99a,3,fit,model_evaluation,0
06914,P14576,train,0,ccbebc76ebcfe33720aeef0c36cb287ecd492b3afda8badebde694c494a72d78,3,fit,model_fit,0
06923,P12648,train,0,c9d0a5c56c518d50e69c03c311f0ad9d76ef6f0b558257fd773266d932b3235e,2,fit,model_fit,0
06927,P17717,train,0,dc30299704d3d9163cf2353a654e95b44722bc6eb5e2ee3cb2c19bd72a13fc3e,2,fit,model_fit,1
06930,P07597,train,1,326444b0018cda5685a402089ab763b7e6853b93cf3a7792444e1f8dc21956c3,4,fit,model_fit,1
06940,P00793,train,0,a258669c8d02b362ef81a65e35a19eda62289ab65d25b89201479b06cc3196d5,1,fit,model_fit,1
06946,P05003,train,0,42e97af08466858d1fc26bf2103f94efca30ffd73b8fdcd06bd8b0727ca07392,3,fit,model_evaluation,0
06948,P07579,train,0,bd446cb169b04287ce5e94187694c7d2dac8352b94e8cc45265e7409fcdf9cc9,3,fit,model_evaluation,0
06959,P18039,train,0,1304cab0db9dc215bb59789caaa0fcaccb166c0d881ec35e9f7bdebe2760ef44,2,fit,model_evaluation,0
06964,P13722,train,0,869f58a409a0e89718b3deba35b5dbd7a9a7e4b56bc439d3be33478b2f863967,1,fit,model_evaluation,0
06965,P05575,train,0,97c8821d148eb2aeba74cf6a2517a169f8c38499b9f1b18d2dccf6426c8c429f,2,fit,model_evaluation,0
06966,P09271,train,1,49b2e4043788f09ae410ec6070004ddd10bc5fcf8cdac696d37920b2b0a5d2e5,2,fit,model_evaluation,0
06995,P04059,train,0,19e88bd17f79b2e938a51547845b3d24a74e292f59307050673e482cdbe148c7,3,fit,model_evaluation,0
07003,P03337,train,0,b9c40fac8901eef1730ce125f28e8808df14f54b1a2807fb4e343ca69cde24bc,4,fit,model_fit,0
07012,P06302,train,0,42d69b2ab7b1433d9e3a6d5212f3e248f7e40eb3f21eb9d21ac711613ce69e22,1,fit,model_fit,0
07016,P18122,train,1,4f355b07f533e76370ef8ea1143557bae217071d89d393703c21622725f687cc,4,fit,model_fit,0
07020,P05954,train,0,1bc8825e2b95525a4528e2cdb87c17c82e8ec829e317cb2676aee95d578f2329,2,fit,model_fit,0
07022,P15720,train,0,2b68bb88604168c8238fc800cdfe6a99eea45730c07c1c079715aa22d32c3160,4,fit,model_fit,0
07038,P13388,train,0,448fd4d2aef60dfaf884f403eddf5db7608a04150ee704258bff1ae122e03871,3,fit,model_evaluation,0
07064,P07641,train,0,85aa5bc18133a6853cf4f5edafa2b30b7f3bd09797c67d15ce8ff10711ac8c1b,4,fit,model_fit,0
07068,P08167,train,0,b04eb4a3f3ad631f7dc84fdf54c5e08d834e972ed57696b1d56f384a51d06fa3,2,fit,model_fit,0
07085,P04587,train,0,2d4aaff2ef33e620324ef5d6844b56d1250d8f0d90c9c14c824b23764a2b32f3,4,fit,model_fit,1
07090,P02542,train,0,bc101353a0c53b839f5818d1c5eb399ae13f02467dce796414b0e9182e69c1da,2,fit,model_fit,0
07141,P09079,train,0,3b090cc6314bd11021bf6426ac1cfa3440d3191c8bc98ac9dad8ebe991d54105,4,fit,model_evaluation,0
07144,P08340,train,0,651683e9cf50ce65c8bfa7453a56fe714ebdf040f5d20f6d50fc2537cc807171,3,fit,model_fit,0
07161,P14382,train,0,b3c0a761fc961b02db9acf5685de0b446f807911337807c42d440310be36079d,4,fit,model_evaluation,0
07182,P16124,train,0,e040c5a1c0bc5b9ad7a8c6ab431f7512d0e8de2b97122ace0fd3f5de3968a61c,2,fit,model_fit,1
07188,P12015,train,0,244ce5baa553ea3c4af5ab05cdbbf9fe1388c582b3a15c433286cf5ddf8d8e3f,3,fit,model_fit,0
07193,P05847,train,0,eeec694ea87288fa24194e73a0c0d309f3018d73f49d7cb169c63b4307eb9c59,4,fit,model_evaluation,0
07214,P12051,train,0,a034a2699ae27060b4fce20fc6b06563d9862dbffea1ce82efb07bf398d8dd67,3,fit,model_evaluation,0
07215,P13942,train,0,81f7a7847d86400dbe71bd3cda0adea848cb330314eea85a8b8cf9ccb6453e5d,4,fit,model_fit,0
07223,P11641,train,0,8cb3a01d8acbc3d21121d94c0a49fae308872bf19d7d78a2abf7d5852af1e3e1,4,fit,model_evaluation,0
07230,P12697,train,0,6eedced7a61545b5c858d2b1d7fd52209835477a69317dad4715b24374c504ba,4,fit,model_fit,0
07232,P10446,train,0,9f6453868f4294add7f8b3bbd52f6df9b1b91e50a566b62dd79031ed59321a87,3,fit,model_fit,1
07237,P17296,train,1,4d23ca102ffcfc12a51d281115953829ef9d7e2ff33ff0ca910c8e3222af09f6,4,fit,model_fit,0
07252,P00456,train,0,eef95f3cc746a565e5c63614137f22803e6649d0dfe1609dc4690c39ff2aa1fd,4,fit,model_evaluation,0
07255,P04820,train,0,f687eedbc98ee652db8e95970e02247b7f57205a2d631e16a7aca1891982c009,3,fit,model_fit,0
07263,P14650,train,0,a00e8b25d6e5eca48f7218b257a02941e446605af8c4ed2b4b5e89aedbdc3bae,1,fit,model_evaluation,0
07287,P17140,train,0,b1fad6dc441337130c662c36eadb8409b174cd39a38bb14c5a699c034e1e9b75,3,fit,model_fit,0
07292,P03343,train,0,7753029cb60023441744493878a6082994b8b00e2ed0276509e1a1a474354d73,3,fit,model_fit,0
07324,P11872,train,0,92c4d9d0815050f03bdfa6bd7b446d32fe63cb2489f7b84be1210068be56d1a1,4,fit,model_fit,1
07332,P13462,train,0,ea6b5fcfd41dded98c409c0290ec07b3d5a9cdb9bce8c03097032a00a1608c5b,2,fit,model_fit,0
07351,P03672,train,0,e8e0c668e7f32d0e6672f485206399fff350f8a6cc1d517f2cffb8ebeeb5851f,1,fit,model_fit,0
07355,P00634,train,0,764177530b6808ca082dbd50bf4e3f69b2d4fcff572347d8213bbdc60e950b54,3,fit,model_fit,1
07363,P14470,train,0,420759c884862c064d3845a7ec2ac48eae7a27a166b6722e213133379435942b,1,fit,model_fit,1
07380,P09244,train,0,e7796ad8f117b36531c86679666487e04de9894aed057a19e8185269c4297bf2,2,fit,model_fit,0
07401,P02047,train,0,bc0ab23a961b3f49f9e2f1bf9a9ae75b1da63ec54ae88b8308e197ae5ce855b5,2,fit,model_fit,0
07407,P14098,train,0,c65bdb2c30aaf135b187658b717ee515e896953f043b1135442ee003d51555ec,3,fit,model_fit,0
07409,P17269,train,0,1f2ae077a01869d8254fe2be2ebac9437babae6007650410c05b637a8a8fa9da,2,fit,model_fit,0
07416,P11605,train,0,f43759e8c7dfc8a2bdfb57fc4db96fa8d8a691ba1e831415f3542133a4c48511,1,fit,model_fit,1
07461,P01862,train,0,f877b678696a402ca522217f017bd5b705dac3c6c6d4b0a4388548e0a51b1dbb,3,fit,model_evaluation,0
07466,P05523,train,0,011613ed0f7531ba6a8f020700e5b3a80f5461b1fa4d0aaf1cc89330cbe49800,3,fit,model_fit,0
07481,P18286,train,0,2e46a298d4f3a3ff14fab0db92ae5961dc75d4643e1e9f344813bd8161c71929,3,fit,model_fit,0
07485,P14030,train,0,94d850c513b9031e2d46988fb5559b84c049d151de9069fea765646fa85df1a9,4,fit,model_fit,0
07486,P11694,train,0,0a2c738577d2d6d8c53859bf547a433719f273943d8f17197a1d5f0cc45819a3,2,fit,model_fit,0
07491,P00277,train,0,5a8d6d9837bf68f24a2808ab28e643a52e947296b8591495b781ab718371904b,4,fit,model_evaluation,0
07504,P13567,train,0,bf00bf15bd83308afe50b2de4180c1cd47938647786021148ce327b894fd0a69,3,fit,model_evaluation,0
07510,P02992,train,0,fa94cec86e86f2650b3dc02ce2c03b20ccf9d5bf35fdd934c35561da34244aa6,3,fit,model_fit,0
07518,P07213,train,0,f6994067e6c6cc3f65bf6bef95bd133d5da7346cf09850a276a4e17a77483040,4,fit,model_fit,0
07530,P13256,train,0,beace61732b1e3973192adf0c445054a09fd80d5e0e93b1653a33fc6b48e14a9,2,fit,model_fit,1
07531,P06355,train,0,3ee54fc68b554cf8a86f7099440d964087008669c92abe3a3edaa00be658452d,4,fit,model_fit,1
07569,P09353,train,0,b4d7ddddbe590f767f7114f8b600de49fe558d66d7ca47206d23a3f2434311a6,2,fit,model_fit,1
07585,P09722,train,0,cbe33002e7e96133586fa775ff941f3ab428a6b7bfa38f97478bac33ecf36bd0,1,fit,model_fit,0
07586,P18730,train,0,cf42c49f664861ac8360194fb7d029ee225b0aef9ad20323b09e108d53a71bbd,4,fit,model_fit,0
07592,P03786,train,0,3b4cdf36d51846a1f4c491aee9010a971d458fe552df587df958b26e1d23f6f9,4,fit,model_evaluation,0
07594,P16246,train,1,36d5dface3e3c95f6be4df08925da1742f6ddda544eee87045475713d5588f80,3,fit,model_fit,0
07613,P18000,train,0,c18dd4b613e14c34cfb41fb3feb72984e5b8d0ba73f44b2d99e71a33d278fc17,2,fit,model_fit,0
07617,P17958,train,0,7bd128be8720be80513be62d021d148537f0a238020a2fd43b893567c917e56a,4,fit,model_fit,0
07642,P10823,train,0,40121eb3daad892019b7cf09507c12f9bbd3c87f02262b4e23046336c6dfb37c,2,fit,model_fit,0
07645,P14042,train,0,05129acd2bd90847e8fccd75fc089480e989fae44a600f8e4ae8e0a7088bf9ad,1,fit,model_fit,0
07649,P06538,train,0,2f5884991885d9a66c1618b86d83d609349ec4737e2deb0bee50b53ff7796409,1,fit,model_fit,0
07658,P02332,train,0,812447228e1f06465b8148d3cacd4d91127160b414369f82a5e25166a1a16335,2,fit,model_fit,0
07662,P03926,train,0,e74062bdc9bc57c420b5803850f8c9f0a62f90f8745ec0a6fbf269e4640ff8e5,2,fit,model_fit,1
07665,P11060,train,0,ba17620454fe8688f46a00f7d218bc03b1144666a00c62095b072bfaaa0fd71a,4,fit,model_evaluation,0
07669,P04056,train,0,759e7d89baf2b46c18ee43e7e885f1d6e0ac73bd19d437d1b59abc49799e5ca1,2,fit,model_fit,0
07673,P09900,train,0,e5e0174ef3f05b834e9d29c3ff6b53b2a30cdcb2eb88b5e900f4d170b762b0b9,4,fit,model_fit,0
07689,P14015,train,0,92e6930743295a0f2bd68a122cea7289351fe10dea2706ff27143d035b2beee7,2,fit,model_evaluation,0
07691,P07855,train,0,89f8f1ca1a1c7c286b184cdfa157b5fb7220dba726bc19a4c4cb167bc25a3355,1,fit,model_fit,1
07697,P10846,train,0,e212f3ffc904de8474238c6bdd03b57bc52fbc8687a42be644f8e265743e69a2,1,fit,model_evaluation,0
07703,P13555,train,0,ea67c89349916388078bfeddcea01b1b6bbd09fb4893af6e7acf9f01d8d4a685,2,fit,model_evaluation,0
07707,P12663,train,0,9491fbc650fbfb09a10ed15b084949bacc88468006787b3eb108392e470aaa13,1,fit,model_fit,1
07709,P01088,train,0,1994951c6936ebfe7a9309499312f2644f19708cef6d6baf148c0afca4f817a1,2,fit,model_evaluation,0
07715,P09692,train,0,47c467aafec724d176bc1b896140bb34cc10b5b601228f06f20b6422fcb86ce3,3,fit,model_fit,1
07730,P00798,train,0,4cada5a767d7ae7c3f85b288cee41a8a6d5bdd1775d61c065e16a97877e79847,3,fit,model_fit,1
07739,P18019,train,0,4752d20c243ad97f8ef46c1aac32a8efd32f2a36854b8ac4d7ce4083fe0573d9,2,fit,model_evaluation,0
07755,P12631,train,0,a736d2e22d91f0c42d06935ba538ed825e94a107d2b7f8d6c227fbf2276cd013,4,fit,model_fit,0
07779,P18898,train,0,49dcb91600b261601682311610643721d0ecada3a6875313b18d08cbcf6ac06d,1,fit,model_evaluation,0
07781,P14502,train,0,5eb31ca56360434f69299defee7b26569be002de6b2a3cdfd6c0f0805eedfd75,4,fit,model_fit,0
07787,P00219,train,0,9a9c2544b81a6f580d15d2f00a981633f6573465174452f34dd908f09c136d52,1,fit,model_evaluation,0
07804,P10232,train,0,b5be6c160caf3864d411133ef3517ac3bbb954a05e994c1ba8aa971ddde13ec8,3,fit,model_fit,0
07828,P14083,train,1,dd51feb79c9a3f1aa414e079b13ffc45460ffe0dc638e48a26986490a2eec9a8,1,fit,model_fit,1
07836,P11500,train,0,3fe4274e01f9e03535c3e44468ede7eef3c30f7c0561c6aa68471823d27d243a,4,fit,model_fit,0
07859,P08855,train,0,4a0a62f80b95ee477272cf949f2b795a04f0d7df27d95a79004cee9d626c58b8,3,fit,model_fit,0
07869,P17262,train,0,d66ce0181d48e0e9a838d97cd7829aa8abe1cd3a9174f4de5247acb6c3ff8efd,1,fit,model_fit,1
07885,P15109,train,0,b9f789b0bdbf121c6c42c90f3f95fc6634225467c69e3a6395c4fab44c2ec1a1,3,fit,model_fit,0
07886,P04067,train,0,d7b0708db42a0495fe5458bca2a9c601554109c1f7ceb4db9e330b5dadf220f2,3,fit,model_fit,0
07891,P14724,train,0,a95692f02d45a9314bef93225e5cd0d83a373695f0fc81e70afa33b472446f13,2,fit,model_fit,0
07894,P01748,train,0,2c9641b5a31a8d681326cfa1d85c3019dfeb1878f4ef7866d6c1b1ba2c34b69a,3,fit,model_evaluation,0
07914,P00359,train,0,61d4c927fbee47770647f5aaa17708e2375156cfd79d5ea2606bb3e8a60a5f1c,4,fit,model_fit,0
07917,P04609,train,0,a77fe0761a67a187c71a0aa528f5c6ce2a8a4f01f9f2b99b73ddc95b9b4cf363,1,fit,model_fit,1
07921,P08589,train,0,aa4a5d3f19aa7a3cafb3876927262e6ae9ca1d08d2bcc794674d578417c15ca0,4,fit,model_evaluation,0
07928,P09892,train,0,191097b8be77a6d837cbbd65d8f5c66b5ea154ec444945950c11cd09d5a88b54,3,fit,model_fit,0
07935,P15795,train,0,b0c26d9ac883658f98cc583173c2431d7b7ab0973c2d935deba0be103c9e5812,3,fit,model_fit,1
07939,P03287,train,0,8732d870f9f9c6a2f69474d78d0da82ec5b4c4796b4b86d3a54030552271ad03,4,fit,model_evaluation,0
07948,P05749,train,0,264f388b268f15466d26d8a39d37292727a9a1b53ffc091b9bfa902abedfed43,4,fit,model_fit,0
07950,P11185,train,1,d6e00a2d6c91697fb70ca2a494bc52feb66589f0aef79fa6b86b6c773f90d1f4,4,fit,model_fit,0
07954,P07443,train,0,bbf06c74b760e520191c47b98fdd72944012a5d825a82746387b742b73c1e2e7,1,fit,model_fit,0
07955,P14046,train,0,2941df8c767bac5b74df827d157e040f4f005c396940da2291fad500c448445d,1,fit,model_fit,0
07972,P11954,train,0,6c7fc0095e61525aba2a760fac920ce9149eb683b93c7bdb7416a73e7ca349fd,2,fit,model_evaluation,0
07981,P18814,train,0,df3811a8d94f0991853c580b726f3e74898b8b69943d8c84ff7f365fbc5327fe,3,fit,model_fit,1
07987,P01029,train,0,b4223e75db81b8c357fca80c5ae2f7e9b7506cc0ce14e074c80e225b6435db0d,3,fit,model_fit,1
07993,P11362,train,0,a5c45ef9742740a1c979a112143018aad033fb5da218042ab659458e3bc9e76f,3,fit,model_evaluation,0
07996,P01986,train,0,fa82c6254a2e6e43826a580b7d90c46b956a6065dd702678c7e963353334dffc,1,fit,model_fit,0
08007,P03868,train,0,14e7c6175cf5f876aa7d94089b62a61fa45aa49bce9aaf5462596b79b253d0ed,2,fit,model_fit,1
08012,P10908,train,0,f2581f0bf277dd9f137ae19093c3ead1a1d64108634e76524ef504c49d56ffd8,1,fit,model_fit,1
08014,P00718,train,1,0a8fc0465509c2bafeae11daeab66ada6b85a55b80d7dbba3750a7fe46a9f1e0,1,fit,model_fit,0
08016,P09297,train,0,12d7bfa9bde65b13f734496425e523d62c7545c9c4fd2716dfc863ed320135b9,2,fit,model_fit,1
08034,P10782,train,0,9ed400955991e5b6d13b5fa2948927ed63e860265d80bf33eec0db33bcac5879,1,fit,model_fit,0
08040,P00023,train,0,46826433a9478a544fbc8a6b1fbe8d091f76e12766e01385a5d04a51052aa021,4,fit,model_fit,1
08052,P05569,train,0,087151e2d887d9771a5d10cd5dab28b4b221ab62e550308f1c30608c09c92317,3,fit,model_evaluation,0
08057,P10240,train,0,b56be7744d867dc1fce69924a4c524badc085e9e1bf96567994760b38fd032af,2,fit,model_fit,0
08065,P12711,train,0,68eaaa398c36d2e94f83fd0aa17f494304dcde715bef5f03273aaa6ae73ac0cd,4,fit,model_fit,1
08076,P06171,train,0,dff6a67c5b2831dee0ea82f532ed41a9809b44f58a4715ca40cad87b5292dcb3,2,fit,model_evaluation,0
08086,P06559,train,0,c2f0583a23e9b4654f77a8da4a3f8eac541e9878ce078a076c1a4dfdb8819678,3,fit,model_fit,0
08098,P17584,train,0,e20abbe0dde87707f861146dc0ffdb293950b1a0e013c99a205b0c710474c302,1,fit,model_fit,0
08107,P14605,train,0,d948783a3ef75e8c2d4149bd40abcb888a1a3cf84d37080211137626de2c361d,3,fit,model_fit,0
08110,P12391,train,0,b08534a54511787dbc0daa3d743871ab3a36cdd5cea03e397d9df4badf9d018d,2,fit,model_fit,0
08114,P17216,train,0,aefd76144217b9f51fbcdfab054e52cda18a4ed0733b5e7b22ab358a28c73203,4,fit,model_fit,1
08157,P16901,train,0,9ee07d4dfd1a01a79f6b701768d6977180a14c6cf3d0b2a7027cc72b03381cb6,4,fit,model_evaluation,0
08168,P13993,train,1,fd6b701451e9287fa35c035743d7b190a224e6f1d490d428fda2b7937764e6b1,2,fit,model_fit,0
08170,P01285,train,0,80f97eeb310791fa625a81dc1f303c405fa7245552bcad7513bc1dedba8bc8f4,3,fit,model_fit,0
08176,P14701,train,0,5cca8e8aeac9e225020514577493af32adea8ff4c5585f7814a2c62bf4fb4528,2,fit,model_fit,0
08180,P04582,train,0,913135cb7b772f4b0bf6f559ee732a046061c1c697b0ac5506d047d968948c92,1,fit,model_evaluation,0
08191,P15327,train,0,35f4a5fc252ed3459a329e404597d6095f0f74305b2af34e19a6d551a322d5b8,3,fit,model_fit,0
08205,P10166,train,0,fae15b0d8af1863845def89a93fbd0dcd29aee38a6d4211750b0af055e3a601c,1,fit,model_fit,0
08221,P17402,train,0,74f11f6493c998e27b6d56252dd062f6bd9a8fa4290c79e659b4e7aba78aa932,4,fit,model_fit,0
08238,P17852,train,0,fe2b1dafeab237c045fa7ca17f73275e01eee2da9e331cdbcae170bca3bbff24,1,fit,model_fit,0
08245,P00112,train,0,7335869290c8083acbf4495f0ef68fec5e863fc2c179b98c769901c3d4639c8d,4,fit,model_fit,0
08246,P04893,train,0,9bdd81849bb9a04b279061f3182ea1e3aed4367d66da60600c11f91105798552,3,fit,model_fit,0
08264,P04649,train,0,513afc8a4a392b9d52aaee4b4d5ee66f0d55d136ac0c7e8e1cc60a33bb34cfb6,2,fit,model_fit,0
08278,P02214,train,0,18a0c6dd0c691b6a9aed600e2f57f7a90cc2a31f08eb271c841f827963dfc502,4,fit,model_fit,0
08285,P13162,train,0,e416750175d50c15374fb624c2fcea05d635c2d99acecd60d41568e402295bf7,3,fit,model_fit,0
08291,P03121,train,0,69b828128fa9c1f1e1ef938b383a0db587985e10512d9b3447a706b020c08a4a,1,fit,model_fit,0
08293,P08962,train,0,77d86bb15af981d884e818e5b2dc0e9a341b2ddde4e32008477c10e43a7faa02,3,fit,model_fit,0
08301,P14009,train,0,c21bbcd17f3b6702870dc0c8772da1946dcf3baddf7c3f127cebacab86f8b868,1,fit,model_fit,0
08306,P15423,train,0,a8a12090939eec969883c0218712d0574e993ad4d58c69703862c4b2e7df9f77,3,fit,model_fit,0
08310,P10153,train,0,aa8fb022729917f8e2cf8dccd9ff7ee30f9ab8686e1280db601842a244e9d8eb,1,fit,model_fit,0
08335,P13163,train,0,2395ca1e49c2275e225e5f331a6f6d75779431087bc3e76420a4eecaf2e1969c,4,fit,model_evaluation,0
08341,P11594,train,0,81bb6ca46d5b5dd6a7bc7ccec61b5bf6cb268e4774571f5bebc53c37eaf15e39,3,fit,model_fit,0
08362,P09210,train,0,be1a321e9250496af29330a081e07cd8082cdf14dca6c5a6eb91d770f45ab9ec,3,fit,model_fit,1
08374,P07342,train,0,30dee2a25ef3aecd354ffd923ef8234cfeee4c00d408030022804d4c818bdb9e,4,fit,model_fit,1
08382,P09025,train,0,d5777c99aa889c13d392fbf0b21a2b132470d9c429662dc18813c99b49641875,4,fit,model_fit,1
08391,P09918,train,0,842e851da095a20bf5a600d89f07489122e88aa18cc073d8f3bcf4feeb522800,2,fit,model_fit,0
08400,P08981,train,0,932d52fbb05e2ca7556a16137c0183e5e86975e870e84bb850fcdf9b12884a3e,1,fit,model_evaluation,0
08414,P16413,train,0,798bd00855986ff46e46307cd045ab85bdd1328dad9dd319f4abcbf0e2582a9a,2,fit,model_fit,0
08434,P15896,train,0,2051bcc06b2899f13697660c1fd1db125f1e9813c607bb47b0d1edac695ea90e,1,fit,model_fit,0
08460,P16879,train,0,615877cd87b585a863fca39daaa79d7ba23818c32b0453066a6fe2767debcd95,4,fit,model_fit,0
08468,P18007,train,0,ed860dce0e7f0a6dffe46f751cb381afaefb2d6d05da303198fb8e0d02f9954c,1,fit,model_fit,0
08471,P02640,train,0,ce6ffb0520bf1e38b0684a3e75e00c246d817d63770dc5fe74e0cfa7fc67b93c,4,fit,model_fit,0
08479,P06982,train,0,4d85e9b1c8ea09bed0db55805c6c04fc29e74f69718a650fe9b528c060cdf7cb,2,fit,model_fit,0
08504,P03725,train,0,87638fceec985da77898f3e697a460446281e8a25cd8a3048c18a7bc6f915e5d,4,fit,model_evaluation,0
08528,P17027,train,0,40361690ac4a7c294ccc05ca08838accdc54d4b95a57b064321948af14ddae0f,1,fit,model_fit,1
08539,P13770,train,0,b34ad14bfc214f2c7be39702033b39ba705ee665bba3cce03dae07dae2e4c3c8,1,fit,model_evaluation,0
08543,P14885,train,0,c8417295ab4d75202d5ff00ff6f1607c9012af16740d44611a1ddda3e9755282,1,fit,model_evaluation,0
08569,P14163,train,0,cfb1a09b5919791a809647eb634f929dee3edd02a84359676f1f5f63f387c4b3,3,fit,model_evaluation,0
08575,P16780,train,0,eceeb72ee765e4c2596a2ebbfde4bfc8e1010a5d5092c69b3322884219a4852e,1,fit,model_fit,0
08592,P12495,train,0,ba5b8316370cc036bd19ddc030deadc3ffe3004687675b661eb642abaa883774,3,fit,model_fit,0
08600,P18559,train,0,09a73e3c6376c8324d60d4b68dbd3d3644987486d88a8014bacd7159c7253b79,3,fit,model_fit,0
08603,P14140,train,0,638de0346be4da29991e70d4ea1b99513c144a2f6441fe79efe6ae1f5fef7352,2,fit,model_evaluation,0
08612,P11267,train,0,06431cee6175de366e6871be2151f98b4c5340e2471eceb52dbf35d2f63dbce4,4,fit,model_fit,0
08640,P14909,train,0,7e50d0e5bbc3df60a37b216b3cfe8feeb5c7a296e7cb76b0826bbd6b93919fc4,3,fit,model_fit,0
08644,P03964,train,0,66188c3b2df21ce4cd4d3453afbb8da9681ce394461bf563db526881ecde931d,1,fit,model_fit,0
08645,P11009,train,1,cd228660c9c25b7715f4bf519b6efcfe13376440b4e3ef81755b08970bf1e603,2,fit,model_fit,1
08647,P03375,train,0,33766f46b1474995b98fd29987bd46883078dc3ee1a36638554361839256fd80,1,fit,model_fit,0
08648,P13372,train,0,4f7df306530f3c08cef16909227654fd57c964215053f0888ef519a8183c2b0b,1,fit,model_evaluation,0
08649,P00521,train,0,f4c1d0da00040f75a628e81a958e5b8a0ab9b66e02c136de30e52ef51918ffc4,4,fit,model_fit,0
08668,P14954,train,0,0c2b7167c1ba8b960c2db3fd856ba2f04f1d513c71f0f26c334239494bc405f5,3,fit,model_evaluation,0
08675,P17281,train,0,62b7ff32699372aaa8748fde9e70b5139834bf741a3007573d13af2365088e3e,1,fit,model_fit,1
08693,P18650,train,0,34b4a6df154d21afa8d36b22ecafc7d456660857f49fb3f79fbf9cf9981ce6ac,3,fit,model_fit,0
08701,P16229,train,0,e277af7249bb1f7814369f9a111f352cdabcfc85070a09d1345d51e6114c8964,2,fit,model_evaluation,0
08712,P08164,train,0,0e1edf0adaf942ea4e2ab14fb42d4995f696e8045977af7a661bc214a94b99a9,1,fit,model_fit,0
08724,P03271,train,0,c80656ce3f19d879c154c51f6391a0f578de8243396e95d4203d0ffca4c9c98a,4,fit,model_fit,0
08725,P15429,train,0,19d0ee1d7fb5c62e1820b09758c2bcd7ae8d384ec7bf4aa8175decf9dba8b7bf,3,fit,model_fit,0
08731,P02859,train,0,576dbf96226274e445f39373e197b05eb66e4a37e59c4c165561261de7c8e881,3,fit,model_fit,0
08742,P00226,train,0,abdc736e2522ca12ecca20dc8154ff2de99aa5c39952e771e76f69a75dcd1653,1,fit,model_fit,0
08747,P04202,train,1,5ce1f9b4ef4f61729c90c42d52c0a6457936347eb183eb93bc675472fb7be747,1,fit,model_fit,0
08759,P18846,train,0,e73fc15afd3a5cdea4e2d4c03242d046a9b7bee2eb01bccf0c032d728c9c6caa,4,fit,model_fit,1
08764,P15632,train,0,66be6b6db3f694c9288c7efb95026be5211bb3393cc014b5d5dbaa7932cc6acb,4,fit,model_fit,0
08765,P01912,train,0,d20bbe2b2da68defa3d30d04e8d8267708d9953671c0e8d1ce1a6e962ba3dcdf,2,fit,model_fit,0
08766,P12712,train,0,ac48395d407ad746b7c70d69b6e4312b85159218571cff06dffa48d6aa68187d,1,fit,model_fit,0
08778,P02969,train,0,da768a05ebf860a1179012466ffef5c30361e3f02b0f40df1c283bd57bff2f8a,4,fit,model_fit,1
08787,P08049,train,0,56747b3f6b3e6a5d4fb7548073e8adc99119d76c479cf994533c5f580c8eda0b,3,fit,model_fit,0
08792,P02898,train,0,37035f5ad82b6bf71f26c52df0c6b100fad875e0bedd747bc2699f1ea3d23591,1,fit,model_fit,1
08794,P06122,train,0,9618e3215608f290ae9eca62470e008a3db5dba3e1d86cfeffca4f3390e36170,2,fit,model_fit,0
08798,P14516,train,0,5536190ca1e9eed936f11fb6aeea1b6939cd9250fde91af4fc617ffaa16b1f74,3,fit,model_fit,0
08802,P09395,train,0,73614a1cfd036bdc09cbd2e457d50446c7b15a5308e8617ecff946b5a95ae519,3,fit,model_evaluation,0
08805,P04898,train,0,8dcb4ec72dbf13a054cc80d50eff35a59f8ba5be4f7de79ea5d6a0feb6716f1f,2,fit,model_fit,0
08827,P17745,train,0,3540c8b8ca307620ef47537a3cabc39f95789f58f46590ddd2d1f17db8c4a861,2,fit,model_fit,0
08828,P13465,train,0,e4038193ac2796c37387ac57f2c990460346c96e9c52aaa426f309f9cd6b627f,4,fit,model_fit,1
08854,P11264,train,0,c9d2a22fa1504a414d4fda73ea1d11f50d6e0b5ec88034e9107364eff23804be,4,fit,model_evaluation,0
08865,P03000,train,0,b570e49495e90b1a6bfa00fa1d18f8acc8034f7c3f1f6ce1efc9f93ecf8d28df,2,fit,model_fit,1
08873,P01542,train,0,1ff04f3b8b7798d10737fb01d53143afeb61b730b426b008041aa80fbccf2785,1,fit,model_evaluation,0
08881,P10286,train,0,5c5dd807faa128affd730f6018e856f84847a631ee7d394ed24c5abbd74f1e4e,1,fit,model_fit,0
08887,P15362,train,0,7f12f9140ccfaf75a6bff2a961c61d93577861478c9f9a4e079ba05c3659db00,4,fit,model_fit,0
08889,P01004,train,0,8b9a93afbc6cad98cf4c9028e5d5421f70de4d16e55f8ec57e8cf9bcaecf86b8,4,fit,model_evaluation,0
08902,P10283,train,0,372336dbcf5080cf1adb6f2a840e227d206ada29dbc8f1ba9f3dd8a31f52a202,2,fit,model_fit,0
08910,P14709,train,0,1604fcc0b6a2438870f5a7ea4b6f02186241b2e2e55b07ad086630ccd63894b3,4,fit,model_fit,0
08923,P10451,train,0,9f69cdaa314a24bd005db7765581a18f385d773e62f5f798b41e46d6cbc77d8b,4,fit,model_fit,0
08927,P03467,train,0,89754bbc5e4cb21863274a92fcc9f94543a5a67516f07b3212cde6e2e8249a0b,1,fit,model_fit,1
08957,P06666,train,0,a0ff7b9d52b7f7bf6b240dca6ee44758d4a6c187a0a1f18f4d3ba2485c3c69cd,2,fit,model_fit,0
08958,P09516,train,0,f57ea50d44040fb877c1f04d923bcfec9265f5f10242dc2e59dfe5dea30e7023,1,fit,model_evaluation,0
08968,P12031,train,0,0180f707f74028ee881e5d37be2111fe53c47fe629abed89bc490b6c5670b991,2,fit,model_evaluation,0
08989,P03109,train,0,c06b3b40b3e01288e02a931d77f21f99ba2a84373ab2437ee9b0d16a93eb02f4,2,fit,model_fit,0
08991,P04045,train,0,306891c4bbb7cf11a264d65a0b398295709f3a4c8679d464f17be06e127207ce,4,fit,model_fit,1
08993,P11141,train,0,e00bd42cb0fecf7f595235317c2d59915169267ac631c130eba73e5081dc5cae,4,fit,model_fit,0
09017,P06414,train,0,783dbd96f142887599b9f2be4a76070e673390497d8ad8ab697d8cc7ac8cfad1,1,fit,model_evaluation,0
09031,P15125,train,0,17c3a9d205d69b41abd2aa7b302bdbb9dd5484b0bf7f2b0d1c8c3b18d082fb33,1,fit,model_fit,1
09033,P02586,train,0,929bb63cb117881aec58731d66f204192cd59d8bc8ba466c2598e15ec998fc35,3,fit,model_evaluation,0
09034,P07485,train,0,a3487a4eb79e08e4886aab7b9be69f844705af75558d006ed90299d2a1adc61c,4,fit,model_fit,1
09035,P17253,train,0,a2be5c33162be77cfd1e6ac4bd1d6bb04349966aa7cebf4d94879d1421968f5d,1,fit,model_evaluation,0
09043,P18899,train,0,52083821f16ac4187805a756f52db246bcc6e855dc8d6e3fd4af4d091c39e4d2,1,fit,model_fit,0
09050,P15901,train,0,d1938faf9b64e4c86f8b95367da3c82361a0d475d0386a2716aaefd6cf54d791,2,fit,model_evaluation,0
09052,P01121,train,0,73fd167a1672f98d215863e3abedafdf20837ee1cf5f22f20f4088b4c9769a34,4,fit,model_fit,0
09059,P17927,train,0,a36df198e285dd196495c51818ca1177e28adc9f3a12c36b08fb7798e1598230,1,fit,model_evaluation,0
09060,P14680,train,0,2aadbbe667bd2b5afef3bb29c81739fb734ac9f943781397d1e4d57ca3c7359e,2,fit,model_fit,0
09065,P08553,train,0,dee6b242fa29354bf5f4d76a6830bb406ccf27edc30bb2ba99b00e7a712ad1fc,4,fit,model_fit,1
09068,P06420,train,0,e8309e2627be345c4ec105c82acf02ddb447104d55c17f25916a483fd936fc10,4,fit,model_fit,0
09103,P14195,train,0,fe4878f68becbc32a9c54869ca08e18d898a514a5036561cb59a6693b291c77c,4,fit,model_evaluation,0
09106,P11453,train,1,e57fc34891e802d9c07f983b3da948f409bb856f271c5d0ba66097223134287a,4,fit,model_fit,0
09137,P09650,train,0,05dcd757e4fb479b29ef0f9b0ad36afd48c20ba4b370f7392ce83801f1bf3f2d,3,fit,model_evaluation,0
09149,P14331,train,0,ce2700de5068fe42fb4124e30f35efca386414c917095a0dfca791fabeada0a4,1,fit,model_evaluation,0
09159,P09759,train,0,09d0570894111057153f86a20391817665c54b279dabf3d9785a9a4a500ced1c,3,fit,model_fit,1
09168,P15472,train,0,7900171495fffc85b48c81a1948fa4677ed515588f19299de68ac441cfd4fdda,1,fit,model_evaluation,0
09179,P08974,train,0,90118b90e2e1dccc5d32fb63f95b26b8a81ff004fe513a673b44e98000b7b032,2,fit,model_fit,0
09210,P04548,train,0,a7fd7aa709ab13213333303f469f0a1556dd94c6bc7e1576e40714dc45824b0c,4,fit,model_fit,1
09213,P17095,train,0,7be23fe64b75fa9b2f89d6a2e84eb9451ca32fa26b62aa4facea85f305268850,3,fit,model_fit,0
09223,P01468,train,0,05b184c734f083ec947c5af5a93b8abe7078a61adece6d1ff4f4c2b678718ccf,3,fit,model_fit,0
09226,P18376,train,0,4c8002f6df62d1b9b2803963250b4a3c746bbaf74fe672bd87993384332fdd58,4,fit,model_fit,1
09230,P13491,train,0,44fb0d73febbe0a6f99e6a0261641dab7c478ab62836d706189b805c996afb21,2,fit,model_evaluation,0
09248,P15345,train,0,b58694dda720e066988cb7a543a670e0c55059f64ae1d0989d68bc2f8ecf792c,3,fit,model_evaluation,0
09251,P15293,train,0,028e439c2d4a14266595d9ce3b91975544d612b15a696e6f514c1251943fe281,3,fit,model_fit,0
09273,P05585,train,1,54ba244854133e76ce451bf346c2eae261ec58a08bb05fcb213e0f723757d487,3,fit,model_evaluation,0
09291,P17099,train,0,2090ff4e2d8030eceeb616942402f6e14b5671dfb9687c5e74500bee40e26c2c,2,fit,model_fit,0
09296,P15197,train,0,ecea74fbce59fa4af7e55df789398aa35d728dbc0f6f38ec5656d873e4ece1bc,4,fit,model_fit,1
09302,P12388,train,0,a554063a4c69e16fc4677276c8029ef6ef9375014275a89cdc32f053bba62aab,3,fit,model_evaluation,0
09307,P01347,train,0,bb2f1ca618af82da6ef1fa9d0daddc493b55a0db25dffe736c16165f20c0e32e,2,fit,model_fit,1
09308,P18501,train,0,3a02836a49adfeb9349bd8f5f795ea8ea78fc1c4f923263b9491c1db2b4e4475,3,fit,model_fit,0
09321,P15669,train,0,a6a41a3cb451ea7592075a7c0ccd4cae2255f870da35e299391decd13b0fb7b1,4,fit,model_fit,0
09333,P11010,train,0,5ad80fa66936f394021fa9a930f93cd27da9caefb9038e7a5c49ee2907da865a,4,fit,model_evaluation,0
09365,P17122,train,0,9003541f93e44d39ba92f49834a08ad68c15751b6c96d45d029c05ec4b7100fd,1,fit,model_fit,0
09366,P12107,train,0,313cbd91cd52525f9b9c687a5ae7995921f0c930e302ef903acb7337aab704fb,3,fit,model_fit,0
09376,P10008,train,0,185534c3eef9312a67b1e6e6a5e5e594b388759dec16e6b87824f70bcf86436c,3,fit,model_fit,1
09380,P07298,train,0,75734eaa1db0a6fe4b547980e769c54ecbb6c788c777870be2141d7cd6fac1bc,4,fit,model_fit,0
09386,P04111,train,0,7ca7fc8c523ad88b94a9f3726049ba87d206874e5d44a7236dd84583aad894c4,1,fit,model_fit,1
09392,P03555,train,0,32162a93638960f8b93aeb58b9db319bb962c2026cb1b4aa65f0f24688ddd6a0,2,fit,model_fit,0
09401,P17957,train,0,4f0e003d9b82cadc8a20c347f64992c5dcb503ad93f25038b99db914b8230264,2,fit,model_fit,0
09406,P15727,train,0,0de633ccd96d302f53e5ebb2089df6c3d25faedf9fa1faec0d99880ce449809d,3,fit,model_fit,0
09409,P06273,train,0,443469231e89c5469ca23fc1680fc97d1b2b3edab5765f5c0d9768915c8dfe2d,1,fit,model_fit,1
09416,P02900,train,0,24e2323ac6d5e615aaf18d29edcb809ce0ab7ef60a7f0ecdff973d993793d3c6,1,fit,model_fit,0
09417,P17414,train,0,77ccae69a40646e29009eb314b0f320487837323518138edafe3028636f14948,4,fit,model_evaluation,0
09423,P18492,train,0,e2c9df90cdf8e64b314cfb77eaf1b8212eaaa970224f64234b8c795677c91902,4,fit,model_evaluation,0
09433,P17062,train,0,e32a6a314b0e80ecbd3a6e55e5449fc90c2650458a1e314bed6dbcf45cbcd5db,2,fit,model_evaluation,0
09439,P03998,train,0,ccf487066fe12cf94fff02b6e79db7864eb8d9a805862154ba566bb474420d99,4,fit,model_fit,0
09480,P05679,train,0,fe50a4cedf456192bbdc0c6190e736f05139d9380e1b8b0aac73d80633818b25,2,fit,model_fit,0
09518,P11038,train,0,22a16a31e103ace20b5b54537424175817d9aaff25c4138686aa2ff0e4096284,3,fit,model_fit,1
09519,P14912,train,0,4acf8392cf84c20d0da9983ceac9716e3ac153fe034bcf9ac45cf6778a6067ae,3,fit,model_fit,1
09524,P00563,train,0,e8c4ccb051b059a9f6bb6a928303b33758d378932e058dbac01bc391e3add19f,1,fit,model_evaluation,0
09525,P03422,train,0,cef9c6a821a24a52bc807692d2066374aa94e912c623bfee442267102fbcf7a6,4,fit,model_evaluation,0
09526,P15121,train,0,68b572fc8cd1673d962511714ebe2e1ca8a497721e651f470bd677123aa068e3,1,fit,model_fit,0
09533,P05795,train,0,1d9e3e59e7265313bf1fec8ff0a6442422c3c19e4f1531912b10028e7d55d554,4,fit,model_fit,0
09535,P14855,train,0,d6d78a9253685237d7dd627d968721a8915c73c54d2400765c05fc974625c7f7,3,fit,model_fit,0
09537,P00784,train,0,38f096c88ca6d3e2e4e03fe2e03f4668b125ff8d2c2665e9cafeb56eaa22ad13,3,fit,model_fit,1
09560,P11417,train,0,72c819901c19b8704aefdc4ce5cffd4ea6c3183792b180c4a53dd47e4ffe1b08,3,fit,model_fit,1
09564,P04162,train,0,b0424d1299bc161618c90f4e6946edfe385e0bd6e78a77ca425f205b278e0b5e,4,fit,model_fit,1
09577,P09754,train,0,827e4367d76cb97581dfdb3c55ad6e7ac5ccf1628df926f11b138ed57299f735,3,fit,model_fit,0
09584,P01163,train,0,6c3c842f92d2a0d46b3e272335dd2fa8fd95075c64e7af76a0ad6603f7b44ee2,3,fit,model_evaluation,0
09598,P18849,train,0,0003b6ce122c3b3758afffca04278eac2c607ab57d3f16288dce75aeea5b854c,3,fit,model_fit,1
09599,P04138,train,0,ddf2c317f4159edbddc5d94de452bcfdb9ebf08c1955f31626efca1480972793,4,fit,model_fit,1
09601,P13259,train,0,3e4f84093e0918ae39ae9011661f82bbd3c438958f37bb7ede4213214629c1a9,1,fit,model_evaluation,0
09605,P05689,train,0,262342257d0e6dcb0b037104e7675f6647bc726854f6b3561cbf7638a66d1c42,1,fit,model_fit,0
09620,P05664,train,0,c548d6a11cccf2f67f0e1be37ebe066208c19c3bcaa504a6e066d0bb7ce6b520,2,fit,model_evaluation,0
09631,P03153,train,0,df79de454be59d0f47ec65c4fc994b5da9c014e89d06ba4507b9cd1eaaa99af9,3,fit,model_fit,0
09633,P08899,train,0,70462574c455f2c3cdfd487e72df05cdba6c5f7f5f4e572496dfe43b286bf1a9,3,fit,model_fit,0
09634,P03828,train,0,d5b2ad52bd3eb5f8f693f3bebfa57db0013e5f800f47198c46de1ff85ffa8a97,1,fit,model_fit,0
09635,P05394,train,0,46c88e0cc76d7c2819422941194182a6a3a206ee2326d9d274eb334aeb4fcdf7,3,fit,model_fit,0
09648,P02062,train,0,379d1b89f9628d12cbf16b4dc1ab4d9ab6714a1cb3bc20548ef116ec1722d36e,2,fit,model_fit,1
09650,P06252,train,0,5abf4db6ab0b5ca3a203c67b115469216f3bf3c2b936ed0f9d1f9e47043ff6e1,3,fit,model_fit,0
09671,P13143,train,0,364357d6b8f45c4996eb0494b9430053b4d8e66042ab19d556fd0e1a2924ace0,3,fit,model_evaluation,0
09676,P03854,train,0,74c9b68d758b4975a7b537cb4383876834577552c57df27529f6768e0f7e63a6,2,fit,model_fit,0
09680,P00320,train,0,6a5fe903691ada272124c810e0507b6a43842c9e14f495fa6eb4d41a221ed7d1,2,fit,model_fit,0
09681,P00406,train,0,9104e4024bfefc221f0a2e669b71a37a19f5da771cb12062adfdf333a8b26c8f,1,fit,model_fit,0
09682,P14375,train,1,84a9d62602ba1364c905a409699248b2270aedfb561bbfa5840f55ffb94a1ad6,4,fit,model_fit,0
09690,P11488,train,0,f27f51970be02ab8e91db26ca1ac6adc654cf62dac5645507d8b15fb4ff98217,1,fit,model_fit,1
09694,P04382,train,0,ab9a38ffc76157cbcf00ad58c221f4a3169c0bc2a4724f7fd8a228a423eb32ae,1,fit,model_fit,0
09696,P00673,train,0,e66f0e6c814fb68c6fbae73a7cab3b2cfec4f6dbbf57adbb9d2b1c36ad1fc0a1,4,fit,model_fit,0
09708,P07475,train,0,0c172cfdc51f79f65219afa3814f454e2d1ccf4ff476ab03b92295d776b54f10,3,fit,model_fit,1
09711,P06516,train,0,2a0edeb153e6376d4f80537dd763d6d912788ecb4026599c70185a1ee433f0cb,2,fit,model_fit,1
09739,P04891,train,0,e549398666648fb921a351e567efb9f88caa598157be9477bae6084d7027f4e9,4,fit,model_fit,0
09744,P10375,train,0,34c927e24a82917c604f2b0776b6d11bc7744479fa764ce9e5a6a285f96b8191,3,fit,model_fit,0
09746,P10497,train,0,f60900723c595aa81babddd46bc4ad64f92873bfb54021fdd1b4626ed0b69269,1,fit,model_fit,0
09751,P14640,train,0,74a99aedaec0074327103df9a53ea71d82333d5aeab0b789a2e27f51d1c2146f,2,fit,model_fit,0
09767,P14043,train,0,14c765b42d2e40b51c32d242c5d463f00f2b02c5bdaa0a16410d5fb88db8e59b,2,fit,model_fit,0
09780,P02078,train,0,d053b2cde6b4c0ba763d0dec3b6554fd8023999adcae700d999208ecb49d184e,4,fit,model_evaluation,0
09794,P01522,train,0,52b325d3dcff97668f599938828533b27a1befd4da108ed8d5889d054fbd88ab,4,fit,model_fit,0
09796,P18859,train,0,83091e88eb26488ac01091a5eaf29e290e5babc38a65f00c63d6e4219a18b83c,3,fit,model_fit,0
09803,P10388,train,0,d7bb6ce79160aae3e967a3e88391822bbd24f4549b8094866d16cc8ee83f1d17,2,fit,model_evaluation,0
09808,P00884,train,0,d3c0c6977fc49e17d2fa0eb4e16b028aa5a45a2d276b942fdc11825d4940d3db,3,fit,model_fit,0
09824,P11969,train,0,1d8f5e6863b916dbe894b2878b32bed9c3062cb301a01d7303d5a0992a318ca6,2,fit,model_fit,0
09834,P05625,train,0,03f6b9f49d9a0f874924bfa723fcffcac393df38457564b8b16513a636141af0,2,fit,model_fit,1
09881,P15221,train,0,8e5c0bb6af8e29a73f3f22a94313031be0097468d69352451faf45d6b44b2f66,3,fit,model_fit,1
09889,P06900,train,0,55a0e5c7cb0d30f8a6fbd301d2cf8c3836d8a0858266a73de3df614ec6ea0216,2,fit,model_evaluation,0
09894,P16771,train,0,38919e81539adb5b74ab7696d547cd96bcb7c669a13cd21b251108602ee5f7d4,2,fit,model_evaluation,0
09898,P13092,train,0,23d95c37d901a00f209b67ce569ce552a692bd2d5ca19817e4d66a50029a5d5b,4,fit,model_fit,0
09900,P01898,train,0,740d0be307a3afc35a8dbdc116a5743c6fe5ffbb250f76ba6f371e0693fe8746,2,fit,model_fit,0
09904,P09463,train,1,845700a8ba5579b8f2a2cde0b71ba1e77e249bf2f58102e583abf3338c185d44,4,fit,model_fit,0
09918,P17930,train,0,464bf686be15af484ae0d016445548db24ddd48648afe345b97d6768e6dd8680,3,fit,model_fit,0
09944,P11676,train,1,137a2c0b74d15aadc8bc8c132989afb8f18a8d1607bfdf0350e186351a59758a,1,fit,model_fit,0
09968,P04480,train,0,c30cf1fd7a99a900e443cf468270e1bb45a54f5981a0f3b4d0dbdd8293bc8dbe,4,fit,model_fit,0
09982,P15068,train,0,3f7f576bf185975a1f926f08138e14f5fbfaeefe89e8c18956cef9aa21c45d0c,1,fit,model_evaluation,0
09987,P13645,train,0,68ae6e1679b0bad6cf96bfd84adb26b91cc623c6b9ff5f7defcd5c218b4e89d0,2,fit,model_evaluation,0
10016,P05282,train,0,680def140972ebb2054c69f0015aa04baa44b2f424debb8883ca2278e126ee71,2,fit,model_fit,1
10017,P11718,train,0,0dbdd23f4c952dd6e1134fa14a4371433524a6f09625dfd56d99625cb6ce2861,1,fit,model_fit,1
10026,P08801,train,0,354c815bf6e2cedba3ba74b7d65bf3d3a3d687d71ab4fbc4bb6d122969773342,1,fit,model_fit,0
10031,P13745,train,0,65711698c5b889b326ba969c849120f6d143ca5db16752f2909dc02a8015dac0,4,fit,model_evaluation,0
10060,P18610,train,0,6cb36ae02d3ebd3c5c7992910e7798992225e1f49a6fe35d397e26f82b42022d,4,fit,model_fit,0
10075,P16947,train,0,a6b24f1c15e467acb04ac1f22a0b96e6634f14b6b969403b2bec30479b2bce83,2,fit,model_fit,0
10097,P03240,train,0,094bc7afdd5f9d52b1f75a6bebbcceb3419745e9269a19a2e0448076c0462c20,4,fit,model_evaluation,0
10109,P16633,train,0,d0a262e359e8ae3442423e2287159572481e941c557d6832758a270904c092d7,2,fit,model_fit,0
10127,P18176,train,0,ab293604b3b555cb0cf6c5820e638cab2beedeafa04ebf404201940d40edb92e,1,fit,model_fit,1
10140,P15403,train,0,0bd8928cc5cc18bff73564a6e156a95f62d56a740d2a8d82f914d515d430b63b,2,fit,model_fit,0
10143,P15064,train,0,d5bd0d95559e52c6591093c1d2343da2d58039758300af78328d462031bc8f99,2,fit,model_fit,0
10144,P14509,train,0,09235cce992d615b27fb94ce9f4f568e8b5dddf6318d8ae0d1345884d398b915,1,fit,model_evaluation,0
10147,P12993,train,0,bd96b43f78a626329d1370b4f18402402902e7bb5398981231ea340008225dc1,2,fit,model_fit,1
10162,P18200,train,0,40b7ca0fab6c2a7b42fc2ef5714c9dff6ba02857d27c556d5db7f36788de3f43,1,fit,model_evaluation,0
10171,P18856,train,0,48bfedbbd8ddaa83412ba13ad83bbf709e09d057e202b89beb19057ce61f997a,4,fit,model_fit,0
10173,P17827,train,0,a8b5534fe0ded16b78180784edd02f9e32ac36aa7585e651df1671cacba5829a,3,fit,model_fit,0
10197,P10736,train,0,1236b29e21364b0c6e1f26e704aae03a32486e17479feef13398235e12e880c0,3,fit,model_fit,1
10200,P09505,train,0,0c23c82d8f5d9908ce8130d34f2613679487bba48c73acc6f4f9af5b5559047b,3,fit,model_fit,0
10202,P14695,train,0,2044928aec3e9064a71fd08564df78e12f671d32e43605abec9f7840dbc3ed98,1,fit,model_evaluation,0
10204,P15174,train,0,20b9a664b9a61efc0af6b70cfc614c2fd0c5c6ab5db2efb58b82afe361953753,4,fit,model_fit,1
10228,P10867,train,0,541709e041f0e1cec9475e038af64e35e718187b5f79d0797f7d673e6fd52ca7,2,fit,model_fit,0
10235,P01702,train,0,d3cc15fdb3c17f4a1a358d8f5b69841b13671580065012b2aabcb7e6b8b2d493,1,fit,model_evaluation,0
10247,P06948,train,0,03838208a5cfdbf24bec3c2085dfc427257ccfda52ebec1e4f1ffa26c131409c,3,fit,model_fit,1
10259,P02546,train,0,68c3d4d0acac898d115f4543cb84ecd7b3b3bda8669d050213cb3c62a1a4f5d8,2,fit,model_evaluation,0
10274,P10300,train,1,d3a47adbfbed87cf4f9321827fb8ebd5693844ed81cfabdce8c479254df8afb3,4,fit,model_fit,0
10291,P03234,train,0,26ad11d63762eaecb666a16b88f9fbaf0337f56c27266db5bfa7880129c9caaf,3,fit,model_evaluation,0
10294,P11022,train,0,3c4f6df605d71734d35d925581850e7865495262d25afd7b10bc8e50deb0d009,2,fit,model_fit,0
10297,P16104,train,1,ce20672b4c4b7665e1061ee1a675420f9060cf68a5d7132e94cedf29ffbbfd91,3,fit,model_fit,0
10301,P11354,train,0,6cfb450f08f4b132c52cca5527c76f5238ec415da5d7be36cbf8dcee3dcf7662,1,fit,model_fit,0
10321,P04676,train,0,57961bf212bc356287f1e7b4b6ae867d5896621de7e4b023d22d8baf6402927a,4,fit,model_evaluation,0
10322,P12216,train,0,ca0735c68b4536a5baa5d45e499dcfb8dabefeabcb302c436cde9f55d76aba99,4,fit,model_evaluation,0
10332,P07197,train,0,1a676d93bfbce0105cc47fe79e8c69177e4caa64919fa3ea1c12adec4a8305dd,3,fit,model_evaluation,0
10344,P13507,train,0,96bc7d3101d9108296d28cd65c06031e6a7206f1bc4ee08d279f61b4af9e6043,3,fit,model_fit,0
10359,P02930,train,0,f30398f30aa1f5b65f378218d8471cc83d87baf45016455cc75231df1c0a35fe,2,fit,model_evaluation,0
10378,P09485,train,0,4f126f1c5d1fe97f9c3eef5e775c5fff2074078573a97adce4ce79785fba322c,3,fit,model_fit,0
10388,P09538,train,0,6697689ba52520b50856ca41f47d54158338f6fc89bdf53e151f6a8067edae6e,1,fit,model_evaluation,0
10392,P04188,train,0,2c624b8fbe21bacb299a909087437df40c289b4aa571e9e0c681e9a423eb9001,2,fit,model_fit,0
10399,P08345,train,0,00cfd8f42d3e507f3a14c45ad99d30352b3b901461a8958706bed767892ced7e,4,fit,model_fit,1
10401,P16659,train,0,f3e38982bb742a06f5035572f53318ede768f68346873bbeb9b1f4f9c31e79b6,3,fit,model_fit,1
10420,P17821,train,0,a1343da96aeb204c1d252287d09bfe036f28359869240e3463bc884b53ebdd04,4,fit,model_fit,0
10421,P03895,train,0,d6d5188582a23bb8afaba29f5505a2c85ea59232ca8e2e09a3769f817d293201,3,fit,model_fit,1
10455,P01237,train,0,9d4b781726ad06f75082447031fd72ccdc194be3595fd791ed8d22bfd8224a7c,3,fit,model_fit,1
10475,P12746,train,0,46585f024bb1e38c48981620501b66323cc5984e56c264b38c23f81e78334a4d,1,fit,model_fit,0
10483,P15176,train,0,5a223c7fddb0d4d1df5527dcd299e81c32589293dd2f24bbfbb33d0a65d5efd8,3,fit,model_fit,0
10487,P09104,train,0,380c1d544e13f63fdf0db8c11b22055b4aef11f6b0db6a100b4b5c41ba33a5b4,2,fit,model_fit,0
10491,P00641,train,0,f9e052f8a7c402ed317ddf9c8b317955d54b5d80ea75f45aa072390ec969dfd5,1,fit,model_fit,1
10517,P05650,train,0,f3e6ce38d358ef2b349e977ba4aa609e113c09d8b655f17a0cd1950aa79adf39,4,fit,model_fit,0
10530,P09076,train,0,c229b4a27fb00958e291323c73bed5a81ee74d7c2ca8b9b0823762a2375dc774,1,fit,model_evaluation,0
10532,P13079,train,0,0eff912cd27fcfc4e09166b158b3e805e22216b5e10ca20d424e40df41faa744,3,fit,model_fit,1
10537,P13263,train,0,fc759d5971a956565a18c891a2f27cb191d4d86c6a058a070f06611103643408,3,fit,model_evaluation,0
10561,P18460,train,0,5c1ffe748382d64c86e118b9c17996502edd5c05b2065d4aa7159e86d3e68150,4,fit,model_fit,0
10575,P07944,train,0,6145ef66a6b32efb429b3870e393c75a0d058f355fc4304413387707f5aa6c69,4,fit,model_fit,1
10579,P18352,train,0,97111630c5d621faf2b96261f076fe33213c21ffbd15faaddfc7462cdc1bd6f0,3,fit,model_fit,0
10585,P06035,train,0,1c2e44a3ed9fc154d85fee4f25469bd986bece6908ba337aadde65329638080e,1,fit,model_fit,1
10590,P10003,train,0,88625c16b42c09f34c1590b06df4cadf3f09b17d3eaf812c8f35924469948cb9,1,fit,model_fit,1
10591,P17316,train,0,6093198c76b92096aed61c43bd94431f097ff7dc0109bf5fbe373435471a8e4d,3,fit,model_evaluation,0
10612,P00787,train,0,476c3d1a12c1cb1a8614168cb9b884ebf45865d092ecc7ac22c458e1cf114c0d,4,fit,model_evaluation,0
10616,P15011,train,0,a5a74fba01281626d6cff3e88c3c51c3927b372de4288812671d46ddc2d0bfca,3,fit,model_fit,0
10633,P16930,train,1,723c49dac3b7fb375ecb33a1b25fe1743f7b26dbab3fd1bbe25b89e9ec103aeb,2,fit,model_evaluation,0
10634,P06083,train,0,229ed8d821c97a9aeb53452b24e5671b1818413afec74f929d17211feac8ef66,4,fit,model_fit,0
10638,P17754,train,1,d857fd31a575fb12481dc79bd2f1a7288e2010ef8d58441ea68ba584dbf86f14,1,fit,model_fit,0
10650,P05824,train,0,f58f3dc7974c9d352c2775daeb65403ee56fb780b18319033ffbf267cbf5e240,2,fit,model_fit,1
10656,P15145,train,0,ba185d2af6ae0fac063e5e7db21123adcd373780c1ae64a676a36a3a23fe7ac8,1,fit,model_evaluation,0
10658,P13739,train,0,09c2130a8382260ca8c34b95fd9e713e8b58bdbec2d3ec36a1b91ef952a3b1a3,4,fit,model_fit,0
10659,P02979,train,0,56a214b5287f13978aa2183174bcf7ba2d51c8bea33db9c2d49377d8351733e8,4,fit,model_fit,0
10663,P05090,train,0,ffcedad767b74033b0b5f0d79d3dd4020445c679a6a4772d23c5a0ad582add7d,2,fit,model_fit,0
10669,P18049,train,0,8930247364aeda67751463e1e0de11ff31cb59d0c9513f05d3d8814540d1987f,3,fit,model_evaluation,0
10672,P01220,train,0,80bc6c6103e5edf3971c875205ceca5f5b8aa2364200441d078f928035a534f8,4,fit,model_fit,0
10677,P08515,train,0,03afc1dc5b9d24795699bfbbc1076e558df1580b6bbd535e9a1365fdfb27112b,4,fit,model_evaluation,0
10723,P01308,train,0,acc2e8bed2f80e49d1332185fc4fc3ddb0fe7cfbd5be51d5e338a3ae6d276b84,1,fit,model_evaluation,0
10734,P17124,train,0,eaf3b9709df1426727ca6052568285784c083151af42ebcc4e885ffef17da41d,1,fit,model_fit,0
10737,P18428,train,1,4e3b97ed110f135b26677ba8ba63cfafb89f0964f4079afe8738a6752f96b2c2,3,fit,model_fit,0
10764,P05639,train,0,88f91e35af87a8afd476a5ee0de21cabe5fd101dc0692a7c084eb2e4a74f1f06,2,fit,model_fit,0
10767,P15372,train,0,4f2f4faafe6eb4fa581dd4bf7158f93fe1def0c2feaffb21b097abaee69b8c0a,4,fit,model_fit,1
10775,P13362,train,0,8d2610c139c1257b194b8df1fa9e3c7544465d790345e6dba77467b6de3e4354,2,fit,model_fit,1
10780,P02962,train,0,85e46fd9c12f2eba08a6566185261274a31117f4997a9140c710a1585fd8353f,1,fit,model_fit,0
10788,P08611,train,0,3df9c21dfeb4793f00b956ae1bba82cc83c984e500406abf1630c500a2081ff1,1,fit,model_fit,1
10797,P18804,train,0,6c3fa2bc2266020bcb257056416020de560d937f81977066a83bb2fa4f338662,2,fit,model_fit,0
10806,P17059,train,0,e1664cc97c4f0d5b94d0d4deb5a43d81546f983b460dcb78b7a827db1d1aec3b,3,fit,model_fit,0
10812,P18452,train,0,f823bd491cf0a08088ff130c0cf09e83c0f034a7857c4440521fef3a25164ece,3,fit,model_evaluation,0
10823,P13326,train,0,76f37d0db2c9b9ae3d24ab73120a92f16d33cb321d49a1c28cfd97d0e2d227b5,1,fit,model_evaluation,0
10839,P11800,train,0,a6fd720feb65487ccd677969e4b7d4752e4fe22934a20186b5f982e5383075b3,1,fit,model_fit,0
10844,P09424,train,0,5cce5cbd894668c84d7aac79b2dab47ac98641af726c19a57ded39216281c6bb,4,fit,model_evaluation,0
10850,P08561,train,0,7e355d4186e203cad57512cc0c198d5d4c8aba2e97751765ebbd9fbf3ae36b85,3,fit,model_fit,0
10859,P16165,train,0,b21eb60059904b6cb4c26f87cf459608759cb14da52c7a57dfb33558e6e5f04d,4,fit,model_fit,0
10869,P07145,train,0,7ca95d81b78b998ad83cb13cb750abd3ef96836680915d0be5da7f91069b458f,3,fit,model_fit,1
10872,P06731,train,0,276089b8d1a7889b395b76a31822e3e2a6a9b2d1db766a47024fa01cc191a758,3,fit,model_fit,0
10906,P02983,train,0,98a381426bf62cf111fe3d1666f8c6eaefae95130ffe916a2347a3f8c5d3a9c8,2,fit,model_evaluation,0
10909,P13873,train,0,07ce9ff56b80b7e7456c3491ca7a7eb29a033aac97e85fb631b19b119f34536e,2,fit,model_fit,0
10917,P09153,train,0,632184db227ea6318196052fdb60c5e671042f2a77e6d5ac0194b402b9c36d0d,2,fit,model_evaluation,0
10918,P11859,train,0,9d3fab42d03662ad04df0cc49f0f3a6832e50f7a6ae528a99e7ae13dc63bb07b,3,fit,model_fit,0
10923,P06785,train,0,ae21b9630d1883e50f21022ec02365fd5bf4d7c5e6be0d8f8dcc7f8fc9d292c4,1,fit,model_fit,0
10931,P02932,train,0,825ad85fa6f07d8490cf95b542b9c98c52b295cea0ccc3833ab622beae63c61e,4,fit,model_evaluation,0
10932,P16236,train,0,970cc5f2dc5cd3ead06e36f3bb53e8be82e6300287e9aae6308a5a220be2ca26,1,fit,model_fit,1
10941,P14607,train,0,01ba2c72354706019cf8ee72c453cd9f0917f460b9b47eae96955a23eefd0fd7,4,fit,model_fit,1
10952,P09010,train,0,4f9fb4f34e135eb05e660670bb2ca4bc87f3270c8f98521a52a1de74bbb1660e,3,fit,model_fit,0
10969,P13862,train,0,af6309b4517c294f65a6d656af6fb5777e5969ff8a3a9910ecb6ff9109ab0bd6,4,fit,model_evaluation,0
10973,P06240,train,0,e80e150981ac1b906fc99bfc57ddbb6dadfc4beaf1baf84e26d195e40d4e5f74,2,fit,model_fit,1
10984,P00983,train,1,b0f149bd29324942c45dacb1154cdac02eede3cb51557375ebb80670f408520e,1,fit,model_fit,0
11039,P04195,train,0,04b91d1c3fec85add49c027da7cf6851ca4252e89cc53c93ab82eb96b3b8f76c,3,fit,model_fit,0
11059,P00179,train,0,ebfa4c41d725873cf5e4ae34844e7542c6cfb0b7b7270593f0e6a889126e66df,4,fit,model_evaluation,0
11062,P10021,train,0,89d957d78e327c3924ec2ed820eb3698218e950b153d5224543174a605b8f6a6,2,fit,model_fit,0
11068,P17127,train,0,444a6e9a6bc2462163b3477cdc3e48b1603ee60872742ad394df865bfae34f1c,2,fit,model_fit,1
11083,P04204,train,0,c92fe476ac9813c5425d9c38270aba0270ee1b776482a53babbd0f28bd6b7360,3,fit,model_fit,1
11094,P09334,train,0,f4a3c418c22681ca20c409e87bd5887d95975a6229fbbf3fb7675b868ff1af10,1,fit,model_evaluation,0
11099,P17035,train,0,79d2f63346131a84729edcecb2a8e5f567a12cf3b2990c21d825507081d5199c,3,fit,model_fit,0
11107,P14287,train,0,173cdecacae35de28076f7f730e8642614a45675abe697917e1e27cea5b498ad,4,fit,model_fit,0
11109,P01564,train,0,4bf8abd6a04f37d62a8e3fad91d4a7962df473c50ff9efb8418b4ca0ad8861a3,1,fit,model_fit,0
11111,P18827,train,0,dddefa7de6ef2123b50520283814bdfc4f2a9c658059bf8a30d4f4f46d947541,3,fit,model_fit,1
11121,P11847,train,0,f7a49e6b0d7b7c702d53a6070782dbe169d3a8fa7d4dd4451499bb9389ad369c,1,fit,model_evaluation,0
11133,P09393,train,0,b31e780b9d5d1d0d4488ff01bd635bbbdfed0e7cb1dd4a9c796d6a3414e14627,3,fit,model_fit,0
11144,P10482,train,0,54c7d318e94ddd3579db6656d9e5928cae5712db3fe2cf3090402cd51bfb25b0,3,fit,model_evaluation,0
11158,P12629,train,0,c71ff582bff5d2aaa56bb89c274c075814cd16c75997c05fb3fba6b8182b0b3b,1,fit,model_fit,0
11175,P17668,train,0,afb44b6e00836083a8eb4757871ccbab5bda6a1b72881fa46296e4effafcffce,3,fit,model_fit,1
11179,P06269,train,0,d088b5208738f7c37829e56e8cb3946410896c9d4b554dc628aabe0caf88d2b8,4,fit,model_evaluation,0
11183,P13011,train,0,5d969dddcd6bbb3ced90817ef9972a246e1bd31f3aa7c8cabff187b1d221f867,2,fit,model_fit,0
11186,P01878,train,0,9279d6bd00e561f3ec9e3b1ea273ab5c03700552ba64f6d563cd8a5e43b2721c,2,fit,model_fit,1
11189,P04097,train,0,9ceb6fe13dbbb9068a52e6487443ae74ac9a4a8df88c28d16d663fbfce6c34d9,4,fit,model_fit,0
11193,P01194,train,0,48d607e003f3eaa38b0e09a897762a4cd7c9673a93f36d3fb12a7e8c8a53cda9,2,fit,model_fit,0
11203,P12077,train,1,eb0b0d37d32e2aa9ad5c57be49581bf11cd6d782a50225f885689441c9a62cd2,1,fit,model_fit,0
11206,P13292,train,0,b01922ea98f53d6b80062dd150fdd07df9a6d6a79146c4fd94841baba2acaf3b,4,fit,model_evaluation,0
11208,P13025,train,0,4bcd75fa62e7c57d5c85bc45d2b2fd6b0932154dd70bf6f9e7038edf89aacf20,4,fit,model_fit,0
11209,P05700,train,0,4743da7efc7f9edac1f8b85de2de6f1289312cd47214fadf4ad22ad22c5a6636,4,fit,model_fit,0
11211,P17933,train,0,8226eac1b990ad895e2c9585bb84ff5bff08f8f7bb83d6d025900ae0020f7bbe,4,fit,model_fit,0
11214,P07249,train,0,f3a5511fb8299e9c73553e7241e06c4a1ac179ba542a2608ad1661d3249a6206,2,fit,model_fit,1
11218,P15929,train,0,afa71bf5e9f9abc0acda04721ab8066b275d35bd3a000272ae94a8914c5aedd9,2,fit,model_evaluation,0
11242,P11521,train,0,2004a497e84470d7f5e96814dd6a39f33e26e217c063a555de4603bc63a323fd,3,fit,model_fit,0
11247,P01122,train,0,3d062dbad86f751bc9064695331a492303b7195b71df835642e7b3c503bbc7ed,4,fit,model_fit,0
11252,P13415,train,0,d0a3fd223b534f1d18e108eb48a896c3e70361119d53bd6cd5f810cd11c2dc3d,2,fit,model_fit,0
11262,P04086,train,0,fa2e86ce81eca62240357613e6da12d8ca61004beaecd6ed8085d1054e2074df,1,fit,model_fit,1
11274,P17803,train,0,e0d2f971316b4d12df39de9431cec5c97b15fc2bc1428cf8f3d7b0921deb9683,1,fit,model_fit,1
11282,P14482,train,0,cc02ec656fa2eb0d398f835bb9899ec117058e5d336b6e87332f6bc861fbbca5,4,fit,model_fit,1
11306,P07322,train,0,c175cb80fdc8deeef55d43fecade50f85598b2931a200ce3fa354605dcf3c9e7,1,fit,model_fit,0
11307,P00364,train,0,ac10b543413240da426d930df663e65959c8c12702dc18856bf01eaaeb205e92,4,fit,model_evaluation,0
11316,P10829,train,0,5e243a3ca3ec542947e5d89516f46094e1fd3f8f6ef6d4c9628a3c2a0c509f22,4,fit,model_fit,1
11327,P06163,train,1,8743d284e8a02484331c00d1bfa0f0004ea739cacc45ed87bb86ee6489c43f51,1,fit,model_fit,1
11336,P02940,train,0,585df68e66c5fa8700f3b2d8f340137074b15cdac2d79c2813751ae19210bcd8,1,fit,model_fit,1
11339,P05429,train,0,b5f34df08a1caea68a0bea0deb3c3840b33d6ef3a733780c3a571eaf06ab694b,1,fit,model_fit,1
11348,P02967,train,1,a89d468467b136ad12372d9a97a336851b00c22405bf5d7602a7eff24113b138,3,fit,model_fit,0
11369,P09021,train,0,8ea1a69114538bbe08f2bfa1d1891fcb286cca37640933406812a0b71d32ad4b,4,fit,model_evaluation,0
11370,P13012,train,0,4e1e4e4b62926f63798a08438bfb345a16a5c2329fa9b14166ac239dc56a3321,1,fit,model_evaluation,0
11387,P13488,train,0,fd6f7626316ca03b59b2b9dc586192de22580bd772de2a75fe9551c78f438381,2,fit,model_evaluation,0
11411,P02530,train,0,1bf3e7ebee2037c84d218051bbbfbd25740e35005dbc582b79803dba1abeb7ad,2,fit,model_fit,1
11414,P14969,train,0,9d9127ca8195de63cc953077986829059b6e4dff50a6754a3500bab7c4ca9bf1,1,fit,model_fit,1
11428,P13582,train,0,352c130e2cb72f73ffa118158abfbf0b1b46809b8cf5c0b60eb1d733115f72a0,1,fit,model_fit,0
11434,P17553,train,0,0bd0983590d66428c5b8ca17e57ce766d163f814cf3f1da9c88ed22d888e4108,1,fit,model_evaluation,0
11454,P04896,train,0,d0c3d2a77293bc41b948b5d77c900dd3fb4fc74ac8d06a11c0a742d1845c5c56,1,fit,model_fit,0
11456,P02283,train,0,4a65efceac9b85371f3f24230b5162920608981efe2783ab664dc09873fb6b74,4,fit,model_fit,0
11482,P07348,train,0,866ff534a91900c56928316018f625528639f42995aa2626e091866ea793eb46,4,fit,model_evaluation,0
11485,P14540,train,0,eac05a39dc05651f634bc7bf6894012abef81b757dcefe05e9ea32579574f330,1,fit,model_evaluation,0
11490,P10423,train,0,41013c732e3c93bb7d6b0ec67c9590196a5bfa8c4c084f78e9e27712df33b93e,4,fit,model_fit,0
11494,P12994,train,0,6dcd50f99d612472fb91063f463f61512c797c9cac3730e616822bccf5208763,3,fit,model_fit,0
11518,P15216,train,0,462c133aa1cd00ce3378296975ec82f063c72c42bae4874a1159f7fb9d60d213,4,fit,model_fit,0
11519,P00427,train,0,3380cba4de958c32645ab3f880953234a334fc7a034818c2d714151a667ab7f2,1,fit,model_evaluation,0
11527,P08533,train,0,739c5bd59ff16de234953ea0b5b321b5306b1e58269c345570ab472a8b07477d,3,fit,model_fit,1
11553,P01715,train,1,8f997a8d74657b7e335c39180bf8d6ca54dc50bf7afa66073a4cab112d68259e,4,fit,model_fit,1
11565,P17907,train,0,07000441fa4cae4d37ca0bf8ccc97851fc7008c92393c4354ab8ca1c600afc75,2,fit,model_fit,0
11572,P08675,train,0,a7376c3b85d535e81e909097867770e06457cbe57be77de2e3d27e553b4c548d,2,fit,model_fit,1
11591,P10858,train,0,d1e11c0dc5a22a4065e3e89ba85a196896a57dd7e5b3580c3868794802519bf8,3,fit,model_fit,1
11622,P11974,train,0,b10f4827254d4c34fe8f2d69302c0c5c61c2b73df06beb20ff33eda4ebb87236,4,fit,model_fit,0
11627,P07916,train,0,53734644671cc451b25233863a76e98ad4473048b0df3a773793e8b752586ff3,1,fit,model_evaluation,0
11637,P17994,train,0,b26df8715c27a7b714f872ad795211f3fb252cd7b7d216836d47c0444ba8c0b9,4,fit,model_fit,1
11639,P05086,train,0,46e4f7de943cd5daba28dad2a4c79a555f89f25a4a7704b44d1402c6efb8b022,2,fit,model_fit,0
11664,P04041,train,0,8c017c000fef75ca8f7d8f70983b06e06b1fff1fb5b0a7479df87d474354e494,1,fit,model_evaluation,0
11689,P10429,train,0,1bf3e547f0914cc92843f79d0b2238371f8c16a39e219f1feeaf9019b770d744,1,fit,model_evaluation,0
11699,P10839,train,0,ae4df4ac06d950d996e1660eb2a71eea3e2b77b3a91bb76865ee8ad18404d1b7,1,fit,model_fit,1
11765,P00466,train,0,28ea09245115b5b47e6dfd1135e1ef6ed64fe7c5b2c66c103c090f049219b032,4,fit,model_fit,1
11798,P08960,train,0,daeead8595ed2f450fcac3a12c82dcb39e0964338ee52b4c1f16ed44e2b2c080,2,fit,model_fit,0
11807,P15586,train,0,840bcbc6a207c2e378dc1cf03a91bf7aad033e8785c4855c70e1729610af33ab,3,fit,model_fit,1
11809,P08170,train,0,1edcb5680cc2a57719bb835c9cbccac46ebeff3f63ad95df3435e17f238a4584,3,fit,model_fit,0
11825,P18581,train,0,cb82f9b5d12c84c04875969ac2fa481d5289f2019669f5b3483cf4d59ec4f33a,4,fit,model_fit,0
11833,P03501,train,0,a8f7d22db936596b6ef7584068ecbabeda0cf772111460799e2fdd20a01f1183,2,fit,model_fit,0
11835,P00182,train,0,c6ac72fd12cf30e4201a3a6cbff378d9db5ca164ada04fdeccdd5abcee08db15,4,fit,model_fit,0
11840,P05065,train,0,56c0a420ea71f01876cf094e9f47145b9adb4f4add2977d9cb6e4efbb71ad008,3,fit,model_fit,0
11862,P18779,train,0,13689113cf4c861ed2ae4fcf0aed39e56dad549487d154ae8a286ec890835e52,2,fit,model_fit,0
11869,P06685,train,0,a9bfa56f4f4c8d3215bcd77e06562f481e35d0fbd42b1b8aa7e48704240c6735,2,fit,model_evaluation,0
11883,P05809,train,0,e8096249d1d4b1ba8264115aaec0813885cc143122543a1252d97fee752376b9,4,fit,model_fit,0
11889,P15984,train,0,72fbeed915f83ec7963d5de320d29c4847a7829e56622f72c1a9d7f01fa0087e,4,fit,model_fit,1
11893,P11371,train,0,4dabfc5fc2151ae19826a766aa3959fe67536f867e3b9644c0ec018aa165767d,1,fit,model_fit,0
11899,P09533,train,0,34a4bb7d47c461ad0816786945f34e7591f5d38f263c225f0e960093d8cd1880,4,fit,model_fit,1
11911,P00759,train,0,54d739216955920a9782280ee1193fe0e640664e2b8d9e43d126adeb4cc3659d,4,fit,model_evaluation,0
11920,P14344,train,0,b944b5bd26c914f2fafbe69d6a4db1d7e2bf060d3a5dda3d9b97b42e5822a87e,2,fit,model_fit,0
11929,P17028,train,0,73feaba3ed83ca2d61e5041a619db767832ccc05121a3b1126d83f7b554d5019,4,fit,model_fit,0
11955,P03577,train,0,d279f6093a7ab996f88d7d4d46925527e7cbe7452d4be85337b15f797f5a1b1c,1,fit,model_evaluation,0
11968,P03848,train,0,9d967d5c332d765a5940e2b103ff765040e99a6b9b05abbf3255cad2bc4056a4,2,fit,model_fit,0
11970,P02359,train,0,46931e6835ac064a57024c13ed3a5f17d9c5889b598c85b41b2eecf98d0f009e,1,fit,model_fit,0
11974,P02692,train,0,abf4c9bd83288efc3b89964020a97e064f37d077f0da177e7edc4be09b7b0479,4,fit,model_fit,1
11981,P16467,train,0,882fd5573ba3a619da83c01e3b2cef59dc91f3e94ffedfab099834d52c30ae60,4,fit,model_fit,0
11983,P15343,train,0,339d6732b8fb28c23dd6967dab4f617013b5a9f28f49fc9c74a48f8756b3960a,2,fit,model_fit,1
11985,P16226,train,0,ef8dd8c3775533e535352510cd38e2774ae079b0b72cd2c7173cce5948bf3cdb,3,fit,model_fit,0
11986,P07842,train,0,83b8b598b50aaedbd92ebaf42a43822afcaa75cd8e2c28e497f48130f502d19c,2,fit,model_evaluation,0
12011,P12353,train,0,ccffae048abaa6f671610ff90f7e498c0662e0bd79c33eee812af846aa8b0519,2,fit,model_fit,0
12019,P07314,train,0,3cdb0fb41f8c1c9d194c8acf2f1b30d8ebde35d869f363c2a10f200b69cc9b45,3,fit,model_fit,0
12022,P01751,train,0,8f6961c1f9fbe9a9c6838507e04b477abbc74ca9db8cb2fa83dff35d1ea3ca11,3,fit,model_fit,0
12052,P01077,train,1,14007a245ae2895c6a69c13ff10bf88d619071ad0b60d00f6ccd55fc5ed10cb3,3,fit,model_fit,1
12056,P05427,train,0,3e02fd46bac8d36e3f0cacb9e5b7160929fe8b67eda2712166a9c0acbbb6be0e,1,fit,model_evaluation,0
12060,P18191,train,0,4161d3f39aa6dcfd63c47723855b427deb0ce23f9a96171ca7025699718e9e39,2,fit,model_fit,1
12064,P01418,train,0,4246ad64d1e0079b936865f5ae3ee8c5634c3b92f75935159802b8be1c814d0c,3,fit,model_fit,0
12092,P10029,train,0,ed7acd0c46bc4028867e0cea3d310844e6620d8461fecf7c8d66e4d27639bd46,3,fit,model_fit,1
12094,P08542,train,0,53d4fb925a692db130cbf2a1e771e2fd188409cef891594da93901c7e4e349cf,3,fit,model_fit,1
12120,P10045,train,0,d7e872f6beea06b202a8eb8fa7ff02433dd16d73f935f37dc1e6dcaa865b10ea,1,fit,model_fit,1
12130,P09322,train,0,58a3b490db595ab7997efe75decb0c54cb06530f2abc1b655ff1ccb5dd075a36,3,fit,model_fit,0
12132,P02187,train,0,70283d8663ce0f26a870fb20e5068996f594fa652edd996796ba612aaf8e95dc,2,fit,model_fit,0
12147,P07087,train,0,06e42fe617181d565de7015d6ff61f088695fbb241c67afad5627d36afad132b,2,fit,model_evaluation,0
12152,P13822,train,1,8df2477522e2a14ef357c3caadf585878a0d50e6ebe3bf4e59dfd90d2a255b9d,3,fit,model_fit,0
12158,P17412,train,1,2513ee2340469ccf5c9fa5491e778ad173a134b296b8a49d847b73a5b42b4a6e,1,fit,model_fit,0
12159,P06526,train,0,cec5c7587a6612f862c51921a51eead2554b25a6d89f5afd05fcf0e329f1eaef,4,fit,model_fit,1
12160,P08226,train,0,f4604a186ff7538ea0a0a76e2bd5a32a0d5542d11ab96378cb9af02b2a5f2c22,1,fit,model_fit,0
12175,P14010,train,0,eeafba74a65d4d765b589ba0c0e56436f6564adb4731fc43d2079060c0e0cc3a,1,fit,model_evaluation,0
12181,P04027,train,0,6f8af5888e7f395c3d9f9fbf2dd6816e73a228d375dc0c6315f0277f22e4e881,2,fit,model_evaluation,0
12191,P10792,train,0,0f5f40963042a0e4d5b7e7b6e5ed099e39859a5bdc41f507d5eb0726ef866c0a,2,fit,model_fit,1
12200,P09661,train,0,f9924c71ed46bdcd716740312dc31215cf53b81cda75b22354408be391136e84,2,fit,model_evaluation,0
12209,P07412,train,0,beeeea0a04f669fee823e82ef5482e43d914165d591e71158873f25efddeb739,1,fit,model_fit,0
12215,P13922,train,0,a232ecd3f5434895ba6892123c7641488a8d673755c9b02d6603b0a6dd8562cc,3,fit,model_evaluation,0
12217,P03339,train,1,f3d98bd4016be070e10f961fe6a8d415b7de24400d01e47ab421b6c49ef9d1b3,1,fit,model_fit,0
12218,P10106,train,0,e2798a7be32d5297b4dd193efaf0c79766ff799a3cb7703712267ca4a20a7804,4,fit,model_fit,1
12226,P18262,train,0,0eaa686971683c7fd8932f3739735ae6040a42320e0fefd98fa8456984b6eb16,2,fit,model_fit,0
12237,P12400,train,0,10839efb64f8bc8d6d29f447c50e09e97d8bbdb4cc7af8de279fe0deb24d33f3,1,fit,model_fit,1
12252,P00737,train,0,2d16e851eded78bc7bfce3c4f25b3611ea0825d902d3072b18015d6cdb6d3b3e,4,fit,model_fit,0
12262,P07801,train,0,505eb2a3c6fc15dcd21c2c8afff4d78600aa9b867213b2c9f1514288f9318e81,2,fit,model_fit,0
12271,P10805,train,0,be073f503b869a47e64672f24a35466ec6f5a8d155d453d02b6ae84489fcb3c6,1,fit,model_fit,0
12285,P05184,train,0,7a2925e56ccbdf6f70148e2b54f91f684b84ee424047724b5d307a45354d451e,4,fit,model_fit,0
12300,P15268,train,0,f5746ea55effd26aeeaab898641beb3c4284f26e79f8f1ec37843aff9d3b0546,4,fit,model_fit,0
12320,P14343,train,1,0397b99773e32c2d232c0d3a60b0a7116c288c6a71c5f77ec911dafcecf0f9e6,2,fit,model_evaluation,0
12343,P18496,train,0,4477ea3d3697a9c75fcfa0211bc0b6fa51fe4d411737e5495f959a6f7c6077fd,1,fit,model_fit,1
12360,P02752,train,1,4a423e1bdf4eb4430f0b6f6a39fc310303cdb2f663709d4391871f51dcdb1f1d,2,fit,model_fit,1
12365,P16778,train,0,ab2ab2154ec4d0aa7d997c5b5e5bfbdd531b8c9e0cabf51fe74560a9f6e043a3,4,fit,model_fit,1
12388,P01668,train,0,dfb7c86a3bf54cf15dc9e199e7f69532808a8d2fb7685f5e44a2e440248e5975,4,fit,model_fit,0
12396,P12413,train,0,55c9ede565099ed740a6d7a80535593ceccfd0a717b057e7695c238c75ef5cf1,1,fit,model_fit,0
12417,P09556,train,0,96f06d384da30e4bfc397e009ed49ef1e93994d7cb066c1de5641579e0c9e121,4,fit,model_fit,1
12445,P00367,train,0,cb17e76062a3eec09db32822fb77657a58f8e995c6fe6a200ef93118490b8362,2,fit,model_fit,1
12455,P07521,train,0,28feae807a67de76e4685ce31dd4c4c6931b2a4c04479438f244f9bb356f7bff,1,fit,model_fit,1
12474,P09294,train,0,cadce772ceab33968f9bbd482322a44d0eee6508721d6e3dd4c09a156ab7c0f9,4,fit,model_fit,1
12478,P08466,train,0,a371b0cd469aa888cd918618d4a07099ba6fa35b7ee6b7b835b787bbc6c55cca,4,fit,model_fit,0
12479,P05240,train,0,3f8f4ea18e85b1052f3a2a0c7d95e46f121e27e87f75787c4f8f0147d5422640,4,fit,model_fit,0
12490,P11347,train,0,3c0647ed5d34f188b0c84164004e99d457f8970865327b38ed8dfd4439eb4a0e,3,fit,model_fit,0
12491,P02597,train,0,9eee9d74769fe567dc02d0ea45ca1199d07c79112b897f29407217b01b9c239e,2,fit,model_fit,0
12495,P10708,train,0,d30b8485d2d376040ede6f3c19f7b63e721437aa3322d24accea08fd37f4f368,2,fit,model_fit,1
12501,P03525,train,0,91028e9dfa7193dae01785dc5b811c67c154096f3fe76e7b27901e0d4c4c2402,4,fit,model_evaluation,0
12517,P11005,train,0,31f7f229d63cac74cea9b827f31b937c56d79873a93cd68382923d90038a2761,4,fit,model_fit,1
12522,P12845,train,0,bfeb2f15ab78edb072c3f75faf2a2c8aec743530adf903c2b073d386dda22ba6,4,fit,model_fit,0
12529,P08968,train,0,da5f1e90ff8b0a77642c7a10f02a638ca08df6c14991c3d6147c58919b8aa059,1,fit,model_fit,0
12531,P17622,train,1,5c1d349660dc29d86c052dc2f39216eead48d1593093b2a8e141bd5e2eb90de1,3,fit,model_evaluation,0
12537,P09282,train,0,d6c0b3e63d6dd5fe0ad077edd2868879eb441b8955f99c4d6ea1995f579eafc3,3,fit,model_evaluation,0
12545,P03641,train,1,50c6c1efe08809b768fd35de4356908ee59996e06a4a6a8da95e0222bd7b42da,4,fit,model_fit,0
12555,P05158,train,0,d6cba581847c01ca7d7ef460e58b560971424b85361c64cc2d7ccfae462d82b9,4,fit,model_fit,1
12556,P12608,train,0,d41335f8f455c39c9a4934672e116228464cdb7719d89c40eadcadfadd71bda8,2,fit,model_fit,0
12566,P07940,train,0,d68e2630fca4fe2442e8fa81834b7ce76c2090dac1224cdd09027f87ea0723e3,1,fit,model_fit,1
12603,P13305,train,0,dd1652b434fb8f754713a0215b5b45f9156300e1ab76b824101527fda413c65d,2,fit,model_fit,1
12608,P08610,train,0,e05b1ee27fe10d918176c50de7a7393b5fac43ab2f1bf36b12b8e8d96ac622e2,3,fit,model_fit,0
12619,P00587,train,1,9524de453022f91e7b888426a489d59a6dcc72ec77b2d9f303615e34f4e74550,1,fit,model_fit,0
12643,P07143,train,0,4905b73e07403190cafe36d19a40a36790129e2fc63f8e941bd0f4a48f088ddb,3,fit,model_fit,1
12651,P11103,train,0,904d4179f871774f370b1e06d4052c8aafa36fc2af4dcaea78baf5cec03dd46c,4,fit,model_fit,0
12656,P01398,train,0,7399de670635db0d8a9c2421846f9aca8d623881bacfca8e9e05b02eb1a83c46,3,fit,model_fit,0
12658,P05924,train,0,b18ab6a486636c4b24a3140f16aa41d8f7c6a7a405455047aa08904e155da3e7,3,fit,model_fit,0
12670,P01466,train,0,2eec90d56c713f55e42c3ede069add051b03c70791c290b406110c439b4e426a,2,fit,model_evaluation,0
12672,P10438,train,0,1abd591183b1ab800459111ac3f789e7fc71db8b106ba712c96b37bdaca22056,3,fit,model_evaluation,0
12675,P11593,train,0,f50195b8b72a80663a0b50367baccee8bb66c85bc9644c8ae0ded48f9b83c5d6,4,fit,model_fit,0
12684,P15913,train,0,1a570964e7790e0d2517b6c6a25ff2f217aafeb32c434bc2f748357dae4fe43e,3,fit,model_fit,0
12700,P16354,train,0,daed51c0931854675401f83a8e0c59228a6b953022ec688afbedd722ee64c038,2,fit,model_fit,0
12721,P11710,train,0,6bed84fc42df5feb889e9c943b25c74ffe8e8ab1a30ba2ddf74003e85359e1b8,3,fit,model_fit,0
12723,P04199,train,0,49e6dcd6ad9f92f6d98c0304029cacfc17589277e25ece280507e8b67ffcd597,2,fit,model_fit,0
12729,P16583,train,0,06a64a021447a5b39f23296d22f0a7c688a456e6558948fb6dd0182da4192446,2,fit,model_evaluation,0
12736,P02307,train,0,fe43c8a94522dc9625d33cdc9a62e66640ed92de40b33052195e10c673238d03,3,fit,model_evaluation,0
12757,P02074,train,0,f3286bd8504bc6f0b6f5a00df9e6cad048da421c709162ba8154d1e44a55def4,4,fit,model_fit,0
12768,P16432,train,0,659b0a44243ef8c005346b805b0f8b66d2aecdd335f19211bdc91284e1646995,3,fit,model_fit,1
12772,P05526,train,0,3a297d675933d87198c3d412b23ae48d0cfbbd2725f165b6686ef253593879f1,4,fit,model_fit,0
12776,P00004,train,0,e44ca7d439584bac41a2425b0431e1b46606ac6944e5cca50445b338f6c6557d,1,fit,model_fit,0
12789,P15422,train,0,2609d4dc76ce7b88c9d8262c1edb20b20624793888607055edbb97dc8f6f967d,1,fit,model_fit,0
12793,P09171,train,0,26db201b4b3fdf42441d7c3cc83e02cbe46cf5e134729abaa69a58500a823ad2,4,fit,model_fit,0
12794,P10165,train,0,17ab9d9173979819dfee9878db8a1f33f2ca1bda62867d2a188d231f96154943,1,fit,model_fit,0
12801,P14439,train,0,713b5556aeeb4445457764ae25a3da405c0de64f77486f0456c4da2fae8abbb4,1,fit,model_fit,0
12803,P11244,train,0,eb5421f2d40ebce41d85080e88c81536bd05d40fd241c8664294f83aa349f8be,3,fit,model_fit,0
12812,P05099,train,1,52af1b0aea684c8cba8a4ff94d24885232efa5000905b0bf8132195160f9aa97,1,fit,model_fit,0
12843,P15222,train,0,79e4306afa60cce064bca7bb6525b5eb0c25a62f3a3eb530e446830098fd4971,1,fit,model_fit,1
12852,P05088,train,0,b85eee552c7e3e174ada31e0d63d00ee192445bca7c893e349f38db0561b0b29,1,fit,model_fit,0
12856,P18175,train,0,1ae5bb9600c731b7354c017534aa18cda2ee2a3453d2621217941d8ed0a8b885,4,fit,model_evaluation,0
12867,P08698,train,0,d56e0ef16f67cd2b8bf38b40c349f0b1bd4e46cc88ba21b789c4e63261362ae4,4,fit,model_fit,1
12870,P00631,train,0,7713f5e60862006dde7e6a3241963d1abd3bb2eb8f48b67bc6ca9fe2d24c6ba7,3,fit,model_fit,0
12871,P12035,train,0,c1e304c53fc2bd38f52c5c589892c258ab6614645404b3aaa399579f630ec4f9,4,fit,model_fit,1
12874,P08159,train,0,f33accb7fc35899f5efe6dfdfd3ba85ff23a6109341618abec8445b2cfc25b61,3,fit,model_fit,0
12882,P18063,train,0,29b09579ad8e2d748869ac8a757404fc77c656b4f34c548becd28d8220019c5a,4,fit,model_fit,0
12884,P08318,train,0,d268f4b26bdbb3d4a260204721dcfae0e584185073d436f8b5ee2125cec906ee,1,fit,model_fit,0
12888,P04623,train,0,cf229dca49f64cd27b38b48775d3967c9c853c47f6d5685fc663c95b71c57fce,1,fit,model_evaluation,0
12895,P10047,train,0,b0e0fc2c4656e0fd07293fce7267e13e0dfc9de02abe78cdd4d24afaf7cd043d,1,fit,model_fit,0
12902,P11701,train,0,7bf5cda46dea70ab9763c46c545d73486db8bcd5465518f195fe77a7b998a9db,3,fit,model_evaluation,0
12903,P13408,train,0,9f82fab6cabb9bc912a59e7dfe3f317c8cfaad240c40cf0fb01a483e2b3b5fd8,1,fit,model_fit,1
12908,P04585,train,0,a6c701631570637d3e5e095c107e5daf01a5b11f1e564181dad6ac079eb3acd2,2,fit,model_fit,1
12918,P18524,train,0,b920ba632df91aa71edada67c3d532e8fda5f215b2577d7b8c28ff146b654b98,3,fit,model_evaluation,0
12961,P11040,train,0,e13e5620bb1038114392bad9036ebdd71db672ec1270693f5c55d0dcc943fed8,4,fit,model_fit,0
12970,P08641,train,0,810f99a41daa30aa797b2bf8730ba3e21b21e9b82bf0d8e3e7067d564ca79a44,4,fit,model_fit,0
12975,P06912,train,0,de81c39f460407e96645f6212d2a4a854639592e13319c9f186bd2eb2a1781fc,2,fit,model_fit,1
12988,P01072,train,0,ff281df81624f5d6488c5d42b9aabc5b69c968e302bb0930bcbee9c47b053d96,2,fit,model_fit,1
12994,P01434,train,0,6b9a18eae1f2385dcae1509084a38ba2289e1b878bc296cbd0d6cbe0f8e12985,3,fit,model_fit,1
12997,P06582,train,0,008e5c68ee66eb2e5e4cb290374e33fa0376ed8746f9ff0b5d62004e8d4368f4,4,fit,model_fit,1
13003,P18422,train,0,d1160545828757bfcfd4aea41d6240c2a17a2cc614f1cba340a44a74d8a6d82a,3,fit,model_fit,0
13009,P00381,train,0,a611ffafa4ad1fb3fa860ba561a83067ed034feb2a10c4b7b5099b7dce9ff36d,4,fit,model_fit,0
13023,P11507,train,0,9fbde5d5a09a926cbc6093c514b7a8a6bc02f3ba03bd1d8acabe00d34f0bd625,4,fit,model_fit,0
13025,P11703,train,0,954001c27e417921b3e47e545098f38de3bd4323ea3f5dac6e8bc8f601f73f6d,1,fit,model_fit,1
13026,P16969,train,0,9712a29a4dc002ef7131362c4f9b2b425a88b0eda31221b34f48fbec7cbf0146,1,fit,model_fit,0
13044,P13254,train,0,58fac630381abfdb287bf55edf5c2644f66967a370821497ed72c500396eeb8d,2,fit,model_evaluation,0
13050,P18788,train,0,d70c7771d0d308a0b101001b7c28652bd1a94c40887d8b8314baacf8ef714a88,2,fit,model_evaluation,0
13062,P11150,train,0,20a6c0b8b57e3fae7b385a43af14aaf6d0b22d07916ead5a2aa0e2c87fa2804b,3,fit,model_evaluation,0
13077,P07574,train,0,91e68443711ae5d2051112c9f315ab5138a2db1f2298d2af2ebf2373f28ee56d,4,fit,model_fit,0
13091,P11113,train,0,30c1aa1c59c4a5db28ecfa5b4dd861739eeacc824678e9ddd7f09338258e48af,4,fit,model_fit,1
13092,P10332,train,0,00a17d46648385ca841b9500018316f953d64541ca02f5d97d27ecdc5d91244c,2,fit,model_fit,1
13109,P06127,train,0,1c4c9ea1f15241d0067f285b9f1849a0ae5759379337ba2927035cdee0e4a1d1,1,fit,model_fit,1
13126,P15753,train,0,f3ce36075edfdeb99f530d06c770139a7a2d3c1c4d8bf1dd98028ce28b0ea7a5,3,fit,model_evaluation,0
13149,P02330,train,0,b4aa690c98ff11e495c32765186237e40014a06df7a83aed3f1068a4d54d7842,4,fit,model_evaluation,0
13162,P12070,train,1,6341db20849db96db510904807742a411e53a6975910134eee3bde2a0745fd05,1,fit,model_evaluation,0
13165,P11117,train,0,0402ca5f5f8b1c9ad5438dda23c3b8721554e96fdf7c249e3061360654ce153b,2,fit,model_fit,0
13171,P00711,train,0,06ae6b29036572871768a99b42aa29e48c7478aea480db49de0069cd2b28a1a8,1,fit,model_evaluation,0
13224,P12057,train,0,47a7c89eb3f203b257f570874a1cfb80c2bde2debbc28fc7f372736cdb1f1fe2,1,fit,model_fit,0
13226,P16527,train,0,e15051d689fe29370893db8c0eed548c528311da8406f2debb6ae30259290e73,1,fit,model_evaluation,0
13238,P15271,train,0,86782fd1170c87530a74b525be49732ad833900165f6d24758ba9f4d88599467,4,fit,model_fit,1
13241,P13831,train,0,e7d707ffd1739441f03c450e824e2fc9f69f36d66ee291d7e60d18f6833f863c,1,fit,model_fit,1
13265,P00706,train,0,a2df115f65decc771040eb756314d752c10b30dac9e39376e539e1fe18a91d0b,4,fit,model_evaluation,0
13319,P09061,train,0,28a99406ca2f7a038ec9fa5b5e5883a9e3568f40b4c3db97f78d3ca07afca444,3,fit,model_fit,0
13329,P02381,train,0,3e1854f7b9aff72d6a8fe556f3bad3e4429a05fb0d08cbd1366cc75373b5d5f8,2,fit,model_fit,0
13337,P09203,train,0,43d86118479ac69f30193eb1234c172c1c10266bbbaafabf4ced7e127f1afd41,1,fit,model_fit,1
13342,P10577,train,1,9f820a9a17a1cc9eed2f75b80ce3c7e57ecfb64ec4036b73ec7271ee28e50de0,1,fit,model_fit,0
13368,P03215,train,0,3d6c41fc529fd3be4c68c3e6e5532b5a9bbab78e7e6098ec5d5353c0240fd65d,1,fit,model_fit,0
13375,P13206,train,0,664d75f583048b114305992eff2c5f864497d0a79fef7a346c06dd55acfc5f44,1,fit,model_evaluation,0
13376,P15645,train,0,aa25272ff5541029721d79b1f4f11ce55fdfe86562eaba161166b0478aa57a2b,2,fit,model_fit,0
13381,P08213,train,0,96ce3d1c079776078a6cbed727ed948bfa3e96f6bb0c0ad08b3b0c101509a217,1,fit,model_fit,0
13382,P18023,train,0,820b98a527a9e2a15cbc07aaec79181d8d580425b2588f08abcdb87f1faa4d06,2,fit,model_fit,0
13387,P03464,train,0,d42986252d1b5508ab86e8cc09db48ca0a39d80f75a9b015cdd2b697e07247c0,1,fit,model_fit,0
13413,P03661,train,0,4ac81c4531fc9093ec26f08cb3613b9154e60eaa48f1b6a450f996b08aa1f905,1,fit,model_evaluation,0
13417,P02910,train,0,81b18a82d6023eec10300c64333182b5d300dd01008bb75d337267c0e2cb236f,3,fit,model_fit,1
13430,P05774,train,0,93a73a6e10f30677778f20a0ad7ad229a75204f241743bc657ff8d0308f762db,4,fit,model_fit,0
13431,P08333,train,0,e71821bd2c0e44819e9c78fab4e7cc763ab6e956c8fd4b707b3dcba5232fd3a3,3,fit,model_evaluation,0
13433,P17058,train,0,8595df3f275eb44851046e8c217ec12ae0742d9342c608cde958eaddf44568c3,1,fit,model_fit,0
13435,P02888,train,0,9eac8c20cf5e67939e5da3135cde55058acff674322afdc8a13d08a436187c20,2,fit,model_fit,0
13437,P02631,train,0,6ea6d94da8cd573c523b1148df60b1d62b5d21574edf9a29592a69ecf62e324f,3,fit,model_fit,1
13446,P17794,train,0,313a990050164aed68b0530a155c4456a8155edeb85850298cea6f7cadf9c046,4,fit,model_evaluation,0
13450,P07484,train,0,37c10d3e748347eb8c218f80661d84c6093e2f1256fe326953275bf520764131,4,fit,model_fit,0
13465,P00051,train,0,978aa55fc276120d3b15d8eab9749f3022e5d3e747573927b1d2babc8dbc8b36,4,fit,model_fit,1
13479,P14226,train,0,13c2d7e083999362587a0f4e66855cebb0d5b0faeae50efa51ef66b82c772d0a,1,fit,model_fit,0
13482,P13593,train,0,e0b2bbdef7143c8e8dd831ce342251f5724e3623b4492ab8fb10760198141272,2,fit,model_fit,0
13484,P18643,train,0,f00391521796a795dbc02f7451e646f2959d6a9b1de3923c168224086d8ec481,2,fit,model_evaluation,0
13490,P05081,train,0,7b55bed061633f95561da1b7c731a21e292d36aeb1704e6f3f018361ca37bee4,2,fit,model_fit,0
13495,P08257,train,0,e044c11bffa4421f467f943e783c039a9fe560dd2cff2edfc8562a6c8c913060,3,fit,model_fit,0
13503,P16218,train,0,c2413c43113c3f96bc43d2f8eb5aac760b67347fa0da1e4b0c3d3da151f5906d,4,fit,model_fit,0
13510,P11025,train,0,3dab62971db359ec2e94e737877762d28150727adde68277790108f50def25cb,2,fit,model_evaluation,0
13530,P05992,train,1,21464a2e131f140bff81f76082fbbd270086c5eb291da3c0d7b038b00f9ceabc,2,fit,model_fit,0
13532,P02566,train,0,8d6c22b9cacd82db6f6bbc2157672068f509e524b77b2568f9021d9352e2a0e6,2,fit,model_evaluation,0
13540,P07770,train,0,16dc3578abe86b631d2d23c72963f3f8e35b23f828384ace4f0704629788d214,4,fit,model_evaluation,0
13546,P17479,train,0,1daea4ed93634dc2eaf67f3629eace1f933c5f0a765ee4cddb05577b5454bcd0,1,fit,model_evaluation,0
13548,P12654,train,0,d911374f33803b94469c261b519e8b3700957f25f3f31d3e9222cb93535ffca2,3,fit,model_evaluation,0
13556,P00723,train,0,00c04378922c06c10530980b417b4713321febc303f3c66e5f7491b06748ce34,3,fit,model_evaluation,0
13575,P11985,train,0,e104f30d0274895fcdf27b034dd7397dda91e3f63003e0088c506cc9ac232f65,2,fit,model_evaluation,0
13576,P11520,train,0,fbaa4c191602841844af964c660c4778dd0f6648882f8847cce486cef6ac6743,2,fit,model_evaluation,0
13582,P05494,train,0,a4e741b70b6121b52449109945d59bc4f2fe2add2e686ff0ca3ad5a3d137a5f3,4,fit,model_fit,0
13586,P07763,train,0,ebb8ca1216f3a29ed4217d35d1fa2b665e10da617160eec15f2f817777ab4c82,3,fit,model_fit,0
13587,P02642,train,0,4141345aaf30acf13d05e0da79d660d7357a4088ff1bbf2dfc56ab523c2bba76,3,fit,model_evaluation,0
13603,P15353,train,0,6c7bcc7e571934bfb6efeb985c54d20045997e4dbb6dc7524af6698804303201,3,fit,model_evaluation,0
13608,P07245,train,0,0506f751b670f6183b8d91130757c1c3690ab575479d77b37a8b1131c28fd0ee,4,fit,model_fit,1
13634,P07243,train,0,0990507edd7614959ec8e46902448c14f1c0238d3f36a306430b5043c3322702,3,fit,model_evaluation,0
13643,P13280,train,0,eca027158b39c754cbda1c0574147762277faccba8950b83dc0df96d94a8b091,3,fit,model_evaluation,0
13647,P11626,train,0,ae9efdfe12dc822f18f52664c79e46e69c278a61438c61ebcbaab45267059dc2,1,fit,model_evaluation,0
13653,P12072,train,0,0ec6c6b4cae0d4fd82152ec85bd8b794c22ca1625ab4c2a8fa050b8188693023,4,fit,model_fit,0
13656,P12444,train,0,4aa3e60258888369f2c5f8e142565379a95f9467909a0a9a61589ea00f333697,3,fit,model_evaluation,0
13660,P10822,train,0,36fe1e4d6cafac68843ee735afc8f41e91c9ed24ae82d871b15db67e1b9271ed,1,fit,model_fit,0
13661,P03079,train,0,34e176eef721c7b7a4b3702e6a116374d10fdeebfe52462d55c6ee90f9ae037a,2,fit,model_fit,0
13668,P04774,train,0,952d721526c580ec58c4810635ed6346cdd5faf11bd110a5910dd4ad0e84f3a4,4,fit,model_evaluation,0
13670,P15460,train,0,4bbe2bd07d0f6bbfb02072ac045023a31f24858484f5c2a176294b912a48ada8,3,fit,model_fit,1
13691,P12949,train,0,26af61132f21f2b56df7dc9f81109ed5423e40045365da0a76f4be52e0a42c5b,4,fit,model_evaluation,0
13704,P11941,train,0,4abf64b2d4d53204e0209cba8203bd45111449322872dc4959ff637ae65ba18c,2,fit,model_fit,1
13716,P05082,train,0,4068d72423fb4c268ff21c5821ef7419fb9d265c130010ad24fa15f5097121db,3,fit,model_fit,0
13719,P08481,train,0,079868e15c4c2b9256d9706f68b13890ddd2d7af12d4cf8dc4feab0dce4fb9e5,1,fit,model_evaluation,0
13724,P11510,train,0,1b28c36eaa17f5ae1816a0827f117ec09c3686fb37d90f5d24c7b77e0a45063f,1,fit,model_fit,1
13731,P14256,train,0,7c33ab7f1535bb9c754d9363fdb0650c3c5b3e99b5b94e54d7f7653e0d875900,1,fit,model_fit,0
13741,P11683,train,0,0428248c1f77761f9889a8cd7c81e8773c8de0cc5ef236883547865f0139d2c3,4,fit,model_fit,0
13768,P18090,train,1,a13abef7c0401bbfefee3274a0d6465a90383dc8ab17b6a904dad452deaed25c,2,fit,model_fit,1
13770,P00029,train,0,84972c172b128044ce902061917032538c9ec01d3f158b8096e1c00e08fceb43,4,fit,model_fit,0
13786,P07796,train,0,11673eac267d4f25706834592f560226afd1d18f6db90227b1dc41a0d84501b1,1,fit,model_fit,0
13788,P06552,train,0,dd6ee48de7e945e19aefaee8e10565c1cd9fa956af778b30290fb2770e826791,2,fit,model_fit,0
13798,P04248,train,1,b3ef4c36db10b692a9eeeece8a0723d2b60e75df90fde295145837161587354b,1,fit,model_fit,1
13799,P08433,train,0,1b56845fd91ec66ccc9baf2d048a27850adc9f3fc4cb25f35336c91096d7299b,1,fit,model_evaluation,0
13810,P00926,train,0,4ca591a420a971424625e34114e64e22f8874ffee7546cb09eeb774dedf1df90,4,fit,model_fit,0
13817,P03129,train,0,1ad7c4a08faeeea6f92627669a7940de4c05e4b2ade9034c0ba45fc53e3a1694,3,fit,model_fit,0
13832,P02461,train,0,7d62aed8c2da87314b9dcfbde0bef86902bd620f489d98ac82ad6e08896b61bd,1,fit,model_fit,0
13834,P05707,train,0,a7c39a174eb0b03e53a1b0945d8af604e2a0468059045df15cc6c8e2269c402c,4,fit,model_evaluation,0
13841,P16060,train,0,22902fbacf96afe7d43c64b76c4427a40efba35cd450d921e2b498aa0b5244af,2,fit,model_fit,0
13847,P05779,train,0,7eff9812e9c27753ec1219c7675bf9bb66343a882f5352bebeb013855d4c0181,4,fit,model_fit,1
13848,P09192,train,0,85deb65dd926be8b58eb6e3520e7dd265d35f7f3caf4d7ca8b323fc7b9668783,3,fit,model_fit,0
13849,P16594,train,1,42b4440d9728be7fedbb1649cbd0caef81ef266217ea4a6527a7e84fe5fb94e1,3,fit,model_evaluation,0
13850,P14465,train,0,083af3c559c726baff88edfb39a6ffa4fa99b1a89c521d2bec420293de87193f,1,fit,model_evaluation,0
13852,P14383,train,0,303c1931e3bad5dfd5a41cd1986f5616f7989c2d4c9a79280b2b67d6e72c61b1,1,fit,model_fit,0
13853,P13705,train,0,241dab5b861cafc3b49300d031c01999b1de66979c1a7a32db4d63ebea22b39f,3,fit,model_fit,1
13878,P07236,train,0,5afcfdf147cdcc35ce81e9b143b9e9a6ba27b3a504d4185a5dd5a8eb4d70f674,1,fit,model_evaluation,0
13889,P17442,train,0,264f9acaa7105b69b0a77f07e93563b4612801b19b48cbefa6bb9a63c524a190,2,fit,model_fit,0
13906,P01254,train,0,197cbbc4defe70a77eaaf94913b6a67924b65c9e89f3f6acdae528342c026ef4,1,fit,model_evaluation,0
13917,P00770,train,1,a44f78e915d93f8d688b3dd8afa9705829dcdf3fbae95a813f7b5c11621116df,2,fit,model_fit,1
13920,P08950,train,0,3d6dfad6a640ffee4dd138ff12110ec5994ec2598e3cf33c911d4d03cd1dbf77,3,fit,model_evaluation,0
13922,P14537,train,0,7470879b489a8c7446b3c7cf5c8272da789a16e1ab612be5edb5631c268c5123,3,fit,model_fit,0
13928,P04869,train,0,ad16f478096006270a95b08468c3548d5119debfde68ce3f854ca35b7f6f643b,4,fit,model_fit,0
13933,P03280,train,0,eab7c942d807bb7e9d4570238315b96fc47978ec9e2590fb533e1e19a17bfc8e,4,fit,model_fit,0
13940,P01267,train,0,45b28d5a08390d047bd43fcb30f48ba93275ba2da519e9e9ca1f8680c3169a29,1,fit,model_fit,1
13950,P16405,train,0,48557d495e75fa55ff97861093fdc65981f4f288eee2c16c8750b00ef39edd97,2,fit,model_evaluation,0
13956,P03318,train,0,6a0898cd6a7c642e75b3315c37479a6a3ae552d0e6b9ea972ea88eebd3a4e796,1,fit,model_fit,0
13961,P17171,train,0,62d0e6063b97b1671695d0edd3eac3c2476c64a2057694fa7244316ba23ac9f9,4,fit,model_fit,1
13980,P14233,train,0,0ec3deeda47ffb779d48ec946ee5d8ceca4fff5f8c763b9018d8641a33fa84d7,4,fit,model_fit,1
13981,P04962,train,0,e1bb56473530031b6684401f89f26f5f4ba66f4b262405d1309d95a7d62d979b,2,fit,model_fit,0
13994,P00891,train,0,4c49b9ddf3e2ce433db1bc712a38fb656cd6b5bae0bbb4ceed2bdf2bceb16aa5,2,fit,model_fit,0
13999,P13817,train,0,833cb0c1d2a7973a807f73de5897e448e9b2c06f9d397fbc1c71a903cc726e62,1,fit,model_fit,0
14038,P10403,train,0,2a40d4129340f1bc7ada0bd8acbb208e6843b683ed57f030d6afc67e63245f53,4,fit,model_evaluation,0
14046,P08319,train,0,fc0f1ff369ddae22142446c56641c9b1e39656a5d0bf44a9807f6db76bbaa6c1,3,fit,model_fit,0
14048,P17017,train,0,fb004f5f5c720c2e1d8b4a005a029376385429f57e0f04fa2df5fb4420f2f21d,4,fit,model_evaluation,0
14059,P09031,train,0,7fe281db77c68c24d305d1eb7af106f742724dbb6ec019d261392067513c28b7,1,fit,model_fit,0
14071,P09047,train,0,3c21f35a919628f51008f4f7c34e444a356a3073dc7e13fb45c9963a6a94eb1c,1,fit,model_fit,1
14073,P11592,train,0,50655e5885fb28946aafe8c6d747191eae19cfdb2c3ae1e173e14bdd13681ace,3,fit,model_fit,1
14080,P14401,train,0,22e6a16d0f4457521ec2be951cb85f5aa8c4909f19e10f49edc13d8c28dcbbbe,4,fit,model_fit,1
14103,P18747,train,0,59daedcc88ae8fc8a14e3efc2605c98fc56b5fb4c45d58d077627bd2202c1d56,3,fit,model_fit,0
14113,P01808,train,0,27782a632ff514aa7ec4bed56e33119447df791a9bd004b431b34f0af82e2db7,1,fit,model_fit,0
14114,P07459,train,0,5084f158245be5bc03315f3420ce85718507a9680f1262262cc0ab6d88b20d85,2,fit,model_fit,1
14125,P13377,train,0,88e288dc35d5e48447eb646035f615c5e389c4afc57635a3ff0583cc6fcc30f5,2,fit,model_fit,1
14139,P05953,train,0,24f2c87824cb3e52918c5bb9b0f12d1ff1bfa674e426f4275070c7241f12d02d,2,fit,model_fit,0
14151,P14350,train,0,f8af25d0b233652c0e3b0a491b9634b4d6a41999a437ab02ecef88ed3f74f3f4,2,fit,model_fit,1
14155,P02972,train,0,6d236996d7c315638e5d667688e7f65023cc6decbe29b59b35249e69ab74e510,4,fit,model_evaluation,0
14159,P15919,train,0,b3fe225c6c674ec2aca4e737a8dec1f932906e7be169182ecc824c2caaaca751,4,fit,model_fit,0
14189,P01863,train,0,7ed3e797bcec8ecbc5901c49b234a670fecd84298f9ff8c2c42fa751a4aa0605,1,fit,model_fit,0
14194,P07051,train,0,88dddb71b6a9f4575be16c1e6741fe2b5a553648be55867bdfa1e4c84ef1369d,3,fit,model_fit,0
14200,P15310,train,0,28aec002e73592ca79cc31b8e1d9210dfa826a194edad90c0ae11e82a1c26573,3,fit,model_fit,0
14216,P05957,train,0,22cdb31eb17d830880f912c5231964ce3b3f573ac746702dd27c7f5bca16b19c,2,fit,model_fit,0
14221,P08938,train,0,ee8e41adfb26c1bea8efee800ca91bb9a97bbedcf46b98dddad370d4d95608c3,3,fit,model_fit,0
14242,P18109,train,0,e4a175adadd502f4a741ab3feae67aff05786c37431955135428bfa7e33f3f92,2,fit,model_fit,0
14254,P12274,train,0,e9450210cb671752a619250850a6290554106773e19606f33adac1a16b1cef96,2,fit,model_fit,0
14258,P10919,train,0,beb30d2953b24a4044eebc7751f052314851a98bade559afc8a5bcc1e707d0a8,2,fit,model_fit,0
14264,P00573,train,0,cb4e57357131a021b9f13a3fe122599e04573e69b15f06e8abbe880fe8417d9b,4,fit,model_fit,0
14275,P09077,train,0,c5cc7722b4b0b4ea26db1b75c1b7675b627814f752a4b72e62e0703239500421,3,fit,model_fit,0
14290,P15566,train,0,41333f43761898858c5bf91e2511e979bd0cd5ffdea12b9af00ec0b70d66e23e,2,fit,model_fit,0
14292,P07181,train,0,d59b6b356b00020afcafc812b7a85275ba515e5b80378db2b5041e98b511258d,3,fit,model_fit,1
14311,P06484,train,1,04dc41f5b8d70fcac3fa2c9e1bb65508b2076f66c66dd29391698282ecf449d1,3,fit,model_evaluation,0
14312,P00445,train,0,063a1db0f706e87f8d1686af870c8bd8aae1571be37262728d6b71b0934f4dde,1,fit,model_fit,0
14318,P02025,train,0,09dac9bc89eeac9ee9da5cd031a7a28147fc53c74010dabde30073ee6cb1ef8e,2,fit,model_evaluation,0
14325,P10606,train,0,97abb6c8d6de9a77a4f6893c11728b9969cd6825eebb2b08248c8066b1d8064e,4,fit,model_fit,0
14328,P18367,train,0,1c9bd8223a460eecd1304a193a2422a850ee5ef3574a7650faab6e61e2aed28d,1,fit,model_fit,0
14333,P16459,train,0,2f4cc347c07f8d8305d44e35a07f788f9f7a765b42a0ba6f4a67bc497c83a4d0,4,fit,model_fit,1
14337,P03260,train,0,24a22af962695a52b5a447cc761ca647c95649f285b18941031756af997d72cb,3,fit,model_fit,1
14353,P11368,train,0,714c7489030cc0ebcc0fc23d5790511d9be6255ce16ecca8caa52d10d6e2cfba,4,fit,model_fit,0
14374,P15607,train,0,db8d07acc9c0777ad3d954172084358538d0e9e42d7b736f9af4a824ad282113,2,fit,model_fit,0
14377,P06911,train,0,fdce517b5fb70d2834e23cc0d4ccff8ee31b1c03925d56cb09ffa3379e45066c,1,fit,model_fit,1
14404,P13952,train,0,33a1becc313597dbd355937dde3d30c8015a32fff7e9b4f66876f949cacfcae7,4,fit,model_fit,0
14418,P04520,train,0,45acaa45e5f15fb212852d9cf335be9aec44a4abddac216c8175e524e4d7ebbd,3,fit,model_evaluation,0
14425,P13153,train,0,9985817a773c650f575586edcc49bff98af1e11dfbd0bd374a762b12e14dd3f5,4,fit,model_evaluation,0
14439,P18441,train,0,87cc66fbb74146873f4bda95c9edfbdc5c0aa16b7436225a83a26e9dbdef06f1,1,fit,model_fit,0
14447,P11963,train,0,6deca4614b7a1bc8d8e182a3dc6cc73f0c51c82bef26be72d380fdc7a725dad4,2,fit,model_fit,0
14462,P06335,train,0,b9af6f69d770cfbccab7960ab398483f6bd871826adf4184e83974d174337dfc,4,fit,model_evaluation,0
14464,P07765,train,0,c8cdd589718cd300409ff90b4f6ff9acfd33f87dbbfe5fa1e5f80504da388472,2,fit,model_fit,0
14468,P14723,train,0,27fcdf44eb27e158d91a048fad946edaa1907ad1190efd65c35b164c1230d7ac,3,fit,model_fit,0
14488,P09384,train,0,c31e8608da713db956f13443fab1440dc9c776b4a22f5867b34cd4d9869b2602,1,fit,model_fit,1
14491,P11786,train,0,77848628c44962a19945e877fd5beaf37763d326ba4f3c460b72be25308520ea,1,fit,model_fit,0
14496,P02385,train,0,c9c1aa2984f6093fbc9777bfac096abfdc113052e451af2e1a9c7693a7b5e75a,4,fit,model_fit,0
14503,P02906,train,0,bdacca83703d2a48158fda82d9e234333b5d18e5fbbd099904ddbf73824b846c,4,fit,model_fit,0
14504,P18380,train,0,5e80d02b39fedcfc62840605c3e9fd7068ad985f4451c9b43429157c939e812d,3,fit,model_fit,1
14509,P03460,train,0,51b1f04ca2ef64132e321e7721bf1a684adb6d5a238cf53983abd016759101d8,1,fit,model_fit,0
14511,P14268,train,0,77e9889fcc16025210d365af430d8065a359635ee9f2f49212b3ba2172dc67a6,2,fit,model_evaluation,0
14532,P07695,train,0,1102f9a86ed3a6dd0fc652f9d5d475fa97f46e668a62b0fdc628cd4ad89ccd8a,4,fit,model_fit,1
14535,P17624,train,0,c4a0964b2f90ba566b0f94c7ec3fc82b4c3c41888ee506e1443bb67471900c6f,1,fit,model_evaluation,0
14546,P11679,train,0,35235026c88df07d58253033ea7049d86a8dc85bad5ab4f573c7bd971d94ed01,3,fit,model_fit,1
14547,P07439,train,0,2de6ee6f00a21a2684c02fa4402bd699fd6f0e774ada49fa7b3236fe3e1b4937,1,fit,model_fit,0
14551,P10770,train,0,6bd0ff8ff49daa7e6895a8aecce4eb642278825a2a1cef0fc0eeb38eb9ef7982,2,fit,model_fit,0
14574,P00424,train,0,c1a160ebbc2d8878fcf2d249bddd3856792218b1b9353194e0bd3215b8df5046,4,fit,model_evaluation,0
14590,P02443,train,0,9ab87bc46431c76930db6023dd7cd79f2c24f9ee814e7dd7b34ea7b2ecf71f26,2,fit,model_fit,0
14601,P18002,train,0,ea9ae3e0ffaf3b540a46324b387890ccb7a8511d7490eda3edf5535693bb7b3b,2,fit,model_fit,1
14610,P08125,train,0,70c1b51c2a517ab396595ed666b8137a3c9f9c5e20fda32716c4fb61728eac0e,4,fit,model_fit,0
14624,P05590,train,1,1e64fe8d4c094f9585307b097a508f632a4ec3370885429907587dd6a07e76c8,1,fit,model_fit,0
14626,P08939,train,0,ecf65a2229288f9cc609f76a868d8d29165d3545d2192544c0a6d7f995003445,4,fit,model_evaluation,0
14667,P16103,train,0,17ca03869a3d41fc946a74a518369da5d0778023b27984238c5a7818a4703dda,2,fit,model_fit,0
14673,P00497,train,0,5d364f33cf606089f2d83e1d6e1c11851dc0e87a2f18e206af65ae5a6a2178e7,3,fit,model_fit,0
14684,P06963,train,0,73e6f5f72dd0c148965422c04cc384e544a1a662715b3d79da5b40ee70e7fdfe,2,fit,model_evaluation,0
14703,P18468,train,1,5bc34a4757e184fded5a9853dbf319fd3b2ed4487c85764de10f065533299c45,1,fit,model_fit,0
14713,P01875,train,0,2c67fcc678fb5b288bc230011377bea582a20cecf66479791739de44cf4aad71,2,fit,model_fit,1
14715,P04333,train,0,a576859b6ffe7fa0386febf4cd752b4ed8ffde4e8856f2684fefdb8a7a330d0e,1,fit,model_evaluation,0
14721,P18585,train,0,988caf9e2e5ab6cd528bb7d5f4cf580a65a60a01c85a86f31dcfc41769ca030c,2,fit,model_fit,0
14726,P16846,train,0,a5e7f36bedfcdcb928a3afc974d42fbc45fbd58c8b9cc696039577c0b086eacd,2,fit,model_fit,0
14728,P03682,train,0,224b274256c5bd321f28600476f43d8086006a7cc7272ccb13f19355317dc527,1,fit,model_evaluation,0
14730,P09049,train,0,927d5b4033b4ea8c5de6286642e47b2b0f615cdd5090eae0bcd118a7daa22fa8,2,fit,model_fit,0
14742,P03545,train,0,c172001b9370266f654763a64273bf0fe58da53bb8ac927b32d230646a788ffe,3,fit,model_fit,1
14745,P13608,train,0,abaf7886c8fb88ddebb8c0c74f6cb714ab5711a1e53046b6d2878249c8c79eea,3,fit,model_fit,0
14761,P05478,train,0,4cf5903c267df988fb08a2f21543b75b5fc5d1b0fd52b6b94800844e1031337d,4,fit,model_evaluation,0
14770,P02759,train,0,f207edff65096e1e175352fbbb97235aa047bed60f3ef1619816d675ce74a78f,4,fit,model_fit,0
14777,P00211,train,0,1009ed4a6baaa6bfaae3e24d38881a550bf4fc6ffb12fee70f69843e1ddba436,1,fit,model_fit,1
14797,P12590,train,0,dd877ec932b28f5f14d849abb59ded5f3b549c9e32fb7163c4118e481b725d42,1,fit,model_fit,1
14801,P03718,train,0,425c0ffa993337529c96c58bf63bed9c1db0eddc800c1f9e5def0d4fd3ebdd3a,2,fit,model_fit,1
14802,P09184,train,0,2c7a0b6db362a155b0f32216f464eeb79bd6d7a38cbbd18050c7b0d1c15ad6f5,3,fit,model_fit,0
14806,P04313,train,0,85a4f863aa4238d02a9f945512cdaf07e2b791645a2693707cd5e1bb7672b806,3,fit,model_fit,1
14839,P07705,train,0,405e92f19f2a9aae983beb5cbf8a27d68ea76e8c1f15abba4e8399e16adb97e9,4,fit,model_evaluation,0
14844,P18743,train,0,fd7111877d05e58b8c77b889f971cdb8ecb8daabcf51739df9fc454a0ab58e7b,2,fit,model_fit,0
14859,P08147,train,0,900c027373f383229a2068936c790f2fbb289f3672ea5198615412754cd437f8,4,fit,model_fit,0
14884,P05445,train,0,f637301a7147242b295859318c7fab7ed1807abf77cbc1113683fe6f9f89c702,3,fit,model_evaluation,0
14910,P05967,train,0,bda5931e69f07f9dbbc7ef60e997d45460bb7c11ac5f02af197438dc5adcef81,2,fit,model_fit,0
14913,P17358,train,0,8118fc056d18c702bee4fc0cafd916e863b143c4c9b2135da1105f7251cc647d,3,fit,model_fit,0
14923,P18458,train,0,c902880a98724ae3b98fdc48bc98d5623f83cbe6e0425725780d2eaffeb141bb,2,fit,model_fit,0
14932,P10974,train,0,50c30f060111baf99df4d8b9b7ec96b80648a8f15db5d3ecbd3a0a54bbfe78e5,4,fit,model_fit,1
14962,P00195,train,0,70753cd9ab967e366c4fea03f38911af1e0f8e060e596d7856455659ad03b01b,2,fit,model_fit,1
14968,P12645,train,0,0859783cc53321c67a55325b486093105b13b94afc76b40a646286460de0f215,1,fit,model_evaluation,0
14978,P02151,train,0,7b2d67606e5d20221b951e573b78c1d2f463a840de5282a0ae42f8b29e2a49b7,2,fit,model_fit,1
14982,P01388,train,0,e23ca9eb732f13250a5e4a1e164f92de3b8a7439e29763eae9562b372933fe92,2,fit,model_fit,1
14987,P14759,train,0,64eb6ba83f932045eb69e92e07aad4a664c0ea2a56dcb5b8821f0318626b58e6,4,fit,model_fit,0
15000,P08404,train,0,f79acd0f87d23e0f513b6c193486edb94316b6e8966f98d82f0122df7f3a0140,4,fit,model_fit,1
15001,P02022,train,0,d21da831e9e5ba97db0a8a274913fe867a53b0b898dd04b9dd887757c58cfc68,1,fit,model_fit,1
15012,P01128,train,1,68f0bfaa137302caf843d6c886d1f3a70a10a6ae7bf6caf3171fccd90bf58bee,2,fit,model_fit,0
15015,P05761,train,0,bd02d70cb60fcbcd7b693d588b71224bb0f9a16a4f2203736090f70f24b9f04d,4,fit,model_fit,0
15017,P16309,train,0,0da752ca84351e8852227d189446bd8688727ee9767a41bf7793c5ec818ded13,1,fit,model_fit,1
15021,P06111,train,0,512bb1637f7a30d89d7d1db91a61e22f1a2f5b6fa1e76c36ecc13e0544885784,3,fit,model_evaluation,0
15031,P08175,train,0,0a5ee669e18bb5815b296b8a4ec0eaf94f1c15c163340122ee14e637fc4217df,3,fit,model_fit,1
15043,P00650,train,0,11493ec5aae14588dd4bc06870e17c73784c1d245d5c388f0f1acbf848d75f45,1,fit,model_fit,0
15047,P04177,train,0,1d771219ca86748a1231f2a6fb199a8ac32938db5e3f8f01923994aa304db53d,4,fit,model_fit,0
15059,P14450,train,0,a7dc569a847d0710e1c60959fd7062a754a8eb9937060a11432f7f7203b281de,1,fit,model_fit,0
15067,P06105,train,0,3b42e58ba7ba84f13c72207f93f0f69ae8c460033fd9bfeddb350163bfcd7374,3,fit,model_fit,0
15070,P06429,train,0,c044139ef989046d3d6610234ea0c9b4606c73e0f48d71447ef74b69bf729716,2,fit,model_evaluation,0
15074,P16513,train,0,6d0453dab56c006890e1ec85117c3b579e0cf99a5895ea9aff32f219edaa1b05,1,fit,model_evaluation,0
15088,P09449,train,0,c817711c5c5c03ebd3170acbef391e25af810b6312ac14a8ea93515712184454,2,fit,model_fit,0
15094,P12955,train,0,b9fe4348bf8e4f18f1490eba5406ea23b616c6f9b5555a17e86fb35ff3bac5c7,2,fit,model_evaluation,0
15098,P02934,train,0,61973b4cfc71c6357b2ee608a8ad615c13b5ecf426acaf7b42d69ad3c6ce0622,3,fit,model_fit,0
15107,P17938,train,0,25d8d3c30a7e4570e769d5dc31a22eab7dadaaf97a4b1ce5305c64662c0bb190,3,fit,model_fit,1
15116,P05317,train,0,7173861af483dbb9ff16187535ea28844f0f0c1a253d05b74e98fb7568e2c965,2,fit,model_evaluation,0
15139,P07195,train,0,29b963861b79c761088884554a5f75e5c104d97d6ba6300bfd3f2b435acf0d77,1,fit,model_fit,1
15144,P09391,train,0,3c4882483eb448d046fbc001b6d646c68ca86ce7b08c34638da04c827bac5f9f,2,fit,model_evaluation,0
15171,P01741,train,0,4219989a5c0410690fa7344c022684d64581e3e10c866be9be1e4022f37dd19e,3,fit,model_fit,0
15172,P10573,train,0,dd1d9a0b670c931f46199352d3d493798042230cbbf388fc1c45adc1e20ba7d1,2,fit,model_fit,1
15179,P11657,train,0,b59d1882f9637215665600ebbe17d039f0f2e19a331431399c5dd592f6d70295,4,fit,model_evaluation,0
15192,P18630,train,0,cf5a941cadd79e7b5637c30fff45c6b1c8dbb1e3733fb66f7b2f80906216e444,4,fit,model_fit,0
15197,P04415,train,0,35d583af99b6cb91da751d5ad1fa360352d631f23cc7fb8400f6a0d93adbad7d,2,fit,model_fit,1
15217,P12505,train,0,499b0cf4bcfac93c1f324b2d8706756ad763ade7efa4a93b0947106f64dda004,4,fit,model_fit,0
15218,P09012,train,0,d7053cfd1fc99e32c467d349413de42c02dc80f27421735a734b142c90c3d5ee,2,fit,model_evaluation,0
15222,P00502,train,0,74ee3d0b855c5e16d2df809fe3afcad3dfff0d54dd73b7d224ebb5251d3e0b22,2,fit,model_fit,1
15227,P00378,train,0,596b83ee3817700293f6cac330ae7c17a277a50fa95d7ed9895dcaca985f1122,2,fit,model_fit,1
15243,P01776,train,0,c1f6b16cdd6cb337bd2345bea0fe9ab611a159a567dc5c7d37416c42115db4b1,1,fit,model_fit,0
15247,P13581,train,0,afe6b7626d197eac9fbe55dcb83bb21edac55703f73be2120543508db86b862a,4,fit,model_fit,0
15255,P14066,train,0,3cc1a51a8f9de0c7b1afe1e20fdb606cd3297576ab6af98658d862a3caa3eec7,2,fit,model_fit,1
15258,P04069,train,0,50bda26ca45414e8a6a93992db16ffe51e762beb979e3638f5c3fab4489c26ea,3,fit,model_fit,1
15279,P10531,train,0,444f0f99b3743cbb211f43ce295bb9dc7a0d3d751d4989356cea50bb6e0e9244,1,fit,model_fit,0
15281,P07355,train,0,8deac5295551247c380631b049258d6b52ffb10251eafc399ce696254067c2dc,2,fit,model_fit,1
15286,P04531,train,0,d5199857a0efeab9b00097062d10a0a4faa364232a245d614242101bdc5db545,4,fit,model_fit,0
15296,P03453,train,0,365d4dfab3a85393d5f0bcbff9ea4738c1cd1a0daa82ca375adf702c656ad132,4,fit,model_fit,1
15302,P03327,train,0,f788083b5995e4b195285a9d9e2914bd0ad6f1cd7c8bd0824e4c87369213d456,1,fit,model_fit,1
15324,P02508,train,0,0d371255ea29faf757dbe956d0694fd7acf803cf563aeb7faf3d5d7126b5eb50,4,fit,model_fit,0
15327,P01231,train,1,93dcf0f909f8ac3383d6c05a3709132a33db4af5f824bc5384777a0dca0194ce,1,fit,model_evaluation,0
15341,P15009,train,0,d8a4138e7a887d8a68a65a751a5199962f8071a401913fdc37443370dfa94880,2,fit,model_evaluation,0
15342,P17234,train,0,12a29acd5cd2c733964a77a99376c3f63b07b1a0edc2807d45f4add3c43d40da,2,fit,model_fit,1
15350,P18364,train,0,c571e3a7abbb6fb3955fd683398d441fb6dc98d66173fb930e3934a35dfb0b18,3,fit,model_fit,0
15382,P06914,train,0,1d8a35c1434a0b186f690ecbbe523128d93c815f17c3abe3a22ba333c4d65164,3,fit,model_evaluation,0
15385,P04160,train,0,b1d1a39ab58640a4bb82d56387f51c3d2d8b1e31bc80a1f5764377a9cc369e77,1,fit,model_fit,0
15390,P05693,train,0,25359445b47f6ac5913116581c53056a367e24d79c8d9c3f6dba088bbe5b7c0d,1,fit,model_fit,0
15408,P09553,train,0,589a80cb64a00fa1a448855373d5053dee56c63c1f6292f9450535a9016f2304,2,fit,model_fit,0
15415,P13214,train,0,e7bfc4f5386916e8c62b8451b0b8416b28a039d6b4730b79dd2a553d011e52e7,3,fit,model_fit,1
15425,P07735,train,0,ddd213efa037ab5641873a8e04ae51e24bb1a35c158718287d1ec38e8d7d8f5c,3,fit,model_evaluation,0
15428,P10059,train,0,830373ed76187f6d031655d7375a30a45e35f7e2dff5fae094226396330847e2,3,fit,model_evaluation,0
15441,P11282,train,0,07dd9112d3dd060ef5c088cce700a0b8a850f60c2b27b003f6407fb444fa5e3c,2,fit,model_fit,0
15459,P12024,train,0,ae67ab39d1cb5d1e5bfbf638486999f69be566e104cd1ffc213111359bd87c46,1,fit,model_fit,0
15460,P03519,train,0,e2bef32883ea0d287a57b5fc1c26033631cce91e6413ed2793135584bacc255f,2,fit,model_fit,1
15462,P17361,train,0,1cc4e2b83497c91a4a895ac01c470b62181ce2a56f70790bce283676dfb7a132,4,fit,model_evaluation,0
15484,P08818,train,0,9f5528673a4e5dda4fcd1c8dfbd7f7623a4210378d0ee81da68c1b930165c4ff,2,fit,model_fit,0
15493,P14247,train,1,8e51d0b9eaf8342e5b4b7ec637bd652dd10fc6885bf2568b3549133e46e98af4,2,fit,model_evaluation,0
15496,P14371,train,0,4db0dd6d861448e303bbbc824b5b57703e5d06ad0fdc8c8c4d1b61872c4da447,3,fit,model_fit,1
15497,P08423,train,0,1232a420a82977123f14ac62551a979e9f147aa67cb6ba60a6bb6d74e6b99351,3,fit,model_fit,0
15498,P16743,train,0,4abde2540849a8c827815aa29d711d51eae08498a72502848854fa8292b3e196,3,fit,model_evaluation,0
15511,P12178,train,0,5d99383477b0c3af5d5b1c0760fcc321d2e10e54b41d0e414bea9605873cc295,1,fit,model_fit,1
15515,P01164,train,0,3051de27d7a6883118414672360fcef164120f1f5ff5e01e71d91fea59a516ed,3,fit,model_fit,1
15530,P02338,train,1,284a79de2ddb7b7503c4a581a15f37d0e036b81e120b053fc8f8db251126d4d8,2,fit,model_evaluation,0
15539,P01375,train,0,f1c84f806b307fc67875e3925bfa93edc8bca573d178b91f922d7b80b78f96ac,4,fit,model_evaluation,0
15541,P02534,train,0,2eb8a348687ead7ece92dac204049989820ad0bb1a2bee12858f606c55ff2f90,3,fit,model_evaluation,0
15553,P14702,train,0,8f15b633e72cda9d9fbd24d204401d0c537914bcf1cc73874852d7afc15d02fd,4,fit,model_fit,1
15574,P16387,train,0,0bbd88da69ff825bc5d14bf57470f5c8898e281f4761db1c77ede99aae34e3e0,3,fit,model_evaluation,0
15577,P07244,train,0,c826b93fe9c90baf5db8bbdcc357571f5140aaae2cc9f238dc42150714dabf72,3,fit,model_fit,0
15581,P05381,train,0,9a22d865953525d251c28ddc32f8045976d0363c8ba341da10dd9e021ab21689,4,fit,model_fit,1
15590,P07752,train,0,392d2beffd4303ef59189ecf11f33ea06962255da3276e2a69dd3c7a3f663bf9,1,fit,model_evaluation,0
15608,P02800,train,0,0bbb39500353991fef60f4082738db05b31b69f20bc1276a948eb44babf99c16,1,fit,model_fit,0
15613,P07468,train,0,8330885333298efa5ab1eee0adae3580a5e993c2f0f249e9b87e5ca0acb973cd,3,fit,model_evaluation,0
15627,P10090,train,0,dda722a9cd252b2188bef0e6001d8f19499fdee52f58dcfa6b78edb1c18448c7,3,fit,model_fit,0
15633,P18233,train,1,a882b4142bdbcece52c437fff9b18db432ff5040f7f818a7ca1064e6e171530b,3,fit,model_evaluation,0
15638,P06665,train,0,cad5bb7e4b56edce499d39769d5e769e9767da5dfd8cd952591422c570d0cdcd,1,fit,model_evaluation,0
15646,P02742,train,0,ae085d44ad5851060e812326c03aea4025e7031dcd44cf4dd85831cf914a65f3,3,fit,model_fit,1
15692,P17202,train,0,3bf24c0ebe3d88fcf74e300bcc30126d076e6a9ed3bad1245c700735210889fb,2,fit,model_evaluation,0
15721,P01413,train,0,7f145c8c95f6fef05e9c99d8f4afa1ffc5ad6ffa96af22aa36aceafd704f8b8f,4,fit,model_evaluation,0
15725,P04705,train,0,8e09d49b394ba7b6285509a420426fba9207ada323d31ccadce64c085ecf3373,2,fit,model_fit,0
15752,P06756,train,0,15268c96369592bb9578b89973f2be0bf3a6d15f78255127999c2b5bee680fc9,4,fit,model_fit,1
15766,P14753,train,0,f6332bac713369e8f1dcae56e99517305d15db491b1c8f6acb9df94daa155c44,3,fit,model_fit,0
15772,P02358,train,0,3ca829e9402353f4c337e8fd58041b15851383371194f7098a4c795ad5e1422e,4,fit,model_fit,0
15786,P08824,train,0,8844dd7f524ffa981734b5556a7d3b26e3a610258cfb3f3cc3dd1f72721bdf7a,4,fit,model_fit,0
15789,P10631,train,0,6168c3a613ef736dfe0f51f694a6946c79dc72325871867c0dab1cd89ba1d78c,1,fit,model_fit,1
15797,P06072,train,0,c7de088c02445265dc9b9793d8c28e52b11f97375f5e75290109869583c9f9c7,1,fit,model_fit,0
15818,P12472,train,0,fe5541a3a973c6f5aa0fb07c9a419736676d0dfe2aaca922e13ce4a23597cb00,1,fit,model_fit,0
15819,P14284,train,0,79e488bef77777dc2de33c3ea4a53a906ee2b2c447d1ccef26bfae97397f12c1,2,fit,model_fit,0
15828,P05205,train,0,093330d644a2ee5884612064517be280c01179aa6007f5489e9d4d2fae31be4f,2,fit,model_evaluation,0
15838,P12726,train,0,90ef0695cc67dfaa46c72eff87e9297a36d7939bfb8b23f70ac027549939122a,4,fit,model_fit,1
15847,P00005,train,0,f785cfd7e6832f18e61435f12e174b809312780846ece99e6400b117c21334f2,1,fit,model_evaluation,0
15859,P10532,train,0,367cf864b1c45bf2cd2fbb12756fbb92d999198c7599a6a9440d73e147607f65,2,fit,model_fit,0
15861,P02224,train,0,500cc2c0b04036a78efcd223f462d0a5a62f13a87c3ddda3fbbea80c1ad26939,4,fit,model_fit,0
15866,P16136,train,0,c926825d39eabe93414376deddc67f66817efbb8f04b794a3fa5472900590b76,4,fit,model_fit,0
15883,P09852,train,1,338e1c3a73dd8f8e04d426ee5d2abf5ee422bbb18c99c51502792a1b59717710,4,fit,model_fit,0
15887,P02684,train,0,572c73848e8217ffc1e00129dc6713640531b18e2b59833223238334175ae7e8,4,fit,model_fit,0
15904,P02144,train,0,2b8bfe64ab7a00a58c09d368216026f0f70ca4e405cc11643b567f15c936f4df,2,fit,model_fit,1
15921,P03612,train,0,16504329dba9ed72a3436aa9b7dcfb25e3f77e8a32e82aa8cffbdd46bc2b3070,4,fit,model_fit,0
15922,P16724,train,0,5a563573a0b1c5257bf709d4f6aef5517b90809c9aa896d55bba0076149ade01,2,fit,model_evaluation,0
15929,P06261,train,0,b2e31e02384fc843befc5bdaa7be8a3df1fbd15de7adaa7f3c63af09712c15ec,1,fit,model_evaluation,0
15951,P06650,train,0,cd8ccfadf67654106952bc6ff5fdb0ff468263143a87257d703b350f0dc1355d,4,fit,model_fit,0
15962,P17920,train,0,9fdd702484251bafb871b9d8359e58dd44413e6540f6817309e1accac86f91ac,1,fit,model_fit,1
15969,P03738,train,0,93fcbb523af1d1be6bf80c820dda09589e8c206779c8368f7cdaa30038a02670,2,fit,model_fit,1
15982,P18201,train,0,944805764c6ff85bd4ca9eef3d428fb2a789f00109fa0981ce726df4092129b5,2,fit,model_evaluation,0
15984,P14634,train,0,967ea44ddbef7e2febd8bbd9fec7f66aed3f29bb9d2c8ee73faa3aee9e5bfe9d,2,fit,model_fit,0
16002,P09776,train,0,d677f5f6121534bf42d30b1f6744be2818cf54d125197c21b247693a28656b8e,2,fit,model_fit,0
16015,P12005,train,0,dfd8f5fe7440fe85766e1dc7390c6374339627297701ab6ec5da106a0b00f463,1,fit,model_fit,0
16040,P01717,train,0,b8536c2ff37a7ba549d8151c9e8a0a4f25e284dbfe5f271681b60b3c02716aa2,2,fit,model_fit,0
16050,P01596,train,1,10015a0451049b14b16de7a2b7cdae859b47e923254c876d1a1439a03280501b,2,fit,model_evaluation,0
16060,P17951,train,0,9c03c43e5b6e6e955aa921597cc4d6b3c725f6ae01589c157c6deace49a19e2c,4,fit,model_evaluation,0
16077,P00734,train,0,a30222ff58284fd70e9c14ed352732660b2a4d7d6eb1109c9f22fde8d882cf82,2,fit,model_evaluation,0
16086,P14488,train,1,4c2927eb470f5273a0b33dd11f528fc0d12fd9b53dd28a5c77e88823082bbf73,3,fit,model_fit,0
16089,P14134,train,0,c271e715565a0ca0848124f271f45e774a1ce297c4cd69a2ab573ff31454943d,3,fit,model_evaluation,0
16094,P11403,train,0,553c462106a1b691f6d242c653bdf8f98314009f747b938ffd7b1e5bd255cf96,4,fit,model_fit,1
16099,P12847,train,0,3290a085679071569c92886f187afaf6b596be9231ca435b8e44ff010d667b53,1,fit,model_evaluation,0
16116,P08038,train,1,9a4e51bdef4e5d285a1b647dec6a0caad189205124493fbecea9da3b6e988bc2,1,fit,model_evaluation,0
16119,P15475,train,0,2220b11a23d5cd289e12f2de1e236618f9b0c4a7519b6f247867da21f175965f,1,fit,model_evaluation,0
16134,P08177,train,0,5f05c51ea2df1db9e43a2be7ea306b7adb6bae0a14e88a25270b3538a104f094,2,fit,model_fit,0
16138,P05244,train,0,cdd49cb61aef72f8baadbdd0dbfb54dbf92ff08877c76ff6b4e52a5e26c11744,2,fit,model_fit,1
16156,P07919,train,1,2ec0fef00da4d54a00e43b2bad104fe099aecd8290a2f774ad137aa28508d644,1,fit,model_fit,0
16159,P16831,train,0,2ec4a8735d1cb7bb193a1d64a50ae8c0106be17e10bc3fb027be7afb46be6eaa,1,fit,model_fit,1
16165,P06009,train,0,d270bcc6c1a37bd3c007cc6a3c2888025fb35d2678fc4f38197f9c73ccab6e01,3,fit,model_fit,0
16178,P12597,train,0,73978036b0df5ea82bc9c3199e92b6861c290a0497437596cfe90cf5c81f9a35,2,fit,model_fit,1
16185,P11232,train,0,deff6f1d46456183774e7b382718cc6703555a484500abe21dab0263b7ed6d03,1,fit,model_fit,0
16204,P13064,train,0,a48ecc9268581707e29a51024222d6f8615fdf678040961f25068855741eea30,4,fit,model_evaluation,0
16211,P11273,train,0,eff452b04c445f079a68f409be167d96433597c93aa2928ac232962f6bc7558e,1,fit,model_evaluation,0
16219,P05045,train,0,c172f43a195f605158d325742ecce473e1373febf83fa8979445608700f3ae53,2,fit,model_fit,0
16224,P18655,train,0,58164e4e07e8f4a23b33986dc8e01e94fe754609accf6a1ce449ff367384bfa3,3,fit,model_evaluation,0
16238,P15511,train,0,f7ed3cf01f944c327559f4ca126b9fdc63a0e3b5ee7a1494da50641180469007,1,fit,model_fit,0
16242,P13392,train,0,13ff5375db5708955e99cbcca55a6280b5f8d33889f0695a232199bab34b4859,1,fit,model_fit,0
16251,P16458,train,0,618dee163b6a5751138954054e9303f2271ac8528ddd412ef02df7aae6a387fb,2,fit,model_fit,0
16263,P16717,train,0,95cf911ceee321859823a8b76bdfb8cc919087abde38a6ee86ede59af23dd860,4,fit,model_evaluation,0
16283,P05855,train,0,acfa360231b15dee8ad5f8d7ce4a711319db08d6f56b1251635be1877e5e4b0c,4,fit,model_fit,0
16315,P10742,train,0,edd39f0094f1cb61a0ade7193650509090c76c3c25be083799db5388c8078aa1,3,fit,model_fit,0
16316,P07024,train,0,5d2d8587f6e4bd749bcf13a84b55036499a16c798b24e3a69575c9716d25d8a2,4,fit,model_fit,1
16319,P06309,train,1,e336be159fcd88fd68b9443fe8c330f45e095452d7f58c5e51df5c7acaf78eff,3,fit,model_fit,0
16334,P08485,train,0,ceea11a2d5766db449c91ecd07373c78e4a90b9fe788092ff42e883fec06ce60,1,fit,model_fit,0
16341,P00604,train,0,d22a29b2d70322b312679e4f1b33a9260d21ff3f77f12b60a7804b1ff8897fa8,1,fit,model_fit,0
16344,P11193,train,0,b1c4d172c057c0a7b1055f58a5deb43dbfb01b24cc30852edc057776b0f142b8,2,fit,model_fit,0
16347,P11420,train,0,f80ffb94a61d472c7fecd8289201430e935ba4b5909e29d6b9b7e102ee478ed5,1,fit,model_fit,0
16349,P11611,train,0,8d1ed942938bfc35d5d3095f967e3d66ad109bcf7ce8fd55997efdcedd340df8,4,fit,model_evaluation,0
16352,P10780,train,0,edfb74620a49da4757d21b40fe200ca6ac0da861ca6ddd3114b33cf839354710,4,fit,model_fit,0
16353,P18866,train,0,65c3486b7f067d1f926f72af3974de661b50ca880eab349a4175ccc5f654c95b,3,fit,model_fit,1
16368,P17504,train,0,a446f0a43ec5a236703cab0c0aede0bab020ada588487bddcb6561a83d779425,2,fit,model_fit,0
16370,P11885,train,0,004c19a2df0054e99e22ffacc763f47c8ae429672e3da9f10296846837a3e097,1,fit,model_evaluation,0
16371,P16865,train,0,bb2f16332a53cc00d764e091e98c56ba71022408646f0fd7d56966611b5e08e5,1,fit,model_fit,0
16372,P07054,train,0,b987aa276238607fc6e1332b947c0f457c1499f690435be93a46b87ba8b41c59,2,fit,model_fit,1
16390,P04681,train,0,b95a4040e816d84bb0949d3363c6b62fd34d2c8fc668edcd40cf6c28815827c6,3,fit,model_fit,0
16398,P07741,train,0,3a4741276040bd4a24c681eddf08397a1bccdcae3ab91cfd6c1a058c1defaeba,1,fit,model_fit,0
16408,P16261,train,0,22c96b39cfc4cbac6098433e2f10cfc0f35e11f3ff2b9c204027d4c6440ac65f,4,fit,model_fit,1
16419,P12699,train,1,491e0835aa447f3bcff87812da69ee3f63fde455346fa3b6022cb4e33fa78671,3,fit,model_fit,0
16423,P07956,train,0,8f6d44d5b949d41ed792cc7afb769092b4d6e9ad30eb5750ed790c756030b8ee,2,fit,model_fit,1
16425,P11644,train,0,6ba0a61c6db9af4f15898c4ef2b55556e88efe94ba8b7ad55f6ee9850de5d089,4,fit,model_evaluation,0
16430,P12203,train,0,c129a558e9a1f98d82789c07f8e83a609ce61ff8eb675de7bf615fa9f9392b7c,1,fit,model_evaluation,0
16431,P08408,train,0,09655636d62cb1eb60ba4022f597f0c0028aef9e36a6d40b61a6273f71104a2d,2,fit,model_evaluation,0
16454,P13113,train,0,bf229d7c907656bfe0938eb9db2c2bea1bda05dc459acaa69891ae3f0b61ca36,4,fit,model_fit,1
16455,P16008,train,0,d7325e71f601c951bb2a80d812ccc70ebe68edc93c0e3cb88b6f8f7ce30ad677,2,fit,model_evaluation,0
16480,P15285,train,0,2ed62f234396f9cc8dcf6b5969ce050ec09e9ce78561d6c20a1767d8c8b718f6,1,fit,model_fit,1
16486,P12241,train,0,83b871a7f0f2d806c6a09ec6c8dd3b4836891e846484ed25e15863bc8560bbb5,3,fit,model_fit,0
16493,P06495,train,0,4e9c56d96d35f6e2bbd207dfc7298249f4ed15cffafb3188de38029fe1b56cb6,3,fit,model_fit,0
16507,P05482,train,0,2a8b11d1bdba1f238fa836b1cbaa7668b8a3c994c909cc389d4ff85dbc952384,3,fit,model_evaluation,0
16519,P18789,train,0,0b61c5bc8002c5ccdf97201ab771e90b2715679a9cf5a7dbd265edfb34ea6a73,2,fit,model_evaluation,0
16522,P00151,train,0,f0f82fb6531a5315be1d29c656b4e06e7914940004ed43d0a060a4a191b9f33b,2,fit,model_fit,1
16528,P16202,train,0,86f43457319056a4bbaff679abc693481d41b353a0993c02a2ce679a46c2daf8,2,fit,model_fit,1
16545,P04517,train,0,c1d27dcc93b09412b33c169d4792e0efdfd2f72cc3c1ad36f0a42575ad86ae2a,3,fit,model_fit,1
16562,P17285,train,0,8e6d333b67b20fab6a9f5e05e3b3882c19668a4749b80747c508bab2b2fd56e9,3,fit,model_fit,0
16569,P05248,train,0,16e8a53398d7b3788c769c1b4ebb61bb93fe4d2ea04924a25c9a972db8c5f309,3,fit,model_fit,1
16572,P04002,train,0,1a794259f68e315ef4bd02d37125020f0b7a79896f3cc937fa8d19319b96e69e,2,fit,model_fit,0
16584,P06168,train,0,c7d713bdb9d42dbfe14071f0542ad2fd2eb5bd1bd76b032f23cded757abbf7ee,4,fit,model_fit,1
16593,P08298,train,0,818b6c01da74e1bf8a8502dd4b48bb69ec034fe23b6c6bc42ad0c1366537e030,4,fit,model_fit,0
16599,P11148,train,0,1b8db74656ca1591e7ca19c61196983b6de4d237e79b089c77d69a9be43a2bad,1,fit,model_fit,1
16619,P03560,train,0,eadb243edeab815eccb160d7048a45fb6c37eecf90362b55bbeac590d5dcff02,1,fit,model_fit,0
16655,P12682,train,0,d36988380b3b0450fdd998070fdaa792e8283bd8ed33b60210c4451fac6582e1,3,fit,model_fit,0
16668,P12891,train,0,d599bdb6dd02f0e4d1ec07b99a967713eb76d919dd4198ef0b58e1165dcf1877,1,fit,model_fit,0
16672,P10193,train,0,2aa18d3e0914128e6229ece4c7173b1f37216705b0313541a530cbc0f912e1ef,4,fit,model_fit,0
16674,P08123,train,1,45d6d556caff968dd1ab82d2b00fee3c0db93673f5a0a0c9b511cf38ae67be64,2,fit,model_fit,0
16678,P01019,train,0,cf6f56dc3a9b31d1f1efeb954d5e645f59e9e002bfdeaf03ad40da8313377171,4,fit,model_fit,0
16681,P17585,train,0,90ee500723e752e2aa70c08d0c95374034c3f0fb5f73be33c1a8aacf670547b7,3,fit,model_fit,0
16690,P05721,train,0,fdbb207851c7afdf3a22158e8e42b984ee53d25680cb5394696fe900a3c55796,1,fit,model_fit,1
16708,P13283,train,0,134a53c2b22ea105a15718400ba27d0480ac0111f16ca5765dd531431033b4eb,4,fit,model_evaluation,0
16725,P03890,train,0,9a7670122ab0e3363542ba5796ebdd591adef0383ba7f76b29ba1c9f62b78802,2,fit,model_fit,0
16746,P10516,train,0,7b99af943653db990f1935c7b56f67864711d071b633783162533ba630d41fdd,4,fit,model_evaluation,0
16748,P07793,train,0,a7f53617d95b0783f277541698055e4dfde8c75721cd438ca5d4898271698d9e,2,fit,model_fit,1
16750,P03857,train,0,3cf060e51aec11ed3f1c1f5a5d1facf2de61f2617ebbeeaa08f0d231444a47e0,1,fit,model_fit,0
16753,P08846,train,0,95d593cf1f7327eb3d81ab82ec6e3b57cf9d73cc9f6e4ef7ea4fa140b869e0a2,4,fit,model_evaluation,0
16812,P10348,train,0,d01476e81fd589a3fe92980cda6f0989c5e58e43150c86529da831ad9b27efe9,1,fit,model_fit,0
16821,P05448,train,0,49fa5cab1720ace17debc8397aeaee426271fc44e5448583d62155533d45e400,2,fit,model_fit,1
16823,P13994,train,0,a92784c4cf45f3956ab97eb6ddd1f85d9d7ecf80424384d063638fcf0ac6936e,3,fit,model_fit,1
16824,P08200,train,1,45578330927b7a3b79b4d0ea27595ac364c5c1479920a152c569daecc830687c,3,fit,model_fit,0
16825,P05999,train,0,c513439f856d397de25ee9341d0b7f22a3acb00be3d9d98329594e326d58da7d,1,fit,model_fit,0
16832,P10421,train,0,d811373bb02c23cd384fa2f688825782aa8ff5c4951c6ce258c6284c740519b5,1,fit,model_fit,0
16836,P09255,train,0,74a2d00ee804ea87779647976faa8846579a41b3d6546dc270679bb1513ce14c,4,fit,model_evaluation,0
16850,P16048,train,0,371a66599af7d43755843e503088db7473ff81cd9df0605fbf4904d837cd01ba,2,fit,model_fit,0
16851,P13652,train,0,190fbab9c3cb5f54610765ffe0985f670bcd6b5986e7def0eaa285aa5c4f7764,2,fit,model_fit,0
16874,P14238,train,1,0d6ff63ec0cfe1c60d9d483331f0aaaa2831e100c14c00bb5971f5f5846f4b93,2,fit,model_fit,0
16877,P07516,train,0,a1830066cf4ee19b533bea021fa5eb0d83a522a13b728ec9dc58669d6125f331,1,fit,model_fit,0
16884,P03705,train,0,a60ae1ea0299a1190f090ba244a720e03184fe84baf72416ab839d88fabc92f5,4,fit,model_fit,0
16891,P08344,train,0,aa4e9d3eb35e344b5a1ac7998f32d74864af727ce8cd3333d9427c584873848c,2,fit,model_fit,0
16898,P05563,train,0,d031ffdf37e3052cfd8a220fca049714780803138fa65a9d062e80d983819276,4,fit,model_evaluation,0
16902,P01929,train,1,b06eaa8d411aa4141c58954f9848432b4e74c9afdaab158598d1b19e5971e40b,4,fit,model_fit,0
16908,P13928,train,0,4c7e7b7accb3f0ed6cfca2d8a31ddaf4fee2775b62c257cebe877f6642c557b4,4,fit,model_fit,0
16918,P04569,train,0,7de1690df810da4ea463d0ee36b7fe36c3b5355c2c22f4a5c91b4e54c459886e,1,fit,model_fit,1
16951,P06561,train,0,79d43834ed9837a60004a3af4cdff89b4cf6380091e32e3b5d3822061558c883,3,fit,model_fit,0
16956,P15284,train,0,fe16a2833e8d6ca75f0efe59edf49a639a55a3cd5e99b1d8842ac7780d6d5de9,2,fit,model_fit,0
16960,P01581,train,0,7210af3fa7eea7d2b29089fbf8e0ac0aa4be0c799bddfb5371de679eccb8bca3,3,fit,model_fit,0
16962,P12183,train,0,04c474929cfbd4a68de21877fb9bd62860e62b9e64b65e14765781b35af25768,2,fit,model_fit,0
16966,P18751,train,0,fec4317c74b7c69bc396765f567719bc0847b766e39ffb3d8bd1b68b84209706,2,fit,model_fit,1
16999,P03943,train,0,82be03051fc3cac656a3f8ce6b25b74a22d993eafc6cc96e6c572cf6b3f4aefd,3,fit,model_evaluation,0
17020,P15991,train,0,f907595277d8dad766a040c14d51e8b5743e9e9d235a64c9b75f4e7c785c96d6,1,fit,model_evaluation,0
17034,P01640,train,0,b5195eb888eae5aec929106320cf5983e3c440c40ed874d1c1f01d93856a3e43,1,fit,model_evaluation,0
17050,P09349,train,0,3f384e9d5e38683f68da774cbedf1e175cb7d90618f9430b82486fee2c016dc6,1,fit,model_evaluation,0
17055,P10863,train,0,5be16acfa200a8e230f0429fad50e54e7a23473b795834219b04c49c72bef577,2,fit,model_evaluation,0
17060,P14130,train,0,87f49573025a8d5d3f76ada055b8c57d34442712d8a459a1cfba33ce33df175e,3,fit,model_fit,1
17069,P02887,train,0,0c197538f2eef1a14d493827dd779db570bd8544ae5b6ab2302eb359fe1227a7,2,fit,model_fit,1
17070,P00833,train,0,378a2ce133697fd56973718483e9e1ad4a7928b03325b6ffbf26cb71f11f5e62,2,fit,model_evaluation,0
17071,P06037,train,0,df2c2b1fdee01d94ac28e46518d01700492a8b3818b601539f131432d467427b,1,fit,model_fit,1
17094,P16664,train,0,6b8406d64894f915e991d557af46c435b100a10d9f93082d843f76f003b20126,1,fit,model_fit,0
17118,P09277,train,1,422ca4daf28b102c11f7a5d07fa304a6c845a3d3fdf5d35b130c07abdbf66f42,1,fit,model_fit,1
17120,P03463,train,0,18b2a042e1240a2023f648dab605fa535af741f719e512d2ac07443e29cea10c,1,fit,model_evaluation,0
17123,P05457,train,0,5d4c3d17ad7465a73fb651435646c84960d45e95969a26c15918ea1ce80ceaec,2,fit,model_fit,1
17125,P04477,train,0,4ac6728e45003647a5db343cddfedc4d2c09a14f6a48a7b87a7a77b016ab7e29,2,fit,model_fit,1
17141,P01632,train,0,eb25316bb56d78f0d475e3ab889145a610bd745ab2696154b2e4511300ada763,4,fit,model_evaluation,0
17142,P14148,train,0,39a22c04cd1b23f5b2df0d8866962d17ab868ac504f09568bcb9ce14427d5465,4,fit,model_evaluation,0
17153,P04679,train,1,018ca229944a4d5f6a481f77b71b186c1a6b4ab35f4a66614db116df44d48767,1,fit,model_evaluation,0
17157,P07196,train,0,8108393d2f5e34beef68e9d552372cee27717cda6866f11dc1f56a941a322797,2,fit,model_fit,0
17161,P05820,train,0,44e05a30b976bccdfc99179f43cc447e7718c7684e21750815f4178a3cef6d5a,1,fit,model_fit,1
17189,P10812,train,0,db744adc01c9e9ab629c36ad009fd92bfb569e5dc138fec644da414028c279ba,2,fit,model_fit,0
17202,P10703,train,0,67ef9584b36471ede1d5163cfc9fdde186ab150394f5e67ce7db7f1b738fb62e,2,fit,model_fit,1
17208,P14145,train,1,c6db846f9d81cd34bfbc8db3b2ccb155a2ec52ac4ef84206da4e80dd6a463e4c,2,fit,model_fit,0
17225,P05647,train,0,84569c1cd01730411e9ae0b54eb31d8ff15f38aa7c37acbfe74e107490b01b00,4,fit,model_fit,0
17228,P08870,train,0,16ea01ac5f69530a53c317bd4025c329161e23c2ad0d6548c14126807abf45b9,1,fit,model_fit,0
17245,P16665,train,0,ec9d5d8a8e60d67563aedd3565670e483d4252cc0fad363cc9ae0e77464dda7d,3,fit,model_fit,1
17260,P04357,train,0,e7a9461ff25e4732e260ecae89ea0f5d16ee72d9bced9c14526d8c55b0bb5ce8,3,fit,model_fit,0
17271,P05796,train,0,d10b8882191aaa2e059f100ad26fce07de06bd979b4ef6f8ad22ec929d19a031,1,fit,model_fit,0
17286,P02027,train,1,077ccfa82547d3b3bcdf00b9f44fa2c257febc24cb123a6332ce0591aa825b31,3,fit,model_fit,1
17292,P00689,train,0,c98ee6c4f9cc30e039c92b07d78340252358a4721ef5f81ce5890858f81b3074,4,fit,model_fit,1
17296,P00776,train,1,1ec5f64a189013d0577cd1b5ab0c11afd1f439e7032350fccf19add9d2b63c3f,1,fit,model_fit,0
17315,P11098,train,0,90fafe87dc1d946b1b4192c8e1b54083f6f61fc43798d07f28a0f7b4565ee23f,3,fit,model_evaluation,0
17317,P17388,train,0,62ab116d9841365aad4c4a4ae888a6ed28d4ebf392f98f6fecfb0ab08ba8d470,1,fit,model_fit,1
17338,P08712,train,0,0c0eb09b73871d4f5850a013beaf20b04fdaf56169e35feae224ad006ef45d9d,3,fit,model_fit,1
17358,P03851,train,0,36f219b4763fa50d3eac2fffdc77c1051f5847c48eaa11b5111f4f8074cf834c,4,fit,model_fit,1
17361,P15547,train,0,738d0b55509f4c4580bc32f5b8d5519bd39f6480dd5a5431887684e980e90b16,4,fit,model_evaluation,0
17371,P06728,train,0,fe212f7fd01d3b6c67faf04731d531e1b83798e9d360113242f77eedbbf116d9,4,fit,model_fit,0
17373,P07318,train,0,ad112e680eab9eb9c7af3925d3f55b707608df27fe2d3d1e48ff2f1f7079f671,4,fit,model_evaluation,0
17395,P01589,train,0,0bab1e847d644a2a0714e3b687a032266cf412261d3a3b7bccd5fdff02af9efe,1,fit,model_evaluation,0
17420,P17947,train,0,55d14b31d531313907cd83b30859b0c02b284b5d161ea130516db06826aec025,1,fit,model_fit,1
17426,P12423,train,0,75685f7c2aa30837c51c61f260d16a45ce1363f47250187ec853f278930cf52a,2,fit,model_fit,0
17441,P04905,train,0,a51caae94a76600e568c7cbae5717590dc76294174361e77c9022948eb54d6b0,2,fit,model_fit,1
17443,P10054,train,0,994747f6ad3e190595dce38fc449e86affa3a983e6245de6a500eb953fcbf095,3,fit,model_evaluation,0
17445,P16258,train,0,63222e5e5295dd3707a5980c6d35b031b9b7a7a668918f97dd14dfd857eb9c55,1,fit,model_fit,0
17462,P12114,train,0,b831d394a884d574312c4297d680db0ea9e429b05e61b6de30faaed1b86bf24d,3,fit,model_fit,0
17488,P15352,train,0,7318045c58324cb48fcadf7a320edc17e4393a4781b8b30451dd85943835e1c3,4,fit,model_fit,0
17492,P16945,train,1,e246a9cb3a30fd1aeab1004c6ce27db99274173cc78023f0475b3b9092ecac5f,3,fit,model_fit,1
17498,P13082,train,0,5e648aa8a4978922ce99b78ad1d6c5cc5f44ce17d12e23545612f77b830f0d64,1,fit,model_fit,1
17505,P15931,train,0,e721553c1a2cb33ab716cafa61db6d3917a8f4407a43fc762fe97249c3dff8a3,2,fit,model_evaluation,0
17511,P04105,train,0,e778d1141aa952ffb1f5198ebf145f0e0b298c2465c6757f37003633f86ad27a,1,fit,model_fit,0
17516,P01392,train,0,b3e057ae13a2705fdb75ed73d0bacb817218bc6883d3ede9012e997b18918240,2,fit,model_fit,0
17519,P05613,train,0,8425ecf16fde81d94b2f7c7c95b915536e26adebeef0bce0eb46e6496c5ab6fd,3,fit,model_fit,0
17528,P02629,train,0,2c584606e44e467a9cccf3557c8bc0f8afe7c6fec5cbe3a947f4d291db205d6e,2,fit,model_fit,0
17551,P03844,train,0,b19a52eeb95a4bf05f6698f358f3dbe9ff6d6373d5044d803abac54001e978c3,3,fit,model_fit,0
17559,P08945,train,0,40015c7235b520e57bb4934d49ee27e1e867e4cd9abb572d1f716df8835edb05,3,fit,model_evaluation,0
17586,P00422,train,0,83c2e86e9356312d24d04acfc6ce10e99f14f5b4e5b6dfbb41d6be9a49add97e,2,fit,model_fit,1
17590,P06551,train,1,55e5fba35298cdae79c58e84a8f6cdd41bb8d50162ffc9d4bce8244111e987fb,3,fit,model_evaluation,0
17591,P01318,train,0,af96097aadb5b84695da5b947ce130c323edf5ee1e9273ecb33335a8ee5555d4,4,fit,model_fit,0
17596,P04975,train,1,e39a9cdf4e238e967678650425aa7df24a939000c4be3cd561e20519443c2e00,3,fit,model_fit,1
17614,P08740,train,0,1cf9b974309b9cfcd2ac131d4311edce9e277f24f1abbd7d6c036fa482c14137,3,fit,model_fit,0
17618,P16590,train,0,49cd87ca76f1387ce687cdb2ee21fad4140a5644788c41e3dd505a7697f5ceae,3,fit,model_fit,0
17636,P08484,train,0,471f207283584d18b0ba8849956d2c6cdd3fc2cade5b9ce920aacb2c17db3e8f,2,fit,model_evaluation,0
17643,P06117,train,0,3b34d25164383c53a4cfa00b8fcd890be7c02b6ecd456622b32b685bb5bd9343,4,fit,model_fit,0
17650,P05174,train,0,35fd32ad306ad03e73b4fa8d217fb60e86310d13773861b0f20faba252888d95,2,fit,model_fit,0
17652,P05935,train,0,590fc6ee2897b10d805884eeb4b352e7e978f37c19693649edc2c9d3344702a9,2,fit,model_fit,0
17659,P17254,train,0,1ff4f9edf9269c7be499e009bbcef6b075578df09652be1bc068e47c0eae385a,1,fit,model_fit,0
17667,P00434,train,0,005538dbeae5993bb10217f4ff21b9aeac58422161893efdf5e7ff441f5b9f82,1,fit,model_fit,1
17675,P05659,train,0,b4866360f37b74ff6252b5c9384de249a5560bbe4d606636517dd8e11e43e3aa,1,fit,model_fit,0
17676,P08625,train,0,b44bb92643ea53bb47d365e07896d0946a83ae153840eb082744bfd2ea836567,3,fit,model_evaluation,0
17685,P03949,train,0,eefd9d72aa0a7c4324476ee169cb8dc447bd16611e2c22326bb0417c21c15c5c,2,fit,model_fit,0
17699,P12244,train,0,4d0e86cd7a5ddad6c4850cfb9bda2592241448ff9b497efcf32342e30052bbe9,2,fit,model_evaluation,0
17700,P13776,train,0,28bd132e62acbbda12ef20eeb6c090e28ecdc7e31b40dcf919865a830eee1e34,2,fit,model_fit,0
17704,P04472,train,0,82efd5719981783a597b6a17b2bf1fb66b2cc8c3c8f98cf5491a0042a9857055,2,fit,model_evaluation,0
17728,P05341,train,0,c92ce7d2a5b71ed7197e7ac60af84d282b7e0a6d31a64d662624cedfbbb17696,4,fit,model_fit,0
17738,P12971,train,0,77f2091f5b274a7bfaf8dc2ea129094f8b4aabd1b2f296211c5d1f865f0f7e49,2,fit,model_evaluation,0
17743,P00907,train,0,420f629d57c3b237397733992519b2e53060df5962395519c288cb58f2ada789,2,fit,model_fit,0
17753,P11279,train,0,eeb3a92f35651c0654b5635f1a30500c72b871119ca031bc5c32faa474ccd4f9,2,fit,model_fit,0
17759,P10135,train,0,a71b96cf3254e2495d99ae774f61fab496173cc65281cb39413e6381e7358425,2,fit,model_fit,0
17764,P02210,train,0,93064c094c79717db380ef4aa49f6d425f3148788691ce3bbfa920fa00f2f861,4,fit,model_fit,0
17769,P01460,train,0,026098247d23862283c2f0b90834373b7c345ac6741198703a2f7139b134b54a,2,fit,model_fit,0
17779,P15800,train,0,ae4c45b2f591565a5340994e62dafa96c33d68233cf57370d36d8c7b3693e28a,3,fit,model_fit,0
17781,P00249,train,1,914d8ed51ad47659985c08e772e38f6158c95f339e04917dae6a6c3b48e21374,1,fit,model_fit,0
17785,P14440,train,1,8e1f40d67b20ec2609207859a068d73a287b9726d6fef0ac749231ab050af5ab,2,fit,model_fit,0
17793,P11407,train,0,362b7381c6ade31c886d6f45b8781773a917c9829b486a1b6bff4b78f5ef1982,3,fit,model_evaluation,0
17798,P18538,train,0,ceaf2263b0b8a561c2aff529f4f6e1b151f220cec877a762aabd479ca0d144c3,4,fit,model_fit,1
17801,P08106,train,0,3d6dfc7ba6143a20af1baad9475d063fbc68b393e2fcad368538427bc197113f,3,fit,model_evaluation,0
17806,P16999,train,0,13123042f7cd5d15a18be0f4af87e23a7150a72fe23a12dcdaeef023d50966e6,1,fit,model_evaluation,0
17824,P00356,train,0,03837be34400963b4dc5cc995deb6516ae6604008da8aea29aebdde6ddf1b33c,4,fit,model_fit,0
17836,P17164,train,0,bca2e969d8500ff1a7c8b35352e3368475b7d039b927352b34a09561f5e52720,2,fit,model_fit,0
17837,P13202,train,0,ef992c6a9ac487cb40cc10ae631b786ddb9d4d75ae63c5e4468bc838d531d055,1,fit,model_fit,0
17855,P12857,train,0,1bbcd1222663dcea37070fdb5e288a06b84f5d709a46e078355cc75ca90e3f29,1,fit,model_evaluation,0
17864,P01344,train,0,03c93183105133162dee6779ffd9b73d572554e20ddaa3668a761fe23045e29f,2,fit,model_fit,0
17880,P01210,train,0,e8a71a62b992d794457ddba0a3feed7fb1acb6216439b5f535a980859da256ae,4,fit,model_fit,1
17883,P11965,train,0,200d6682f916e2dc893cc6e541be95157cb4e3451fe742887e4c1ec01001f90a,3,fit,model_fit,0
17884,P14059,train,0,da4393fe4e1cf4329c894a181d1a6c48684c27aa91d73a7245466d1ea972c08e,1,fit,model_evaluation,0
17887,P16870,train,0,9ac92520339690c7a6c4effcc204dc927365e9a46072d1ca4fe7e00add65639d,3,fit,model_fit,0
17901,P08900,train,0,bb0cc00a3d4e1f3d48bd5e1d14facccc3f98db38a1067b5b2c2b36bcbe4eb539,2,fit,model_fit,1
17904,P00405,train,0,46622b0d929543f4026278418dc8f48729edf3d378fc137dce188475669419e0,3,fit,model_fit,0
17905,P09197,train,0,6b020becc317a3916870ec27f2aee211caf015411c5676db3e38d0286ea1d3b1,1,fit,model_fit,0
17928,P06719,train,1,d5b0d2585d4cd5a4399744e60cd0cc8ab02ceada3c9ff675ad2f9df280f45c84,2,fit,model_fit,0
17946,P07820,train,0,edb14ae66ca2502f164b11eaf148e8628dacfd682e8758b32f46366591a6fc0c,4,fit,model_evaluation,0
17948,P07839,train,0,bdb1c5b1051009016ea7c44d58faffabc48f61561b0a6811ce52d83bcac0ff64,4,fit,model_fit,0
17949,P12229,train,0,7fb088df184004a48087c1d26812f2aaa56a98faf3e91ba43af0b3701a170c66,1,fit,model_evaluation,0
17994,P14035,train,0,35e788b3a7ed0652cade48c00ad17872ec0dcd248cc31d59b91c42b5ef769ac1,3,fit,model_evaluation,0
18013,P17713,train,0,8259c265d4106e3da58494b69b556e68e54b0b55e2ccaed644a7a77a430d7efe,4,fit,model_fit,0
18023,P03622,train,0,eb268e6e9d514926cd5f52371d7469ce25cdcd95bdd23b41294abcbfe51af5bf,3,fit,model_fit,0
18026,P16549,train,0,a1b5bfaf52a6017a9ae4bf500f02b123a89636c189c9d98371ef99cda8de1294,4,fit,model_fit,0
18027,P16249,train,0,3321780c33f7fe28d7df2b7d52e41f756cbbf28900840da3c4a65ceef38ecf15,3,fit,model_fit,0
18030,P07378,train,0,8d1f12fe43773da180ad12a6e040d3151764762ea3981f4bb6d8da9f329990c1,4,fit,model_fit,1
18032,P13002,train,0,2f45e1f0401ecd9d2dea638d86f994f681a8b696db979ec752c86903d75ea76f,1,fit,model_fit,0
18033,P08417,train,0,22e551fa7a62df2d730c6e11e9e1c5640ee3a3189ded5dadef4e9cf6755b368a,3,fit,model_fit,0
18037,P05502,train,0,e03f0c980c1c326691703d0a73458a00f7e38fc6ffa6e3afc46fbf891013712b,2,fit,model_fit,0
18048,P05750,train,0,12f7478f84c74619c982d05766df00484ad5e05c3632bab9f3ed9d702ab0cf5a,2,fit,model_fit,0
18049,P16783,train,0,2cfb54b157936941978d1b1cba13c03c402ad8711d498ad27f30d1a0b4724c1a,3,fit,model_fit,1
18051,P11188,train,0,4a290f9d813858b6671f528503a113d8f70f822f9862e1c1175f2e100da9b458,2,fit,model_fit,0
18052,P17530,train,0,f592d888092f44100efe30f1fd73a16432aa60770aeb39f6998441781d88a751,4,fit,model_fit,0
18058,P07483,train,0,9b0ecaa482016051035b97c8e620af33c8d612e590a84a1d5f4120d45e323551,2,fit,model_fit,1
18074,P16808,train,1,44e8b986f0f3c9d4e3680d5b8de7f702383b2c503ce221987a45651280d1f8b9,2,fit,model_fit,0
18083,P05232,train,0,b5be68e395c5e8d8f673303d246c67d2c0884e5df99a99931fcc579ef30a6a36,4,fit,model_fit,0
18091,P04005,train,0,e824e30926d5f906c0c6b358336e055d597c0e3a6dff07ec30a2179f1980e77f,1,fit,model_fit,1
18094,P13655,train,0,67e84847fd86ef44ec24601847254efb246cf02335e069d44348ca98b479a586,1,fit,model_fit,1
18096,P06732,train,0,42c4a00b674ce4b1e38b68a97c435e9c32a4fec4330ef8d810a0c393975f5050,2,fit,model_evaluation,0
18107,P16608,train,0,a20643bde947901a8d223353efb1326e46ef57445bffa754e54d3f397ce371fd,4,fit,model_fit,1
18125,P12228,train,0,2fac36c65fa38e926358be97f869de2ed998ed0d837b6f5d9d889d235b3f22dd,2,fit,model_fit,0
18146,P12926,train,0,520720faffaa445744b35359bac60d238773a072594f1a45c29db13b6c95b5d2,1,fit,model_fit,0
18164,P17841,train,0,754b555a39ed27e1d4be522f4fc5862dcdd7238733c2934885e0ed80f9718f4a,2,fit,model_fit,1
18167,P18734,train,0,f3acafecb94e3cced47ddbecf55e5612d0ac87405ade094d4bc82f00b6d1f736,3,fit,model_fit,0
18173,P13117,train,0,3f3184ab9e290e402198091788aabff6c6d415f781670cdd1c7f3bbc7a9e7911,1,fit,model_fit,0
18197,P03265,train,0,00a94b6b2c83ac8f9e556bbeb6184eb1064c4e118818e783019555fda7d49ac5,1,fit,model_fit,1
18200,P09554,train,0,ab29a524de81d0cec8e2e335e21f392cdaf15dab1695260c1638fb8e9148b96c,3,fit,model_fit,0
18222,P06339,train,0,a01c09aadefe44ecd1152372406095fb78abc49cd339436e2e669b1760658a73,2,fit,model_evaluation,0
18227,P16434,train,0,0369a73cd1e9d9bd652a3413694ea01c5ff1bd9d6281e9ae42ed313a8df5b2a9,3,fit,model_fit,0
18232,P04991,train,1,1605cc32e88fdc42f980837f5e7332cf1891be15aac176a85e2e48a7ec65e403,1,fit,model_fit,0
18235,P06462,train,0,5c6d317d3432bb169be99c63e1c5a71c5ad13a04c80826521f9d6c01d2b938a7,4,fit,model_evaluation,0
18239,P02155,train,0,37edd76755665afa97f29fa568ec54b4557655be2cdf3a5da1ecf8a54a10882b,1,fit,model_fit,0
18257,P17995,train,0,0eb1fba73ede7f7b7f398b6e584dbfe1fbd93fab8bb1c1497ae5d76d0ab1a125,1,fit,model_fit,0
18264,P01419,train,0,d69ef80a4436002c3c7949e7d6882731082f781d4bccbbe5d50fe59c3392cd8d,1,fit,model_fit,0
18269,P18104,train,0,f4e78ad16c924dfbaee4ce6c6b88ba02be8872d13755cda84987797f5e1975ab,4,fit,model_fit,0
18272,P13146,train,0,d63dfd64ec1b533f734024c11302d5a213f99912e5087f8a0c7809bf923e1e0e,1,fit,model_fit,0
18286,P15843,train,1,de34bbc1f5a04c2aa53b40a428a3d202786707a9da5c9b072508048f524c7819,3,fit,model_fit,0
18293,P00726,train,0,4e3834a792ac4fe7d646b1561204ebf685641139af031ee6956119dbe6ddd242,1,fit,model_fit,0
18307,P03257,train,0,29f55d94162828fd41e90a3fc01fae5e4b53259fe3a23d2dda9c9de796b146a9,4,fit,model_evaluation,0
18326,P04601,train,1,1e217665cac8b47fa34096b1ec31fcd62a6b79e62cf9337834dc7624e5b32c08,2,fit,model_fit,0
18328,P01274,train,0,bf60bb3e9961682d509b60c19a987460dc828757aa7381df13e67df010815e1d,1,fit,model_fit,0
18338,P02483,train,0,a7c6bc8d9aa16db7d9761d930dcb49c7d56511436d3b2ea333bad2e4a7aa1039,3,fit,model_evaluation,0
18342,P12125,train,0,0743cf890d678e3fc4918e13bd8451d3c9652772b16d2c509855d19d65ac9c28,4,fit,model_fit,1
18363,P01481,train,0,f39bda568d5572323f8842ffdcffdd0f13d96e24e8c044ef8fcf9931d40f825a,3,fit,model_fit,1
18378,P18556,train,0,32f4de70d8ddadaca9bd99e77307a1447a52d774eb6d0b58b6eb8ea39abe63bc,1,fit,model_fit,0
18389,P01621,train,0,6d942f0269cae95ec2017a229a8b8a99c7b267ca9115ec9f2928e9f91ca60230,4,fit,model_evaluation,0
18394,P00748,train,0,8513db5ff1ed018de6f5f94625819ed25eba225c44e03015c44a4f4480b90e8a,1,fit,model_fit,0
18419,P13089,train,1,d725f7c35ab6fcf4f275a8ea001ccb79530a0dd6a66505516f9a99e8f37e1eda,4,fit,model_evaluation,0
18425,P03069,train,0,a29b7ba3ea0082407a07255d8334e4703a5ce8e2fe51cee4baca03f2742bcc67,2,fit,model_fit,1
18438,P16794,train,0,4216cca0df9bbd3926b1ce716823be0c0b204975aa7f9bb9bc201fe470344455,3,fit,model_evaluation,0
18448,P12039,train,0,ae838cba4d8417a09610e8371f962d3b478479f4f5679f3deb7de53884700460,4,fit,model_fit,1
18467,P12786,train,0,bc4845581d56dc907e97eb4c92afd28092d1244f217a7569eaa29a03abcb2d86,4,fit,model_fit,1
18472,P08681,train,0,68c210d60a49a9c15e363ca6436786f6285e654f3c2dc5d41b5ee403e9590841,1,fit,model_fit,1
18474,P18196,train,0,8ce54380217d39c071e0a681bbfc6c3c0dabdc9bf98afe7f4ecc99997385951a,3,fit,model_evaluation,0
18475,P01804,train,0,e29766afd96e2270a76237bec2a05e7c8b1f84bfd64ef5b335fcdba7be3423cd,2,fit,model_fit,0
18479,P09360,train,0,94243d8b64cc04c52f8ffcb4e09b7ce3457d044ab25d0f7ddfd4df2929a3741d,4,fit,model_fit,0
18481,P07388,train,0,7fa30364cc784d9070606012a9c0b6f99994a28008d68e875eab6575e0c0e346,4,fit,model_fit,0
18496,P09508,train,0,0ca9f3a970e79f19f75c08e50e39969152c5775a1fd0d7395c6438fe1b320a12,1,fit,model_fit,0
18514,P03319,train,0,0b06aa719ab8e09ec78d9b085f429fa6284e294b91488c042e2d8c2d71bc177d,1,fit,model_fit,0
18517,P05431,train,0,3f779ca6f29d91c280e51ceb86b1ea1b48fd8870b30572782986025a29c46e8d,1,fit,model_fit,0
18548,P04682,train,0,96edd5d316e496a4a44b08fceade6c14f01c37ff776cb725c36dcc312d5681cd,1,fit,model_fit,0
18549,P10242,train,0,f3d30f8a43b59c1090bb252c7edc034eea2256ff36c95602099b5d9b3557def4,4,fit,model_evaluation,0
18553,P12907,train,0,1c06c96ca8eb75e522deaedde84719b63e124fcf7475018c26da38bc39905c86,3,fit,model_fit,0
18563,P01174,train,0,6af49affcfcaf3a425b579cf63d7f7c3b8c20f21996f83070c673308065d1099,1,fit,model_fit,0
18571,P06910,train,0,139bd5b5083f449e7d71c3fd64ae26cd7523dfb60674d3397a2c705900590142,4,fit,model_fit,0
18593,P12997,train,0,f178cd7f9572efd231ff6faaad08f68cbc18f3333fb7e1a139fb2ccd047e4367,2,fit,model_fit,0
18617,P11857,train,0,9eab13c96bf1eaa8b34b2e606f850d07f7673dbea9a9f9ae66926e40197d0da0,1,fit,model_fit,1
18620,P15419,train,0,db1734cafd2bde5d8b6a6502518e0e092a1f009bcf2d067224e479b13ccd8bb1,3,fit,model_fit,1
18642,P16599,train,0,0378b69d5cb9a733cb3dd12cba6b9a7a12dcf79d31f66f424918a584be89def1,2,fit,model_fit,0
18644,P03026,train,0,5d395ae1f0fd989dd5052e7d72f1056ea51a833982f782d618a380d07686c34d,1,fit,model_fit,0
18658,P06264,train,0,e719d6236c19ff596bfae303dce7e1a70456e5441c7ce022cbd2344a42a6278c,2,fit,model_fit,0
18688,P00549,train,0,1e9f58a1d9967b228b0436d1e2c49d24839c5a27109730c2295f2b249bd21683,2,fit,model_fit,0
18696,P04728,train,0,344bd30363631c14d9428676902415b697f1ff01ea85c60063944861535b3922,2,fit,model_fit,0
18729,P00773,train,0,12336db83d1f69a07bad75fab062737ec39037fa1f187ad9ae14a396bb823566,2,fit,model_fit,0
18730,P00623,train,1,53fdcf8298ebee85d3f12fa1dd3486f8d1177d8369eeb23c71e92e4989b4847d,4,fit,model_fit,0
18733,P08472,train,0,9c80716fe0b9073e93c7302d82f1785c06f8f70bda3cd2e94fec20db3adc2d98,1,fit,model_fit,0
18736,P17297,train,0,3e641dff6bfaaba48cd4b48a819999bfe9d1018e2253a59588912172a42d4e8a,3,fit,model_fit,0
18748,P18652,train,0,4a688578eb7c584436305662cd8de735bed3a296cdae1d6e7a1939145df8c487,3,fit,model_fit,1
18758,P18602,train,0,5ae93a41d8f65b5c3eed66260c62fd930b7785d0e3826f22362df03e58cc371a,3,fit,model_fit,0
18767,P06021,train,0,ed410160fca17d5c624722073ac98951df94b6ab746f00bff63602b4f0e78c5a,2,fit,model_fit,0
18769,P10931,train,1,7e06b262e845a374ca9f145990220c2d887721e687b90d6a3f1d3b4584c48bad,4,fit,model_fit,1
18777,P06642,train,0,7e6372ed645e7b4e80c72d73606fcb1cca14044031bade70d3d0f57862eae283,4,fit,model_evaluation,0
18795,P06191,train,0,4e5d14b17b8319dec59e4b3b40c7e1d4dea308a749d5ef284b7a18427769e01b,3,fit,model_fit,1
18798,P04039,train,0,be56e1662b0bf7ce4b552de97368c08c8af38ce761426a2310d730d51fe886cc,3,fit,model_fit,1
18799,P11959,train,1,9f5506a9b273c1ae55c843f4ee281840a269da0a3f385f88a30eebd425abfaff,1,fit,model_fit,0
18811,P13448,train,0,5d79cf13701603602e4eea98d1580886b91557bc1f21abe1ee30d83c4873cb25,1,fit,model_fit,0
18812,P16807,train,0,927366a7d13de36c9298403cceb7ba6e8310a64f265aa32d346f5c693478899e,4,fit,model_evaluation,0
18816,P02904,train,0,38c2811771e183568738bb555fe2f85e6194e4fed6004d0342a2135e2409da60,2,fit,model_fit,0
18834,P01568,train,0,3fcecdc38ae334e92b9d8cc346e52c0e09aa6eae06f2e7bed0b64f09a9842e0f,3,fit,model_fit,1
18865,P08260,train,0,bed5d2a83473d44ebcaa379e336ee8f51cded3c7add27e7261f9e22a23f47e84,1,fit,model_fit,0
18873,P11856,train,0,ed90972e889c4bebf6ead878e8217241473ec4aa8d5429d787746f918b386d7e,2,fit,model_evaluation,0
18879,P06418,train,0,3af9b821240c215fe111b30030b6edc7fb6a567d4f0e485f2d07e5cfbe7a9172,4,fit,model_fit,0
18884,P16041,train,0,4841ca8d6c69e6124c06ae13bc845a62c954299116dd74d0e878879c01240b7b,2,fit,model_evaluation,0
18888,P11877,train,0,1f3da4e9e305b7cac3d13866d5c7be2ed76161b81f0ac6e58724ed500c66bf08,2,fit,model_fit,0
18916,P04694,train,0,c8bff5a7774fe45c05e774babd4ad7f186d3484b3a8f8acdaa2c8516441d0fb6,3,fit,model_fit,0
18919,P11763,train,0,210f10feea1a8d9f055aa0627b666d284840fbe0a670ac03bca5a464282fa961,4,fit,model_evaluation,0
18921,P12371,train,0,2651ce4e5053b89cfda4d53fb8bc600d4861d678de99342ca12ff7cdf7a1da44,4,fit,model_evaluation,0
18923,P13426,train,0,d4c9ecc4eb0ebcbd8accd0e1d179d3658b12a65e7b96355015ce379b0dc854b8,4,fit,model_fit,1
18926,P15570,train,0,b2dc481584df5a58b8555e5ba8d7168c1cde44b35ebb604543cb07834e47fb01,1,fit,model_fit,0
18929,P08715,train,0,57eefbcf4ec7bf5ae1bd6e8259cb3c2a26e458b0beef7493b6b61db7d05e1716,2,fit,model_evaluation,0
18933,P02816,train,0,e9969cd0a9b43a89863d663b0dd9a2d06a90b190bff452c58f09c31e6014deaa,2,fit,model_fit,0
18934,P12719,train,0,dffa7527b1aedec158b4d648eca0ee63bec7d10be430c2b02deaa0d25df96a59,3,fit,model_fit,0
18939,P01944,train,0,f90167677c6fee948b2a232aecfbad8422ae1532285fbd36501c5e86856ac6f0,1,fit,model_fit,0
18954,P18356,train,0,bf36f1df0e9fea7b40c0d7778788d201fd7ce1ceedad0359158d208c5944e4f3,2,fit,model_fit,1
18960,P12504,train,0,2fa14d6e80c9f074edf75a63e02f0410e27804eba247da863e81ecdb5074f8a8,3,fit,model_fit,1
18961,P03552,train,1,95610b7225cc5efc7b0ff740238e2d26d52f06029b6dd78dc4a773fdb37dc674,4,fit,model_fit,1
18963,P18214,train,0,8f1a9b44237e667f5b9d74020c6d79345377024c3b33787af926e5fa95022897,1,fit,model_evaluation,0
18965,P07528,train,0,acfd15bcb3bca20fc9177673606db062bf1bc53b3955ff6221010e923502123d,4,fit,model_evaluation,0
18998,P02402,train,0,6e0ac21dfce5820aae1eb9443d79a1895b9b91aef63d503e5e210e750e442806,1,fit,model_evaluation,0
19013,P12619,train,0,da37f16014bdab018fac0319428061bf33cf7d8add599e7ef9823d9780916582,3,fit,model_evaluation,0
19014,P04776,train,0,d64b92267f8fbc085329e58c96fb546ef57530f938971ba4ba3adf83916d5203,3,fit,model_fit,1
19043,P08904,train,1,1420a003af0b295130c3c099e5bc6639e0f481e9219f3ebdb4b404b74a848eaf,3,fit,model_fit,0
19053,P02539,train,0,a044e0b9c1645a91d810ff5400e5040c821bc6cbb6a8c956135081350cca5f90,4,fit,model_fit,0
19055,P02624,train,0,1d7c021f5f8dcea872f3c47f0cbf7a8d6176394515791505c24f5ca2f36a8329,1,fit,model_fit,1
19061,P15564,train,1,8d321c006d95d697f06827fcf548bedc0c4538a6138014cadcf0ee8f71e00590,3,fit,model_fit,1
19077,P05412,train,0,810a4881bddb6e582e7029952c983ac8795513bf314eecc5306b97a38e78d61c,3,fit,model_fit,0
19112,P17512,train,0,cdcb48c0efae46fff5b7be233a208d8fa02dc6ed143d384b15ce309a305e6c2f,1,fit,model_evaluation,0
19116,P08149,train,0,7633431de9672732e5271def7d35367c643f320b83117e60e4b919e1f0515cfe,3,fit,model_fit,1
19119,P13349,train,0,99225b8a3e326e1e32654f666171740cc589df8a603432cb0f4742a45662ca97,2,fit,model_fit,0
19147,P13762,train,1,bc33926663c32d917c4ad980bbcde33bcb2b5b938784d074ac4e3ee633a179bb,2,fit,model_fit,0
19166,P08951,train,0,b5c45ecb44cf1aab8a6b2faf3f014da8e4043e508d28be8913518b05ed4d51e4,1,fit,model_fit,0
19182,P13492,train,0,c145dccb0079dc3f057e0a909c0c8be6f308a64788bf6cac8de323b745dfb0e2,3,fit,model_fit,0
19188,P08268,train,0,3f979b7823db2cd2c07599df6e6d60d511706fcd006138c01209d12ae614abbb,2,fit,model_fit,1
19190,P14752,train,0,f85611cdb0aa25e455b8e6b8583f189beb4f0bc7379b86abbcc2b502362f0c60,4,fit,model_fit,1
19198,P00486,train,0,66242e41204b49d0e3b8939e0af4c4580af1afa96ef622adefb87a2c9de054f8,2,fit,model_fit,0
19211,P16580,train,0,3153116131fdf026de291cd9e29660da33a179e7ba069eeda6486b26f0311746,2,fit,model_fit,0
19234,P08089,train,0,19f35a160ce6564bd0cf23b1b53ce5c0fc96c28162a15b6491714b082b984100,2,fit,model_fit,1
19249,P05803,train,0,a9eaa15f2e30cef5934361f44c1d35366b51b931a2a43327ffcb87be1134802e,4,fit,model_fit,0
19250,P06667,train,0,365119023e523d6d8f34cd3ef2456b0067d5c8c601495d577d94b4adcc728e10,4,fit,model_evaluation,0
19251,P16745,train,0,eec1ebe7133d4ecbe3260afa297ded59d9522c35397910810f96be6723c91d36,4,fit,model_fit,0
19253,P01500,train,0,0f4c6dd5a5927b31cf01e730e9a969c9d35f3a8745560166737347e5c6c91c57,4,fit,model_fit,0
19256,P14713,train,0,6a39f4165f9df8ce20cc9c9572cb44caac0d1eca30c1aa1e727fe8a6cd67b525,3,fit,model_evaluation,0
19259,P03721,train,0,624738a835ae8dca026bde89ef44e8744ee62491ac01e569285b4d2f0f09508f,1,fit,model_fit,0
19263,P08671,train,0,162602c8c1f2aa19796424a7c46461a1e1f973e44c8a620824137f4959afd9db,2,fit,model_fit,1
19267,P17613,train,0,08fae509b957c74355cce3398103b5bb73de169187c24d08a2317c532e94a365,4,fit,model_evaluation,0
19270,P07882,train,0,d837ebf24ea8d6e6ac0fbc09a459112a12a70ef3f86c1384024b72f9b400c940,3,fit,model_fit,0
19280,P11487,train,0,af9509e0b85a7e2fb6b3218c8c699dc32024065d4faa9e1573c9b57a4d52d4bc,4,fit,model_fit,1
19281,P16891,train,0,96cc578882125038c7052d61ccf3ff4bdfee311f0be037733cd1145889d3a1ba,1,fit,model_fit,1
19283,P13216,train,0,55616626f4684c5aebc1542914e28fff147db93e25f3940ad08e6930e8da3cc0,2,fit,model_fit,0
19285,P04845,train,1,8461bc858326236847726ba6837e9ab3b0305f19a713d0cd0d31b18a4ff3fe50,3,fit,model_evaluation,0
19292,P03230,train,0,357e08e05ea103f2b1cfe3f9bb6734532d61342752daa4e91411f9f88d9b793b,1,fit,model_evaluation,0
19298,P08407,train,0,8fa91ec32391146fcd010fabdc797c56cdb0fe5f78be7c6c2c8215accebecb0e,2,fit,model_evaluation,0
19311,P18528,train,0,a497339e1399fdb8c00353248291639620420ff614043c4146f442a74e28f7e4,3,fit,model_evaluation,0
19322,P05943,train,0,72deca94cc70e4d37bad18b21517cd8b4d7fb4633165bc8bd785c7bd59626563,3,fit,model_fit,0
19331,P17386,train,0,b9b90003d9d103a0ab8a34e6bdf9476908e722ccb1edc360bb8addc60a112b7d,4,fit,model_fit,0
19334,P10176,train,0,231b1af84764bd8ab182f4e6f5aea83b6bb8feb9c0818a3339df64d1ee7e6dd8,3,fit,model_fit,0
19344,P11234,train,0,08dc12604ec76a62f96abd6e4fdbae60acc8cc760a8ed31654e82d695ed78b33,4,fit,model_fit,0
19356,P11266,train,0,d68be3c2715093daf8ab9640e6d9a4eb17a88ce423a7aa79dadc997d8a727d73,1,fit,model_fit,1
19399,P05292,train,0,8a14d67e32e921b20726e64b5c59fc4b64f9806ef1c0a2864aa4a0e688a1335f,4,fit,model_fit,0
19408,P03561,train,0,9de74099abb6cbf1d1b5bffd0cf960208f2ae778ab3e6c62c8787ccf71a93ebd,1,fit,model_fit,0
19411,P01807,train,0,df7f07387f29c8c2c5dccb4f2457ea1e8e9d8c029e4799915fc8b6baab2e2866,2,fit,model_fit,0
19419,P09176,train,0,10ae53019ea6de36c945c578119d987d69b7d8051ecdeb0b6035743d97542ed3,1,fit,model_evaluation,0
19427,P01078,train,0,674acca19a2965cf6995f99a7d35d94cd861b5adbd3dfc0f2fad20772e98a0c0,3,fit,model_fit,1
19434,P16290,train,0,dec5ef6bda01bfb354f1e271b34d8385629ea6efddc89c8a8a6d9885ecbbfb07,3,fit,model_fit,0
19451,P11147,train,0,36e95fd5b531f386536139ae69f5de1ade18befbad05d2fc89636cbec55bb4da,2,fit,model_fit,0
19452,P14100,train,0,4a429952ade81510d72d5dd652d3549bf7a86cb88dadd72eb2e16a7c35be59da,4,fit,model_fit,0
19461,P01990,train,0,bd5152dc887185c6665110439ba18f0445591f2a69664073980fb0f0bec5d052,4,fit,model_fit,1
19464,P14260,train,0,283e614e442fa0a5a9a3420651d6230007ac36f9227c337607fb8e854f0524bc,2,fit,model_fit,1
19466,P17231,train,0,3cacda15be2b454fd59f1d26ab8a2ed569f6740c071a0ccf0f77c5fad8e6e8da,4,fit,model_fit,1
19485,P07056,train,0,bfc03aa913bc3cf8a1b70051084af7356d178b572ff2605801e89bd0a92e9510,1,fit,model_fit,1
19491,P12579,train,1,85ef50089ae0805ae8db842a89d0617dc28c350e8b3e9fee647ef2b8a1446f96,2,fit,model_fit,0
19496,P13727,train,0,6221b06b0d2e236df13acb0b4d8dce58f14e7f0ca49034402100dc6f46c13e2a,1,fit,model_fit,1
19502,P17902,train,0,125d7beb262b82b8c2aea18f71f881a89a6bf1f8dc58c8ecbba5b7dc284ff400,2,fit,model_fit,0
19514,P06494,train,0,601993200d37a51c313dcdb54c8dd46e5d920e3365752fc489f0dc2559ec09e9,1,fit,model_fit,0
19516,P07713,train,1,222ac00c80c0c404efa9113c1954eb547d11d7aa1e140d3b4734c488b7751c19,4,fit,model_fit,0
19518,P17311,train,0,c0e6ace0da87d19fa3a21270d6d22582da63790c4f89c62271c8daf6afed6087,4,fit,model_fit,0
19536,P17055,train,0,99e2f5480615ad912337c041796a5f3ac0ddd08659842babd7cc5df542d9a36d,1,fit,model_fit,1
19537,P11660,train,0,065567564d49f1b396e8959341574cf7dd84589cafdc086a5edd7c5a39b379e6,2,fit,model_fit,1
19549,P01365,train,0,d0a973a77b76b6539e1c0e1756453ad491df64631893e0542f75969ad2ec94c1,1,fit,model_fit,1
19553,P14388,train,0,74cd3884fa327867347e642188f9da41a17aea844678c9852f04775ac8bf1cba,2,fit,model_fit,1
19566,P03060,train,0,457dd308f7007b74167cf8eeccc0d5f96deba5072f0258b925b9d749ceef3aa6,4,fit,model_fit,0
19576,P11777,train,0,9725e09c25e5bf305eafa9c17112beb1a277b9810d3e473a775418776b5177a8,1,fit,model_fit,0
19578,P05047,train,0,a2680f85e0ac37747a5c51b3ddb50c32e07e5d87fafe808de158c3327e0fbcd3,2,fit,model_fit,1
19584,P01683,train,0,1c29b906b2f09b0f4e0a4763d9076d1b0b3b47fca75995ee5bf089503595f291,3,fit,model_evaluation,0
19595,P03550,train,0,9217854e8d16b31b2c8e3656411d23ea08f2d7cb94c9664c85e1bedbecd5802e,1,fit,model_evaluation,0
19601,P10941,train,0,4086ad4aec644aa988519d0f4cf87178faca2ddc3f84ec4b7a086a46ba1ccb03,2,fit,model_fit,0
19611,P17862,train,0,07d963b4d6bacfafd890fcc76905e48895cd251166b3e968bdc69598e47886e8,2,fit,model_fit,1
19618,P06327,train,0,838978e6aabd683b95d244ca4ab1dde15f68de54eeed04d1fd9f7d9cf063e937,3,fit,model_fit,0
19626,P16157,train,0,3114df74f33aa84221900a02e8431cfe023c2e97454128697b9df6a65fab122f,4,fit,model_evaluation,0
19632,P16350,train,0,522663f89415fc87c98cb9cf4e9973f2ac5c2bcc228f510c5782aa46f80c812d,4,fit,model_fit,0
19643,P04823,train,0,15076d3b56102eae19de245dd9c2bad6070f25c85271bdc9c05f6cf661261881,1,fit,model_fit,0
19646,P14034,train,0,52f78249b944049b286e9b7a0adaa312a5f401e7c9c128c47b3fc6a506b9a73a,4,fit,model_fit,1
19659,P16775,train,0,b95d1e26bae1bb5e33aa62efb6612f2feb35bf5e36079e3a60719552f46eacfd,2,fit,model_fit,0
19676,P12463,train,0,881155c8e0be69243976d5c5215dac06ebf81cfd4455ab5481f5972c684e2b24,2,fit,model_evaluation,0
19677,P09177,train,0,9e84834c6f5fe468f2066ee1c43fecfe619ef1d8f0581a64af981a4efd95cf26,2,fit,model_fit,1
19692,P11287,train,0,657e875af5cb008afccbf7eb4b48091f438aa880c8d3eaef2ae2329bf25a266b,1,fit,model_fit,0
19696,P05059,train,0,e6214b9dc6805860ef05d41c6d9b40a8c5ce807aba3856358a00b5667fab6e8e,4,fit,model_fit,0
19697,P06569,train,1,ad510557be5db02a4ed05d5c730918a534f99648feaa56cc83a1911120abb630,4,fit,model_fit,1
19714,P18704,train,0,e94e723cb6c2e7655728f50511d288d38fead5f130ee5bcca1f218e6f90cb042,4,fit,model_evaluation,0
19716,P00496,train,0,08cdaa72131d930979b504e10253046c02c1be1b00b43f2111566d44f0fbf7a0,2,fit,model_fit,1
19718,P17401,train,0,170bb6ff027d973955b5f32d4406ce410a75ef126a62ffb8127d586132afdfa7,4,fit,model_fit,0
19719,P17436,train,0,148b3bd1319bde2ba3a3f6357778952cdcbc41b8377f4f219c9ab69521253c0f,4,fit,model_fit,0
19735,P17772,train,0,b49ce4a5ad066f9ba5dcc09b9432b02c6b948b0a0c7597140e39fb3f2b0df2b3,1,fit,model_fit,1
19737,P16887,train,0,445982cd9cfce28071b6c28c6c09f0074f74d235803188201fcabf3f477f3379,1,fit,model_fit,0
19738,P13063,train,0,ee346886281c4f875e384754778f5573bbde90632b73f2facf562296b68d77fe,1,fit,model_fit,0
19746,P04458,train,0,ae979595f424594b019bfd6ad5d0d04c1d428e2010567bebbf82a4b057b02983,4,fit,model_fit,1
19751,P04376,train,0,f9485138279119d05dd0e4de6e6209809aa582c8892c9c216f905e4305281210,4,fit,model_fit,1
19756,P17661,train,0,1cae289fa23ac292e7cc0327b216b427792093b0015d301aa7ca5f389f12caa3,4,fit,model_evaluation,0
19758,P08228,train,0,8c1874aa380e4dcedc04d4624ed9140795085dd2c37cf40ea97ff7b78607ad79,2,fit,model_fit,1
19767,P09067,train,0,b537b16734b8cb44e0a17dc85d8f722d3c61e2acc553c3829da975490e685db7,3,fit,model_fit,0
19770,P09723,train,0,24d800ef85a33e8500b4c31fb43f9d71a7846b5cb79d122df2d848a6f4740d74,1,fit,model_fit,1
19785,P12355,train,0,fdfd4ebbd257ac70ede0e4318390d6a316b60ff912f91d51f1bfa389d553752d,3,fit,model_evaluation,0
19805,P02309,train,0,b7a74cefebfe1d1f23120ac1ee7450db156caeadcb98c96b66d7ae7f8e357843,4,fit,model_fit,0
19817,P04810,train,0,7faf501eec07b10c0cd69f1bbc8e55d7fbd3a0afdb5577a84d57821ec07ef2db,1,fit,model_fit,0
19818,P02707,train,0,48cc73ceea77d12614b1ad2298790709a6f8e8abf6bc352fb78d1d062e91d3ac,2,fit,model_fit,0
19827,P11706,train,0,faa396ab5833e833cda8c56b02fbe2deed8f17c0632d2ebd23c45d5d2d979d22,1,fit,model_evaluation,0
19860,P13943,train,0,27979a7d7bd979ab4d7714f8008ff223c6dc0ad749ff14d7985df3fc551574aa,4,fit,model_fit,0
19865,P10208,train,0,2ac21d7c37c6a12734cf8f3b519f2a289674433727bef60d140272248ba0b2b4,4,fit,model_evaluation,0
19866,P08425,train,0,6e2a69bc902f7515d18587ce489d2f51d676e24fa8ae8fd920fc307b35108fe7,1,fit,model_evaluation,0
19867,P03827,train,0,bf26c4ca5d2d901169eacbf5306f8525b7a2c70650fab4ce2928910870d8b924,1,fit,model_fit,0
19886,P08122,train,0,5ee28e9dfe2852c13c442e48a796e839e54588b242776c2a54b4d80ff04c4d4d,1,fit,model_fit,0
19889,P05289,train,0,d840142817bf6373dc4c672689e6306c7ef5e248de5670bdab0f94f0727fa025,4,fit,model_fit,0
19894,P00480,train,0,6e3b824636c26285334e8f3a001bf2b321cde7f83fea0555df24c0850dde1776,2,fit,model_fit,1
19902,P11868,train,0,43e9b99f92fd4535c19aa8f929091e4e5826ed98012902b564d6f04244bacc8b,1,fit,model_fit,0
19908,P13399,train,0,e0a8efe769c1e9d01996bcf2b01f7deb5fd162024597e81c8346ecaa7c5fcfc7,4,fit,model_fit,0
19912,P14327,train,0,f6e039ac4ef761cd8ed6f8ce343ed8ef5e8825ba3968d8ff19deb542979b1c1a,4,fit,model_fit,1
19916,P03307,train,0,086927f686fc6b71ef7c1acdc143b20f7d88402f03c99667bec701a446975695,3,fit,model_fit,1
19925,P07621,train,0,dca79688e6f2f76c5b6a5c48299f99fb6f4e4920a621bfd314c426775848230c,1,fit,model_fit,1
19930,P11437,train,0,14995d5dcf8401af666f7373aebd12a853eb45938463708d8cfc72e43faa91b4,2,fit,model_fit,1
19939,P16151,train,0,0f1f65c021e79e73dc90040fdd5d984a6efbe5334e9d9ffca044df85dd5c634f,2,fit,model_fit,1
19949,P18351,train,0,9cb1a00c020d5b51e16c671e52a5e79f34797aa9a57c22886eeb45695555d296,3,fit,model_fit,1
